/*--------------------------------*- C++ -*----------------------------------*\
  =========                 |
  \\      /  F ield         | OpenFOAM: The Open Source CFD Toolbox
   \\    /   O peration     | Website:  https://openfoam.org
    \\  /    A nd           | Version:  13
     \\/     M anipulation  |
\*---------------------------------------------------------------------------*/
FoamFile
{
    format      ascii;
    class       volVectorField;
    location    "0";
    object      C;
}
// * * * * * * * * * * * * * * * * * * * * * * * * * * * * * * * * * * * * * //

dimensions      [0 1 0 0 0 0 0];

internalField   nonuniform List<vector> 
18000
(
(0.2 0.2 0.1875)
(0.6 0.2 0.1875)
(1 0.2 0.1875)
(1.4 0.2 0.1875)
(1.8 0.2 0.1875)
(2.2 0.2 0.1875)
(2.6 0.2 0.1875)
(3 0.2 0.1875)
(3.4 0.2 0.1875)
(3.8 0.2 0.1875)
(4.2 0.2 0.1875)
(4.6 0.2 0.1875)
(5 0.2 0.1875)
(5.4 0.2 0.1875)
(5.8 0.2 0.1875)
(6.2 0.2 0.1875)
(6.6 0.2 0.1875)
(7 0.2 0.1875)
(7.4 0.2 0.1875)
(7.8 0.2 0.1875)
(8.2 0.2 0.1875)
(8.6 0.2 0.1875)
(9 0.2 0.1875)
(9.4 0.2 0.1875)
(9.8 0.2 0.1875)
(10.2 0.2 0.1875)
(10.6 0.2 0.1875)
(11 0.2 0.1875)
(11.4 0.2 0.1875)
(11.8 0.2 0.1875)
(12.2 0.2 0.1875)
(12.6 0.2 0.1875)
(13 0.2 0.1875)
(13.4 0.2 0.1875)
(13.8 0.2 0.1875)
(14.2 0.2 0.1875)
(14.6 0.2 0.1875)
(15 0.2 0.1875)
(15.4 0.2 0.1875)
(15.8 0.2 0.1875)
(16.2 0.2 0.1875)
(16.6 0.2 0.1875)
(17 0.2 0.1875)
(17.4 0.2 0.1875)
(17.8 0.2 0.1875)
(18.2 0.2 0.1875)
(18.6 0.2 0.1875)
(19 0.2 0.1875)
(19.4 0.2 0.1875)
(19.8 0.2 0.1875)
(20.2 0.2 0.1875)
(20.6 0.2 0.1875)
(21 0.2 0.1875)
(21.4 0.2 0.1875)
(21.8 0.2 0.1875)
(22.2 0.2 0.1875)
(22.6 0.2 0.1875)
(23 0.2 0.1875)
(23.4 0.2 0.1875)
(23.8 0.2 0.1875)
(24.2 0.2 0.1875)
(24.6 0.2 0.1875)
(25 0.2 0.1875)
(25.4 0.2 0.1875)
(25.8 0.2 0.1875)
(26.2 0.2 0.1875)
(26.6 0.2 0.1875)
(27 0.2 0.1875)
(27.4 0.2 0.1875)
(27.8 0.2 0.1875)
(0.2 0.6 0.1875)
(0.6 0.6 0.1875)
(1 0.6 0.1875)
(1.4 0.6 0.1875)
(1.8 0.6 0.1875)
(2.2 0.6 0.1875)
(2.6 0.6 0.1875)
(3 0.6 0.1875)
(3.4 0.6 0.1875)
(3.8 0.6 0.1875)
(4.2 0.6 0.1875)
(4.6 0.6 0.1875)
(5 0.6 0.1875)
(5.4 0.6 0.1875)
(5.8 0.6 0.1875)
(6.2 0.6 0.1875)
(6.6 0.6 0.1875)
(7 0.6 0.1875)
(7.4 0.6 0.1875)
(7.8 0.6 0.1875)
(8.2 0.6 0.1875)
(8.6 0.6 0.1875)
(9 0.6 0.1875)
(9.4 0.6 0.1875)
(9.8 0.6 0.1875)
(10.2 0.6 0.1875)
(10.6 0.6 0.1875)
(11 0.6 0.1875)
(11.4 0.6 0.1875)
(11.8 0.6 0.1875)
(12.2 0.6 0.1875)
(12.6 0.6 0.1875)
(13 0.6 0.1875)
(13.4 0.6 0.1875)
(13.8 0.6 0.1875)
(14.2 0.6 0.1875)
(14.6 0.6 0.1875)
(15 0.6 0.1875)
(15.4 0.6 0.1875)
(15.8 0.6 0.1875)
(16.2 0.6 0.1875)
(16.6 0.6 0.1875)
(17 0.6 0.1875)
(17.4 0.6 0.1875)
(17.8 0.6 0.1875)
(18.2 0.6 0.1875)
(18.6 0.6 0.1875)
(19 0.6 0.1875)
(19.4 0.6 0.1875)
(19.8 0.6 0.1875)
(20.2 0.6 0.1875)
(20.6 0.6 0.1875)
(21 0.6 0.1875)
(21.4 0.6 0.1875)
(21.8 0.6 0.1875)
(22.2 0.6 0.1875)
(22.6 0.6 0.1875)
(23 0.6 0.1875)
(23.4 0.6 0.1875)
(23.8 0.6 0.1875)
(24.2 0.6 0.1875)
(24.6 0.6 0.1875)
(25 0.6 0.1875)
(25.4 0.6 0.1875)
(25.8 0.6 0.1875)
(26.2 0.6 0.1875)
(26.6 0.6 0.1875)
(27 0.6 0.1875)
(27.4 0.6 0.1875)
(27.8 0.6 0.1875)
(0.2 1 0.1875)
(0.6 1 0.1875)
(1 1 0.1875)
(1.4 1 0.1875)
(1.8 1 0.1875)
(2.2 1 0.1875)
(2.6 1 0.1875)
(3 1 0.1875)
(3.4 1 0.1875)
(3.8 1 0.1875)
(4.2 1 0.1875)
(4.6 1 0.1875)
(5 1 0.1875)
(5.4 1 0.1875)
(5.8 1 0.1875)
(6.2 1 0.1875)
(6.6 1 0.1875)
(7 1 0.1875)
(7.4 1 0.1875)
(7.8 1 0.1875)
(8.2 1 0.1875)
(8.6 1 0.1875)
(9 1 0.1875)
(9.4 1 0.1875)
(9.8 1 0.1875)
(10.2 1 0.1875)
(10.6 1 0.1875)
(11 1 0.1875)
(11.4 1 0.1875)
(11.8 1 0.1875)
(12.2 1 0.1875)
(12.6 1 0.1875)
(13 1 0.1875)
(13.4 1 0.1875)
(13.8 1 0.1875)
(14.2 1 0.1875)
(14.6 1 0.1875)
(15 1 0.1875)
(15.4 1 0.1875)
(15.8 1 0.1875)
(16.2 1 0.1875)
(16.6 1 0.1875)
(17 1 0.1875)
(17.4 1 0.1875)
(17.8 1 0.1875)
(18.2 1 0.1875)
(18.6 1 0.1875)
(19 1 0.1875)
(19.4 1 0.1875)
(19.8 1 0.1875)
(20.2 1 0.1875)
(20.6 1 0.1875)
(21 1 0.1875)
(21.4 1 0.1875)
(21.8 1 0.1875)
(22.2 1 0.1875)
(22.6 1 0.1875)
(23 1 0.1875)
(23.4 1 0.1875)
(23.8 1 0.1875)
(24.2 1 0.1875)
(24.6 1 0.1875)
(25 1 0.1875)
(25.4 1 0.1875)
(25.8 1 0.1875)
(26.2 1 0.1875)
(26.6 1 0.1875)
(27 1 0.1875)
(27.4 1 0.1875)
(27.8 1 0.1875)
(0.2 1.4 0.1875)
(0.6 1.4 0.1875)
(1 1.4 0.1875)
(1.4 1.4 0.1875)
(1.8 1.4 0.1875)
(2.2 1.4 0.1875)
(2.6 1.4 0.1875)
(3 1.4 0.1875)
(3.4 1.4 0.1875)
(3.8 1.4 0.1875)
(4.2 1.4 0.1875)
(4.6 1.4 0.1875)
(5 1.4 0.1875)
(5.4 1.4 0.1875)
(5.8 1.4 0.1875)
(6.2 1.4 0.1875)
(6.6 1.4 0.1875)
(7 1.4 0.1875)
(7.4 1.4 0.1875)
(7.8 1.4 0.1875)
(8.2 1.4 0.1875)
(8.6 1.4 0.1875)
(9 1.4 0.1875)
(9.4 1.4 0.1875)
(9.8 1.4 0.1875)
(10.2 1.4 0.1875)
(10.6 1.4 0.1875)
(11 1.4 0.1875)
(11.4 1.4 0.1875)
(11.8 1.4 0.1875)
(12.2 1.4 0.1875)
(12.6 1.4 0.1875)
(13 1.4 0.1875)
(13.4 1.4 0.1875)
(13.8 1.4 0.1875)
(14.2 1.4 0.1875)
(14.6 1.4 0.1875)
(15 1.4 0.1875)
(15.4 1.4 0.1875)
(15.8 1.4 0.1875)
(16.2 1.4 0.1875)
(16.6 1.4 0.1875)
(17 1.4 0.1875)
(17.4 1.4 0.1875)
(17.8 1.4 0.1875)
(18.2 1.4 0.1875)
(18.6 1.4 0.1875)
(19 1.4 0.1875)
(19.4 1.4 0.1875)
(19.8 1.4 0.1875)
(20.2 1.4 0.1875)
(20.6 1.4 0.1875)
(21 1.4 0.1875)
(21.4 1.4 0.1875)
(21.8 1.4 0.1875)
(22.2 1.4 0.1875)
(22.6 1.4 0.1875)
(23 1.4 0.1875)
(23.4 1.4 0.1875)
(23.8 1.4 0.1875)
(24.2 1.4 0.1875)
(24.6 1.4 0.1875)
(25 1.4 0.1875)
(25.4 1.4 0.1875)
(25.8 1.4 0.1875)
(26.2 1.4 0.1875)
(26.6 1.4 0.1875)
(27 1.4 0.1875)
(27.4 1.4 0.1875)
(27.8 1.4 0.1875)
(0.2 1.8 0.1875)
(0.6 1.8 0.1875)
(1 1.8 0.1875)
(1.4 1.8 0.1875)
(1.8 1.8 0.1875)
(2.2 1.8 0.1875)
(2.6 1.8 0.1875)
(3 1.8 0.1875)
(3.4 1.8 0.1875)
(3.8 1.8 0.1875)
(4.2 1.8 0.1875)
(4.6 1.8 0.1875)
(5 1.8 0.1875)
(5.4 1.8 0.1875)
(5.8 1.8 0.1875)
(6.2 1.8 0.1875)
(6.6 1.8 0.1875)
(7 1.8 0.1875)
(7.4 1.8 0.1875)
(7.8 1.8 0.1875)
(8.2 1.8 0.1875)
(8.6 1.8 0.1875)
(9 1.8 0.1875)
(9.4 1.8 0.1875)
(9.8 1.8 0.1875)
(10.2 1.8 0.1875)
(10.6 1.8 0.1875)
(11 1.8 0.1875)
(11.4 1.8 0.1875)
(11.8 1.8 0.1875)
(12.2 1.8 0.1875)
(12.6 1.8 0.1875)
(13 1.8 0.1875)
(13.4 1.8 0.1875)
(13.8 1.8 0.1875)
(14.2 1.8 0.1875)
(14.6 1.8 0.1875)
(15 1.8 0.1875)
(15.4 1.8 0.1875)
(15.8 1.8 0.1875)
(16.2 1.8 0.1875)
(16.6 1.8 0.1875)
(17 1.8 0.1875)
(17.4 1.8 0.1875)
(17.8 1.8 0.1875)
(18.2 1.8 0.1875)
(18.6 1.8 0.1875)
(19 1.8 0.1875)
(19.4 1.8 0.1875)
(19.8 1.8 0.1875)
(20.2 1.8 0.1875)
(20.6 1.8 0.1875)
(21 1.8 0.1875)
(21.4 1.8 0.1875)
(21.8 1.8 0.1875)
(22.2 1.8 0.1875)
(22.6 1.8 0.1875)
(23 1.8 0.1875)
(23.4 1.8 0.1875)
(23.8 1.8 0.1875)
(24.2 1.8 0.1875)
(24.6 1.8 0.1875)
(25 1.8 0.1875)
(25.4 1.8 0.1875)
(25.8 1.8 0.1875)
(26.2 1.8 0.1875)
(26.6 1.8 0.1875)
(27 1.8 0.1875)
(27.4 1.8 0.1875)
(27.8 1.8 0.1875)
(0.2 2.2 0.1875)
(0.6 2.2 0.1875)
(1 2.2 0.1875)
(1.4 2.2 0.1875)
(1.8 2.2 0.1875)
(2.2 2.2 0.1875)
(2.6 2.2 0.1875)
(3 2.2 0.1875)
(3.4 2.2 0.1875)
(3.8 2.2 0.1875)
(4.2 2.2 0.1875)
(4.6 2.2 0.1875)
(5 2.2 0.1875)
(5.4 2.2 0.1875)
(5.8 2.2 0.1875)
(6.2 2.2 0.1875)
(6.6 2.2 0.1875)
(7 2.2 0.1875)
(7.4 2.2 0.1875)
(7.8 2.2 0.1875)
(8.2 2.2 0.1875)
(8.6 2.2 0.1875)
(9 2.2 0.1875)
(9.4 2.2 0.1875)
(9.8 2.2 0.1875)
(10.2 2.2 0.1875)
(10.6 2.2 0.1875)
(11 2.2 0.1875)
(11.4 2.2 0.1875)
(11.8 2.2 0.1875)
(12.2 2.2 0.1875)
(12.6 2.2 0.1875)
(13 2.2 0.1875)
(13.4 2.2 0.1875)
(13.8 2.2 0.1875)
(14.2 2.2 0.1875)
(14.6 2.2 0.1875)
(15 2.2 0.1875)
(15.4 2.2 0.1875)
(15.8 2.2 0.1875)
(16.2 2.2 0.1875)
(16.6 2.2 0.1875)
(17 2.2 0.1875)
(17.4 2.2 0.1875)
(17.8 2.2 0.1875)
(18.2 2.2 0.1875)
(18.6 2.2 0.1875)
(19 2.2 0.1875)
(19.4 2.2 0.1875)
(19.8 2.2 0.1875)
(20.2 2.2 0.1875)
(20.6 2.2 0.1875)
(21 2.2 0.1875)
(21.4 2.2 0.1875)
(21.8 2.2 0.1875)
(22.2 2.2 0.1875)
(22.6 2.2 0.1875)
(23 2.2 0.1875)
(23.4 2.2 0.1875)
(23.8 2.2 0.1875)
(24.2 2.2 0.1875)
(24.6 2.2 0.1875)
(25 2.2 0.1875)
(25.4 2.2 0.1875)
(25.8 2.2 0.1875)
(26.2 2.2 0.1875)
(26.6 2.2 0.1875)
(27 2.2 0.1875)
(27.4 2.2 0.1875)
(27.8 2.2 0.1875)
(0.2 2.6 0.1875)
(0.6 2.6 0.1875)
(1 2.6 0.1875)
(1.4 2.6 0.1875)
(1.8 2.6 0.1875)
(2.2 2.6 0.1875)
(2.6 2.6 0.1875)
(3 2.6 0.1875)
(3.4 2.6 0.1875)
(3.8 2.6 0.1875)
(4.2 2.6 0.1875)
(4.6 2.6 0.1875)
(5 2.6 0.1875)
(5.4 2.6 0.1875)
(5.8 2.6 0.1875)
(6.2 2.6 0.1875)
(6.6 2.6 0.1875)
(7 2.6 0.1875)
(7.4 2.6 0.1875)
(7.8 2.6 0.1875)
(8.2 2.6 0.1875)
(8.6 2.6 0.1875)
(9 2.6 0.1875)
(9.4 2.6 0.1875)
(9.8 2.6 0.1875)
(10.2 2.6 0.1875)
(10.6 2.6 0.1875)
(11 2.6 0.1875)
(11.4 2.6 0.1875)
(11.8 2.6 0.1875)
(12.2 2.6 0.1875)
(12.6 2.6 0.1875)
(13 2.6 0.1875)
(13.4 2.6 0.1875)
(13.8 2.6 0.1875)
(14.2 2.6 0.1875)
(14.6 2.6 0.1875)
(15 2.6 0.1875)
(15.4 2.6 0.1875)
(15.8 2.6 0.1875)
(16.2 2.6 0.1875)
(16.6 2.6 0.1875)
(17 2.6 0.1875)
(17.4 2.6 0.1875)
(17.8 2.6 0.1875)
(18.2 2.6 0.1875)
(18.6 2.6 0.1875)
(19 2.6 0.1875)
(19.4 2.6 0.1875)
(19.8 2.6 0.1875)
(20.2 2.6 0.1875)
(20.6 2.6 0.1875)
(21 2.6 0.1875)
(21.4 2.6 0.1875)
(21.8 2.6 0.1875)
(22.2 2.6 0.1875)
(22.6 2.6 0.1875)
(23 2.6 0.1875)
(23.4 2.6 0.1875)
(23.8 2.6 0.1875)
(24.2 2.6 0.1875)
(24.6 2.6 0.1875)
(25 2.6 0.1875)
(25.4 2.6 0.1875)
(25.8 2.6 0.1875)
(26.2 2.6 0.1875)
(26.6 2.6 0.1875)
(27 2.6 0.1875)
(27.4 2.6 0.1875)
(27.8 2.6 0.1875)
(0.2 3 0.1875)
(0.6 3 0.1875)
(1 3 0.1875)
(1.4 3 0.1875)
(1.8 3 0.1875)
(2.2 3 0.1875)
(2.6 3 0.1875)
(3 3 0.1875)
(3.4 3 0.1875)
(3.8 3 0.1875)
(4.2 3 0.1875)
(4.6 3 0.1875)
(5 3 0.1875)
(5.4 3 0.1875)
(5.8 3 0.1875)
(6.2 3 0.1875)
(6.6 3 0.1875)
(7 3 0.1875)
(7.4 3 0.1875)
(7.8 3 0.1875)
(8.2 3 0.1875)
(8.6 3 0.1875)
(9 3 0.1875)
(9.4 3 0.1875)
(9.8 3 0.1875)
(10.2 3 0.1875)
(10.6 3 0.1875)
(11 3 0.1875)
(11.4 3 0.1875)
(11.8 3 0.1875)
(12.2 3 0.1875)
(12.6 3 0.1875)
(13 3 0.1875)
(13.4 3 0.1875)
(13.8 3 0.1875)
(14.2 3 0.1875)
(14.6 3 0.1875)
(15 3 0.1875)
(15.4 3 0.1875)
(15.8 3 0.1875)
(16.2 3 0.1875)
(16.6 3 0.1875)
(17 3 0.1875)
(17.4 3 0.1875)
(17.8 3 0.1875)
(18.2 3 0.1875)
(18.6 3 0.1875)
(19 3 0.1875)
(19.4 3 0.1875)
(19.8 3 0.1875)
(20.2 3 0.1875)
(20.6 3 0.1875)
(21 3 0.1875)
(21.4 3 0.1875)
(21.8 3 0.1875)
(22.2 3 0.1875)
(22.6 3 0.1875)
(23 3 0.1875)
(23.4 3 0.1875)
(23.8 3 0.1875)
(24.2 3 0.1875)
(24.6 3 0.1875)
(25 3 0.1875)
(25.4 3 0.1875)
(25.8 3 0.1875)
(26.2 3 0.1875)
(26.6 3 0.1875)
(27 3 0.1875)
(27.4 3 0.1875)
(27.8 3 0.1875)
(0.2 3.4 0.1875)
(0.6 3.4 0.1875)
(1 3.4 0.1875)
(1.4 3.4 0.1875)
(1.8 3.4 0.1875)
(2.2 3.4 0.1875)
(2.6 3.4 0.1875)
(3 3.4 0.1875)
(3.4 3.4 0.1875)
(3.8 3.4 0.1875)
(4.2 3.4 0.1875)
(4.6 3.4 0.1875)
(5 3.4 0.1875)
(5.4 3.4 0.1875)
(5.8 3.4 0.1875)
(6.2 3.4 0.1875)
(6.6 3.4 0.1875)
(7 3.4 0.1875)
(7.4 3.4 0.1875)
(7.8 3.4 0.1875)
(8.2 3.4 0.1875)
(8.6 3.4 0.1875)
(9 3.4 0.1875)
(9.4 3.4 0.1875)
(9.8 3.4 0.1875)
(10.2 3.4 0.1875)
(10.6 3.4 0.1875)
(11 3.4 0.1875)
(11.4 3.4 0.1875)
(11.8 3.4 0.1875)
(12.2 3.4 0.1875)
(12.6 3.4 0.1875)
(13 3.4 0.1875)
(13.4 3.4 0.1875)
(13.8 3.4 0.1875)
(14.2 3.4 0.1875)
(14.6 3.4 0.1875)
(15 3.4 0.1875)
(15.4 3.4 0.1875)
(15.8 3.4 0.1875)
(16.2 3.4 0.1875)
(16.6 3.4 0.1875)
(17 3.4 0.1875)
(17.4 3.4 0.1875)
(17.8 3.4 0.1875)
(18.2 3.4 0.1875)
(18.6 3.4 0.1875)
(19 3.4 0.1875)
(19.4 3.4 0.1875)
(19.8 3.4 0.1875)
(20.2 3.4 0.1875)
(20.6 3.4 0.1875)
(21 3.4 0.1875)
(21.4 3.4 0.1875)
(21.8 3.4 0.1875)
(22.2 3.4 0.1875)
(22.6 3.4 0.1875)
(23 3.4 0.1875)
(23.4 3.4 0.1875)
(23.8 3.4 0.1875)
(24.2 3.4 0.1875)
(24.6 3.4 0.1875)
(25 3.4 0.1875)
(25.4 3.4 0.1875)
(25.8 3.4 0.1875)
(26.2 3.4 0.1875)
(26.6 3.4 0.1875)
(27 3.4 0.1875)
(27.4 3.4 0.1875)
(27.8 3.4 0.1875)
(0.2 3.8 0.1875)
(0.6 3.8 0.1875)
(1 3.8 0.1875)
(1.4 3.8 0.1875)
(1.8 3.8 0.1875)
(2.2 3.8 0.1875)
(2.6 3.8 0.1875)
(3 3.8 0.1875)
(3.4 3.8 0.1875)
(3.8 3.8 0.1875)
(4.2 3.8 0.1875)
(4.6 3.8 0.1875)
(5 3.8 0.1875)
(5.4 3.8 0.1875)
(5.8 3.8 0.1875)
(6.2 3.8 0.1875)
(6.6 3.8 0.1875)
(7 3.8 0.1875)
(7.4 3.8 0.1875)
(7.8 3.8 0.1875)
(8.2 3.8 0.1875)
(8.6 3.8 0.1875)
(9 3.8 0.1875)
(9.4 3.8 0.1875)
(9.8 3.8 0.1875)
(10.2 3.8 0.1875)
(10.6 3.8 0.1875)
(11 3.8 0.1875)
(11.4 3.8 0.1875)
(11.8 3.8 0.1875)
(12.2 3.8 0.1875)
(12.6 3.8 0.1875)
(13 3.8 0.1875)
(13.4 3.8 0.1875)
(13.8 3.8 0.1875)
(14.2 3.8 0.1875)
(14.6 3.8 0.1875)
(15 3.8 0.1875)
(15.4 3.8 0.1875)
(15.8 3.8 0.1875)
(16.2 3.8 0.1875)
(16.6 3.8 0.1875)
(17 3.8 0.1875)
(17.4 3.8 0.1875)
(17.8 3.8 0.1875)
(18.2 3.8 0.1875)
(18.6 3.8 0.1875)
(19 3.8 0.1875)
(19.4 3.8 0.1875)
(19.8 3.8 0.1875)
(20.2 3.8 0.1875)
(20.6 3.8 0.1875)
(21 3.8 0.1875)
(21.4 3.8 0.1875)
(21.8 3.8 0.1875)
(22.2 3.8 0.1875)
(22.6 3.8 0.1875)
(23 3.8 0.1875)
(23.4 3.8 0.1875)
(23.8 3.8 0.1875)
(24.2 3.8 0.1875)
(24.6 3.8 0.1875)
(25 3.8 0.1875)
(25.4 3.8 0.1875)
(25.8 3.8 0.1875)
(26.2 3.8 0.1875)
(26.6 3.8 0.1875)
(27 3.8 0.1875)
(27.4 3.8 0.1875)
(27.8 3.8 0.1875)
(0.2 0.2 0.5625)
(0.6 0.2 0.5625)
(1 0.2 0.5625)
(1.4 0.2 0.5625)
(1.8 0.2 0.5625)
(2.2 0.2 0.5625)
(2.6 0.2 0.5625)
(3 0.2 0.5625)
(3.4 0.2 0.5625)
(3.8 0.2 0.5625)
(4.2 0.2 0.5625)
(4.6 0.2 0.5625)
(5 0.2 0.5625)
(5.4 0.2 0.5625)
(5.8 0.2 0.5625)
(6.2 0.2 0.5625)
(6.6 0.2 0.5625)
(7 0.2 0.5625)
(7.4 0.2 0.5625)
(7.8 0.2 0.5625)
(8.2 0.2 0.5625)
(8.6 0.2 0.5625)
(9 0.2 0.5625)
(9.4 0.2 0.5625)
(9.8 0.2 0.5625)
(10.2 0.2 0.5625)
(10.6 0.2 0.5625)
(11 0.2 0.5625)
(11.4 0.2 0.5625)
(11.8 0.2 0.5625)
(12.2 0.2 0.5625)
(12.6 0.2 0.5625)
(13 0.2 0.5625)
(13.4 0.2 0.5625)
(13.8 0.2 0.5625)
(14.2 0.2 0.5625)
(14.6 0.2 0.5625)
(15 0.2 0.5625)
(15.4 0.2 0.5625)
(15.8 0.2 0.5625)
(16.2 0.2 0.5625)
(16.6 0.2 0.5625)
(17 0.2 0.5625)
(17.4 0.2 0.5625)
(17.8 0.2 0.5625)
(18.2 0.2 0.5625)
(18.6 0.2 0.5625)
(19 0.2 0.5625)
(19.4 0.2 0.5625)
(19.8 0.2 0.5625)
(20.2 0.2 0.5625)
(20.6 0.2 0.5625)
(21 0.2 0.5625)
(21.4 0.2 0.5625)
(21.8 0.2 0.5625)
(22.2 0.2 0.5625)
(22.6 0.2 0.5625)
(23 0.2 0.5625)
(23.4 0.2 0.5625)
(23.8 0.2 0.5625)
(24.2 0.2 0.5625)
(24.6 0.2 0.5625)
(25 0.2 0.5625)
(25.4 0.2 0.5625)
(25.8 0.2 0.5625)
(26.2 0.2 0.5625)
(26.6 0.2 0.5625)
(27 0.2 0.5625)
(27.4 0.2 0.5625)
(27.8 0.2 0.5625)
(0.2 0.6 0.5625)
(0.6 0.6 0.5625)
(1 0.6 0.5625)
(1.4 0.6 0.5625)
(1.8 0.6 0.5625)
(2.2 0.6 0.5625)
(2.6 0.6 0.5625)
(3 0.6 0.5625)
(3.4 0.6 0.5625)
(3.8 0.6 0.5625)
(4.2 0.6 0.5625)
(4.6 0.6 0.5625)
(5 0.6 0.5625)
(5.4 0.6 0.5625)
(5.8 0.6 0.5625)
(6.2 0.6 0.5625)
(6.6 0.6 0.5625)
(7 0.6 0.5625)
(7.4 0.6 0.5625)
(7.8 0.6 0.5625)
(8.2 0.6 0.5625)
(8.6 0.6 0.5625)
(9 0.6 0.5625)
(9.4 0.6 0.5625)
(9.8 0.6 0.5625)
(10.2 0.6 0.5625)
(10.6 0.6 0.5625)
(11 0.6 0.5625)
(11.4 0.6 0.5625)
(11.8 0.6 0.5625)
(12.2 0.6 0.5625)
(12.6 0.6 0.5625)
(13 0.6 0.5625)
(13.4 0.6 0.5625)
(13.8 0.6 0.5625)
(14.2 0.6 0.5625)
(14.6 0.6 0.5625)
(15 0.6 0.5625)
(15.4 0.6 0.5625)
(15.8 0.6 0.5625)
(16.2 0.6 0.5625)
(16.6 0.6 0.5625)
(17 0.6 0.5625)
(17.4 0.6 0.5625)
(17.8 0.6 0.5625)
(18.2 0.6 0.5625)
(18.6 0.6 0.5625)
(19 0.6 0.5625)
(19.4 0.6 0.5625)
(19.8 0.6 0.5625)
(20.2 0.6 0.5625)
(20.6 0.6 0.5625)
(21 0.6 0.5625)
(21.4 0.6 0.5625)
(21.8 0.6 0.5625)
(22.2 0.6 0.5625)
(22.6 0.6 0.5625)
(23 0.6 0.5625)
(23.4 0.6 0.5625)
(23.8 0.6 0.5625)
(24.2 0.6 0.5625)
(24.6 0.6 0.5625)
(25 0.6 0.5625)
(25.4 0.6 0.5625)
(25.8 0.6 0.5625)
(26.2 0.6 0.5625)
(26.6 0.6 0.5625)
(27 0.6 0.5625)
(27.4 0.6 0.5625)
(27.8 0.6 0.5625)
(0.2 1 0.5625)
(0.6 1 0.5625)
(1 1 0.5625)
(1.4 1 0.5625)
(1.8 1 0.5625)
(2.2 1 0.5625)
(2.6 1 0.5625)
(3 1 0.5625)
(3.4 1 0.5625)
(3.8 1 0.5625)
(4.2 1 0.5625)
(4.6 1 0.5625)
(5 1 0.5625)
(5.4 1 0.5625)
(5.8 1 0.5625)
(6.2 1 0.5625)
(6.6 1 0.5625)
(7 1 0.5625)
(7.4 1 0.5625)
(7.8 1 0.5625)
(8.2 1 0.5625)
(8.6 1 0.5625)
(9 1 0.5625)
(9.4 1 0.5625)
(9.8 1 0.5625)
(10.2 1 0.5625)
(10.6 1 0.5625)
(11 1 0.5625)
(11.4 1 0.5625)
(11.8 1 0.5625)
(12.2 1 0.5625)
(12.6 1 0.5625)
(13 1 0.5625)
(13.4 1 0.5625)
(13.8 1 0.5625)
(14.2 1 0.5625)
(14.6 1 0.5625)
(15 1 0.5625)
(15.4 1 0.5625)
(15.8 1 0.5625)
(16.2 1 0.5625)
(16.6 1 0.5625)
(17 1 0.5625)
(17.4 1 0.5625)
(17.8 1 0.5625)
(18.2 1 0.5625)
(18.6 1 0.5625)
(19 1 0.5625)
(19.4 1 0.5625)
(19.8 1 0.5625)
(20.2 1 0.5625)
(20.6 1 0.5625)
(21 1 0.5625)
(21.4 1 0.5625)
(21.8 1 0.5625)
(22.2 1 0.5625)
(22.6 1 0.5625)
(23 1 0.5625)
(23.4 1 0.5625)
(23.8 1 0.5625)
(24.2 1 0.5625)
(24.6 1 0.5625)
(25 1 0.5625)
(25.4 1 0.5625)
(25.8 1 0.5625)
(26.2 1 0.5625)
(26.6 1 0.5625)
(27 1 0.5625)
(27.4 1 0.5625)
(27.8 1 0.5625)
(0.2 1.4 0.5625)
(0.6 1.4 0.5625)
(1 1.4 0.5625)
(1.4 1.4 0.5625)
(1.8 1.4 0.5625)
(2.2 1.4 0.5625)
(2.6 1.4 0.5625)
(3 1.4 0.5625)
(3.4 1.4 0.5625)
(3.8 1.4 0.5625)
(4.2 1.4 0.5625)
(4.6 1.4 0.5625)
(5 1.4 0.5625)
(5.4 1.4 0.5625)
(5.8 1.4 0.5625)
(6.2 1.4 0.5625)
(6.6 1.4 0.5625)
(7 1.4 0.5625)
(7.4 1.4 0.5625)
(7.8 1.4 0.5625)
(8.2 1.4 0.5625)
(8.6 1.4 0.5625)
(9 1.4 0.5625)
(9.4 1.4 0.5625)
(9.8 1.4 0.5625)
(10.2 1.4 0.5625)
(10.6 1.4 0.5625)
(11 1.4 0.5625)
(11.4 1.4 0.5625)
(11.8 1.4 0.5625)
(12.2 1.4 0.5625)
(12.6 1.4 0.5625)
(13 1.4 0.5625)
(13.4 1.4 0.5625)
(13.8 1.4 0.5625)
(14.2 1.4 0.5625)
(14.6 1.4 0.5625)
(15 1.4 0.5625)
(15.4 1.4 0.5625)
(15.8 1.4 0.5625)
(16.2 1.4 0.5625)
(16.6 1.4 0.5625)
(17 1.4 0.5625)
(17.4 1.4 0.5625)
(17.8 1.4 0.5625)
(18.2 1.4 0.5625)
(18.6 1.4 0.5625)
(19 1.4 0.5625)
(19.4 1.4 0.5625)
(19.8 1.4 0.5625)
(20.2 1.4 0.5625)
(20.6 1.4 0.5625)
(21 1.4 0.5625)
(21.4 1.4 0.5625)
(21.8 1.4 0.5625)
(22.2 1.4 0.5625)
(22.6 1.4 0.5625)
(23 1.4 0.5625)
(23.4 1.4 0.5625)
(23.8 1.4 0.5625)
(24.2 1.4 0.5625)
(24.6 1.4 0.5625)
(25 1.4 0.5625)
(25.4 1.4 0.5625)
(25.8 1.4 0.5625)
(26.2 1.4 0.5625)
(26.6 1.4 0.5625)
(27 1.4 0.5625)
(27.4 1.4 0.5625)
(27.8 1.4 0.5625)
(0.2 1.8 0.5625)
(0.6 1.8 0.5625)
(1 1.8 0.5625)
(1.4 1.8 0.5625)
(1.8 1.8 0.5625)
(2.2 1.8 0.5625)
(2.6 1.8 0.5625)
(3 1.8 0.5625)
(3.4 1.8 0.5625)
(3.8 1.8 0.5625)
(4.2 1.8 0.5625)
(4.6 1.8 0.5625)
(5 1.8 0.5625)
(5.4 1.8 0.5625)
(5.8 1.8 0.5625)
(6.2 1.8 0.5625)
(6.6 1.8 0.5625)
(7 1.8 0.5625)
(7.4 1.8 0.5625)
(7.8 1.8 0.5625)
(8.2 1.8 0.5625)
(8.6 1.8 0.5625)
(9 1.8 0.5625)
(9.4 1.8 0.5625)
(9.8 1.8 0.5625)
(10.2 1.8 0.5625)
(10.6 1.8 0.5625)
(11 1.8 0.5625)
(11.4 1.8 0.5625)
(11.8 1.8 0.5625)
(12.2 1.8 0.5625)
(12.6 1.8 0.5625)
(13 1.8 0.5625)
(13.4 1.8 0.5625)
(13.8 1.8 0.5625)
(14.2 1.8 0.5625)
(14.6 1.8 0.5625)
(15 1.8 0.5625)
(15.4 1.8 0.5625)
(15.8 1.8 0.5625)
(16.2 1.8 0.5625)
(16.6 1.8 0.5625)
(17 1.8 0.5625)
(17.4 1.8 0.5625)
(17.8 1.8 0.5625)
(18.2 1.8 0.5625)
(18.6 1.8 0.5625)
(19 1.8 0.5625)
(19.4 1.8 0.5625)
(19.8 1.8 0.5625)
(20.2 1.8 0.5625)
(20.6 1.8 0.5625)
(21 1.8 0.5625)
(21.4 1.8 0.5625)
(21.8 1.8 0.5625)
(22.2 1.8 0.5625)
(22.6 1.8 0.5625)
(23 1.8 0.5625)
(23.4 1.8 0.5625)
(23.8 1.8 0.5625)
(24.2 1.8 0.5625)
(24.6 1.8 0.5625)
(25 1.8 0.5625)
(25.4 1.8 0.5625)
(25.8 1.8 0.5625)
(26.2 1.8 0.5625)
(26.6 1.8 0.5625)
(27 1.8 0.5625)
(27.4 1.8 0.5625)
(27.8 1.8 0.5625)
(0.2 2.2 0.5625)
(0.6 2.2 0.5625)
(1 2.2 0.5625)
(1.4 2.2 0.5625)
(1.8 2.2 0.5625)
(2.2 2.2 0.5625)
(2.6 2.2 0.5625)
(3 2.2 0.5625)
(3.4 2.2 0.5625)
(3.8 2.2 0.5625)
(4.2 2.2 0.5625)
(4.6 2.2 0.5625)
(5 2.2 0.5625)
(5.4 2.2 0.5625)
(5.8 2.2 0.5625)
(6.2 2.2 0.5625)
(6.6 2.2 0.5625)
(7 2.2 0.5625)
(7.4 2.2 0.5625)
(7.8 2.2 0.5625)
(8.2 2.2 0.5625)
(8.6 2.2 0.5625)
(9 2.2 0.5625)
(9.4 2.2 0.5625)
(9.8 2.2 0.5625)
(10.2 2.2 0.5625)
(10.6 2.2 0.5625)
(11 2.2 0.5625)
(11.4 2.2 0.5625)
(11.8 2.2 0.5625)
(12.2 2.2 0.5625)
(12.6 2.2 0.5625)
(13 2.2 0.5625)
(13.4 2.2 0.5625)
(13.8 2.2 0.5625)
(14.2 2.2 0.5625)
(14.6 2.2 0.5625)
(15 2.2 0.5625)
(15.4 2.2 0.5625)
(15.8 2.2 0.5625)
(16.2 2.2 0.5625)
(16.6 2.2 0.5625)
(17 2.2 0.5625)
(17.4 2.2 0.5625)
(17.8 2.2 0.5625)
(18.2 2.2 0.5625)
(18.6 2.2 0.5625)
(19 2.2 0.5625)
(19.4 2.2 0.5625)
(19.8 2.2 0.5625)
(20.2 2.2 0.5625)
(20.6 2.2 0.5625)
(21 2.2 0.5625)
(21.4 2.2 0.5625)
(21.8 2.2 0.5625)
(22.2 2.2 0.5625)
(22.6 2.2 0.5625)
(23 2.2 0.5625)
(23.4 2.2 0.5625)
(23.8 2.2 0.5625)
(24.2 2.2 0.5625)
(24.6 2.2 0.5625)
(25 2.2 0.5625)
(25.4 2.2 0.5625)
(25.8 2.2 0.5625)
(26.2 2.2 0.5625)
(26.6 2.2 0.5625)
(27 2.2 0.5625)
(27.4 2.2 0.5625)
(27.8 2.2 0.5625)
(0.2 2.6 0.5625)
(0.6 2.6 0.5625)
(1 2.6 0.5625)
(1.4 2.6 0.5625)
(1.8 2.6 0.5625)
(2.2 2.6 0.5625)
(2.6 2.6 0.5625)
(3 2.6 0.5625)
(3.4 2.6 0.5625)
(3.8 2.6 0.5625)
(4.2 2.6 0.5625)
(4.6 2.6 0.5625)
(5 2.6 0.5625)
(5.4 2.6 0.5625)
(5.8 2.6 0.5625)
(6.2 2.6 0.5625)
(6.6 2.6 0.5625)
(7 2.6 0.5625)
(7.4 2.6 0.5625)
(7.8 2.6 0.5625)
(8.2 2.6 0.5625)
(8.6 2.6 0.5625)
(9 2.6 0.5625)
(9.4 2.6 0.5625)
(9.8 2.6 0.5625)
(10.2 2.6 0.5625)
(10.6 2.6 0.5625)
(11 2.6 0.5625)
(11.4 2.6 0.5625)
(11.8 2.6 0.5625)
(12.2 2.6 0.5625)
(12.6 2.6 0.5625)
(13 2.6 0.5625)
(13.4 2.6 0.5625)
(13.8 2.6 0.5625)
(14.2 2.6 0.5625)
(14.6 2.6 0.5625)
(15 2.6 0.5625)
(15.4 2.6 0.5625)
(15.8 2.6 0.5625)
(16.2 2.6 0.5625)
(16.6 2.6 0.5625)
(17 2.6 0.5625)
(17.4 2.6 0.5625)
(17.8 2.6 0.5625)
(18.2 2.6 0.5625)
(18.6 2.6 0.5625)
(19 2.6 0.5625)
(19.4 2.6 0.5625)
(19.8 2.6 0.5625)
(20.2 2.6 0.5625)
(20.6 2.6 0.5625)
(21 2.6 0.5625)
(21.4 2.6 0.5625)
(21.8 2.6 0.5625)
(22.2 2.6 0.5625)
(22.6 2.6 0.5625)
(23 2.6 0.5625)
(23.4 2.6 0.5625)
(23.8 2.6 0.5625)
(24.2 2.6 0.5625)
(24.6 2.6 0.5625)
(25 2.6 0.5625)
(25.4 2.6 0.5625)
(25.8 2.6 0.5625)
(26.2 2.6 0.5625)
(26.6 2.6 0.5625)
(27 2.6 0.5625)
(27.4 2.6 0.5625)
(27.8 2.6 0.5625)
(0.2 3 0.5625)
(0.6 3 0.5625)
(1 3 0.5625)
(1.4 3 0.5625)
(1.8 3 0.5625)
(2.2 3 0.5625)
(2.6 3 0.5625)
(3 3 0.5625)
(3.4 3 0.5625)
(3.8 3 0.5625)
(4.2 3 0.5625)
(4.6 3 0.5625)
(5 3 0.5625)
(5.4 3 0.5625)
(5.8 3 0.5625)
(6.2 3 0.5625)
(6.6 3 0.5625)
(7 3 0.5625)
(7.4 3 0.5625)
(7.8 3 0.5625)
(8.2 3 0.5625)
(8.6 3 0.5625)
(9 3 0.5625)
(9.4 3 0.5625)
(9.8 3 0.5625)
(10.2 3 0.5625)
(10.6 3 0.5625)
(11 3 0.5625)
(11.4 3 0.5625)
(11.8 3 0.5625)
(12.2 3 0.5625)
(12.6 3 0.5625)
(13 3 0.5625)
(13.4 3 0.5625)
(13.8 3 0.5625)
(14.2 3 0.5625)
(14.6 3 0.5625)
(15 3 0.5625)
(15.4 3 0.5625)
(15.8 3 0.5625)
(16.2 3 0.5625)
(16.6 3 0.5625)
(17 3 0.5625)
(17.4 3 0.5625)
(17.8 3 0.5625)
(18.2 3 0.5625)
(18.6 3 0.5625)
(19 3 0.5625)
(19.4 3 0.5625)
(19.8 3 0.5625)
(20.2 3 0.5625)
(20.6 3 0.5625)
(21 3 0.5625)
(21.4 3 0.5625)
(21.8 3 0.5625)
(22.2 3 0.5625)
(22.6 3 0.5625)
(23 3 0.5625)
(23.4 3 0.5625)
(23.8 3 0.5625)
(24.2 3 0.5625)
(24.6 3 0.5625)
(25 3 0.5625)
(25.4 3 0.5625)
(25.8 3 0.5625)
(26.2 3 0.5625)
(26.6 3 0.5625)
(27 3 0.5625)
(27.4 3 0.5625)
(27.8 3 0.5625)
(0.2 3.4 0.5625)
(0.6 3.4 0.5625)
(1 3.4 0.5625)
(1.4 3.4 0.5625)
(1.8 3.4 0.5625)
(2.2 3.4 0.5625)
(2.6 3.4 0.5625)
(3 3.4 0.5625)
(3.4 3.4 0.5625)
(3.8 3.4 0.5625)
(4.2 3.4 0.5625)
(4.6 3.4 0.5625)
(5 3.4 0.5625)
(5.4 3.4 0.5625)
(5.8 3.4 0.5625)
(6.2 3.4 0.5625)
(6.6 3.4 0.5625)
(7 3.4 0.5625)
(7.4 3.4 0.5625)
(7.8 3.4 0.5625)
(8.2 3.4 0.5625)
(8.6 3.4 0.5625)
(9 3.4 0.5625)
(9.4 3.4 0.5625)
(9.8 3.4 0.5625)
(10.2 3.4 0.5625)
(10.6 3.4 0.5625)
(11 3.4 0.5625)
(11.4 3.4 0.5625)
(11.8 3.4 0.5625)
(12.2 3.4 0.5625)
(12.6 3.4 0.5625)
(13 3.4 0.5625)
(13.4 3.4 0.5625)
(13.8 3.4 0.5625)
(14.2 3.4 0.5625)
(14.6 3.4 0.5625)
(15 3.4 0.5625)
(15.4 3.4 0.5625)
(15.8 3.4 0.5625)
(16.2 3.4 0.5625)
(16.6 3.4 0.5625)
(17 3.4 0.5625)
(17.4 3.4 0.5625)
(17.8 3.4 0.5625)
(18.2 3.4 0.5625)
(18.6 3.4 0.5625)
(19 3.4 0.5625)
(19.4 3.4 0.5625)
(19.8 3.4 0.5625)
(20.2 3.4 0.5625)
(20.6 3.4 0.5625)
(21 3.4 0.5625)
(21.4 3.4 0.5625)
(21.8 3.4 0.5625)
(22.2 3.4 0.5625)
(22.6 3.4 0.5625)
(23 3.4 0.5625)
(23.4 3.4 0.5625)
(23.8 3.4 0.5625)
(24.2 3.4 0.5625)
(24.6 3.4 0.5625)
(25 3.4 0.5625)
(25.4 3.4 0.5625)
(25.8 3.4 0.5625)
(26.2 3.4 0.5625)
(26.6 3.4 0.5625)
(27 3.4 0.5625)
(27.4 3.4 0.5625)
(27.8 3.4 0.5625)
(0.2 3.8 0.5625)
(0.6 3.8 0.5625)
(1 3.8 0.5625)
(1.4 3.8 0.5625)
(1.8 3.8 0.5625)
(2.2 3.8 0.5625)
(2.6 3.8 0.5625)
(3 3.8 0.5625)
(3.4 3.8 0.5625)
(3.8 3.8 0.5625)
(4.2 3.8 0.5625)
(4.6 3.8 0.5625)
(5 3.8 0.5625)
(5.4 3.8 0.5625)
(5.8 3.8 0.5625)
(6.2 3.8 0.5625)
(6.6 3.8 0.5625)
(7 3.8 0.5625)
(7.4 3.8 0.5625)
(7.8 3.8 0.5625)
(8.2 3.8 0.5625)
(8.6 3.8 0.5625)
(9 3.8 0.5625)
(9.4 3.8 0.5625)
(9.8 3.8 0.5625)
(10.2 3.8 0.5625)
(10.6 3.8 0.5625)
(11 3.8 0.5625)
(11.4 3.8 0.5625)
(11.8 3.8 0.5625)
(12.2 3.8 0.5625)
(12.6 3.8 0.5625)
(13 3.8 0.5625)
(13.4 3.8 0.5625)
(13.8 3.8 0.5625)
(14.2 3.8 0.5625)
(14.6 3.8 0.5625)
(15 3.8 0.5625)
(15.4 3.8 0.5625)
(15.8 3.8 0.5625)
(16.2 3.8 0.5625)
(16.6 3.8 0.5625)
(17 3.8 0.5625)
(17.4 3.8 0.5625)
(17.8 3.8 0.5625)
(18.2 3.8 0.5625)
(18.6 3.8 0.5625)
(19 3.8 0.5625)
(19.4 3.8 0.5625)
(19.8 3.8 0.5625)
(20.2 3.8 0.5625)
(20.6 3.8 0.5625)
(21 3.8 0.5625)
(21.4 3.8 0.5625)
(21.8 3.8 0.5625)
(22.2 3.8 0.5625)
(22.6 3.8 0.5625)
(23 3.8 0.5625)
(23.4 3.8 0.5625)
(23.8 3.8 0.5625)
(24.2 3.8 0.5625)
(24.6 3.8 0.5625)
(25 3.8 0.5625)
(25.4 3.8 0.5625)
(25.8 3.8 0.5625)
(26.2 3.8 0.5625)
(26.6 3.8 0.5625)
(27 3.8 0.5625)
(27.4 3.8 0.5625)
(27.8 3.8 0.5625)
(0.2 0.2 0.9375)
(0.6 0.2 0.9375)
(1 0.2 0.9375)
(1.4 0.2 0.9375)
(1.8 0.2 0.9375)
(2.2 0.2 0.9375)
(2.6 0.2 0.9375)
(3 0.2 0.9375)
(3.4 0.2 0.9375)
(3.8 0.2 0.9375)
(4.2 0.2 0.9375)
(4.6 0.2 0.9375)
(5 0.2 0.9375)
(5.4 0.2 0.9375)
(5.8 0.2 0.9375)
(6.2 0.2 0.9375)
(6.6 0.2 0.9375)
(7 0.2 0.9375)
(7.4 0.2 0.9375)
(7.8 0.2 0.9375)
(8.2 0.2 0.9375)
(8.6 0.2 0.9375)
(9 0.2 0.9375)
(9.4 0.2 0.9375)
(9.8 0.2 0.9375)
(10.2 0.2 0.9375)
(10.6 0.2 0.9375)
(11 0.2 0.9375)
(11.4 0.2 0.9375)
(11.8 0.2 0.9375)
(12.2 0.2 0.9375)
(12.6 0.2 0.9375)
(13 0.2 0.9375)
(13.4 0.2 0.9375)
(13.8 0.2 0.9375)
(14.2 0.2 0.9375)
(14.6 0.2 0.9375)
(15 0.2 0.9375)
(15.4 0.2 0.9375)
(15.8 0.2 0.9375)
(16.2 0.2 0.9375)
(16.6 0.2 0.9375)
(17 0.2 0.9375)
(17.4 0.2 0.9375)
(17.8 0.2 0.9375)
(18.2 0.2 0.9375)
(18.6 0.2 0.9375)
(19 0.2 0.9375)
(19.4 0.2 0.9375)
(19.8 0.2 0.9375)
(20.2 0.2 0.9375)
(20.6 0.2 0.9375)
(21 0.2 0.9375)
(21.4 0.2 0.9375)
(21.8 0.2 0.9375)
(22.2 0.2 0.9375)
(22.6 0.2 0.9375)
(23 0.2 0.9375)
(23.4 0.2 0.9375)
(23.8 0.2 0.9375)
(24.2 0.2 0.9375)
(24.6 0.2 0.9375)
(25 0.2 0.9375)
(25.4 0.2 0.9375)
(25.8 0.2 0.9375)
(26.2 0.2 0.9375)
(26.6 0.2 0.9375)
(27 0.2 0.9375)
(27.4 0.2 0.9375)
(27.8 0.2 0.9375)
(0.2 0.6 0.9375)
(0.6 0.6 0.9375)
(1 0.6 0.9375)
(1.4 0.6 0.9375)
(1.8 0.6 0.9375)
(2.2 0.6 0.9375)
(2.6 0.6 0.9375)
(3 0.6 0.9375)
(3.4 0.6 0.9375)
(3.8 0.6 0.9375)
(4.2 0.6 0.9375)
(4.6 0.6 0.9375)
(5 0.6 0.9375)
(5.4 0.6 0.9375)
(5.8 0.6 0.9375)
(6.2 0.6 0.9375)
(6.6 0.6 0.9375)
(7 0.6 0.9375)
(7.4 0.6 0.9375)
(7.8 0.6 0.9375)
(8.2 0.6 0.9375)
(8.6 0.6 0.9375)
(9 0.6 0.9375)
(9.4 0.6 0.9375)
(9.8 0.6 0.9375)
(10.2 0.6 0.9375)
(10.6 0.6 0.9375)
(11 0.6 0.9375)
(11.4 0.6 0.9375)
(11.8 0.6 0.9375)
(12.2 0.6 0.9375)
(12.6 0.6 0.9375)
(13 0.6 0.9375)
(13.4 0.6 0.9375)
(13.8 0.6 0.9375)
(14.2 0.6 0.9375)
(14.6 0.6 0.9375)
(15 0.6 0.9375)
(15.4 0.6 0.9375)
(15.8 0.6 0.9375)
(16.2 0.6 0.9375)
(16.6 0.6 0.9375)
(17 0.6 0.9375)
(17.4 0.6 0.9375)
(17.8 0.6 0.9375)
(18.2 0.6 0.9375)
(18.6 0.6 0.9375)
(19 0.6 0.9375)
(19.4 0.6 0.9375)
(19.8 0.6 0.9375)
(20.2 0.6 0.9375)
(20.6 0.6 0.9375)
(21 0.6 0.9375)
(21.4 0.6 0.9375)
(21.8 0.6 0.9375)
(22.2 0.6 0.9375)
(22.6 0.6 0.9375)
(23 0.6 0.9375)
(23.4 0.6 0.9375)
(23.8 0.6 0.9375)
(24.2 0.6 0.9375)
(24.6 0.6 0.9375)
(25 0.6 0.9375)
(25.4 0.6 0.9375)
(25.8 0.6 0.9375)
(26.2 0.6 0.9375)
(26.6 0.6 0.9375)
(27 0.6 0.9375)
(27.4 0.6 0.9375)
(27.8 0.6 0.9375)
(0.2 1 0.9375)
(0.6 1 0.9375)
(1 1 0.9375)
(1.4 1 0.9375)
(1.8 1 0.9375)
(2.2 1 0.9375)
(2.6 1 0.9375)
(3 1 0.9375)
(3.4 1 0.9375)
(3.8 1 0.9375)
(4.2 1 0.9375)
(4.6 1 0.9375)
(5 1 0.9375)
(5.4 1 0.9375)
(5.8 1 0.9375)
(6.2 1 0.9375)
(6.6 1 0.9375)
(7 1 0.9375)
(7.4 1 0.9375)
(7.8 1 0.9375)
(8.2 1 0.9375)
(8.6 1 0.9375)
(9 1 0.9375)
(9.4 1 0.9375)
(9.8 1 0.9375)
(10.2 1 0.9375)
(10.6 1 0.9375)
(11 1 0.9375)
(11.4 1 0.9375)
(11.8 1 0.9375)
(12.2 1 0.9375)
(12.6 1 0.9375)
(13 1 0.9375)
(13.4 1 0.9375)
(13.8 1 0.9375)
(14.2 1 0.9375)
(14.6 1 0.9375)
(15 1 0.9375)
(15.4 1 0.9375)
(15.8 1 0.9375)
(16.2 1 0.9375)
(16.6 1 0.9375)
(17 1 0.9375)
(17.4 1 0.9375)
(17.8 1 0.9375)
(18.2 1 0.9375)
(18.6 1 0.9375)
(19 1 0.9375)
(19.4 1 0.9375)
(19.8 1 0.9375)
(20.2 1 0.9375)
(20.6 1 0.9375)
(21 1 0.9375)
(21.4 1 0.9375)
(21.8 1 0.9375)
(22.2 1 0.9375)
(22.6 1 0.9375)
(23 1 0.9375)
(23.4 1 0.9375)
(23.8 1 0.9375)
(24.2 1 0.9375)
(24.6 1 0.9375)
(25 1 0.9375)
(25.4 1 0.9375)
(25.8 1 0.9375)
(26.2 1 0.9375)
(26.6 1 0.9375)
(27 1 0.9375)
(27.4 1 0.9375)
(27.8 1 0.9375)
(0.2 1.4 0.9375)
(0.6 1.4 0.9375)
(1 1.4 0.9375)
(1.4 1.4 0.9375)
(1.8 1.4 0.9375)
(2.2 1.4 0.9375)
(2.6 1.4 0.9375)
(3 1.4 0.9375)
(3.4 1.4 0.9375)
(3.8 1.4 0.9375)
(4.2 1.4 0.9375)
(4.6 1.4 0.9375)
(5 1.4 0.9375)
(5.4 1.4 0.9375)
(5.8 1.4 0.9375)
(6.2 1.4 0.9375)
(6.6 1.4 0.9375)
(7 1.4 0.9375)
(7.4 1.4 0.9375)
(7.8 1.4 0.9375)
(8.2 1.4 0.9375)
(8.6 1.4 0.9375)
(9 1.4 0.9375)
(9.4 1.4 0.9375)
(9.8 1.4 0.9375)
(10.2 1.4 0.9375)
(10.6 1.4 0.9375)
(11 1.4 0.9375)
(11.4 1.4 0.9375)
(11.8 1.4 0.9375)
(12.2 1.4 0.9375)
(12.6 1.4 0.9375)
(13 1.4 0.9375)
(13.4 1.4 0.9375)
(13.8 1.4 0.9375)
(14.2 1.4 0.9375)
(14.6 1.4 0.9375)
(15 1.4 0.9375)
(15.4 1.4 0.9375)
(15.8 1.4 0.9375)
(16.2 1.4 0.9375)
(16.6 1.4 0.9375)
(17 1.4 0.9375)
(17.4 1.4 0.9375)
(17.8 1.4 0.9375)
(18.2 1.4 0.9375)
(18.6 1.4 0.9375)
(19 1.4 0.9375)
(19.4 1.4 0.9375)
(19.8 1.4 0.9375)
(20.2 1.4 0.9375)
(20.6 1.4 0.9375)
(21 1.4 0.9375)
(21.4 1.4 0.9375)
(21.8 1.4 0.9375)
(22.2 1.4 0.9375)
(22.6 1.4 0.9375)
(23 1.4 0.9375)
(23.4 1.4 0.9375)
(23.8 1.4 0.9375)
(24.2 1.4 0.9375)
(24.6 1.4 0.9375)
(25 1.4 0.9375)
(25.4 1.4 0.9375)
(25.8 1.4 0.9375)
(26.2 1.4 0.9375)
(26.6 1.4 0.9375)
(27 1.4 0.9375)
(27.4 1.4 0.9375)
(27.8 1.4 0.9375)
(0.2 1.8 0.9375)
(0.6 1.8 0.9375)
(1 1.8 0.9375)
(1.4 1.8 0.9375)
(1.8 1.8 0.9375)
(2.2 1.8 0.9375)
(2.6 1.8 0.9375)
(3 1.8 0.9375)
(3.4 1.8 0.9375)
(3.8 1.8 0.9375)
(4.2 1.8 0.9375)
(4.6 1.8 0.9375)
(5 1.8 0.9375)
(5.4 1.8 0.9375)
(5.8 1.8 0.9375)
(6.2 1.8 0.9375)
(6.6 1.8 0.9375)
(7 1.8 0.9375)
(7.4 1.8 0.9375)
(7.8 1.8 0.9375)
(8.2 1.8 0.9375)
(8.6 1.8 0.9375)
(9 1.8 0.9375)
(9.4 1.8 0.9375)
(9.8 1.8 0.9375)
(10.2 1.8 0.9375)
(10.6 1.8 0.9375)
(11 1.8 0.9375)
(11.4 1.8 0.9375)
(11.8 1.8 0.9375)
(12.2 1.8 0.9375)
(12.6 1.8 0.9375)
(13 1.8 0.9375)
(13.4 1.8 0.9375)
(13.8 1.8 0.9375)
(14.2 1.8 0.9375)
(14.6 1.8 0.9375)
(15 1.8 0.9375)
(15.4 1.8 0.9375)
(15.8 1.8 0.9375)
(16.2 1.8 0.9375)
(16.6 1.8 0.9375)
(17 1.8 0.9375)
(17.4 1.8 0.9375)
(17.8 1.8 0.9375)
(18.2 1.8 0.9375)
(18.6 1.8 0.9375)
(19 1.8 0.9375)
(19.4 1.8 0.9375)
(19.8 1.8 0.9375)
(20.2 1.8 0.9375)
(20.6 1.8 0.9375)
(21 1.8 0.9375)
(21.4 1.8 0.9375)
(21.8 1.8 0.9375)
(22.2 1.8 0.9375)
(22.6 1.8 0.9375)
(23 1.8 0.9375)
(23.4 1.8 0.9375)
(23.8 1.8 0.9375)
(24.2 1.8 0.9375)
(24.6 1.8 0.9375)
(25 1.8 0.9375)
(25.4 1.8 0.9375)
(25.8 1.8 0.9375)
(26.2 1.8 0.9375)
(26.6 1.8 0.9375)
(27 1.8 0.9375)
(27.4 1.8 0.9375)
(27.8 1.8 0.9375)
(0.2 2.2 0.9375)
(0.6 2.2 0.9375)
(1 2.2 0.9375)
(1.4 2.2 0.9375)
(1.8 2.2 0.9375)
(2.2 2.2 0.9375)
(2.6 2.2 0.9375)
(3 2.2 0.9375)
(3.4 2.2 0.9375)
(3.8 2.2 0.9375)
(4.2 2.2 0.9375)
(4.6 2.2 0.9375)
(5 2.2 0.9375)
(5.4 2.2 0.9375)
(5.8 2.2 0.9375)
(6.2 2.2 0.9375)
(6.6 2.2 0.9375)
(7 2.2 0.9375)
(7.4 2.2 0.9375)
(7.8 2.2 0.9375)
(8.2 2.2 0.9375)
(8.6 2.2 0.9375)
(9 2.2 0.9375)
(9.4 2.2 0.9375)
(9.8 2.2 0.9375)
(10.2 2.2 0.9375)
(10.6 2.2 0.9375)
(11 2.2 0.9375)
(11.4 2.2 0.9375)
(11.8 2.2 0.9375)
(12.2 2.2 0.9375)
(12.6 2.2 0.9375)
(13 2.2 0.9375)
(13.4 2.2 0.9375)
(13.8 2.2 0.9375)
(14.2 2.2 0.9375)
(14.6 2.2 0.9375)
(15 2.2 0.9375)
(15.4 2.2 0.9375)
(15.8 2.2 0.9375)
(16.2 2.2 0.9375)
(16.6 2.2 0.9375)
(17 2.2 0.9375)
(17.4 2.2 0.9375)
(17.8 2.2 0.9375)
(18.2 2.2 0.9375)
(18.6 2.2 0.9375)
(19 2.2 0.9375)
(19.4 2.2 0.9375)
(19.8 2.2 0.9375)
(20.2 2.2 0.9375)
(20.6 2.2 0.9375)
(21 2.2 0.9375)
(21.4 2.2 0.9375)
(21.8 2.2 0.9375)
(22.2 2.2 0.9375)
(22.6 2.2 0.9375)
(23 2.2 0.9375)
(23.4 2.2 0.9375)
(23.8 2.2 0.9375)
(24.2 2.2 0.9375)
(24.6 2.2 0.9375)
(25 2.2 0.9375)
(25.4 2.2 0.9375)
(25.8 2.2 0.9375)
(26.2 2.2 0.9375)
(26.6 2.2 0.9375)
(27 2.2 0.9375)
(27.4 2.2 0.9375)
(27.8 2.2 0.9375)
(0.2 2.6 0.9375)
(0.6 2.6 0.9375)
(1 2.6 0.9375)
(1.4 2.6 0.9375)
(1.8 2.6 0.9375)
(2.2 2.6 0.9375)
(2.6 2.6 0.9375)
(3 2.6 0.9375)
(3.4 2.6 0.9375)
(3.8 2.6 0.9375)
(4.2 2.6 0.9375)
(4.6 2.6 0.9375)
(5 2.6 0.9375)
(5.4 2.6 0.9375)
(5.8 2.6 0.9375)
(6.2 2.6 0.9375)
(6.6 2.6 0.9375)
(7 2.6 0.9375)
(7.4 2.6 0.9375)
(7.8 2.6 0.9375)
(8.2 2.6 0.9375)
(8.6 2.6 0.9375)
(9 2.6 0.9375)
(9.4 2.6 0.9375)
(9.8 2.6 0.9375)
(10.2 2.6 0.9375)
(10.6 2.6 0.9375)
(11 2.6 0.9375)
(11.4 2.6 0.9375)
(11.8 2.6 0.9375)
(12.2 2.6 0.9375)
(12.6 2.6 0.9375)
(13 2.6 0.9375)
(13.4 2.6 0.9375)
(13.8 2.6 0.9375)
(14.2 2.6 0.9375)
(14.6 2.6 0.9375)
(15 2.6 0.9375)
(15.4 2.6 0.9375)
(15.8 2.6 0.9375)
(16.2 2.6 0.9375)
(16.6 2.6 0.9375)
(17 2.6 0.9375)
(17.4 2.6 0.9375)
(17.8 2.6 0.9375)
(18.2 2.6 0.9375)
(18.6 2.6 0.9375)
(19 2.6 0.9375)
(19.4 2.6 0.9375)
(19.8 2.6 0.9375)
(20.2 2.6 0.9375)
(20.6 2.6 0.9375)
(21 2.6 0.9375)
(21.4 2.6 0.9375)
(21.8 2.6 0.9375)
(22.2 2.6 0.9375)
(22.6 2.6 0.9375)
(23 2.6 0.9375)
(23.4 2.6 0.9375)
(23.8 2.6 0.9375)
(24.2 2.6 0.9375)
(24.6 2.6 0.9375)
(25 2.6 0.9375)
(25.4 2.6 0.9375)
(25.8 2.6 0.9375)
(26.2 2.6 0.9375)
(26.6 2.6 0.9375)
(27 2.6 0.9375)
(27.4 2.6 0.9375)
(27.8 2.6 0.9375)
(0.2 3 0.9375)
(0.6 3 0.9375)
(1 3 0.9375)
(1.4 3 0.9375)
(1.8 3 0.9375)
(2.2 3 0.9375)
(2.6 3 0.9375)
(3 3 0.9375)
(3.4 3 0.9375)
(3.8 3 0.9375)
(4.2 3 0.9375)
(4.6 3 0.9375)
(5 3 0.9375)
(5.4 3 0.9375)
(5.8 3 0.9375)
(6.2 3 0.9375)
(6.6 3 0.9375)
(7 3 0.9375)
(7.4 3 0.9375)
(7.8 3 0.9375)
(8.2 3 0.9375)
(8.6 3 0.9375)
(9 3 0.9375)
(9.4 3 0.9375)
(9.8 3 0.9375)
(10.2 3 0.9375)
(10.6 3 0.9375)
(11 3 0.9375)
(11.4 3 0.9375)
(11.8 3 0.9375)
(12.2 3 0.9375)
(12.6 3 0.9375)
(13 3 0.9375)
(13.4 3 0.9375)
(13.8 3 0.9375)
(14.2 3 0.9375)
(14.6 3 0.9375)
(15 3 0.9375)
(15.4 3 0.9375)
(15.8 3 0.9375)
(16.2 3 0.9375)
(16.6 3 0.9375)
(17 3 0.9375)
(17.4 3 0.9375)
(17.8 3 0.9375)
(18.2 3 0.9375)
(18.6 3 0.9375)
(19 3 0.9375)
(19.4 3 0.9375)
(19.8 3 0.9375)
(20.2 3 0.9375)
(20.6 3 0.9375)
(21 3 0.9375)
(21.4 3 0.9375)
(21.8 3 0.9375)
(22.2 3 0.9375)
(22.6 3 0.9375)
(23 3 0.9375)
(23.4 3 0.9375)
(23.8 3 0.9375)
(24.2 3 0.9375)
(24.6 3 0.9375)
(25 3 0.9375)
(25.4 3 0.9375)
(25.8 3 0.9375)
(26.2 3 0.9375)
(26.6 3 0.9375)
(27 3 0.9375)
(27.4 3 0.9375)
(27.8 3 0.9375)
(0.2 3.4 0.9375)
(0.6 3.4 0.9375)
(1 3.4 0.9375)
(1.4 3.4 0.9375)
(1.8 3.4 0.9375)
(2.2 3.4 0.9375)
(2.6 3.4 0.9375)
(3 3.4 0.9375)
(3.4 3.4 0.9375)
(3.8 3.4 0.9375)
(4.2 3.4 0.9375)
(4.6 3.4 0.9375)
(5 3.4 0.9375)
(5.4 3.4 0.9375)
(5.8 3.4 0.9375)
(6.2 3.4 0.9375)
(6.6 3.4 0.9375)
(7 3.4 0.9375)
(7.4 3.4 0.9375)
(7.8 3.4 0.9375)
(8.2 3.4 0.9375)
(8.6 3.4 0.9375)
(9 3.4 0.9375)
(9.4 3.4 0.9375)
(9.8 3.4 0.9375)
(10.2 3.4 0.9375)
(10.6 3.4 0.9375)
(11 3.4 0.9375)
(11.4 3.4 0.9375)
(11.8 3.4 0.9375)
(12.2 3.4 0.9375)
(12.6 3.4 0.9375)
(13 3.4 0.9375)
(13.4 3.4 0.9375)
(13.8 3.4 0.9375)
(14.2 3.4 0.9375)
(14.6 3.4 0.9375)
(15 3.4 0.9375)
(15.4 3.4 0.9375)
(15.8 3.4 0.9375)
(16.2 3.4 0.9375)
(16.6 3.4 0.9375)
(17 3.4 0.9375)
(17.4 3.4 0.9375)
(17.8 3.4 0.9375)
(18.2 3.4 0.9375)
(18.6 3.4 0.9375)
(19 3.4 0.9375)
(19.4 3.4 0.9375)
(19.8 3.4 0.9375)
(20.2 3.4 0.9375)
(20.6 3.4 0.9375)
(21 3.4 0.9375)
(21.4 3.4 0.9375)
(21.8 3.4 0.9375)
(22.2 3.4 0.9375)
(22.6 3.4 0.9375)
(23 3.4 0.9375)
(23.4 3.4 0.9375)
(23.8 3.4 0.9375)
(24.2 3.4 0.9375)
(24.6 3.4 0.9375)
(25 3.4 0.9375)
(25.4 3.4 0.9375)
(25.8 3.4 0.9375)
(26.2 3.4 0.9375)
(26.6 3.4 0.9375)
(27 3.4 0.9375)
(27.4 3.4 0.9375)
(27.8 3.4 0.9375)
(0.2 3.8 0.9375)
(0.6 3.8 0.9375)
(1 3.8 0.9375)
(1.4 3.8 0.9375)
(1.8 3.8 0.9375)
(2.2 3.8 0.9375)
(2.6 3.8 0.9375)
(3 3.8 0.9375)
(3.4 3.8 0.9375)
(3.8 3.8 0.9375)
(4.2 3.8 0.9375)
(4.6 3.8 0.9375)
(5 3.8 0.9375)
(5.4 3.8 0.9375)
(5.8 3.8 0.9375)
(6.2 3.8 0.9375)
(6.6 3.8 0.9375)
(7 3.8 0.9375)
(7.4 3.8 0.9375)
(7.8 3.8 0.9375)
(8.2 3.8 0.9375)
(8.6 3.8 0.9375)
(9 3.8 0.9375)
(9.4 3.8 0.9375)
(9.8 3.8 0.9375)
(10.2 3.8 0.9375)
(10.6 3.8 0.9375)
(11 3.8 0.9375)
(11.4 3.8 0.9375)
(11.8 3.8 0.9375)
(12.2 3.8 0.9375)
(12.6 3.8 0.9375)
(13 3.8 0.9375)
(13.4 3.8 0.9375)
(13.8 3.8 0.9375)
(14.2 3.8 0.9375)
(14.6 3.8 0.9375)
(15 3.8 0.9375)
(15.4 3.8 0.9375)
(15.8 3.8 0.9375)
(16.2 3.8 0.9375)
(16.6 3.8 0.9375)
(17 3.8 0.9375)
(17.4 3.8 0.9375)
(17.8 3.8 0.9375)
(18.2 3.8 0.9375)
(18.6 3.8 0.9375)
(19 3.8 0.9375)
(19.4 3.8 0.9375)
(19.8 3.8 0.9375)
(20.2 3.8 0.9375)
(20.6 3.8 0.9375)
(21 3.8 0.9375)
(21.4 3.8 0.9375)
(21.8 3.8 0.9375)
(22.2 3.8 0.9375)
(22.6 3.8 0.9375)
(23 3.8 0.9375)
(23.4 3.8 0.9375)
(23.8 3.8 0.9375)
(24.2 3.8 0.9375)
(24.6 3.8 0.9375)
(25 3.8 0.9375)
(25.4 3.8 0.9375)
(25.8 3.8 0.9375)
(26.2 3.8 0.9375)
(26.6 3.8 0.9375)
(27 3.8 0.9375)
(27.4 3.8 0.9375)
(27.8 3.8 0.9375)
(0.2 0.2 1.3125)
(0.6 0.2 1.3125)
(1 0.2 1.3125)
(1.4 0.2 1.3125)
(1.8 0.2 1.3125)
(2.2 0.2 1.3125)
(2.6 0.2 1.3125)
(3 0.2 1.3125)
(3.4 0.2 1.3125)
(3.8 0.2 1.3125)
(4.2 0.2 1.3125)
(4.6 0.2 1.3125)
(5 0.2 1.3125)
(5.4 0.2 1.3125)
(5.8 0.2 1.3125)
(6.2 0.2 1.3125)
(6.6 0.2 1.3125)
(7 0.2 1.3125)
(7.4 0.2 1.3125)
(7.8 0.2 1.3125)
(8.2 0.2 1.3125)
(8.6 0.2 1.3125)
(9 0.2 1.3125)
(9.4 0.2 1.3125)
(9.8 0.2 1.3125)
(10.2 0.2 1.3125)
(10.6 0.2 1.3125)
(11 0.2 1.3125)
(11.4 0.2 1.3125)
(11.8 0.2 1.3125)
(12.2 0.2 1.3125)
(12.6 0.2 1.3125)
(13 0.2 1.3125)
(13.4 0.2 1.3125)
(13.8 0.2 1.3125)
(14.2 0.2 1.3125)
(14.6 0.2 1.3125)
(15 0.2 1.3125)
(15.4 0.2 1.3125)
(15.8 0.2 1.3125)
(16.2 0.2 1.3125)
(16.6 0.2 1.3125)
(17 0.2 1.3125)
(17.4 0.2 1.3125)
(17.8 0.2 1.3125)
(18.2 0.2 1.3125)
(18.6 0.2 1.3125)
(19 0.2 1.3125)
(19.4 0.2 1.3125)
(19.8 0.2 1.3125)
(20.2 0.2 1.3125)
(20.6 0.2 1.3125)
(21 0.2 1.3125)
(21.4 0.2 1.3125)
(21.8 0.2 1.3125)
(22.2 0.2 1.3125)
(22.6 0.2 1.3125)
(23 0.2 1.3125)
(23.4 0.2 1.3125)
(23.8 0.2 1.3125)
(24.2 0.2 1.3125)
(24.6 0.2 1.3125)
(25 0.2 1.3125)
(25.4 0.2 1.3125)
(25.8 0.2 1.3125)
(26.2 0.2 1.3125)
(26.6 0.2 1.3125)
(27 0.2 1.3125)
(27.4 0.2 1.3125)
(27.8 0.2 1.3125)
(0.2 0.6 1.3125)
(0.6 0.6 1.3125)
(1 0.6 1.3125)
(1.4 0.6 1.3125)
(1.8 0.6 1.3125)
(2.2 0.6 1.3125)
(2.6 0.6 1.3125)
(3 0.6 1.3125)
(3.4 0.6 1.3125)
(3.8 0.6 1.3125)
(4.2 0.6 1.3125)
(4.6 0.6 1.3125)
(5 0.6 1.3125)
(5.4 0.6 1.3125)
(5.8 0.6 1.3125)
(6.2 0.6 1.3125)
(6.6 0.6 1.3125)
(7 0.6 1.3125)
(7.4 0.6 1.3125)
(7.8 0.6 1.3125)
(8.2 0.6 1.3125)
(8.6 0.6 1.3125)
(9 0.6 1.3125)
(9.4 0.6 1.3125)
(9.8 0.6 1.3125)
(10.2 0.6 1.3125)
(10.6 0.6 1.3125)
(11 0.6 1.3125)
(11.4 0.6 1.3125)
(11.8 0.6 1.3125)
(12.2 0.6 1.3125)
(12.6 0.6 1.3125)
(13 0.6 1.3125)
(13.4 0.6 1.3125)
(13.8 0.6 1.3125)
(14.2 0.6 1.3125)
(14.6 0.6 1.3125)
(15 0.6 1.3125)
(15.4 0.6 1.3125)
(15.8 0.6 1.3125)
(16.2 0.6 1.3125)
(16.6 0.6 1.3125)
(17 0.6 1.3125)
(17.4 0.6 1.3125)
(17.8 0.6 1.3125)
(18.2 0.6 1.3125)
(18.6 0.6 1.3125)
(19 0.6 1.3125)
(19.4 0.6 1.3125)
(19.8 0.6 1.3125)
(20.2 0.6 1.3125)
(20.6 0.6 1.3125)
(21 0.6 1.3125)
(21.4 0.6 1.3125)
(21.8 0.6 1.3125)
(22.2 0.6 1.3125)
(22.6 0.6 1.3125)
(23 0.6 1.3125)
(23.4 0.6 1.3125)
(23.8 0.6 1.3125)
(24.2 0.6 1.3125)
(24.6 0.6 1.3125)
(25 0.6 1.3125)
(25.4 0.6 1.3125)
(25.8 0.6 1.3125)
(26.2 0.6 1.3125)
(26.6 0.6 1.3125)
(27 0.6 1.3125)
(27.4 0.6 1.3125)
(27.8 0.6 1.3125)
(0.2 1 1.3125)
(0.6 1 1.3125)
(1 1 1.3125)
(1.4 1 1.3125)
(1.8 1 1.3125)
(2.2 1 1.3125)
(2.6 1 1.3125)
(3 1 1.3125)
(3.4 1 1.3125)
(3.8 1 1.3125)
(4.2 1 1.3125)
(4.6 1 1.3125)
(5 1 1.3125)
(5.4 1 1.3125)
(5.8 1 1.3125)
(6.2 1 1.3125)
(6.6 1 1.3125)
(7 1 1.3125)
(7.4 1 1.3125)
(7.8 1 1.3125)
(8.2 1 1.3125)
(8.6 1 1.3125)
(9 1 1.3125)
(9.4 1 1.3125)
(9.8 1 1.3125)
(10.2 1 1.3125)
(10.6 1 1.3125)
(11 1 1.3125)
(11.4 1 1.3125)
(11.8 1 1.3125)
(12.2 1 1.3125)
(12.6 1 1.3125)
(13 1 1.3125)
(13.4 1 1.3125)
(13.8 1 1.3125)
(14.2 1 1.3125)
(14.6 1 1.3125)
(15 1 1.3125)
(15.4 1 1.3125)
(15.8 1 1.3125)
(16.2 1 1.3125)
(16.6 1 1.3125)
(17 1 1.3125)
(17.4 1 1.3125)
(17.8 1 1.3125)
(18.2 1 1.3125)
(18.6 1 1.3125)
(19 1 1.3125)
(19.4 1 1.3125)
(19.8 1 1.3125)
(20.2 1 1.3125)
(20.6 1 1.3125)
(21 1 1.3125)
(21.4 1 1.3125)
(21.8 1 1.3125)
(22.2 1 1.3125)
(22.6 1 1.3125)
(23 1 1.3125)
(23.4 1 1.3125)
(23.8 1 1.3125)
(24.2 1 1.3125)
(24.6 1 1.3125)
(25 1 1.3125)
(25.4 1 1.3125)
(25.8 1 1.3125)
(26.2 1 1.3125)
(26.6 1 1.3125)
(27 1 1.3125)
(27.4 1 1.3125)
(27.8 1 1.3125)
(0.2 1.4 1.3125)
(0.6 1.4 1.3125)
(1 1.4 1.3125)
(1.4 1.4 1.3125)
(1.8 1.4 1.3125)
(2.2 1.4 1.3125)
(2.6 1.4 1.3125)
(3 1.4 1.3125)
(3.4 1.4 1.3125)
(3.8 1.4 1.3125)
(4.2 1.4 1.3125)
(4.6 1.4 1.3125)
(5 1.4 1.3125)
(5.4 1.4 1.3125)
(5.8 1.4 1.3125)
(6.2 1.4 1.3125)
(6.6 1.4 1.3125)
(7 1.4 1.3125)
(7.4 1.4 1.3125)
(7.8 1.4 1.3125)
(8.2 1.4 1.3125)
(8.6 1.4 1.3125)
(9 1.4 1.3125)
(9.4 1.4 1.3125)
(9.8 1.4 1.3125)
(10.2 1.4 1.3125)
(10.6 1.4 1.3125)
(11 1.4 1.3125)
(11.4 1.4 1.3125)
(11.8 1.4 1.3125)
(12.2 1.4 1.3125)
(12.6 1.4 1.3125)
(13 1.4 1.3125)
(13.4 1.4 1.3125)
(13.8 1.4 1.3125)
(14.2 1.4 1.3125)
(14.6 1.4 1.3125)
(15 1.4 1.3125)
(15.4 1.4 1.3125)
(15.8 1.4 1.3125)
(16.2 1.4 1.3125)
(16.6 1.4 1.3125)
(17 1.4 1.3125)
(17.4 1.4 1.3125)
(17.8 1.4 1.3125)
(18.2 1.4 1.3125)
(18.6 1.4 1.3125)
(19 1.4 1.3125)
(19.4 1.4 1.3125)
(19.8 1.4 1.3125)
(20.2 1.4 1.3125)
(20.6 1.4 1.3125)
(21 1.4 1.3125)
(21.4 1.4 1.3125)
(21.8 1.4 1.3125)
(22.2 1.4 1.3125)
(22.6 1.4 1.3125)
(23 1.4 1.3125)
(23.4 1.4 1.3125)
(23.8 1.4 1.3125)
(24.2 1.4 1.3125)
(24.6 1.4 1.3125)
(25 1.4 1.3125)
(25.4 1.4 1.3125)
(25.8 1.4 1.3125)
(26.2 1.4 1.3125)
(26.6 1.4 1.3125)
(27 1.4 1.3125)
(27.4 1.4 1.3125)
(27.8 1.4 1.3125)
(0.2 1.8 1.3125)
(0.6 1.8 1.3125)
(1 1.8 1.3125)
(1.4 1.8 1.3125)
(1.8 1.8 1.3125)
(2.2 1.8 1.3125)
(2.6 1.8 1.3125)
(3 1.8 1.3125)
(3.4 1.8 1.3125)
(3.8 1.8 1.3125)
(4.2 1.8 1.3125)
(4.6 1.8 1.3125)
(5 1.8 1.3125)
(5.4 1.8 1.3125)
(5.8 1.8 1.3125)
(6.2 1.8 1.3125)
(6.6 1.8 1.3125)
(7 1.8 1.3125)
(7.4 1.8 1.3125)
(7.8 1.8 1.3125)
(8.2 1.8 1.3125)
(8.6 1.8 1.3125)
(9 1.8 1.3125)
(9.4 1.8 1.3125)
(9.8 1.8 1.3125)
(10.2 1.8 1.3125)
(10.6 1.8 1.3125)
(11 1.8 1.3125)
(11.4 1.8 1.3125)
(11.8 1.8 1.3125)
(12.2 1.8 1.3125)
(12.6 1.8 1.3125)
(13 1.8 1.3125)
(13.4 1.8 1.3125)
(13.8 1.8 1.3125)
(14.2 1.8 1.3125)
(14.6 1.8 1.3125)
(15 1.8 1.3125)
(15.4 1.8 1.3125)
(15.8 1.8 1.3125)
(16.2 1.8 1.3125)
(16.6 1.8 1.3125)
(17 1.8 1.3125)
(17.4 1.8 1.3125)
(17.8 1.8 1.3125)
(18.2 1.8 1.3125)
(18.6 1.8 1.3125)
(19 1.8 1.3125)
(19.4 1.8 1.3125)
(19.8 1.8 1.3125)
(20.2 1.8 1.3125)
(20.6 1.8 1.3125)
(21 1.8 1.3125)
(21.4 1.8 1.3125)
(21.8 1.8 1.3125)
(22.2 1.8 1.3125)
(22.6 1.8 1.3125)
(23 1.8 1.3125)
(23.4 1.8 1.3125)
(23.8 1.8 1.3125)
(24.2 1.8 1.3125)
(24.6 1.8 1.3125)
(25 1.8 1.3125)
(25.4 1.8 1.3125)
(25.8 1.8 1.3125)
(26.2 1.8 1.3125)
(26.6 1.8 1.3125)
(27 1.8 1.3125)
(27.4 1.8 1.3125)
(27.8 1.8 1.3125)
(0.2 2.2 1.3125)
(0.6 2.2 1.3125)
(1 2.2 1.3125)
(1.4 2.2 1.3125)
(1.8 2.2 1.3125)
(2.2 2.2 1.3125)
(2.6 2.2 1.3125)
(3 2.2 1.3125)
(3.4 2.2 1.3125)
(3.8 2.2 1.3125)
(4.2 2.2 1.3125)
(4.6 2.2 1.3125)
(5 2.2 1.3125)
(5.4 2.2 1.3125)
(5.8 2.2 1.3125)
(6.2 2.2 1.3125)
(6.6 2.2 1.3125)
(7 2.2 1.3125)
(7.4 2.2 1.3125)
(7.8 2.2 1.3125)
(8.2 2.2 1.3125)
(8.6 2.2 1.3125)
(9 2.2 1.3125)
(9.4 2.2 1.3125)
(9.8 2.2 1.3125)
(10.2 2.2 1.3125)
(10.6 2.2 1.3125)
(11 2.2 1.3125)
(11.4 2.2 1.3125)
(11.8 2.2 1.3125)
(12.2 2.2 1.3125)
(12.6 2.2 1.3125)
(13 2.2 1.3125)
(13.4 2.2 1.3125)
(13.8 2.2 1.3125)
(14.2 2.2 1.3125)
(14.6 2.2 1.3125)
(15 2.2 1.3125)
(15.4 2.2 1.3125)
(15.8 2.2 1.3125)
(16.2 2.2 1.3125)
(16.6 2.2 1.3125)
(17 2.2 1.3125)
(17.4 2.2 1.3125)
(17.8 2.2 1.3125)
(18.2 2.2 1.3125)
(18.6 2.2 1.3125)
(19 2.2 1.3125)
(19.4 2.2 1.3125)
(19.8 2.2 1.3125)
(20.2 2.2 1.3125)
(20.6 2.2 1.3125)
(21 2.2 1.3125)
(21.4 2.2 1.3125)
(21.8 2.2 1.3125)
(22.2 2.2 1.3125)
(22.6 2.2 1.3125)
(23 2.2 1.3125)
(23.4 2.2 1.3125)
(23.8 2.2 1.3125)
(24.2 2.2 1.3125)
(24.6 2.2 1.3125)
(25 2.2 1.3125)
(25.4 2.2 1.3125)
(25.8 2.2 1.3125)
(26.2 2.2 1.3125)
(26.6 2.2 1.3125)
(27 2.2 1.3125)
(27.4 2.2 1.3125)
(27.8 2.2 1.3125)
(0.2 2.6 1.3125)
(0.6 2.6 1.3125)
(1 2.6 1.3125)
(1.4 2.6 1.3125)
(1.8 2.6 1.3125)
(2.2 2.6 1.3125)
(2.6 2.6 1.3125)
(3 2.6 1.3125)
(3.4 2.6 1.3125)
(3.8 2.6 1.3125)
(4.2 2.6 1.3125)
(4.6 2.6 1.3125)
(5 2.6 1.3125)
(5.4 2.6 1.3125)
(5.8 2.6 1.3125)
(6.2 2.6 1.3125)
(6.6 2.6 1.3125)
(7 2.6 1.3125)
(7.4 2.6 1.3125)
(7.8 2.6 1.3125)
(8.2 2.6 1.3125)
(8.6 2.6 1.3125)
(9 2.6 1.3125)
(9.4 2.6 1.3125)
(9.8 2.6 1.3125)
(10.2 2.6 1.3125)
(10.6 2.6 1.3125)
(11 2.6 1.3125)
(11.4 2.6 1.3125)
(11.8 2.6 1.3125)
(12.2 2.6 1.3125)
(12.6 2.6 1.3125)
(13 2.6 1.3125)
(13.4 2.6 1.3125)
(13.8 2.6 1.3125)
(14.2 2.6 1.3125)
(14.6 2.6 1.3125)
(15 2.6 1.3125)
(15.4 2.6 1.3125)
(15.8 2.6 1.3125)
(16.2 2.6 1.3125)
(16.6 2.6 1.3125)
(17 2.6 1.3125)
(17.4 2.6 1.3125)
(17.8 2.6 1.3125)
(18.2 2.6 1.3125)
(18.6 2.6 1.3125)
(19 2.6 1.3125)
(19.4 2.6 1.3125)
(19.8 2.6 1.3125)
(20.2 2.6 1.3125)
(20.6 2.6 1.3125)
(21 2.6 1.3125)
(21.4 2.6 1.3125)
(21.8 2.6 1.3125)
(22.2 2.6 1.3125)
(22.6 2.6 1.3125)
(23 2.6 1.3125)
(23.4 2.6 1.3125)
(23.8 2.6 1.3125)
(24.2 2.6 1.3125)
(24.6 2.6 1.3125)
(25 2.6 1.3125)
(25.4 2.6 1.3125)
(25.8 2.6 1.3125)
(26.2 2.6 1.3125)
(26.6 2.6 1.3125)
(27 2.6 1.3125)
(27.4 2.6 1.3125)
(27.8 2.6 1.3125)
(0.2 3 1.3125)
(0.6 3 1.3125)
(1 3 1.3125)
(1.4 3 1.3125)
(1.8 3 1.3125)
(2.2 3 1.3125)
(2.6 3 1.3125)
(3 3 1.3125)
(3.4 3 1.3125)
(3.8 3 1.3125)
(4.2 3 1.3125)
(4.6 3 1.3125)
(5 3 1.3125)
(5.4 3 1.3125)
(5.8 3 1.3125)
(6.2 3 1.3125)
(6.6 3 1.3125)
(7 3 1.3125)
(7.4 3 1.3125)
(7.8 3 1.3125)
(8.2 3 1.3125)
(8.6 3 1.3125)
(9 3 1.3125)
(9.4 3 1.3125)
(9.8 3 1.3125)
(10.2 3 1.3125)
(10.6 3 1.3125)
(11 3 1.3125)
(11.4 3 1.3125)
(11.8 3 1.3125)
(12.2 3 1.3125)
(12.6 3 1.3125)
(13 3 1.3125)
(13.4 3 1.3125)
(13.8 3 1.3125)
(14.2 3 1.3125)
(14.6 3 1.3125)
(15 3 1.3125)
(15.4 3 1.3125)
(15.8 3 1.3125)
(16.2 3 1.3125)
(16.6 3 1.3125)
(17 3 1.3125)
(17.4 3 1.3125)
(17.8 3 1.3125)
(18.2 3 1.3125)
(18.6 3 1.3125)
(19 3 1.3125)
(19.4 3 1.3125)
(19.8 3 1.3125)
(20.2 3 1.3125)
(20.6 3 1.3125)
(21 3 1.3125)
(21.4 3 1.3125)
(21.8 3 1.3125)
(22.2 3 1.3125)
(22.6 3 1.3125)
(23 3 1.3125)
(23.4 3 1.3125)
(23.8 3 1.3125)
(24.2 3 1.3125)
(24.6 3 1.3125)
(25 3 1.3125)
(25.4 3 1.3125)
(25.8 3 1.3125)
(26.2 3 1.3125)
(26.6 3 1.3125)
(27 3 1.3125)
(27.4 3 1.3125)
(27.8 3 1.3125)
(0.2 3.4 1.3125)
(0.6 3.4 1.3125)
(1 3.4 1.3125)
(1.4 3.4 1.3125)
(1.8 3.4 1.3125)
(2.2 3.4 1.3125)
(2.6 3.4 1.3125)
(3 3.4 1.3125)
(3.4 3.4 1.3125)
(3.8 3.4 1.3125)
(4.2 3.4 1.3125)
(4.6 3.4 1.3125)
(5 3.4 1.3125)
(5.4 3.4 1.3125)
(5.8 3.4 1.3125)
(6.2 3.4 1.3125)
(6.6 3.4 1.3125)
(7 3.4 1.3125)
(7.4 3.4 1.3125)
(7.8 3.4 1.3125)
(8.2 3.4 1.3125)
(8.6 3.4 1.3125)
(9 3.4 1.3125)
(9.4 3.4 1.3125)
(9.8 3.4 1.3125)
(10.2 3.4 1.3125)
(10.6 3.4 1.3125)
(11 3.4 1.3125)
(11.4 3.4 1.3125)
(11.8 3.4 1.3125)
(12.2 3.4 1.3125)
(12.6 3.4 1.3125)
(13 3.4 1.3125)
(13.4 3.4 1.3125)
(13.8 3.4 1.3125)
(14.2 3.4 1.3125)
(14.6 3.4 1.3125)
(15 3.4 1.3125)
(15.4 3.4 1.3125)
(15.8 3.4 1.3125)
(16.2 3.4 1.3125)
(16.6 3.4 1.3125)
(17 3.4 1.3125)
(17.4 3.4 1.3125)
(17.8 3.4 1.3125)
(18.2 3.4 1.3125)
(18.6 3.4 1.3125)
(19 3.4 1.3125)
(19.4 3.4 1.3125)
(19.8 3.4 1.3125)
(20.2 3.4 1.3125)
(20.6 3.4 1.3125)
(21 3.4 1.3125)
(21.4 3.4 1.3125)
(21.8 3.4 1.3125)
(22.2 3.4 1.3125)
(22.6 3.4 1.3125)
(23 3.4 1.3125)
(23.4 3.4 1.3125)
(23.8 3.4 1.3125)
(24.2 3.4 1.3125)
(24.6 3.4 1.3125)
(25 3.4 1.3125)
(25.4 3.4 1.3125)
(25.8 3.4 1.3125)
(26.2 3.4 1.3125)
(26.6 3.4 1.3125)
(27 3.4 1.3125)
(27.4 3.4 1.3125)
(27.8 3.4 1.3125)
(0.2 3.8 1.3125)
(0.6 3.8 1.3125)
(1 3.8 1.3125)
(1.4 3.8 1.3125)
(1.8 3.8 1.3125)
(2.2 3.8 1.3125)
(2.6 3.8 1.3125)
(3 3.8 1.3125)
(3.4 3.8 1.3125)
(3.8 3.8 1.3125)
(4.2 3.8 1.3125)
(4.6 3.8 1.3125)
(5 3.8 1.3125)
(5.4 3.8 1.3125)
(5.8 3.8 1.3125)
(6.2 3.8 1.3125)
(6.6 3.8 1.3125)
(7 3.8 1.3125)
(7.4 3.8 1.3125)
(7.8 3.8 1.3125)
(8.2 3.8 1.3125)
(8.6 3.8 1.3125)
(9 3.8 1.3125)
(9.4 3.8 1.3125)
(9.8 3.8 1.3125)
(10.2 3.8 1.3125)
(10.6 3.8 1.3125)
(11 3.8 1.3125)
(11.4 3.8 1.3125)
(11.8 3.8 1.3125)
(12.2 3.8 1.3125)
(12.6 3.8 1.3125)
(13 3.8 1.3125)
(13.4 3.8 1.3125)
(13.8 3.8 1.3125)
(14.2 3.8 1.3125)
(14.6 3.8 1.3125)
(15 3.8 1.3125)
(15.4 3.8 1.3125)
(15.8 3.8 1.3125)
(16.2 3.8 1.3125)
(16.6 3.8 1.3125)
(17 3.8 1.3125)
(17.4 3.8 1.3125)
(17.8 3.8 1.3125)
(18.2 3.8 1.3125)
(18.6 3.8 1.3125)
(19 3.8 1.3125)
(19.4 3.8 1.3125)
(19.8 3.8 1.3125)
(20.2 3.8 1.3125)
(20.6 3.8 1.3125)
(21 3.8 1.3125)
(21.4 3.8 1.3125)
(21.8 3.8 1.3125)
(22.2 3.8 1.3125)
(22.6 3.8 1.3125)
(23 3.8 1.3125)
(23.4 3.8 1.3125)
(23.8 3.8 1.3125)
(24.2 3.8 1.3125)
(24.6 3.8 1.3125)
(25 3.8 1.3125)
(25.4 3.8 1.3125)
(25.8 3.8 1.3125)
(26.2 3.8 1.3125)
(26.6 3.8 1.3125)
(27 3.8 1.3125)
(27.4 3.8 1.3125)
(27.8 3.8 1.3125)
(0.2 0.2 1.6875)
(0.6 0.2 1.6875)
(1 0.2 1.6875)
(1.4 0.2 1.6875)
(1.8 0.2 1.6875)
(2.2 0.2 1.6875)
(2.6 0.2 1.6875)
(3 0.2 1.6875)
(3.4 0.2 1.6875)
(3.8 0.2 1.6875)
(4.2 0.2 1.6875)
(4.6 0.2 1.6875)
(5 0.2 1.6875)
(5.4 0.2 1.6875)
(5.8 0.2 1.6875)
(6.2 0.2 1.6875)
(6.6 0.2 1.6875)
(7 0.2 1.6875)
(7.4 0.2 1.6875)
(7.8 0.2 1.6875)
(8.2 0.2 1.6875)
(8.6 0.2 1.6875)
(9 0.2 1.6875)
(9.4 0.2 1.6875)
(9.8 0.2 1.6875)
(10.2 0.2 1.6875)
(10.6 0.2 1.6875)
(11 0.2 1.6875)
(11.4 0.2 1.6875)
(11.8 0.2 1.6875)
(12.2 0.2 1.6875)
(12.6 0.2 1.6875)
(13 0.2 1.6875)
(13.4 0.2 1.6875)
(13.8 0.2 1.6875)
(14.2 0.2 1.6875)
(14.6 0.2 1.6875)
(15 0.2 1.6875)
(15.4 0.2 1.6875)
(15.8 0.2 1.6875)
(16.2 0.2 1.6875)
(16.6 0.2 1.6875)
(17 0.2 1.6875)
(17.4 0.2 1.6875)
(17.8 0.2 1.6875)
(18.2 0.2 1.6875)
(18.6 0.2 1.6875)
(19 0.2 1.6875)
(19.4 0.2 1.6875)
(19.8 0.2 1.6875)
(20.2 0.2 1.6875)
(20.6 0.2 1.6875)
(21 0.2 1.6875)
(21.4 0.2 1.6875)
(21.8 0.2 1.6875)
(22.2 0.2 1.6875)
(22.6 0.2 1.6875)
(23 0.2 1.6875)
(23.4 0.2 1.6875)
(23.8 0.2 1.6875)
(24.2 0.2 1.6875)
(24.6 0.2 1.6875)
(25 0.2 1.6875)
(25.4 0.2 1.6875)
(25.8 0.2 1.6875)
(26.2 0.2 1.6875)
(26.6 0.2 1.6875)
(27 0.2 1.6875)
(27.4 0.2 1.6875)
(27.8 0.2 1.6875)
(0.2 0.6 1.6875)
(0.6 0.6 1.6875)
(1 0.6 1.6875)
(1.4 0.6 1.6875)
(1.8 0.6 1.6875)
(2.2 0.6 1.6875)
(2.6 0.6 1.6875)
(3 0.6 1.6875)
(3.4 0.6 1.6875)
(3.8 0.6 1.6875)
(4.2 0.6 1.6875)
(4.6 0.6 1.6875)
(5 0.6 1.6875)
(5.4 0.6 1.6875)
(5.8 0.6 1.6875)
(6.2 0.6 1.6875)
(6.6 0.6 1.6875)
(7 0.6 1.6875)
(7.4 0.6 1.6875)
(7.8 0.6 1.6875)
(8.2 0.6 1.6875)
(8.6 0.6 1.6875)
(9 0.6 1.6875)
(9.4 0.6 1.6875)
(9.8 0.6 1.6875)
(10.2 0.6 1.6875)
(10.6 0.6 1.6875)
(11 0.6 1.6875)
(11.4 0.6 1.6875)
(11.8 0.6 1.6875)
(12.2 0.6 1.6875)
(12.6 0.6 1.6875)
(13 0.6 1.6875)
(13.4 0.6 1.6875)
(13.8 0.6 1.6875)
(14.2 0.6 1.6875)
(14.6 0.6 1.6875)
(15 0.6 1.6875)
(15.4 0.6 1.6875)
(15.8 0.6 1.6875)
(16.2 0.6 1.6875)
(16.6 0.6 1.6875)
(17 0.6 1.6875)
(17.4 0.6 1.6875)
(17.8 0.6 1.6875)
(18.2 0.6 1.6875)
(18.6 0.6 1.6875)
(19 0.6 1.6875)
(19.4 0.6 1.6875)
(19.8 0.6 1.6875)
(20.2 0.6 1.6875)
(20.6 0.6 1.6875)
(21 0.6 1.6875)
(21.4 0.6 1.6875)
(21.8 0.6 1.6875)
(22.2 0.6 1.6875)
(22.6 0.6 1.6875)
(23 0.6 1.6875)
(23.4 0.6 1.6875)
(23.8 0.6 1.6875)
(24.2 0.6 1.6875)
(24.6 0.6 1.6875)
(25 0.6 1.6875)
(25.4 0.6 1.6875)
(25.8 0.6 1.6875)
(26.2 0.6 1.6875)
(26.6 0.6 1.6875)
(27 0.6 1.6875)
(27.4 0.6 1.6875)
(27.8 0.6 1.6875)
(0.2 1 1.6875)
(0.6 1 1.6875)
(1 1 1.6875)
(1.4 1 1.6875)
(1.8 1 1.6875)
(2.2 1 1.6875)
(2.6 1 1.6875)
(3 1 1.6875)
(3.4 1 1.6875)
(3.8 1 1.6875)
(4.2 1 1.6875)
(4.6 1 1.6875)
(5 1 1.6875)
(5.4 1 1.6875)
(5.8 1 1.6875)
(6.2 1 1.6875)
(6.6 1 1.6875)
(7 1 1.6875)
(7.4 1 1.6875)
(7.8 1 1.6875)
(8.2 1 1.6875)
(8.6 1 1.6875)
(9 1 1.6875)
(9.4 1 1.6875)
(9.8 1 1.6875)
(10.2 1 1.6875)
(10.6 1 1.6875)
(11 1 1.6875)
(11.4 1 1.6875)
(11.8 1 1.6875)
(12.2 1 1.6875)
(12.6 1 1.6875)
(13 1 1.6875)
(13.4 1 1.6875)
(13.8 1 1.6875)
(14.2 1 1.6875)
(14.6 1 1.6875)
(15 1 1.6875)
(15.4 1 1.6875)
(15.8 1 1.6875)
(16.2 1 1.6875)
(16.6 1 1.6875)
(17 1 1.6875)
(17.4 1 1.6875)
(17.8 1 1.6875)
(18.2 1 1.6875)
(18.6 1 1.6875)
(19 1 1.6875)
(19.4 1 1.6875)
(19.8 1 1.6875)
(20.2 1 1.6875)
(20.6 1 1.6875)
(21 1 1.6875)
(21.4 1 1.6875)
(21.8 1 1.6875)
(22.2 1 1.6875)
(22.6 1 1.6875)
(23 1 1.6875)
(23.4 1 1.6875)
(23.8 1 1.6875)
(24.2 1 1.6875)
(24.6 1 1.6875)
(25 1 1.6875)
(25.4 1 1.6875)
(25.8 1 1.6875)
(26.2 1 1.6875)
(26.6 1 1.6875)
(27 1 1.6875)
(27.4 1 1.6875)
(27.8 1 1.6875)
(0.2 1.4 1.6875)
(0.6 1.4 1.6875)
(1 1.4 1.6875)
(1.4 1.4 1.6875)
(1.8 1.4 1.6875)
(2.2 1.4 1.6875)
(2.6 1.4 1.6875)
(3 1.4 1.6875)
(3.4 1.4 1.6875)
(3.8 1.4 1.6875)
(4.2 1.4 1.6875)
(4.6 1.4 1.6875)
(5 1.4 1.6875)
(5.4 1.4 1.6875)
(5.8 1.4 1.6875)
(6.2 1.4 1.6875)
(6.6 1.4 1.6875)
(7 1.4 1.6875)
(7.4 1.4 1.6875)
(7.8 1.4 1.6875)
(8.2 1.4 1.6875)
(8.6 1.4 1.6875)
(9 1.4 1.6875)
(9.4 1.4 1.6875)
(9.8 1.4 1.6875)
(10.2 1.4 1.6875)
(10.6 1.4 1.6875)
(11 1.4 1.6875)
(11.4 1.4 1.6875)
(11.8 1.4 1.6875)
(12.2 1.4 1.6875)
(12.6 1.4 1.6875)
(13 1.4 1.6875)
(13.4 1.4 1.6875)
(13.8 1.4 1.6875)
(14.2 1.4 1.6875)
(14.6 1.4 1.6875)
(15 1.4 1.6875)
(15.4 1.4 1.6875)
(15.8 1.4 1.6875)
(16.2 1.4 1.6875)
(16.6 1.4 1.6875)
(17 1.4 1.6875)
(17.4 1.4 1.6875)
(17.8 1.4 1.6875)
(18.2 1.4 1.6875)
(18.6 1.4 1.6875)
(19 1.4 1.6875)
(19.4 1.4 1.6875)
(19.8 1.4 1.6875)
(20.2 1.4 1.6875)
(20.6 1.4 1.6875)
(21 1.4 1.6875)
(21.4 1.4 1.6875)
(21.8 1.4 1.6875)
(22.2 1.4 1.6875)
(22.6 1.4 1.6875)
(23 1.4 1.6875)
(23.4 1.4 1.6875)
(23.8 1.4 1.6875)
(24.2 1.4 1.6875)
(24.6 1.4 1.6875)
(25 1.4 1.6875)
(25.4 1.4 1.6875)
(25.8 1.4 1.6875)
(26.2 1.4 1.6875)
(26.6 1.4 1.6875)
(27 1.4 1.6875)
(27.4 1.4 1.6875)
(27.8 1.4 1.6875)
(0.2 1.8 1.6875)
(0.6 1.8 1.6875)
(1 1.8 1.6875)
(1.4 1.8 1.6875)
(1.8 1.8 1.6875)
(2.2 1.8 1.6875)
(2.6 1.8 1.6875)
(3 1.8 1.6875)
(3.4 1.8 1.6875)
(3.8 1.8 1.6875)
(4.2 1.8 1.6875)
(4.6 1.8 1.6875)
(5 1.8 1.6875)
(5.4 1.8 1.6875)
(5.8 1.8 1.6875)
(6.2 1.8 1.6875)
(6.6 1.8 1.6875)
(7 1.8 1.6875)
(7.4 1.8 1.6875)
(7.8 1.8 1.6875)
(8.2 1.8 1.6875)
(8.6 1.8 1.6875)
(9 1.8 1.6875)
(9.4 1.8 1.6875)
(9.8 1.8 1.6875)
(10.2 1.8 1.6875)
(10.6 1.8 1.6875)
(11 1.8 1.6875)
(11.4 1.8 1.6875)
(11.8 1.8 1.6875)
(12.2 1.8 1.6875)
(12.6 1.8 1.6875)
(13 1.8 1.6875)
(13.4 1.8 1.6875)
(13.8 1.8 1.6875)
(14.2 1.8 1.6875)
(14.6 1.8 1.6875)
(15 1.8 1.6875)
(15.4 1.8 1.6875)
(15.8 1.8 1.6875)
(16.2 1.8 1.6875)
(16.6 1.8 1.6875)
(17 1.8 1.6875)
(17.4 1.8 1.6875)
(17.8 1.8 1.6875)
(18.2 1.8 1.6875)
(18.6 1.8 1.6875)
(19 1.8 1.6875)
(19.4 1.8 1.6875)
(19.8 1.8 1.6875)
(20.2 1.8 1.6875)
(20.6 1.8 1.6875)
(21 1.8 1.6875)
(21.4 1.8 1.6875)
(21.8 1.8 1.6875)
(22.2 1.8 1.6875)
(22.6 1.8 1.6875)
(23 1.8 1.6875)
(23.4 1.8 1.6875)
(23.8 1.8 1.6875)
(24.2 1.8 1.6875)
(24.6 1.8 1.6875)
(25 1.8 1.6875)
(25.4 1.8 1.6875)
(25.8 1.8 1.6875)
(26.2 1.8 1.6875)
(26.6 1.8 1.6875)
(27 1.8 1.6875)
(27.4 1.8 1.6875)
(27.8 1.8 1.6875)
(0.2 2.2 1.6875)
(0.6 2.2 1.6875)
(1 2.2 1.6875)
(1.4 2.2 1.6875)
(1.8 2.2 1.6875)
(2.2 2.2 1.6875)
(2.6 2.2 1.6875)
(3 2.2 1.6875)
(3.4 2.2 1.6875)
(3.8 2.2 1.6875)
(4.2 2.2 1.6875)
(4.6 2.2 1.6875)
(5 2.2 1.6875)
(5.4 2.2 1.6875)
(5.8 2.2 1.6875)
(6.2 2.2 1.6875)
(6.6 2.2 1.6875)
(7 2.2 1.6875)
(7.4 2.2 1.6875)
(7.8 2.2 1.6875)
(8.2 2.2 1.6875)
(8.6 2.2 1.6875)
(9 2.2 1.6875)
(9.4 2.2 1.6875)
(9.8 2.2 1.6875)
(10.2 2.2 1.6875)
(10.6 2.2 1.6875)
(11 2.2 1.6875)
(11.4 2.2 1.6875)
(11.8 2.2 1.6875)
(12.2 2.2 1.6875)
(12.6 2.2 1.6875)
(13 2.2 1.6875)
(13.4 2.2 1.6875)
(13.8 2.2 1.6875)
(14.2 2.2 1.6875)
(14.6 2.2 1.6875)
(15 2.2 1.6875)
(15.4 2.2 1.6875)
(15.8 2.2 1.6875)
(16.2 2.2 1.6875)
(16.6 2.2 1.6875)
(17 2.2 1.6875)
(17.4 2.2 1.6875)
(17.8 2.2 1.6875)
(18.2 2.2 1.6875)
(18.6 2.2 1.6875)
(19 2.2 1.6875)
(19.4 2.2 1.6875)
(19.8 2.2 1.6875)
(20.2 2.2 1.6875)
(20.6 2.2 1.6875)
(21 2.2 1.6875)
(21.4 2.2 1.6875)
(21.8 2.2 1.6875)
(22.2 2.2 1.6875)
(22.6 2.2 1.6875)
(23 2.2 1.6875)
(23.4 2.2 1.6875)
(23.8 2.2 1.6875)
(24.2 2.2 1.6875)
(24.6 2.2 1.6875)
(25 2.2 1.6875)
(25.4 2.2 1.6875)
(25.8 2.2 1.6875)
(26.2 2.2 1.6875)
(26.6 2.2 1.6875)
(27 2.2 1.6875)
(27.4 2.2 1.6875)
(27.8 2.2 1.6875)
(0.2 2.6 1.6875)
(0.6 2.6 1.6875)
(1 2.6 1.6875)
(1.4 2.6 1.6875)
(1.8 2.6 1.6875)
(2.2 2.6 1.6875)
(2.6 2.6 1.6875)
(3 2.6 1.6875)
(3.4 2.6 1.6875)
(3.8 2.6 1.6875)
(4.2 2.6 1.6875)
(4.6 2.6 1.6875)
(5 2.6 1.6875)
(5.4 2.6 1.6875)
(5.8 2.6 1.6875)
(6.2 2.6 1.6875)
(6.6 2.6 1.6875)
(7 2.6 1.6875)
(7.4 2.6 1.6875)
(7.8 2.6 1.6875)
(8.2 2.6 1.6875)
(8.6 2.6 1.6875)
(9 2.6 1.6875)
(9.4 2.6 1.6875)
(9.8 2.6 1.6875)
(10.2 2.6 1.6875)
(10.6 2.6 1.6875)
(11 2.6 1.6875)
(11.4 2.6 1.6875)
(11.8 2.6 1.6875)
(12.2 2.6 1.6875)
(12.6 2.6 1.6875)
(13 2.6 1.6875)
(13.4 2.6 1.6875)
(13.8 2.6 1.6875)
(14.2 2.6 1.6875)
(14.6 2.6 1.6875)
(15 2.6 1.6875)
(15.4 2.6 1.6875)
(15.8 2.6 1.6875)
(16.2 2.6 1.6875)
(16.6 2.6 1.6875)
(17 2.6 1.6875)
(17.4 2.6 1.6875)
(17.8 2.6 1.6875)
(18.2 2.6 1.6875)
(18.6 2.6 1.6875)
(19 2.6 1.6875)
(19.4 2.6 1.6875)
(19.8 2.6 1.6875)
(20.2 2.6 1.6875)
(20.6 2.6 1.6875)
(21 2.6 1.6875)
(21.4 2.6 1.6875)
(21.8 2.6 1.6875)
(22.2 2.6 1.6875)
(22.6 2.6 1.6875)
(23 2.6 1.6875)
(23.4 2.6 1.6875)
(23.8 2.6 1.6875)
(24.2 2.6 1.6875)
(24.6 2.6 1.6875)
(25 2.6 1.6875)
(25.4 2.6 1.6875)
(25.8 2.6 1.6875)
(26.2 2.6 1.6875)
(26.6 2.6 1.6875)
(27 2.6 1.6875)
(27.4 2.6 1.6875)
(27.8 2.6 1.6875)
(0.2 3 1.6875)
(0.6 3 1.6875)
(1 3 1.6875)
(1.4 3 1.6875)
(1.8 3 1.6875)
(2.2 3 1.6875)
(2.6 3 1.6875)
(3 3 1.6875)
(3.4 3 1.6875)
(3.8 3 1.6875)
(4.2 3 1.6875)
(4.6 3 1.6875)
(5 3 1.6875)
(5.4 3 1.6875)
(5.8 3 1.6875)
(6.2 3 1.6875)
(6.6 3 1.6875)
(7 3 1.6875)
(7.4 3 1.6875)
(7.8 3 1.6875)
(8.2 3 1.6875)
(8.6 3 1.6875)
(9 3 1.6875)
(9.4 3 1.6875)
(9.8 3 1.6875)
(10.2 3 1.6875)
(10.6 3 1.6875)
(11 3 1.6875)
(11.4 3 1.6875)
(11.8 3 1.6875)
(12.2 3 1.6875)
(12.6 3 1.6875)
(13 3 1.6875)
(13.4 3 1.6875)
(13.8 3 1.6875)
(14.2 3 1.6875)
(14.6 3 1.6875)
(15 3 1.6875)
(15.4 3 1.6875)
(15.8 3 1.6875)
(16.2 3 1.6875)
(16.6 3 1.6875)
(17 3 1.6875)
(17.4 3 1.6875)
(17.8 3 1.6875)
(18.2 3 1.6875)
(18.6 3 1.6875)
(19 3 1.6875)
(19.4 3 1.6875)
(19.8 3 1.6875)
(20.2 3 1.6875)
(20.6 3 1.6875)
(21 3 1.6875)
(21.4 3 1.6875)
(21.8 3 1.6875)
(22.2 3 1.6875)
(22.6 3 1.6875)
(23 3 1.6875)
(23.4 3 1.6875)
(23.8 3 1.6875)
(24.2 3 1.6875)
(24.6 3 1.6875)
(25 3 1.6875)
(25.4 3 1.6875)
(25.8 3 1.6875)
(26.2 3 1.6875)
(26.6 3 1.6875)
(27 3 1.6875)
(27.4 3 1.6875)
(27.8 3 1.6875)
(0.2 3.4 1.6875)
(0.6 3.4 1.6875)
(1 3.4 1.6875)
(1.4 3.4 1.6875)
(1.8 3.4 1.6875)
(2.2 3.4 1.6875)
(2.6 3.4 1.6875)
(3 3.4 1.6875)
(3.4 3.4 1.6875)
(3.8 3.4 1.6875)
(4.2 3.4 1.6875)
(4.6 3.4 1.6875)
(5 3.4 1.6875)
(5.4 3.4 1.6875)
(5.8 3.4 1.6875)
(6.2 3.4 1.6875)
(6.6 3.4 1.6875)
(7 3.4 1.6875)
(7.4 3.4 1.6875)
(7.8 3.4 1.6875)
(8.2 3.4 1.6875)
(8.6 3.4 1.6875)
(9 3.4 1.6875)
(9.4 3.4 1.6875)
(9.8 3.4 1.6875)
(10.2 3.4 1.6875)
(10.6 3.4 1.6875)
(11 3.4 1.6875)
(11.4 3.4 1.6875)
(11.8 3.4 1.6875)
(12.2 3.4 1.6875)
(12.6 3.4 1.6875)
(13 3.4 1.6875)
(13.4 3.4 1.6875)
(13.8 3.4 1.6875)
(14.2 3.4 1.6875)
(14.6 3.4 1.6875)
(15 3.4 1.6875)
(15.4 3.4 1.6875)
(15.8 3.4 1.6875)
(16.2 3.4 1.6875)
(16.6 3.4 1.6875)
(17 3.4 1.6875)
(17.4 3.4 1.6875)
(17.8 3.4 1.6875)
(18.2 3.4 1.6875)
(18.6 3.4 1.6875)
(19 3.4 1.6875)
(19.4 3.4 1.6875)
(19.8 3.4 1.6875)
(20.2 3.4 1.6875)
(20.6 3.4 1.6875)
(21 3.4 1.6875)
(21.4 3.4 1.6875)
(21.8 3.4 1.6875)
(22.2 3.4 1.6875)
(22.6 3.4 1.6875)
(23 3.4 1.6875)
(23.4 3.4 1.6875)
(23.8 3.4 1.6875)
(24.2 3.4 1.6875)
(24.6 3.4 1.6875)
(25 3.4 1.6875)
(25.4 3.4 1.6875)
(25.8 3.4 1.6875)
(26.2 3.4 1.6875)
(26.6 3.4 1.6875)
(27 3.4 1.6875)
(27.4 3.4 1.6875)
(27.8 3.4 1.6875)
(0.2 3.8 1.6875)
(0.6 3.8 1.6875)
(1 3.8 1.6875)
(1.4 3.8 1.6875)
(1.8 3.8 1.6875)
(2.2 3.8 1.6875)
(2.6 3.8 1.6875)
(3 3.8 1.6875)
(3.4 3.8 1.6875)
(3.8 3.8 1.6875)
(4.2 3.8 1.6875)
(4.6 3.8 1.6875)
(5 3.8 1.6875)
(5.4 3.8 1.6875)
(5.8 3.8 1.6875)
(6.2 3.8 1.6875)
(6.6 3.8 1.6875)
(7 3.8 1.6875)
(7.4 3.8 1.6875)
(7.8 3.8 1.6875)
(8.2 3.8 1.6875)
(8.6 3.8 1.6875)
(9 3.8 1.6875)
(9.4 3.8 1.6875)
(9.8 3.8 1.6875)
(10.2 3.8 1.6875)
(10.6 3.8 1.6875)
(11 3.8 1.6875)
(11.4 3.8 1.6875)
(11.8 3.8 1.6875)
(12.2 3.8 1.6875)
(12.6 3.8 1.6875)
(13 3.8 1.6875)
(13.4 3.8 1.6875)
(13.8 3.8 1.6875)
(14.2 3.8 1.6875)
(14.6 3.8 1.6875)
(15 3.8 1.6875)
(15.4 3.8 1.6875)
(15.8 3.8 1.6875)
(16.2 3.8 1.6875)
(16.6 3.8 1.6875)
(17 3.8 1.6875)
(17.4 3.8 1.6875)
(17.8 3.8 1.6875)
(18.2 3.8 1.6875)
(18.6 3.8 1.6875)
(19 3.8 1.6875)
(19.4 3.8 1.6875)
(19.8 3.8 1.6875)
(20.2 3.8 1.6875)
(20.6 3.8 1.6875)
(21 3.8 1.6875)
(21.4 3.8 1.6875)
(21.8 3.8 1.6875)
(22.2 3.8 1.6875)
(22.6 3.8 1.6875)
(23 3.8 1.6875)
(23.4 3.8 1.6875)
(23.8 3.8 1.6875)
(24.2 3.8 1.6875)
(24.6 3.8 1.6875)
(25 3.8 1.6875)
(25.4 3.8 1.6875)
(25.8 3.8 1.6875)
(26.2 3.8 1.6875)
(26.6 3.8 1.6875)
(27 3.8 1.6875)
(27.4 3.8 1.6875)
(27.8 3.8 1.6875)
(0.2 0.2 2.0625)
(0.6 0.2 2.0625)
(1 0.2 2.0625)
(1.4 0.2 2.0625)
(1.8 0.2 2.0625)
(2.2 0.2 2.0625)
(2.6 0.2 2.0625)
(3 0.2 2.0625)
(3.4 0.2 2.0625)
(3.8 0.2 2.0625)
(4.2 0.2 2.0625)
(4.6 0.2 2.0625)
(5 0.2 2.0625)
(5.4 0.2 2.0625)
(5.8 0.2 2.0625)
(6.2 0.2 2.0625)
(6.6 0.2 2.0625)
(7 0.2 2.0625)
(7.4 0.2 2.0625)
(7.8 0.2 2.0625)
(8.2 0.2 2.0625)
(8.6 0.2 2.0625)
(9 0.2 2.0625)
(9.4 0.2 2.0625)
(9.8 0.2 2.0625)
(10.2 0.2 2.0625)
(10.6 0.2 2.0625)
(11 0.2 2.0625)
(11.4 0.2 2.0625)
(11.8 0.2 2.0625)
(12.2 0.2 2.0625)
(12.6 0.2 2.0625)
(13 0.2 2.0625)
(13.4 0.2 2.0625)
(13.8 0.2 2.0625)
(14.2 0.2 2.0625)
(14.6 0.2 2.0625)
(15 0.2 2.0625)
(15.4 0.2 2.0625)
(15.8 0.2 2.0625)
(16.2 0.2 2.0625)
(16.6 0.2 2.0625)
(17 0.2 2.0625)
(17.4 0.2 2.0625)
(17.8 0.2 2.0625)
(18.2 0.2 2.0625)
(18.6 0.2 2.0625)
(19 0.2 2.0625)
(19.4 0.2 2.0625)
(19.8 0.2 2.0625)
(20.2 0.2 2.0625)
(20.6 0.2 2.0625)
(21 0.2 2.0625)
(21.4 0.2 2.0625)
(21.8 0.2 2.0625)
(22.2 0.2 2.0625)
(22.6 0.2 2.0625)
(23 0.2 2.0625)
(23.4 0.2 2.0625)
(23.8 0.2 2.0625)
(24.2 0.2 2.0625)
(24.6 0.2 2.0625)
(25 0.2 2.0625)
(25.4 0.2 2.0625)
(25.8 0.2 2.0625)
(26.2 0.2 2.0625)
(26.6 0.2 2.0625)
(27 0.2 2.0625)
(27.4 0.2 2.0625)
(27.8 0.2 2.0625)
(0.2 0.6 2.0625)
(0.6 0.6 2.0625)
(1 0.6 2.0625)
(1.4 0.6 2.0625)
(1.8 0.6 2.0625)
(2.2 0.6 2.0625)
(2.6 0.6 2.0625)
(3 0.6 2.0625)
(3.4 0.6 2.0625)
(3.8 0.6 2.0625)
(4.2 0.6 2.0625)
(4.6 0.6 2.0625)
(5 0.6 2.0625)
(5.4 0.6 2.0625)
(5.8 0.6 2.0625)
(6.2 0.6 2.0625)
(6.6 0.6 2.0625)
(7 0.6 2.0625)
(7.4 0.6 2.0625)
(7.8 0.6 2.0625)
(8.2 0.6 2.0625)
(8.6 0.6 2.0625)
(9 0.6 2.0625)
(9.4 0.6 2.0625)
(9.8 0.6 2.0625)
(10.2 0.6 2.0625)
(10.6 0.6 2.0625)
(11 0.6 2.0625)
(11.4 0.6 2.0625)
(11.8 0.6 2.0625)
(12.2 0.6 2.0625)
(12.6 0.6 2.0625)
(13 0.6 2.0625)
(13.4 0.6 2.0625)
(13.8 0.6 2.0625)
(14.2 0.6 2.0625)
(14.6 0.6 2.0625)
(15 0.6 2.0625)
(15.4 0.6 2.0625)
(15.8 0.6 2.0625)
(16.2 0.6 2.0625)
(16.6 0.6 2.0625)
(17 0.6 2.0625)
(17.4 0.6 2.0625)
(17.8 0.6 2.0625)
(18.2 0.6 2.0625)
(18.6 0.6 2.0625)
(19 0.6 2.0625)
(19.4 0.6 2.0625)
(19.8 0.6 2.0625)
(20.2 0.6 2.0625)
(20.6 0.6 2.0625)
(21 0.6 2.0625)
(21.4 0.6 2.0625)
(21.8 0.6 2.0625)
(22.2 0.6 2.0625)
(22.6 0.6 2.0625)
(23 0.6 2.0625)
(23.4 0.6 2.0625)
(23.8 0.6 2.0625)
(24.2 0.6 2.0625)
(24.6 0.6 2.0625)
(25 0.6 2.0625)
(25.4 0.6 2.0625)
(25.8 0.6 2.0625)
(26.2 0.6 2.0625)
(26.6 0.6 2.0625)
(27 0.6 2.0625)
(27.4 0.6 2.0625)
(27.8 0.6 2.0625)
(0.2 1 2.0625)
(0.6 1 2.0625)
(1 1 2.0625)
(1.4 1 2.0625)
(1.8 1 2.0625)
(2.2 1 2.0625)
(2.6 1 2.0625)
(3 1 2.0625)
(3.4 1 2.0625)
(3.8 1 2.0625)
(4.2 1 2.0625)
(4.6 1 2.0625)
(5 1 2.0625)
(5.4 1 2.0625)
(5.8 1 2.0625)
(6.2 1 2.0625)
(6.6 1 2.0625)
(7 1 2.0625)
(7.4 1 2.0625)
(7.8 1 2.0625)
(8.2 1 2.0625)
(8.6 1 2.0625)
(9 1 2.0625)
(9.4 1 2.0625)
(9.8 1 2.0625)
(10.2 1 2.0625)
(10.6 1 2.0625)
(11 1 2.0625)
(11.4 1 2.0625)
(11.8 1 2.0625)
(12.2 1 2.0625)
(12.6 1 2.0625)
(13 1 2.0625)
(13.4 1 2.0625)
(13.8 1 2.0625)
(14.2 1 2.0625)
(14.6 1 2.0625)
(15 1 2.0625)
(15.4 1 2.0625)
(15.8 1 2.0625)
(16.2 1 2.0625)
(16.6 1 2.0625)
(17 1 2.0625)
(17.4 1 2.0625)
(17.8 1 2.0625)
(18.2 1 2.0625)
(18.6 1 2.0625)
(19 1 2.0625)
(19.4 1 2.0625)
(19.8 1 2.0625)
(20.2 1 2.0625)
(20.6 1 2.0625)
(21 1 2.0625)
(21.4 1 2.0625)
(21.8 1 2.0625)
(22.2 1 2.0625)
(22.6 1 2.0625)
(23 1 2.0625)
(23.4 1 2.0625)
(23.8 1 2.0625)
(24.2 1 2.0625)
(24.6 1 2.0625)
(25 1 2.0625)
(25.4 1 2.0625)
(25.8 1 2.0625)
(26.2 1 2.0625)
(26.6 1 2.0625)
(27 1 2.0625)
(27.4 1 2.0625)
(27.8 1 2.0625)
(0.2 1.4 2.0625)
(0.6 1.4 2.0625)
(1 1.4 2.0625)
(1.4 1.4 2.0625)
(1.8 1.4 2.0625)
(2.2 1.4 2.0625)
(2.6 1.4 2.0625)
(3 1.4 2.0625)
(3.4 1.4 2.0625)
(3.8 1.4 2.0625)
(4.2 1.4 2.0625)
(4.6 1.4 2.0625)
(5 1.4 2.0625)
(5.4 1.4 2.0625)
(5.8 1.4 2.0625)
(6.2 1.4 2.0625)
(6.6 1.4 2.0625)
(7 1.4 2.0625)
(7.4 1.4 2.0625)
(7.8 1.4 2.0625)
(8.2 1.4 2.0625)
(8.6 1.4 2.0625)
(9 1.4 2.0625)
(9.4 1.4 2.0625)
(9.8 1.4 2.0625)
(10.2 1.4 2.0625)
(10.6 1.4 2.0625)
(11 1.4 2.0625)
(11.4 1.4 2.0625)
(11.8 1.4 2.0625)
(12.2 1.4 2.0625)
(12.6 1.4 2.0625)
(13 1.4 2.0625)
(13.4 1.4 2.0625)
(13.8 1.4 2.0625)
(14.2 1.4 2.0625)
(14.6 1.4 2.0625)
(15 1.4 2.0625)
(15.4 1.4 2.0625)
(15.8 1.4 2.0625)
(16.2 1.4 2.0625)
(16.6 1.4 2.0625)
(17 1.4 2.0625)
(17.4 1.4 2.0625)
(17.8 1.4 2.0625)
(18.2 1.4 2.0625)
(18.6 1.4 2.0625)
(19 1.4 2.0625)
(19.4 1.4 2.0625)
(19.8 1.4 2.0625)
(20.2 1.4 2.0625)
(20.6 1.4 2.0625)
(21 1.4 2.0625)
(21.4 1.4 2.0625)
(21.8 1.4 2.0625)
(22.2 1.4 2.0625)
(22.6 1.4 2.0625)
(23 1.4 2.0625)
(23.4 1.4 2.0625)
(23.8 1.4 2.0625)
(24.2 1.4 2.0625)
(24.6 1.4 2.0625)
(25 1.4 2.0625)
(25.4 1.4 2.0625)
(25.8 1.4 2.0625)
(26.2 1.4 2.0625)
(26.6 1.4 2.0625)
(27 1.4 2.0625)
(27.4 1.4 2.0625)
(27.8 1.4 2.0625)
(0.2 1.8 2.0625)
(0.6 1.8 2.0625)
(1 1.8 2.0625)
(1.4 1.8 2.0625)
(1.8 1.8 2.0625)
(2.2 1.8 2.0625)
(2.6 1.8 2.0625)
(3 1.8 2.0625)
(3.4 1.8 2.0625)
(3.8 1.8 2.0625)
(4.2 1.8 2.0625)
(4.6 1.8 2.0625)
(5 1.8 2.0625)
(5.4 1.8 2.0625)
(5.8 1.8 2.0625)
(6.2 1.8 2.0625)
(6.6 1.8 2.0625)
(7 1.8 2.0625)
(7.4 1.8 2.0625)
(7.8 1.8 2.0625)
(8.2 1.8 2.0625)
(8.6 1.8 2.0625)
(9 1.8 2.0625)
(9.4 1.8 2.0625)
(9.8 1.8 2.0625)
(10.2 1.8 2.0625)
(10.6 1.8 2.0625)
(11 1.8 2.0625)
(11.4 1.8 2.0625)
(11.8 1.8 2.0625)
(12.2 1.8 2.0625)
(12.6 1.8 2.0625)
(13 1.8 2.0625)
(13.4 1.8 2.0625)
(13.8 1.8 2.0625)
(14.2 1.8 2.0625)
(14.6 1.8 2.0625)
(15 1.8 2.0625)
(15.4 1.8 2.0625)
(15.8 1.8 2.0625)
(16.2 1.8 2.0625)
(16.6 1.8 2.0625)
(17 1.8 2.0625)
(17.4 1.8 2.0625)
(17.8 1.8 2.0625)
(18.2 1.8 2.0625)
(18.6 1.8 2.0625)
(19 1.8 2.0625)
(19.4 1.8 2.0625)
(19.8 1.8 2.0625)
(20.2 1.8 2.0625)
(20.6 1.8 2.0625)
(21 1.8 2.0625)
(21.4 1.8 2.0625)
(21.8 1.8 2.0625)
(22.2 1.8 2.0625)
(22.6 1.8 2.0625)
(23 1.8 2.0625)
(23.4 1.8 2.0625)
(23.8 1.8 2.0625)
(24.2 1.8 2.0625)
(24.6 1.8 2.0625)
(25 1.8 2.0625)
(25.4 1.8 2.0625)
(25.8 1.8 2.0625)
(26.2 1.8 2.0625)
(26.6 1.8 2.0625)
(27 1.8 2.0625)
(27.4 1.8 2.0625)
(27.8 1.8 2.0625)
(0.2 2.2 2.0625)
(0.6 2.2 2.0625)
(1 2.2 2.0625)
(1.4 2.2 2.0625)
(1.8 2.2 2.0625)
(2.2 2.2 2.0625)
(2.6 2.2 2.0625)
(3 2.2 2.0625)
(3.4 2.2 2.0625)
(3.8 2.2 2.0625)
(4.2 2.2 2.0625)
(4.6 2.2 2.0625)
(5 2.2 2.0625)
(5.4 2.2 2.0625)
(5.8 2.2 2.0625)
(6.2 2.2 2.0625)
(6.6 2.2 2.0625)
(7 2.2 2.0625)
(7.4 2.2 2.0625)
(7.8 2.2 2.0625)
(8.2 2.2 2.0625)
(8.6 2.2 2.0625)
(9 2.2 2.0625)
(9.4 2.2 2.0625)
(9.8 2.2 2.0625)
(10.2 2.2 2.0625)
(10.6 2.2 2.0625)
(11 2.2 2.0625)
(11.4 2.2 2.0625)
(11.8 2.2 2.0625)
(12.2 2.2 2.0625)
(12.6 2.2 2.0625)
(13 2.2 2.0625)
(13.4 2.2 2.0625)
(13.8 2.2 2.0625)
(14.2 2.2 2.0625)
(14.6 2.2 2.0625)
(15 2.2 2.0625)
(15.4 2.2 2.0625)
(15.8 2.2 2.0625)
(16.2 2.2 2.0625)
(16.6 2.2 2.0625)
(17 2.2 2.0625)
(17.4 2.2 2.0625)
(17.8 2.2 2.0625)
(18.2 2.2 2.0625)
(18.6 2.2 2.0625)
(19 2.2 2.0625)
(19.4 2.2 2.0625)
(19.8 2.2 2.0625)
(20.2 2.2 2.0625)
(20.6 2.2 2.0625)
(21 2.2 2.0625)
(21.4 2.2 2.0625)
(21.8 2.2 2.0625)
(22.2 2.2 2.0625)
(22.6 2.2 2.0625)
(23 2.2 2.0625)
(23.4 2.2 2.0625)
(23.8 2.2 2.0625)
(24.2 2.2 2.0625)
(24.6 2.2 2.0625)
(25 2.2 2.0625)
(25.4 2.2 2.0625)
(25.8 2.2 2.0625)
(26.2 2.2 2.0625)
(26.6 2.2 2.0625)
(27 2.2 2.0625)
(27.4 2.2 2.0625)
(27.8 2.2 2.0625)
(0.2 2.6 2.0625)
(0.6 2.6 2.0625)
(1 2.6 2.0625)
(1.4 2.6 2.0625)
(1.8 2.6 2.0625)
(2.2 2.6 2.0625)
(2.6 2.6 2.0625)
(3 2.6 2.0625)
(3.4 2.6 2.0625)
(3.8 2.6 2.0625)
(4.2 2.6 2.0625)
(4.6 2.6 2.0625)
(5 2.6 2.0625)
(5.4 2.6 2.0625)
(5.8 2.6 2.0625)
(6.2 2.6 2.0625)
(6.6 2.6 2.0625)
(7 2.6 2.0625)
(7.4 2.6 2.0625)
(7.8 2.6 2.0625)
(8.2 2.6 2.0625)
(8.6 2.6 2.0625)
(9 2.6 2.0625)
(9.4 2.6 2.0625)
(9.8 2.6 2.0625)
(10.2 2.6 2.0625)
(10.6 2.6 2.0625)
(11 2.6 2.0625)
(11.4 2.6 2.0625)
(11.8 2.6 2.0625)
(12.2 2.6 2.0625)
(12.6 2.6 2.0625)
(13 2.6 2.0625)
(13.4 2.6 2.0625)
(13.8 2.6 2.0625)
(14.2 2.6 2.0625)
(14.6 2.6 2.0625)
(15 2.6 2.0625)
(15.4 2.6 2.0625)
(15.8 2.6 2.0625)
(16.2 2.6 2.0625)
(16.6 2.6 2.0625)
(17 2.6 2.0625)
(17.4 2.6 2.0625)
(17.8 2.6 2.0625)
(18.2 2.6 2.0625)
(18.6 2.6 2.0625)
(19 2.6 2.0625)
(19.4 2.6 2.0625)
(19.8 2.6 2.0625)
(20.2 2.6 2.0625)
(20.6 2.6 2.0625)
(21 2.6 2.0625)
(21.4 2.6 2.0625)
(21.8 2.6 2.0625)
(22.2 2.6 2.0625)
(22.6 2.6 2.0625)
(23 2.6 2.0625)
(23.4 2.6 2.0625)
(23.8 2.6 2.0625)
(24.2 2.6 2.0625)
(24.6 2.6 2.0625)
(25 2.6 2.0625)
(25.4 2.6 2.0625)
(25.8 2.6 2.0625)
(26.2 2.6 2.0625)
(26.6 2.6 2.0625)
(27 2.6 2.0625)
(27.4 2.6 2.0625)
(27.8 2.6 2.0625)
(0.2 3 2.0625)
(0.6 3 2.0625)
(1 3 2.0625)
(1.4 3 2.0625)
(1.8 3 2.0625)
(2.2 3 2.0625)
(2.6 3 2.0625)
(3 3 2.0625)
(3.4 3 2.0625)
(3.8 3 2.0625)
(4.2 3 2.0625)
(4.6 3 2.0625)
(5 3 2.0625)
(5.4 3 2.0625)
(5.8 3 2.0625)
(6.2 3 2.0625)
(6.6 3 2.0625)
(7 3 2.0625)
(7.4 3 2.0625)
(7.8 3 2.0625)
(8.2 3 2.0625)
(8.6 3 2.0625)
(9 3 2.0625)
(9.4 3 2.0625)
(9.8 3 2.0625)
(10.2 3 2.0625)
(10.6 3 2.0625)
(11 3 2.0625)
(11.4 3 2.0625)
(11.8 3 2.0625)
(12.2 3 2.0625)
(12.6 3 2.0625)
(13 3 2.0625)
(13.4 3 2.0625)
(13.8 3 2.0625)
(14.2 3 2.0625)
(14.6 3 2.0625)
(15 3 2.0625)
(15.4 3 2.0625)
(15.8 3 2.0625)
(16.2 3 2.0625)
(16.6 3 2.0625)
(17 3 2.0625)
(17.4 3 2.0625)
(17.8 3 2.0625)
(18.2 3 2.0625)
(18.6 3 2.0625)
(19 3 2.0625)
(19.4 3 2.0625)
(19.8 3 2.0625)
(20.2 3 2.0625)
(20.6 3 2.0625)
(21 3 2.0625)
(21.4 3 2.0625)
(21.8 3 2.0625)
(22.2 3 2.0625)
(22.6 3 2.0625)
(23 3 2.0625)
(23.4 3 2.0625)
(23.8 3 2.0625)
(24.2 3 2.0625)
(24.6 3 2.0625)
(25 3 2.0625)
(25.4 3 2.0625)
(25.8 3 2.0625)
(26.2 3 2.0625)
(26.6 3 2.0625)
(27 3 2.0625)
(27.4 3 2.0625)
(27.8 3 2.0625)
(0.2 3.4 2.0625)
(0.6 3.4 2.0625)
(1 3.4 2.0625)
(1.4 3.4 2.0625)
(1.8 3.4 2.0625)
(2.2 3.4 2.0625)
(2.6 3.4 2.0625)
(3 3.4 2.0625)
(3.4 3.4 2.0625)
(3.8 3.4 2.0625)
(4.2 3.4 2.0625)
(4.6 3.4 2.0625)
(5 3.4 2.0625)
(5.4 3.4 2.0625)
(5.8 3.4 2.0625)
(6.2 3.4 2.0625)
(6.6 3.4 2.0625)
(7 3.4 2.0625)
(7.4 3.4 2.0625)
(7.8 3.4 2.0625)
(8.2 3.4 2.0625)
(8.6 3.4 2.0625)
(9 3.4 2.0625)
(9.4 3.4 2.0625)
(9.8 3.4 2.0625)
(10.2 3.4 2.0625)
(10.6 3.4 2.0625)
(11 3.4 2.0625)
(11.4 3.4 2.0625)
(11.8 3.4 2.0625)
(12.2 3.4 2.0625)
(12.6 3.4 2.0625)
(13 3.4 2.0625)
(13.4 3.4 2.0625)
(13.8 3.4 2.0625)
(14.2 3.4 2.0625)
(14.6 3.4 2.0625)
(15 3.4 2.0625)
(15.4 3.4 2.0625)
(15.8 3.4 2.0625)
(16.2 3.4 2.0625)
(16.6 3.4 2.0625)
(17 3.4 2.0625)
(17.4 3.4 2.0625)
(17.8 3.4 2.0625)
(18.2 3.4 2.0625)
(18.6 3.4 2.0625)
(19 3.4 2.0625)
(19.4 3.4 2.0625)
(19.8 3.4 2.0625)
(20.2 3.4 2.0625)
(20.6 3.4 2.0625)
(21 3.4 2.0625)
(21.4 3.4 2.0625)
(21.8 3.4 2.0625)
(22.2 3.4 2.0625)
(22.6 3.4 2.0625)
(23 3.4 2.0625)
(23.4 3.4 2.0625)
(23.8 3.4 2.0625)
(24.2 3.4 2.0625)
(24.6 3.4 2.0625)
(25 3.4 2.0625)
(25.4 3.4 2.0625)
(25.8 3.4 2.0625)
(26.2 3.4 2.0625)
(26.6 3.4 2.0625)
(27 3.4 2.0625)
(27.4 3.4 2.0625)
(27.8 3.4 2.0625)
(0.2 3.8 2.0625)
(0.6 3.8 2.0625)
(1 3.8 2.0625)
(1.4 3.8 2.0625)
(1.8 3.8 2.0625)
(2.2 3.8 2.0625)
(2.6 3.8 2.0625)
(3 3.8 2.0625)
(3.4 3.8 2.0625)
(3.8 3.8 2.0625)
(4.2 3.8 2.0625)
(4.6 3.8 2.0625)
(5 3.8 2.0625)
(5.4 3.8 2.0625)
(5.8 3.8 2.0625)
(6.2 3.8 2.0625)
(6.6 3.8 2.0625)
(7 3.8 2.0625)
(7.4 3.8 2.0625)
(7.8 3.8 2.0625)
(8.2 3.8 2.0625)
(8.6 3.8 2.0625)
(9 3.8 2.0625)
(9.4 3.8 2.0625)
(9.8 3.8 2.0625)
(10.2 3.8 2.0625)
(10.6 3.8 2.0625)
(11 3.8 2.0625)
(11.4 3.8 2.0625)
(11.8 3.8 2.0625)
(12.2 3.8 2.0625)
(12.6 3.8 2.0625)
(13 3.8 2.0625)
(13.4 3.8 2.0625)
(13.8 3.8 2.0625)
(14.2 3.8 2.0625)
(14.6 3.8 2.0625)
(15 3.8 2.0625)
(15.4 3.8 2.0625)
(15.8 3.8 2.0625)
(16.2 3.8 2.0625)
(16.6 3.8 2.0625)
(17 3.8 2.0625)
(17.4 3.8 2.0625)
(17.8 3.8 2.0625)
(18.2 3.8 2.0625)
(18.6 3.8 2.0625)
(19 3.8 2.0625)
(19.4 3.8 2.0625)
(19.8 3.8 2.0625)
(20.2 3.8 2.0625)
(20.6 3.8 2.0625)
(21 3.8 2.0625)
(21.4 3.8 2.0625)
(21.8 3.8 2.0625)
(22.2 3.8 2.0625)
(22.6 3.8 2.0625)
(23 3.8 2.0625)
(23.4 3.8 2.0625)
(23.8 3.8 2.0625)
(24.2 3.8 2.0625)
(24.6 3.8 2.0625)
(25 3.8 2.0625)
(25.4 3.8 2.0625)
(25.8 3.8 2.0625)
(26.2 3.8 2.0625)
(26.6 3.8 2.0625)
(27 3.8 2.0625)
(27.4 3.8 2.0625)
(27.8 3.8 2.0625)
(0.2 0.2 2.4375)
(0.6 0.2 2.4375)
(1 0.2 2.4375)
(1.4 0.2 2.4375)
(1.8 0.2 2.4375)
(2.2 0.2 2.4375)
(2.6 0.2 2.4375)
(3 0.2 2.4375)
(3.4 0.2 2.4375)
(3.8 0.2 2.4375)
(4.2 0.2 2.4375)
(4.6 0.2 2.4375)
(5 0.2 2.4375)
(5.4 0.2 2.4375)
(5.8 0.2 2.4375)
(6.2 0.2 2.4375)
(6.6 0.2 2.4375)
(7 0.2 2.4375)
(7.4 0.2 2.4375)
(7.8 0.2 2.4375)
(8.2 0.2 2.4375)
(8.6 0.2 2.4375)
(9 0.2 2.4375)
(9.4 0.2 2.4375)
(9.8 0.2 2.4375)
(10.2 0.2 2.4375)
(10.6 0.2 2.4375)
(11 0.2 2.4375)
(11.4 0.2 2.4375)
(11.8 0.2 2.4375)
(12.2 0.2 2.4375)
(12.6 0.2 2.4375)
(13 0.2 2.4375)
(13.4 0.2 2.4375)
(13.8 0.2 2.4375)
(14.2 0.2 2.4375)
(14.6 0.2 2.4375)
(15 0.2 2.4375)
(15.4 0.2 2.4375)
(15.8 0.2 2.4375)
(16.2 0.2 2.4375)
(16.6 0.2 2.4375)
(17 0.2 2.4375)
(17.4 0.2 2.4375)
(17.8 0.2 2.4375)
(18.2 0.2 2.4375)
(18.6 0.2 2.4375)
(19 0.2 2.4375)
(19.4 0.2 2.4375)
(19.8 0.2 2.4375)
(20.2 0.2 2.4375)
(20.6 0.2 2.4375)
(21 0.2 2.4375)
(21.4 0.2 2.4375)
(21.8 0.2 2.4375)
(22.2 0.2 2.4375)
(22.6 0.2 2.4375)
(23 0.2 2.4375)
(23.4 0.2 2.4375)
(23.8 0.2 2.4375)
(24.2 0.2 2.4375)
(24.6 0.2 2.4375)
(25 0.2 2.4375)
(25.4 0.2 2.4375)
(25.8 0.2 2.4375)
(26.2 0.2 2.4375)
(26.6 0.2 2.4375)
(27 0.2 2.4375)
(27.4 0.2 2.4375)
(27.8 0.2 2.4375)
(0.2 0.6 2.4375)
(0.6 0.6 2.4375)
(1 0.6 2.4375)
(1.4 0.6 2.4375)
(1.8 0.6 2.4375)
(2.2 0.6 2.4375)
(2.6 0.6 2.4375)
(3 0.6 2.4375)
(3.4 0.6 2.4375)
(3.8 0.6 2.4375)
(4.2 0.6 2.4375)
(4.6 0.6 2.4375)
(5 0.6 2.4375)
(5.4 0.6 2.4375)
(5.8 0.6 2.4375)
(6.2 0.6 2.4375)
(6.6 0.6 2.4375)
(7 0.6 2.4375)
(7.4 0.6 2.4375)
(7.8 0.6 2.4375)
(8.2 0.6 2.4375)
(8.6 0.6 2.4375)
(9 0.6 2.4375)
(9.4 0.6 2.4375)
(9.8 0.6 2.4375)
(10.2 0.6 2.4375)
(10.6 0.6 2.4375)
(11 0.6 2.4375)
(11.4 0.6 2.4375)
(11.8 0.6 2.4375)
(12.2 0.6 2.4375)
(12.6 0.6 2.4375)
(13 0.6 2.4375)
(13.4 0.6 2.4375)
(13.8 0.6 2.4375)
(14.2 0.6 2.4375)
(14.6 0.6 2.4375)
(15 0.6 2.4375)
(15.4 0.6 2.4375)
(15.8 0.6 2.4375)
(16.2 0.6 2.4375)
(16.6 0.6 2.4375)
(17 0.6 2.4375)
(17.4 0.6 2.4375)
(17.8 0.6 2.4375)
(18.2 0.6 2.4375)
(18.6 0.6 2.4375)
(19 0.6 2.4375)
(19.4 0.6 2.4375)
(19.8 0.6 2.4375)
(20.2 0.6 2.4375)
(20.6 0.6 2.4375)
(21 0.6 2.4375)
(21.4 0.6 2.4375)
(21.8 0.6 2.4375)
(22.2 0.6 2.4375)
(22.6 0.6 2.4375)
(23 0.6 2.4375)
(23.4 0.6 2.4375)
(23.8 0.6 2.4375)
(24.2 0.6 2.4375)
(24.6 0.6 2.4375)
(25 0.6 2.4375)
(25.4 0.6 2.4375)
(25.8 0.6 2.4375)
(26.2 0.6 2.4375)
(26.6 0.6 2.4375)
(27 0.6 2.4375)
(27.4 0.6 2.4375)
(27.8 0.6 2.4375)
(0.2 1 2.4375)
(0.6 1 2.4375)
(1 1 2.4375)
(1.4 1 2.4375)
(1.8 1 2.4375)
(2.2 1 2.4375)
(2.6 1 2.4375)
(3 1 2.4375)
(3.4 1 2.4375)
(3.8 1 2.4375)
(4.2 1 2.4375)
(4.6 1 2.4375)
(5 1 2.4375)
(5.4 1 2.4375)
(5.8 1 2.4375)
(6.2 1 2.4375)
(6.6 1 2.4375)
(7 1 2.4375)
(7.4 1 2.4375)
(7.8 1 2.4375)
(8.2 1 2.4375)
(8.6 1 2.4375)
(9 1 2.4375)
(9.4 1 2.4375)
(9.8 1 2.4375)
(10.2 1 2.4375)
(10.6 1 2.4375)
(11 1 2.4375)
(11.4 1 2.4375)
(11.8 1 2.4375)
(12.2 1 2.4375)
(12.6 1 2.4375)
(13 1 2.4375)
(13.4 1 2.4375)
(13.8 1 2.4375)
(14.2 1 2.4375)
(14.6 1 2.4375)
(15 1 2.4375)
(15.4 1 2.4375)
(15.8 1 2.4375)
(16.2 1 2.4375)
(16.6 1 2.4375)
(17 1 2.4375)
(17.4 1 2.4375)
(17.8 1 2.4375)
(18.2 1 2.4375)
(18.6 1 2.4375)
(19 1 2.4375)
(19.4 1 2.4375)
(19.8 1 2.4375)
(20.2 1 2.4375)
(20.6 1 2.4375)
(21 1 2.4375)
(21.4 1 2.4375)
(21.8 1 2.4375)
(22.2 1 2.4375)
(22.6 1 2.4375)
(23 1 2.4375)
(23.4 1 2.4375)
(23.8 1 2.4375)
(24.2 1 2.4375)
(24.6 1 2.4375)
(25 1 2.4375)
(25.4 1 2.4375)
(25.8 1 2.4375)
(26.2 1 2.4375)
(26.6 1 2.4375)
(27 1 2.4375)
(27.4 1 2.4375)
(27.8 1 2.4375)
(0.2 1.4 2.4375)
(0.6 1.4 2.4375)
(1 1.4 2.4375)
(1.4 1.4 2.4375)
(1.8 1.4 2.4375)
(2.2 1.4 2.4375)
(2.6 1.4 2.4375)
(3 1.4 2.4375)
(3.4 1.4 2.4375)
(3.8 1.4 2.4375)
(4.2 1.4 2.4375)
(4.6 1.4 2.4375)
(5 1.4 2.4375)
(5.4 1.4 2.4375)
(5.8 1.4 2.4375)
(6.2 1.4 2.4375)
(6.6 1.4 2.4375)
(7 1.4 2.4375)
(7.4 1.4 2.4375)
(7.8 1.4 2.4375)
(8.2 1.4 2.4375)
(8.6 1.4 2.4375)
(9 1.4 2.4375)
(9.4 1.4 2.4375)
(9.8 1.4 2.4375)
(10.2 1.4 2.4375)
(10.6 1.4 2.4375)
(11 1.4 2.4375)
(11.4 1.4 2.4375)
(11.8 1.4 2.4375)
(12.2 1.4 2.4375)
(12.6 1.4 2.4375)
(13 1.4 2.4375)
(13.4 1.4 2.4375)
(13.8 1.4 2.4375)
(14.2 1.4 2.4375)
(14.6 1.4 2.4375)
(15 1.4 2.4375)
(15.4 1.4 2.4375)
(15.8 1.4 2.4375)
(16.2 1.4 2.4375)
(16.6 1.4 2.4375)
(17 1.4 2.4375)
(17.4 1.4 2.4375)
(17.8 1.4 2.4375)
(18.2 1.4 2.4375)
(18.6 1.4 2.4375)
(19 1.4 2.4375)
(19.4 1.4 2.4375)
(19.8 1.4 2.4375)
(20.2 1.4 2.4375)
(20.6 1.4 2.4375)
(21 1.4 2.4375)
(21.4 1.4 2.4375)
(21.8 1.4 2.4375)
(22.2 1.4 2.4375)
(22.6 1.4 2.4375)
(23 1.4 2.4375)
(23.4 1.4 2.4375)
(23.8 1.4 2.4375)
(24.2 1.4 2.4375)
(24.6 1.4 2.4375)
(25 1.4 2.4375)
(25.4 1.4 2.4375)
(25.8 1.4 2.4375)
(26.2 1.4 2.4375)
(26.6 1.4 2.4375)
(27 1.4 2.4375)
(27.4 1.4 2.4375)
(27.8 1.4 2.4375)
(0.2 1.8 2.4375)
(0.6 1.8 2.4375)
(1 1.8 2.4375)
(1.4 1.8 2.4375)
(1.8 1.8 2.4375)
(2.2 1.8 2.4375)
(2.6 1.8 2.4375)
(3 1.8 2.4375)
(3.4 1.8 2.4375)
(3.8 1.8 2.4375)
(4.2 1.8 2.4375)
(4.6 1.8 2.4375)
(5 1.8 2.4375)
(5.4 1.8 2.4375)
(5.8 1.8 2.4375)
(6.2 1.8 2.4375)
(6.6 1.8 2.4375)
(7 1.8 2.4375)
(7.4 1.8 2.4375)
(7.8 1.8 2.4375)
(8.2 1.8 2.4375)
(8.6 1.8 2.4375)
(9 1.8 2.4375)
(9.4 1.8 2.4375)
(9.8 1.8 2.4375)
(10.2 1.8 2.4375)
(10.6 1.8 2.4375)
(11 1.8 2.4375)
(11.4 1.8 2.4375)
(11.8 1.8 2.4375)
(12.2 1.8 2.4375)
(12.6 1.8 2.4375)
(13 1.8 2.4375)
(13.4 1.8 2.4375)
(13.8 1.8 2.4375)
(14.2 1.8 2.4375)
(14.6 1.8 2.4375)
(15 1.8 2.4375)
(15.4 1.8 2.4375)
(15.8 1.8 2.4375)
(16.2 1.8 2.4375)
(16.6 1.8 2.4375)
(17 1.8 2.4375)
(17.4 1.8 2.4375)
(17.8 1.8 2.4375)
(18.2 1.8 2.4375)
(18.6 1.8 2.4375)
(19 1.8 2.4375)
(19.4 1.8 2.4375)
(19.8 1.8 2.4375)
(20.2 1.8 2.4375)
(20.6 1.8 2.4375)
(21 1.8 2.4375)
(21.4 1.8 2.4375)
(21.8 1.8 2.4375)
(22.2 1.8 2.4375)
(22.6 1.8 2.4375)
(23 1.8 2.4375)
(23.4 1.8 2.4375)
(23.8 1.8 2.4375)
(24.2 1.8 2.4375)
(24.6 1.8 2.4375)
(25 1.8 2.4375)
(25.4 1.8 2.4375)
(25.8 1.8 2.4375)
(26.2 1.8 2.4375)
(26.6 1.8 2.4375)
(27 1.8 2.4375)
(27.4 1.8 2.4375)
(27.8 1.8 2.4375)
(0.2 2.2 2.4375)
(0.6 2.2 2.4375)
(1 2.2 2.4375)
(1.4 2.2 2.4375)
(1.8 2.2 2.4375)
(2.2 2.2 2.4375)
(2.6 2.2 2.4375)
(3 2.2 2.4375)
(3.4 2.2 2.4375)
(3.8 2.2 2.4375)
(4.2 2.2 2.4375)
(4.6 2.2 2.4375)
(5 2.2 2.4375)
(5.4 2.2 2.4375)
(5.8 2.2 2.4375)
(6.2 2.2 2.4375)
(6.6 2.2 2.4375)
(7 2.2 2.4375)
(7.4 2.2 2.4375)
(7.8 2.2 2.4375)
(8.2 2.2 2.4375)
(8.6 2.2 2.4375)
(9 2.2 2.4375)
(9.4 2.2 2.4375)
(9.8 2.2 2.4375)
(10.2 2.2 2.4375)
(10.6 2.2 2.4375)
(11 2.2 2.4375)
(11.4 2.2 2.4375)
(11.8 2.2 2.4375)
(12.2 2.2 2.4375)
(12.6 2.2 2.4375)
(13 2.2 2.4375)
(13.4 2.2 2.4375)
(13.8 2.2 2.4375)
(14.2 2.2 2.4375)
(14.6 2.2 2.4375)
(15 2.2 2.4375)
(15.4 2.2 2.4375)
(15.8 2.2 2.4375)
(16.2 2.2 2.4375)
(16.6 2.2 2.4375)
(17 2.2 2.4375)
(17.4 2.2 2.4375)
(17.8 2.2 2.4375)
(18.2 2.2 2.4375)
(18.6 2.2 2.4375)
(19 2.2 2.4375)
(19.4 2.2 2.4375)
(19.8 2.2 2.4375)
(20.2 2.2 2.4375)
(20.6 2.2 2.4375)
(21 2.2 2.4375)
(21.4 2.2 2.4375)
(21.8 2.2 2.4375)
(22.2 2.2 2.4375)
(22.6 2.2 2.4375)
(23 2.2 2.4375)
(23.4 2.2 2.4375)
(23.8 2.2 2.4375)
(24.2 2.2 2.4375)
(24.6 2.2 2.4375)
(25 2.2 2.4375)
(25.4 2.2 2.4375)
(25.8 2.2 2.4375)
(26.2 2.2 2.4375)
(26.6 2.2 2.4375)
(27 2.2 2.4375)
(27.4 2.2 2.4375)
(27.8 2.2 2.4375)
(0.2 2.6 2.4375)
(0.6 2.6 2.4375)
(1 2.6 2.4375)
(1.4 2.6 2.4375)
(1.8 2.6 2.4375)
(2.2 2.6 2.4375)
(2.6 2.6 2.4375)
(3 2.6 2.4375)
(3.4 2.6 2.4375)
(3.8 2.6 2.4375)
(4.2 2.6 2.4375)
(4.6 2.6 2.4375)
(5 2.6 2.4375)
(5.4 2.6 2.4375)
(5.8 2.6 2.4375)
(6.2 2.6 2.4375)
(6.6 2.6 2.4375)
(7 2.6 2.4375)
(7.4 2.6 2.4375)
(7.8 2.6 2.4375)
(8.2 2.6 2.4375)
(8.6 2.6 2.4375)
(9 2.6 2.4375)
(9.4 2.6 2.4375)
(9.8 2.6 2.4375)
(10.2 2.6 2.4375)
(10.6 2.6 2.4375)
(11 2.6 2.4375)
(11.4 2.6 2.4375)
(11.8 2.6 2.4375)
(12.2 2.6 2.4375)
(12.6 2.6 2.4375)
(13 2.6 2.4375)
(13.4 2.6 2.4375)
(13.8 2.6 2.4375)
(14.2 2.6 2.4375)
(14.6 2.6 2.4375)
(15 2.6 2.4375)
(15.4 2.6 2.4375)
(15.8 2.6 2.4375)
(16.2 2.6 2.4375)
(16.6 2.6 2.4375)
(17 2.6 2.4375)
(17.4 2.6 2.4375)
(17.8 2.6 2.4375)
(18.2 2.6 2.4375)
(18.6 2.6 2.4375)
(19 2.6 2.4375)
(19.4 2.6 2.4375)
(19.8 2.6 2.4375)
(20.2 2.6 2.4375)
(20.6 2.6 2.4375)
(21 2.6 2.4375)
(21.4 2.6 2.4375)
(21.8 2.6 2.4375)
(22.2 2.6 2.4375)
(22.6 2.6 2.4375)
(23 2.6 2.4375)
(23.4 2.6 2.4375)
(23.8 2.6 2.4375)
(24.2 2.6 2.4375)
(24.6 2.6 2.4375)
(25 2.6 2.4375)
(25.4 2.6 2.4375)
(25.8 2.6 2.4375)
(26.2 2.6 2.4375)
(26.6 2.6 2.4375)
(27 2.6 2.4375)
(27.4 2.6 2.4375)
(27.8 2.6 2.4375)
(0.2 3 2.4375)
(0.6 3 2.4375)
(1 3 2.4375)
(1.4 3 2.4375)
(1.8 3 2.4375)
(2.2 3 2.4375)
(2.6 3 2.4375)
(3 3 2.4375)
(3.4 3 2.4375)
(3.8 3 2.4375)
(4.2 3 2.4375)
(4.6 3 2.4375)
(5 3 2.4375)
(5.4 3 2.4375)
(5.8 3 2.4375)
(6.2 3 2.4375)
(6.6 3 2.4375)
(7 3 2.4375)
(7.4 3 2.4375)
(7.8 3 2.4375)
(8.2 3 2.4375)
(8.6 3 2.4375)
(9 3 2.4375)
(9.4 3 2.4375)
(9.8 3 2.4375)
(10.2 3 2.4375)
(10.6 3 2.4375)
(11 3 2.4375)
(11.4 3 2.4375)
(11.8 3 2.4375)
(12.2 3 2.4375)
(12.6 3 2.4375)
(13 3 2.4375)
(13.4 3 2.4375)
(13.8 3 2.4375)
(14.2 3 2.4375)
(14.6 3 2.4375)
(15 3 2.4375)
(15.4 3 2.4375)
(15.8 3 2.4375)
(16.2 3 2.4375)
(16.6 3 2.4375)
(17 3 2.4375)
(17.4 3 2.4375)
(17.8 3 2.4375)
(18.2 3 2.4375)
(18.6 3 2.4375)
(19 3 2.4375)
(19.4 3 2.4375)
(19.8 3 2.4375)
(20.2 3 2.4375)
(20.6 3 2.4375)
(21 3 2.4375)
(21.4 3 2.4375)
(21.8 3 2.4375)
(22.2 3 2.4375)
(22.6 3 2.4375)
(23 3 2.4375)
(23.4 3 2.4375)
(23.8 3 2.4375)
(24.2 3 2.4375)
(24.6 3 2.4375)
(25 3 2.4375)
(25.4 3 2.4375)
(25.8 3 2.4375)
(26.2 3 2.4375)
(26.6 3 2.4375)
(27 3 2.4375)
(27.4 3 2.4375)
(27.8 3 2.4375)
(0.2 3.4 2.4375)
(0.6 3.4 2.4375)
(1 3.4 2.4375)
(1.4 3.4 2.4375)
(1.8 3.4 2.4375)
(2.2 3.4 2.4375)
(2.6 3.4 2.4375)
(3 3.4 2.4375)
(3.4 3.4 2.4375)
(3.8 3.4 2.4375)
(4.2 3.4 2.4375)
(4.6 3.4 2.4375)
(5 3.4 2.4375)
(5.4 3.4 2.4375)
(5.8 3.4 2.4375)
(6.2 3.4 2.4375)
(6.6 3.4 2.4375)
(7 3.4 2.4375)
(7.4 3.4 2.4375)
(7.8 3.4 2.4375)
(8.2 3.4 2.4375)
(8.6 3.4 2.4375)
(9 3.4 2.4375)
(9.4 3.4 2.4375)
(9.8 3.4 2.4375)
(10.2 3.4 2.4375)
(10.6 3.4 2.4375)
(11 3.4 2.4375)
(11.4 3.4 2.4375)
(11.8 3.4 2.4375)
(12.2 3.4 2.4375)
(12.6 3.4 2.4375)
(13 3.4 2.4375)
(13.4 3.4 2.4375)
(13.8 3.4 2.4375)
(14.2 3.4 2.4375)
(14.6 3.4 2.4375)
(15 3.4 2.4375)
(15.4 3.4 2.4375)
(15.8 3.4 2.4375)
(16.2 3.4 2.4375)
(16.6 3.4 2.4375)
(17 3.4 2.4375)
(17.4 3.4 2.4375)
(17.8 3.4 2.4375)
(18.2 3.4 2.4375)
(18.6 3.4 2.4375)
(19 3.4 2.4375)
(19.4 3.4 2.4375)
(19.8 3.4 2.4375)
(20.2 3.4 2.4375)
(20.6 3.4 2.4375)
(21 3.4 2.4375)
(21.4 3.4 2.4375)
(21.8 3.4 2.4375)
(22.2 3.4 2.4375)
(22.6 3.4 2.4375)
(23 3.4 2.4375)
(23.4 3.4 2.4375)
(23.8 3.4 2.4375)
(24.2 3.4 2.4375)
(24.6 3.4 2.4375)
(25 3.4 2.4375)
(25.4 3.4 2.4375)
(25.8 3.4 2.4375)
(26.2 3.4 2.4375)
(26.6 3.4 2.4375)
(27 3.4 2.4375)
(27.4 3.4 2.4375)
(27.8 3.4 2.4375)
(0.2 3.8 2.4375)
(0.6 3.8 2.4375)
(1 3.8 2.4375)
(1.4 3.8 2.4375)
(1.8 3.8 2.4375)
(2.2 3.8 2.4375)
(2.6 3.8 2.4375)
(3 3.8 2.4375)
(3.4 3.8 2.4375)
(3.8 3.8 2.4375)
(4.2 3.8 2.4375)
(4.6 3.8 2.4375)
(5 3.8 2.4375)
(5.4 3.8 2.4375)
(5.8 3.8 2.4375)
(6.2 3.8 2.4375)
(6.6 3.8 2.4375)
(7 3.8 2.4375)
(7.4 3.8 2.4375)
(7.8 3.8 2.4375)
(8.2 3.8 2.4375)
(8.6 3.8 2.4375)
(9 3.8 2.4375)
(9.4 3.8 2.4375)
(9.8 3.8 2.4375)
(10.2 3.8 2.4375)
(10.6 3.8 2.4375)
(11 3.8 2.4375)
(11.4 3.8 2.4375)
(11.8 3.8 2.4375)
(12.2 3.8 2.4375)
(12.6 3.8 2.4375)
(13 3.8 2.4375)
(13.4 3.8 2.4375)
(13.8 3.8 2.4375)
(14.2 3.8 2.4375)
(14.6 3.8 2.4375)
(15 3.8 2.4375)
(15.4 3.8 2.4375)
(15.8 3.8 2.4375)
(16.2 3.8 2.4375)
(16.6 3.8 2.4375)
(17 3.8 2.4375)
(17.4 3.8 2.4375)
(17.8 3.8 2.4375)
(18.2 3.8 2.4375)
(18.6 3.8 2.4375)
(19 3.8 2.4375)
(19.4 3.8 2.4375)
(19.8 3.8 2.4375)
(20.2 3.8 2.4375)
(20.6 3.8 2.4375)
(21 3.8 2.4375)
(21.4 3.8 2.4375)
(21.8 3.8 2.4375)
(22.2 3.8 2.4375)
(22.6 3.8 2.4375)
(23 3.8 2.4375)
(23.4 3.8 2.4375)
(23.8 3.8 2.4375)
(24.2 3.8 2.4375)
(24.6 3.8 2.4375)
(25 3.8 2.4375)
(25.4 3.8 2.4375)
(25.8 3.8 2.4375)
(26.2 3.8 2.4375)
(26.6 3.8 2.4375)
(27 3.8 2.4375)
(27.4 3.8 2.4375)
(27.8 3.8 2.4375)
(0.2 0.2 2.8125)
(0.6 0.2 2.8125)
(1 0.2 2.8125)
(1.4 0.2 2.8125)
(1.8 0.2 2.8125)
(2.2 0.2 2.8125)
(2.6 0.2 2.8125)
(3 0.2 2.8125)
(3.4 0.2 2.8125)
(3.8 0.2 2.8125)
(4.2 0.2 2.8125)
(4.6 0.2 2.8125)
(5 0.2 2.8125)
(5.4 0.2 2.8125)
(5.8 0.2 2.8125)
(6.2 0.2 2.8125)
(6.6 0.2 2.8125)
(7 0.2 2.8125)
(7.4 0.2 2.8125)
(7.8 0.2 2.8125)
(8.2 0.2 2.8125)
(8.6 0.2 2.8125)
(9 0.2 2.8125)
(9.4 0.2 2.8125)
(9.8 0.2 2.8125)
(10.2 0.2 2.8125)
(10.6 0.2 2.8125)
(11 0.2 2.8125)
(11.4 0.2 2.8125)
(11.8 0.2 2.8125)
(12.2 0.2 2.8125)
(12.6 0.2 2.8125)
(13 0.2 2.8125)
(13.4 0.2 2.8125)
(13.8 0.2 2.8125)
(14.2 0.2 2.8125)
(14.6 0.2 2.8125)
(15 0.2 2.8125)
(15.4 0.2 2.8125)
(15.8 0.2 2.8125)
(16.2 0.2 2.8125)
(16.6 0.2 2.8125)
(17 0.2 2.8125)
(17.4 0.2 2.8125)
(17.8 0.2 2.8125)
(18.2 0.2 2.8125)
(18.6 0.2 2.8125)
(19 0.2 2.8125)
(19.4 0.2 2.8125)
(19.8 0.2 2.8125)
(20.2 0.2 2.8125)
(20.6 0.2 2.8125)
(21 0.2 2.8125)
(21.4 0.2 2.8125)
(21.8 0.2 2.8125)
(22.2 0.2 2.8125)
(22.6 0.2 2.8125)
(23 0.2 2.8125)
(23.4 0.2 2.8125)
(23.8 0.2 2.8125)
(24.2 0.2 2.8125)
(24.6 0.2 2.8125)
(25 0.2 2.8125)
(25.4 0.2 2.8125)
(25.8 0.2 2.8125)
(26.2 0.2 2.8125)
(26.6 0.2 2.8125)
(27 0.2 2.8125)
(27.4 0.2 2.8125)
(27.8 0.2 2.8125)
(0.2 0.6 2.8125)
(0.6 0.6 2.8125)
(1 0.6 2.8125)
(1.4 0.6 2.8125)
(1.8 0.6 2.8125)
(2.2 0.6 2.8125)
(2.6 0.6 2.8125)
(3 0.6 2.8125)
(3.4 0.6 2.8125)
(3.8 0.6 2.8125)
(4.2 0.6 2.8125)
(4.6 0.6 2.8125)
(5 0.6 2.8125)
(5.4 0.6 2.8125)
(5.8 0.6 2.8125)
(6.2 0.6 2.8125)
(6.6 0.6 2.8125)
(7 0.6 2.8125)
(7.4 0.6 2.8125)
(7.8 0.6 2.8125)
(8.2 0.6 2.8125)
(8.6 0.6 2.8125)
(9 0.6 2.8125)
(9.4 0.6 2.8125)
(9.8 0.6 2.8125)
(10.2 0.6 2.8125)
(10.6 0.6 2.8125)
(11 0.6 2.8125)
(11.4 0.6 2.8125)
(11.8 0.6 2.8125)
(12.2 0.6 2.8125)
(12.6 0.6 2.8125)
(13 0.6 2.8125)
(13.4 0.6 2.8125)
(13.8 0.6 2.8125)
(14.2 0.6 2.8125)
(14.6 0.6 2.8125)
(15 0.6 2.8125)
(15.4 0.6 2.8125)
(15.8 0.6 2.8125)
(16.2 0.6 2.8125)
(16.6 0.6 2.8125)
(17 0.6 2.8125)
(17.4 0.6 2.8125)
(17.8 0.6 2.8125)
(18.2 0.6 2.8125)
(18.6 0.6 2.8125)
(19 0.6 2.8125)
(19.4 0.6 2.8125)
(19.8 0.6 2.8125)
(20.2 0.6 2.8125)
(20.6 0.6 2.8125)
(21 0.6 2.8125)
(21.4 0.6 2.8125)
(21.8 0.6 2.8125)
(22.2 0.6 2.8125)
(22.6 0.6 2.8125)
(23 0.6 2.8125)
(23.4 0.6 2.8125)
(23.8 0.6 2.8125)
(24.2 0.6 2.8125)
(24.6 0.6 2.8125)
(25 0.6 2.8125)
(25.4 0.6 2.8125)
(25.8 0.6 2.8125)
(26.2 0.6 2.8125)
(26.6 0.6 2.8125)
(27 0.6 2.8125)
(27.4 0.6 2.8125)
(27.8 0.6 2.8125)
(0.2 1 2.8125)
(0.6 1 2.8125)
(1 1 2.8125)
(1.4 1 2.8125)
(1.8 1 2.8125)
(2.2 1 2.8125)
(2.6 1 2.8125)
(3 1 2.8125)
(3.4 1 2.8125)
(3.8 1 2.8125)
(4.2 1 2.8125)
(4.6 1 2.8125)
(5 1 2.8125)
(5.4 1 2.8125)
(5.8 1 2.8125)
(6.2 1 2.8125)
(6.6 1 2.8125)
(7 1 2.8125)
(7.4 1 2.8125)
(7.8 1 2.8125)
(8.2 1 2.8125)
(8.6 1 2.8125)
(9 1 2.8125)
(9.4 1 2.8125)
(9.8 1 2.8125)
(10.2 1 2.8125)
(10.6 1 2.8125)
(11 1 2.8125)
(11.4 1 2.8125)
(11.8 1 2.8125)
(12.2 1 2.8125)
(12.6 1 2.8125)
(13 1 2.8125)
(13.4 1 2.8125)
(13.8 1 2.8125)
(14.2 1 2.8125)
(14.6 1 2.8125)
(15 1 2.8125)
(15.4 1 2.8125)
(15.8 1 2.8125)
(16.2 1 2.8125)
(16.6 1 2.8125)
(17 1 2.8125)
(17.4 1 2.8125)
(17.8 1 2.8125)
(18.2 1 2.8125)
(18.6 1 2.8125)
(19 1 2.8125)
(19.4 1 2.8125)
(19.8 1 2.8125)
(20.2 1 2.8125)
(20.6 1 2.8125)
(21 1 2.8125)
(21.4 1 2.8125)
(21.8 1 2.8125)
(22.2 1 2.8125)
(22.6 1 2.8125)
(23 1 2.8125)
(23.4 1 2.8125)
(23.8 1 2.8125)
(24.2 1 2.8125)
(24.6 1 2.8125)
(25 1 2.8125)
(25.4 1 2.8125)
(25.8 1 2.8125)
(26.2 1 2.8125)
(26.6 1 2.8125)
(27 1 2.8125)
(27.4 1 2.8125)
(27.8 1 2.8125)
(0.2 1.4 2.8125)
(0.6 1.4 2.8125)
(1 1.4 2.8125)
(1.4 1.4 2.8125)
(1.8 1.4 2.8125)
(2.2 1.4 2.8125)
(2.6 1.4 2.8125)
(3 1.4 2.8125)
(3.4 1.4 2.8125)
(3.8 1.4 2.8125)
(4.2 1.4 2.8125)
(4.6 1.4 2.8125)
(5 1.4 2.8125)
(5.4 1.4 2.8125)
(5.8 1.4 2.8125)
(6.2 1.4 2.8125)
(6.6 1.4 2.8125)
(7 1.4 2.8125)
(7.4 1.4 2.8125)
(7.8 1.4 2.8125)
(8.2 1.4 2.8125)
(8.6 1.4 2.8125)
(9 1.4 2.8125)
(9.4 1.4 2.8125)
(9.8 1.4 2.8125)
(10.2 1.4 2.8125)
(10.6 1.4 2.8125)
(11 1.4 2.8125)
(11.4 1.4 2.8125)
(11.8 1.4 2.8125)
(12.2 1.4 2.8125)
(12.6 1.4 2.8125)
(13 1.4 2.8125)
(13.4 1.4 2.8125)
(13.8 1.4 2.8125)
(14.2 1.4 2.8125)
(14.6 1.4 2.8125)
(15 1.4 2.8125)
(15.4 1.4 2.8125)
(15.8 1.4 2.8125)
(16.2 1.4 2.8125)
(16.6 1.4 2.8125)
(17 1.4 2.8125)
(17.4 1.4 2.8125)
(17.8 1.4 2.8125)
(18.2 1.4 2.8125)
(18.6 1.4 2.8125)
(19 1.4 2.8125)
(19.4 1.4 2.8125)
(19.8 1.4 2.8125)
(20.2 1.4 2.8125)
(20.6 1.4 2.8125)
(21 1.4 2.8125)
(21.4 1.4 2.8125)
(21.8 1.4 2.8125)
(22.2 1.4 2.8125)
(22.6 1.4 2.8125)
(23 1.4 2.8125)
(23.4 1.4 2.8125)
(23.8 1.4 2.8125)
(24.2 1.4 2.8125)
(24.6 1.4 2.8125)
(25 1.4 2.8125)
(25.4 1.4 2.8125)
(25.8 1.4 2.8125)
(26.2 1.4 2.8125)
(26.6 1.4 2.8125)
(27 1.4 2.8125)
(27.4 1.4 2.8125)
(27.8 1.4 2.8125)
(0.2 1.8 2.8125)
(0.6 1.8 2.8125)
(1 1.8 2.8125)
(1.4 1.8 2.8125)
(1.8 1.8 2.8125)
(2.2 1.8 2.8125)
(2.6 1.8 2.8125)
(3 1.8 2.8125)
(3.4 1.8 2.8125)
(3.8 1.8 2.8125)
(4.2 1.8 2.8125)
(4.6 1.8 2.8125)
(5 1.8 2.8125)
(5.4 1.8 2.8125)
(5.8 1.8 2.8125)
(6.2 1.8 2.8125)
(6.6 1.8 2.8125)
(7 1.8 2.8125)
(7.4 1.8 2.8125)
(7.8 1.8 2.8125)
(8.2 1.8 2.8125)
(8.6 1.8 2.8125)
(9 1.8 2.8125)
(9.4 1.8 2.8125)
(9.8 1.8 2.8125)
(10.2 1.8 2.8125)
(10.6 1.8 2.8125)
(11 1.8 2.8125)
(11.4 1.8 2.8125)
(11.8 1.8 2.8125)
(12.2 1.8 2.8125)
(12.6 1.8 2.8125)
(13 1.8 2.8125)
(13.4 1.8 2.8125)
(13.8 1.8 2.8125)
(14.2 1.8 2.8125)
(14.6 1.8 2.8125)
(15 1.8 2.8125)
(15.4 1.8 2.8125)
(15.8 1.8 2.8125)
(16.2 1.8 2.8125)
(16.6 1.8 2.8125)
(17 1.8 2.8125)
(17.4 1.8 2.8125)
(17.8 1.8 2.8125)
(18.2 1.8 2.8125)
(18.6 1.8 2.8125)
(19 1.8 2.8125)
(19.4 1.8 2.8125)
(19.8 1.8 2.8125)
(20.2 1.8 2.8125)
(20.6 1.8 2.8125)
(21 1.8 2.8125)
(21.4 1.8 2.8125)
(21.8 1.8 2.8125)
(22.2 1.8 2.8125)
(22.6 1.8 2.8125)
(23 1.8 2.8125)
(23.4 1.8 2.8125)
(23.8 1.8 2.8125)
(24.2 1.8 2.8125)
(24.6 1.8 2.8125)
(25 1.8 2.8125)
(25.4 1.8 2.8125)
(25.8 1.8 2.8125)
(26.2 1.8 2.8125)
(26.6 1.8 2.8125)
(27 1.8 2.8125)
(27.4 1.8 2.8125)
(27.8 1.8 2.8125)
(0.2 2.2 2.8125)
(0.6 2.2 2.8125)
(1 2.2 2.8125)
(1.4 2.2 2.8125)
(1.8 2.2 2.8125)
(2.2 2.2 2.8125)
(2.6 2.2 2.8125)
(3 2.2 2.8125)
(3.4 2.2 2.8125)
(3.8 2.2 2.8125)
(4.2 2.2 2.8125)
(4.6 2.2 2.8125)
(5 2.2 2.8125)
(5.4 2.2 2.8125)
(5.8 2.2 2.8125)
(6.2 2.2 2.8125)
(6.6 2.2 2.8125)
(7 2.2 2.8125)
(7.4 2.2 2.8125)
(7.8 2.2 2.8125)
(8.2 2.2 2.8125)
(8.6 2.2 2.8125)
(9 2.2 2.8125)
(9.4 2.2 2.8125)
(9.8 2.2 2.8125)
(10.2 2.2 2.8125)
(10.6 2.2 2.8125)
(11 2.2 2.8125)
(11.4 2.2 2.8125)
(11.8 2.2 2.8125)
(12.2 2.2 2.8125)
(12.6 2.2 2.8125)
(13 2.2 2.8125)
(13.4 2.2 2.8125)
(13.8 2.2 2.8125)
(14.2 2.2 2.8125)
(14.6 2.2 2.8125)
(15 2.2 2.8125)
(15.4 2.2 2.8125)
(15.8 2.2 2.8125)
(16.2 2.2 2.8125)
(16.6 2.2 2.8125)
(17 2.2 2.8125)
(17.4 2.2 2.8125)
(17.8 2.2 2.8125)
(18.2 2.2 2.8125)
(18.6 2.2 2.8125)
(19 2.2 2.8125)
(19.4 2.2 2.8125)
(19.8 2.2 2.8125)
(20.2 2.2 2.8125)
(20.6 2.2 2.8125)
(21 2.2 2.8125)
(21.4 2.2 2.8125)
(21.8 2.2 2.8125)
(22.2 2.2 2.8125)
(22.6 2.2 2.8125)
(23 2.2 2.8125)
(23.4 2.2 2.8125)
(23.8 2.2 2.8125)
(24.2 2.2 2.8125)
(24.6 2.2 2.8125)
(25 2.2 2.8125)
(25.4 2.2 2.8125)
(25.8 2.2 2.8125)
(26.2 2.2 2.8125)
(26.6 2.2 2.8125)
(27 2.2 2.8125)
(27.4 2.2 2.8125)
(27.8 2.2 2.8125)
(0.2 2.6 2.8125)
(0.6 2.6 2.8125)
(1 2.6 2.8125)
(1.4 2.6 2.8125)
(1.8 2.6 2.8125)
(2.2 2.6 2.8125)
(2.6 2.6 2.8125)
(3 2.6 2.8125)
(3.4 2.6 2.8125)
(3.8 2.6 2.8125)
(4.2 2.6 2.8125)
(4.6 2.6 2.8125)
(5 2.6 2.8125)
(5.4 2.6 2.8125)
(5.8 2.6 2.8125)
(6.2 2.6 2.8125)
(6.6 2.6 2.8125)
(7 2.6 2.8125)
(7.4 2.6 2.8125)
(7.8 2.6 2.8125)
(8.2 2.6 2.8125)
(8.6 2.6 2.8125)
(9 2.6 2.8125)
(9.4 2.6 2.8125)
(9.8 2.6 2.8125)
(10.2 2.6 2.8125)
(10.6 2.6 2.8125)
(11 2.6 2.8125)
(11.4 2.6 2.8125)
(11.8 2.6 2.8125)
(12.2 2.6 2.8125)
(12.6 2.6 2.8125)
(13 2.6 2.8125)
(13.4 2.6 2.8125)
(13.8 2.6 2.8125)
(14.2 2.6 2.8125)
(14.6 2.6 2.8125)
(15 2.6 2.8125)
(15.4 2.6 2.8125)
(15.8 2.6 2.8125)
(16.2 2.6 2.8125)
(16.6 2.6 2.8125)
(17 2.6 2.8125)
(17.4 2.6 2.8125)
(17.8 2.6 2.8125)
(18.2 2.6 2.8125)
(18.6 2.6 2.8125)
(19 2.6 2.8125)
(19.4 2.6 2.8125)
(19.8 2.6 2.8125)
(20.2 2.6 2.8125)
(20.6 2.6 2.8125)
(21 2.6 2.8125)
(21.4 2.6 2.8125)
(21.8 2.6 2.8125)
(22.2 2.6 2.8125)
(22.6 2.6 2.8125)
(23 2.6 2.8125)
(23.4 2.6 2.8125)
(23.8 2.6 2.8125)
(24.2 2.6 2.8125)
(24.6 2.6 2.8125)
(25 2.6 2.8125)
(25.4 2.6 2.8125)
(25.8 2.6 2.8125)
(26.2 2.6 2.8125)
(26.6 2.6 2.8125)
(27 2.6 2.8125)
(27.4 2.6 2.8125)
(27.8 2.6 2.8125)
(0.2 3 2.8125)
(0.6 3 2.8125)
(1 3 2.8125)
(1.4 3 2.8125)
(1.8 3 2.8125)
(2.2 3 2.8125)
(2.6 3 2.8125)
(3 3 2.8125)
(3.4 3 2.8125)
(3.8 3 2.8125)
(4.2 3 2.8125)
(4.6 3 2.8125)
(5 3 2.8125)
(5.4 3 2.8125)
(5.8 3 2.8125)
(6.2 3 2.8125)
(6.6 3 2.8125)
(7 3 2.8125)
(7.4 3 2.8125)
(7.8 3 2.8125)
(8.2 3 2.8125)
(8.6 3 2.8125)
(9 3 2.8125)
(9.4 3 2.8125)
(9.8 3 2.8125)
(10.2 3 2.8125)
(10.6 3 2.8125)
(11 3 2.8125)
(11.4 3 2.8125)
(11.8 3 2.8125)
(12.2 3 2.8125)
(12.6 3 2.8125)
(13 3 2.8125)
(13.4 3 2.8125)
(13.8 3 2.8125)
(14.2 3 2.8125)
(14.6 3 2.8125)
(15 3 2.8125)
(15.4 3 2.8125)
(15.8 3 2.8125)
(16.2 3 2.8125)
(16.6 3 2.8125)
(17 3 2.8125)
(17.4 3 2.8125)
(17.8 3 2.8125)
(18.2 3 2.8125)
(18.6 3 2.8125)
(19 3 2.8125)
(19.4 3 2.8125)
(19.8 3 2.8125)
(20.2 3 2.8125)
(20.6 3 2.8125)
(21 3 2.8125)
(21.4 3 2.8125)
(21.8 3 2.8125)
(22.2 3 2.8125)
(22.6 3 2.8125)
(23 3 2.8125)
(23.4 3 2.8125)
(23.8 3 2.8125)
(24.2 3 2.8125)
(24.6 3 2.8125)
(25 3 2.8125)
(25.4 3 2.8125)
(25.8 3 2.8125)
(26.2 3 2.8125)
(26.6 3 2.8125)
(27 3 2.8125)
(27.4 3 2.8125)
(27.8 3 2.8125)
(0.2 3.4 2.8125)
(0.6 3.4 2.8125)
(1 3.4 2.8125)
(1.4 3.4 2.8125)
(1.8 3.4 2.8125)
(2.2 3.4 2.8125)
(2.6 3.4 2.8125)
(3 3.4 2.8125)
(3.4 3.4 2.8125)
(3.8 3.4 2.8125)
(4.2 3.4 2.8125)
(4.6 3.4 2.8125)
(5 3.4 2.8125)
(5.4 3.4 2.8125)
(5.8 3.4 2.8125)
(6.2 3.4 2.8125)
(6.6 3.4 2.8125)
(7 3.4 2.8125)
(7.4 3.4 2.8125)
(7.8 3.4 2.8125)
(8.2 3.4 2.8125)
(8.6 3.4 2.8125)
(9 3.4 2.8125)
(9.4 3.4 2.8125)
(9.8 3.4 2.8125)
(10.2 3.4 2.8125)
(10.6 3.4 2.8125)
(11 3.4 2.8125)
(11.4 3.4 2.8125)
(11.8 3.4 2.8125)
(12.2 3.4 2.8125)
(12.6 3.4 2.8125)
(13 3.4 2.8125)
(13.4 3.4 2.8125)
(13.8 3.4 2.8125)
(14.2 3.4 2.8125)
(14.6 3.4 2.8125)
(15 3.4 2.8125)
(15.4 3.4 2.8125)
(15.8 3.4 2.8125)
(16.2 3.4 2.8125)
(16.6 3.4 2.8125)
(17 3.4 2.8125)
(17.4 3.4 2.8125)
(17.8 3.4 2.8125)
(18.2 3.4 2.8125)
(18.6 3.4 2.8125)
(19 3.4 2.8125)
(19.4 3.4 2.8125)
(19.8 3.4 2.8125)
(20.2 3.4 2.8125)
(20.6 3.4 2.8125)
(21 3.4 2.8125)
(21.4 3.4 2.8125)
(21.8 3.4 2.8125)
(22.2 3.4 2.8125)
(22.6 3.4 2.8125)
(23 3.4 2.8125)
(23.4 3.4 2.8125)
(23.8 3.4 2.8125)
(24.2 3.4 2.8125)
(24.6 3.4 2.8125)
(25 3.4 2.8125)
(25.4 3.4 2.8125)
(25.8 3.4 2.8125)
(26.2 3.4 2.8125)
(26.6 3.4 2.8125)
(27 3.4 2.8125)
(27.4 3.4 2.8125)
(27.8 3.4 2.8125)
(0.2 3.8 2.8125)
(0.6 3.8 2.8125)
(1 3.8 2.8125)
(1.4 3.8 2.8125)
(1.8 3.8 2.8125)
(2.2 3.8 2.8125)
(2.6 3.8 2.8125)
(3 3.8 2.8125)
(3.4 3.8 2.8125)
(3.8 3.8 2.8125)
(4.2 3.8 2.8125)
(4.6 3.8 2.8125)
(5 3.8 2.8125)
(5.4 3.8 2.8125)
(5.8 3.8 2.8125)
(6.2 3.8 2.8125)
(6.6 3.8 2.8125)
(7 3.8 2.8125)
(7.4 3.8 2.8125)
(7.8 3.8 2.8125)
(8.2 3.8 2.8125)
(8.6 3.8 2.8125)
(9 3.8 2.8125)
(9.4 3.8 2.8125)
(9.8 3.8 2.8125)
(10.2 3.8 2.8125)
(10.6 3.8 2.8125)
(11 3.8 2.8125)
(11.4 3.8 2.8125)
(11.8 3.8 2.8125)
(12.2 3.8 2.8125)
(12.6 3.8 2.8125)
(13 3.8 2.8125)
(13.4 3.8 2.8125)
(13.8 3.8 2.8125)
(14.2 3.8 2.8125)
(14.6 3.8 2.8125)
(15 3.8 2.8125)
(15.4 3.8 2.8125)
(15.8 3.8 2.8125)
(16.2 3.8 2.8125)
(16.6 3.8 2.8125)
(17 3.8 2.8125)
(17.4 3.8 2.8125)
(17.8 3.8 2.8125)
(18.2 3.8 2.8125)
(18.6 3.8 2.8125)
(19 3.8 2.8125)
(19.4 3.8 2.8125)
(19.8 3.8 2.8125)
(20.2 3.8 2.8125)
(20.6 3.8 2.8125)
(21 3.8 2.8125)
(21.4 3.8 2.8125)
(21.8 3.8 2.8125)
(22.2 3.8 2.8125)
(22.6 3.8 2.8125)
(23 3.8 2.8125)
(23.4 3.8 2.8125)
(23.8 3.8 2.8125)
(24.2 3.8 2.8125)
(24.6 3.8 2.8125)
(25 3.8 2.8125)
(25.4 3.8 2.8125)
(25.8 3.8 2.8125)
(26.2 3.8 2.8125)
(26.6 3.8 2.8125)
(27 3.8 2.8125)
(27.4 3.8 2.8125)
(27.8 3.8 2.8125)
(28.2 0.2 0.1875)
(28.6 0.2 0.1875)
(29 0.2 0.1875)
(29.4 0.2 0.1875)
(29.8 0.2 0.1875)
(30.2 0.2 0.1875)
(30.6 0.2 0.1875)
(31 0.2 0.1875)
(31.4 0.2 0.1875)
(31.8 0.2 0.1875)
(32.2 0.2 0.1875)
(32.6 0.2 0.1875)
(33 0.2 0.1875)
(33.4 0.2 0.1875)
(33.8 0.2 0.1875)
(34.2 0.2 0.1875)
(34.6 0.2 0.1875)
(35 0.2 0.1875)
(35.4 0.2 0.1875)
(35.8 0.2 0.1875)
(36.2 0.2 0.1875)
(36.6 0.2 0.1875)
(37 0.2 0.1875)
(37.4 0.2 0.1875)
(37.8 0.2 0.1875)
(28.2 0.6 0.1875)
(28.6 0.6 0.1875)
(29 0.6 0.1875)
(29.4 0.6 0.1875)
(29.8 0.6 0.1875)
(30.2 0.6 0.1875)
(30.6 0.6 0.1875)
(31 0.6 0.1875)
(31.4 0.6 0.1875)
(31.8 0.6 0.1875)
(32.2 0.6 0.1875)
(32.6 0.6 0.1875)
(33 0.6 0.1875)
(33.4 0.6 0.1875)
(33.8 0.6 0.1875)
(34.2 0.6 0.1875)
(34.6 0.6 0.1875)
(35 0.6 0.1875)
(35.4 0.6 0.1875)
(35.8 0.6 0.1875)
(36.2 0.6 0.1875)
(36.6 0.6 0.1875)
(37 0.6 0.1875)
(37.4 0.6 0.1875)
(37.8 0.6 0.1875)
(28.2 1 0.1875)
(28.6 1 0.1875)
(29 1 0.1875)
(29.4 1 0.1875)
(29.8 1 0.1875)
(30.2 1 0.1875)
(30.6 1 0.1875)
(31 1 0.1875)
(31.4 1 0.1875)
(31.8 1 0.1875)
(32.2 1 0.1875)
(32.6 1 0.1875)
(33 1 0.1875)
(33.4 1 0.1875)
(33.8 1 0.1875)
(34.2 1 0.1875)
(34.6 1 0.1875)
(35 1 0.1875)
(35.4 1 0.1875)
(35.8 1 0.1875)
(36.2 1 0.1875)
(36.6 1 0.1875)
(37 1 0.1875)
(37.4 1 0.1875)
(37.8 1 0.1875)
(28.2 1.4 0.1875)
(28.6 1.4 0.1875)
(29 1.4 0.1875)
(29.4 1.4 0.1875)
(29.8 1.4 0.1875)
(30.2 1.4 0.1875)
(30.6 1.4 0.1875)
(31 1.4 0.1875)
(31.4 1.4 0.1875)
(31.8 1.4 0.1875)
(32.2 1.4 0.1875)
(32.6 1.4 0.1875)
(33 1.4 0.1875)
(33.4 1.4 0.1875)
(33.8 1.4 0.1875)
(34.2 1.4 0.1875)
(34.6 1.4 0.1875)
(35 1.4 0.1875)
(35.4 1.4 0.1875)
(35.8 1.4 0.1875)
(36.2 1.4 0.1875)
(36.6 1.4 0.1875)
(37 1.4 0.1875)
(37.4 1.4 0.1875)
(37.8 1.4 0.1875)
(28.2 1.8 0.1875)
(28.6 1.8 0.1875)
(29 1.8 0.1875)
(29.4 1.8 0.1875)
(29.8 1.8 0.1875)
(30.2 1.8 0.1875)
(30.6 1.8 0.1875)
(31 1.8 0.1875)
(31.4 1.8 0.1875)
(31.8 1.8 0.1875)
(32.2 1.8 0.1875)
(32.6 1.8 0.1875)
(33 1.8 0.1875)
(33.4 1.8 0.1875)
(33.8 1.8 0.1875)
(34.2 1.8 0.1875)
(34.6 1.8 0.1875)
(35 1.8 0.1875)
(35.4 1.8 0.1875)
(35.8 1.8 0.1875)
(36.2 1.8 0.1875)
(36.6 1.8 0.1875)
(37 1.8 0.1875)
(37.4 1.8 0.1875)
(37.8 1.8 0.1875)
(28.2 2.2 0.1875)
(28.6 2.2 0.1875)
(29 2.2 0.1875)
(29.4 2.2 0.1875)
(29.8 2.2 0.1875)
(30.2 2.2 0.1875)
(30.6 2.2 0.1875)
(31 2.2 0.1875)
(31.4 2.2 0.1875)
(31.8 2.2 0.1875)
(32.2 2.2 0.1875)
(32.6 2.2 0.1875)
(33 2.2 0.1875)
(33.4 2.2 0.1875)
(33.8 2.2 0.1875)
(34.2 2.2 0.1875)
(34.6 2.2 0.1875)
(35 2.2 0.1875)
(35.4 2.2 0.1875)
(35.8 2.2 0.1875)
(36.2 2.2 0.1875)
(36.6 2.2 0.1875)
(37 2.2 0.1875)
(37.4 2.2 0.1875)
(37.8 2.2 0.1875)
(28.2 2.6 0.1875)
(28.6 2.6 0.1875)
(29 2.6 0.1875)
(29.4 2.6 0.1875)
(29.8 2.6 0.1875)
(30.2 2.6 0.1875)
(30.6 2.6 0.1875)
(31 2.6 0.1875)
(31.4 2.6 0.1875)
(31.8 2.6 0.1875)
(32.2 2.6 0.1875)
(32.6 2.6 0.1875)
(33 2.6 0.1875)
(33.4 2.6 0.1875)
(33.8 2.6 0.1875)
(34.2 2.6 0.1875)
(34.6 2.6 0.1875)
(35 2.6 0.1875)
(35.4 2.6 0.1875)
(35.8 2.6 0.1875)
(36.2 2.6 0.1875)
(36.6 2.6 0.1875)
(37 2.6 0.1875)
(37.4 2.6 0.1875)
(37.8 2.6 0.1875)
(28.2 3 0.1875)
(28.6 3 0.1875)
(29 3 0.1875)
(29.4 3 0.1875)
(29.8 3 0.1875)
(30.2 3 0.1875)
(30.6 3 0.1875)
(31 3 0.1875)
(31.4 3 0.1875)
(31.8 3 0.1875)
(32.2 3 0.1875)
(32.6 3 0.1875)
(33 3 0.1875)
(33.4 3 0.1875)
(33.8 3 0.1875)
(34.2 3 0.1875)
(34.6 3 0.1875)
(35 3 0.1875)
(35.4 3 0.1875)
(35.8 3 0.1875)
(36.2 3 0.1875)
(36.6 3 0.1875)
(37 3 0.1875)
(37.4 3 0.1875)
(37.8 3 0.1875)
(28.2 3.4 0.1875)
(28.6 3.4 0.1875)
(29 3.4 0.1875)
(29.4 3.4 0.1875)
(29.8 3.4 0.1875)
(30.2 3.4 0.1875)
(30.6 3.4 0.1875)
(31 3.4 0.1875)
(31.4 3.4 0.1875)
(31.8 3.4 0.1875)
(32.2 3.4 0.1875)
(32.6 3.4 0.1875)
(33 3.4 0.1875)
(33.4 3.4 0.1875)
(33.8 3.4 0.1875)
(34.2 3.4 0.1875)
(34.6 3.4 0.1875)
(35 3.4 0.1875)
(35.4 3.4 0.1875)
(35.8 3.4 0.1875)
(36.2 3.4 0.1875)
(36.6 3.4 0.1875)
(37 3.4 0.1875)
(37.4 3.4 0.1875)
(37.8 3.4 0.1875)
(28.2 3.8 0.1875)
(28.6 3.8 0.1875)
(29 3.8 0.1875)
(29.4 3.8 0.1875)
(29.8 3.8 0.1875)
(30.2 3.8 0.1875)
(30.6 3.8 0.1875)
(31 3.8 0.1875)
(31.4 3.8 0.1875)
(31.8 3.8 0.1875)
(32.2 3.8 0.1875)
(32.6 3.8 0.1875)
(33 3.8 0.1875)
(33.4 3.8 0.1875)
(33.8 3.8 0.1875)
(34.2 3.8 0.1875)
(34.6 3.8 0.1875)
(35 3.8 0.1875)
(35.4 3.8 0.1875)
(35.8 3.8 0.1875)
(36.2 3.8 0.1875)
(36.6 3.8 0.1875)
(37 3.8 0.1875)
(37.4 3.8 0.1875)
(37.8 3.8 0.1875)
(28.2 0.2 0.5625)
(28.6 0.2 0.5625)
(29 0.2 0.5625)
(29.4 0.2 0.5625)
(29.8 0.2 0.5625)
(30.2 0.2 0.5625)
(30.6 0.2 0.5625)
(31 0.2 0.5625)
(31.4 0.2 0.5625)
(31.8 0.2 0.5625)
(32.2 0.2 0.5625)
(32.6 0.2 0.5625)
(33 0.2 0.5625)
(33.4 0.2 0.5625)
(33.8 0.2 0.5625)
(34.2 0.2 0.5625)
(34.6 0.2 0.5625)
(35 0.2 0.5625)
(35.4 0.2 0.5625)
(35.8 0.2 0.5625)
(36.2 0.2 0.5625)
(36.6 0.2 0.5625)
(37 0.2 0.5625)
(37.4 0.2 0.5625)
(37.8 0.2 0.5625)
(28.2 0.6 0.5625)
(28.6 0.6 0.5625)
(29 0.6 0.5625)
(29.4 0.6 0.5625)
(29.8 0.6 0.5625)
(30.2 0.6 0.5625)
(30.6 0.6 0.5625)
(31 0.6 0.5625)
(31.4 0.6 0.5625)
(31.8 0.6 0.5625)
(32.2 0.6 0.5625)
(32.6 0.6 0.5625)
(33 0.6 0.5625)
(33.4 0.6 0.5625)
(33.8 0.6 0.5625)
(34.2 0.6 0.5625)
(34.6 0.6 0.5625)
(35 0.6 0.5625)
(35.4 0.6 0.5625)
(35.8 0.6 0.5625)
(36.2 0.6 0.5625)
(36.6 0.6 0.5625)
(37 0.6 0.5625)
(37.4 0.6 0.5625)
(37.8 0.6 0.5625)
(28.2 1 0.5625)
(28.6 1 0.5625)
(29 1 0.5625)
(29.4 1 0.5625)
(29.8 1 0.5625)
(30.2 1 0.5625)
(30.6 1 0.5625)
(31 1 0.5625)
(31.4 1 0.5625)
(31.8 1 0.5625)
(32.2 1 0.5625)
(32.6 1 0.5625)
(33 1 0.5625)
(33.4 1 0.5625)
(33.8 1 0.5625)
(34.2 1 0.5625)
(34.6 1 0.5625)
(35 1 0.5625)
(35.4 1 0.5625)
(35.8 1 0.5625)
(36.2 1 0.5625)
(36.6 1 0.5625)
(37 1 0.5625)
(37.4 1 0.5625)
(37.8 1 0.5625)
(28.2 1.4 0.5625)
(28.6 1.4 0.5625)
(29 1.4 0.5625)
(29.4 1.4 0.5625)
(29.8 1.4 0.5625)
(30.2 1.4 0.5625)
(30.6 1.4 0.5625)
(31 1.4 0.5625)
(31.4 1.4 0.5625)
(31.8 1.4 0.5625)
(32.2 1.4 0.5625)
(32.6 1.4 0.5625)
(33 1.4 0.5625)
(33.4 1.4 0.5625)
(33.8 1.4 0.5625)
(34.2 1.4 0.5625)
(34.6 1.4 0.5625)
(35 1.4 0.5625)
(35.4 1.4 0.5625)
(35.8 1.4 0.5625)
(36.2 1.4 0.5625)
(36.6 1.4 0.5625)
(37 1.4 0.5625)
(37.4 1.4 0.5625)
(37.8 1.4 0.5625)
(28.2 1.8 0.5625)
(28.6 1.8 0.5625)
(29 1.8 0.5625)
(29.4 1.8 0.5625)
(29.8 1.8 0.5625)
(30.2 1.8 0.5625)
(30.6 1.8 0.5625)
(31 1.8 0.5625)
(31.4 1.8 0.5625)
(31.8 1.8 0.5625)
(32.2 1.8 0.5625)
(32.6 1.8 0.5625)
(33 1.8 0.5625)
(33.4 1.8 0.5625)
(33.8 1.8 0.5625)
(34.2 1.8 0.5625)
(34.6 1.8 0.5625)
(35 1.8 0.5625)
(35.4 1.8 0.5625)
(35.8 1.8 0.5625)
(36.2 1.8 0.5625)
(36.6 1.8 0.5625)
(37 1.8 0.5625)
(37.4 1.8 0.5625)
(37.8 1.8 0.5625)
(28.2 2.2 0.5625)
(28.6 2.2 0.5625)
(29 2.2 0.5625)
(29.4 2.2 0.5625)
(29.8 2.2 0.5625)
(30.2 2.2 0.5625)
(30.6 2.2 0.5625)
(31 2.2 0.5625)
(31.4 2.2 0.5625)
(31.8 2.2 0.5625)
(32.2 2.2 0.5625)
(32.6 2.2 0.5625)
(33 2.2 0.5625)
(33.4 2.2 0.5625)
(33.8 2.2 0.5625)
(34.2 2.2 0.5625)
(34.6 2.2 0.5625)
(35 2.2 0.5625)
(35.4 2.2 0.5625)
(35.8 2.2 0.5625)
(36.2 2.2 0.5625)
(36.6 2.2 0.5625)
(37 2.2 0.5625)
(37.4 2.2 0.5625)
(37.8 2.2 0.5625)
(28.2 2.6 0.5625)
(28.6 2.6 0.5625)
(29 2.6 0.5625)
(29.4 2.6 0.5625)
(29.8 2.6 0.5625)
(30.2 2.6 0.5625)
(30.6 2.6 0.5625)
(31 2.6 0.5625)
(31.4 2.6 0.5625)
(31.8 2.6 0.5625)
(32.2 2.6 0.5625)
(32.6 2.6 0.5625)
(33 2.6 0.5625)
(33.4 2.6 0.5625)
(33.8 2.6 0.5625)
(34.2 2.6 0.5625)
(34.6 2.6 0.5625)
(35 2.6 0.5625)
(35.4 2.6 0.5625)
(35.8 2.6 0.5625)
(36.2 2.6 0.5625)
(36.6 2.6 0.5625)
(37 2.6 0.5625)
(37.4 2.6 0.5625)
(37.8 2.6 0.5625)
(28.2 3 0.5625)
(28.6 3 0.5625)
(29 3 0.5625)
(29.4 3 0.5625)
(29.8 3 0.5625)
(30.2 3 0.5625)
(30.6 3 0.5625)
(31 3 0.5625)
(31.4 3 0.5625)
(31.8 3 0.5625)
(32.2 3 0.5625)
(32.6 3 0.5625)
(33 3 0.5625)
(33.4 3 0.5625)
(33.8 3 0.5625)
(34.2 3 0.5625)
(34.6 3 0.5625)
(35 3 0.5625)
(35.4 3 0.5625)
(35.8 3 0.5625)
(36.2 3 0.5625)
(36.6 3 0.5625)
(37 3 0.5625)
(37.4 3 0.5625)
(37.8 3 0.5625)
(28.2 3.4 0.5625)
(28.6 3.4 0.5625)
(29 3.4 0.5625)
(29.4 3.4 0.5625)
(29.8 3.4 0.5625)
(30.2 3.4 0.5625)
(30.6 3.4 0.5625)
(31 3.4 0.5625)
(31.4 3.4 0.5625)
(31.8 3.4 0.5625)
(32.2 3.4 0.5625)
(32.6 3.4 0.5625)
(33 3.4 0.5625)
(33.4 3.4 0.5625)
(33.8 3.4 0.5625)
(34.2 3.4 0.5625)
(34.6 3.4 0.5625)
(35 3.4 0.5625)
(35.4 3.4 0.5625)
(35.8 3.4 0.5625)
(36.2 3.4 0.5625)
(36.6 3.4 0.5625)
(37 3.4 0.5625)
(37.4 3.4 0.5625)
(37.8 3.4 0.5625)
(28.2 3.8 0.5625)
(28.6 3.8 0.5625)
(29 3.8 0.5625)
(29.4 3.8 0.5625)
(29.8 3.8 0.5625)
(30.2 3.8 0.5625)
(30.6 3.8 0.5625)
(31 3.8 0.5625)
(31.4 3.8 0.5625)
(31.8 3.8 0.5625)
(32.2 3.8 0.5625)
(32.6 3.8 0.5625)
(33 3.8 0.5625)
(33.4 3.8 0.5625)
(33.8 3.8 0.5625)
(34.2 3.8 0.5625)
(34.6 3.8 0.5625)
(35 3.8 0.5625)
(35.4 3.8 0.5625)
(35.8 3.8 0.5625)
(36.2 3.8 0.5625)
(36.6 3.8 0.5625)
(37 3.8 0.5625)
(37.4 3.8 0.5625)
(37.8 3.8 0.5625)
(28.2 0.2 0.9375)
(28.6 0.2 0.9375)
(29 0.2 0.9375)
(29.4 0.2 0.9375)
(29.8 0.2 0.9375)
(30.2 0.2 0.9375)
(30.6 0.2 0.9375)
(31 0.2 0.9375)
(31.4 0.2 0.9375)
(31.8 0.2 0.9375)
(32.2 0.2 0.9375)
(32.6 0.2 0.9375)
(33 0.2 0.9375)
(33.4 0.2 0.9375)
(33.8 0.2 0.9375)
(34.2 0.2 0.9375)
(34.6 0.2 0.9375)
(35 0.2 0.9375)
(35.4 0.2 0.9375)
(35.8 0.2 0.9375)
(36.2 0.2 0.9375)
(36.6 0.2 0.9375)
(37 0.2 0.9375)
(37.4 0.2 0.9375)
(37.8 0.2 0.9375)
(28.2 0.6 0.9375)
(28.6 0.6 0.9375)
(29 0.6 0.9375)
(29.4 0.6 0.9375)
(29.8 0.6 0.9375)
(30.2 0.6 0.9375)
(30.6 0.6 0.9375)
(31 0.6 0.9375)
(31.4 0.6 0.9375)
(31.8 0.6 0.9375)
(32.2 0.6 0.9375)
(32.6 0.6 0.9375)
(33 0.6 0.9375)
(33.4 0.6 0.9375)
(33.8 0.6 0.9375)
(34.2 0.6 0.9375)
(34.6 0.6 0.9375)
(35 0.6 0.9375)
(35.4 0.6 0.9375)
(35.8 0.6 0.9375)
(36.2 0.6 0.9375)
(36.6 0.6 0.9375)
(37 0.6 0.9375)
(37.4 0.6 0.9375)
(37.8 0.6 0.9375)
(28.2 1 0.9375)
(28.6 1 0.9375)
(29 1 0.9375)
(29.4 1 0.9375)
(29.8 1 0.9375)
(30.2 1 0.9375)
(30.6 1 0.9375)
(31 1 0.9375)
(31.4 1 0.9375)
(31.8 1 0.9375)
(32.2 1 0.9375)
(32.6 1 0.9375)
(33 1 0.9375)
(33.4 1 0.9375)
(33.8 1 0.9375)
(34.2 1 0.9375)
(34.6 1 0.9375)
(35 1 0.9375)
(35.4 1 0.9375)
(35.8 1 0.9375)
(36.2 1 0.9375)
(36.6 1 0.9375)
(37 1 0.9375)
(37.4 1 0.9375)
(37.8 1 0.9375)
(28.2 1.4 0.9375)
(28.6 1.4 0.9375)
(29 1.4 0.9375)
(29.4 1.4 0.9375)
(29.8 1.4 0.9375)
(30.2 1.4 0.9375)
(30.6 1.4 0.9375)
(31 1.4 0.9375)
(31.4 1.4 0.9375)
(31.8 1.4 0.9375)
(32.2 1.4 0.9375)
(32.6 1.4 0.9375)
(33 1.4 0.9375)
(33.4 1.4 0.9375)
(33.8 1.4 0.9375)
(34.2 1.4 0.9375)
(34.6 1.4 0.9375)
(35 1.4 0.9375)
(35.4 1.4 0.9375)
(35.8 1.4 0.9375)
(36.2 1.4 0.9375)
(36.6 1.4 0.9375)
(37 1.4 0.9375)
(37.4 1.4 0.9375)
(37.8 1.4 0.9375)
(28.2 1.8 0.9375)
(28.6 1.8 0.9375)
(29 1.8 0.9375)
(29.4 1.8 0.9375)
(29.8 1.8 0.9375)
(30.2 1.8 0.9375)
(30.6 1.8 0.9375)
(31 1.8 0.9375)
(31.4 1.8 0.9375)
(31.8 1.8 0.9375)
(32.2 1.8 0.9375)
(32.6 1.8 0.9375)
(33 1.8 0.9375)
(33.4 1.8 0.9375)
(33.8 1.8 0.9375)
(34.2 1.8 0.9375)
(34.6 1.8 0.9375)
(35 1.8 0.9375)
(35.4 1.8 0.9375)
(35.8 1.8 0.9375)
(36.2 1.8 0.9375)
(36.6 1.8 0.9375)
(37 1.8 0.9375)
(37.4 1.8 0.9375)
(37.8 1.8 0.9375)
(28.2 2.2 0.9375)
(28.6 2.2 0.9375)
(29 2.2 0.9375)
(29.4 2.2 0.9375)
(29.8 2.2 0.9375)
(30.2 2.2 0.9375)
(30.6 2.2 0.9375)
(31 2.2 0.9375)
(31.4 2.2 0.9375)
(31.8 2.2 0.9375)
(32.2 2.2 0.9375)
(32.6 2.2 0.9375)
(33 2.2 0.9375)
(33.4 2.2 0.9375)
(33.8 2.2 0.9375)
(34.2 2.2 0.9375)
(34.6 2.2 0.9375)
(35 2.2 0.9375)
(35.4 2.2 0.9375)
(35.8 2.2 0.9375)
(36.2 2.2 0.9375)
(36.6 2.2 0.9375)
(37 2.2 0.9375)
(37.4 2.2 0.9375)
(37.8 2.2 0.9375)
(28.2 2.6 0.9375)
(28.6 2.6 0.9375)
(29 2.6 0.9375)
(29.4 2.6 0.9375)
(29.8 2.6 0.9375)
(30.2 2.6 0.9375)
(30.6 2.6 0.9375)
(31 2.6 0.9375)
(31.4 2.6 0.9375)
(31.8 2.6 0.9375)
(32.2 2.6 0.9375)
(32.6 2.6 0.9375)
(33 2.6 0.9375)
(33.4 2.6 0.9375)
(33.8 2.6 0.9375)
(34.2 2.6 0.9375)
(34.6 2.6 0.9375)
(35 2.6 0.9375)
(35.4 2.6 0.9375)
(35.8 2.6 0.9375)
(36.2 2.6 0.9375)
(36.6 2.6 0.9375)
(37 2.6 0.9375)
(37.4 2.6 0.9375)
(37.8 2.6 0.9375)
(28.2 3 0.9375)
(28.6 3 0.9375)
(29 3 0.9375)
(29.4 3 0.9375)
(29.8 3 0.9375)
(30.2 3 0.9375)
(30.6 3 0.9375)
(31 3 0.9375)
(31.4 3 0.9375)
(31.8 3 0.9375)
(32.2 3 0.9375)
(32.6 3 0.9375)
(33 3 0.9375)
(33.4 3 0.9375)
(33.8 3 0.9375)
(34.2 3 0.9375)
(34.6 3 0.9375)
(35 3 0.9375)
(35.4 3 0.9375)
(35.8 3 0.9375)
(36.2 3 0.9375)
(36.6 3 0.9375)
(37 3 0.9375)
(37.4 3 0.9375)
(37.8 3 0.9375)
(28.2 3.4 0.9375)
(28.6 3.4 0.9375)
(29 3.4 0.9375)
(29.4 3.4 0.9375)
(29.8 3.4 0.9375)
(30.2 3.4 0.9375)
(30.6 3.4 0.9375)
(31 3.4 0.9375)
(31.4 3.4 0.9375)
(31.8 3.4 0.9375)
(32.2 3.4 0.9375)
(32.6 3.4 0.9375)
(33 3.4 0.9375)
(33.4 3.4 0.9375)
(33.8 3.4 0.9375)
(34.2 3.4 0.9375)
(34.6 3.4 0.9375)
(35 3.4 0.9375)
(35.4 3.4 0.9375)
(35.8 3.4 0.9375)
(36.2 3.4 0.9375)
(36.6 3.4 0.9375)
(37 3.4 0.9375)
(37.4 3.4 0.9375)
(37.8 3.4 0.9375)
(28.2 3.8 0.9375)
(28.6 3.8 0.9375)
(29 3.8 0.9375)
(29.4 3.8 0.9375)
(29.8 3.8 0.9375)
(30.2 3.8 0.9375)
(30.6 3.8 0.9375)
(31 3.8 0.9375)
(31.4 3.8 0.9375)
(31.8 3.8 0.9375)
(32.2 3.8 0.9375)
(32.6 3.8 0.9375)
(33 3.8 0.9375)
(33.4 3.8 0.9375)
(33.8 3.8 0.9375)
(34.2 3.8 0.9375)
(34.6 3.8 0.9375)
(35 3.8 0.9375)
(35.4 3.8 0.9375)
(35.8 3.8 0.9375)
(36.2 3.8 0.9375)
(36.6 3.8 0.9375)
(37 3.8 0.9375)
(37.4 3.8 0.9375)
(37.8 3.8 0.9375)
(28.2 0.2 1.3125)
(28.6 0.2 1.3125)
(29 0.2 1.3125)
(29.4 0.2 1.3125)
(29.8 0.2 1.3125)
(30.2 0.2 1.3125)
(30.6 0.2 1.3125)
(31 0.2 1.3125)
(31.4 0.2 1.3125)
(31.8 0.2 1.3125)
(32.2 0.2 1.3125)
(32.6 0.2 1.3125)
(33 0.2 1.3125)
(33.4 0.2 1.3125)
(33.8 0.2 1.3125)
(34.2 0.2 1.3125)
(34.6 0.2 1.3125)
(35 0.2 1.3125)
(35.4 0.2 1.3125)
(35.8 0.2 1.3125)
(36.2 0.2 1.3125)
(36.6 0.2 1.3125)
(37 0.2 1.3125)
(37.4 0.2 1.3125)
(37.8 0.2 1.3125)
(28.2 0.6 1.3125)
(28.6 0.6 1.3125)
(29 0.6 1.3125)
(29.4 0.6 1.3125)
(29.8 0.6 1.3125)
(30.2 0.6 1.3125)
(30.6 0.6 1.3125)
(31 0.6 1.3125)
(31.4 0.6 1.3125)
(31.8 0.6 1.3125)
(32.2 0.6 1.3125)
(32.6 0.6 1.3125)
(33 0.6 1.3125)
(33.4 0.6 1.3125)
(33.8 0.6 1.3125)
(34.2 0.6 1.3125)
(34.6 0.6 1.3125)
(35 0.6 1.3125)
(35.4 0.6 1.3125)
(35.8 0.6 1.3125)
(36.2 0.6 1.3125)
(36.6 0.6 1.3125)
(37 0.6 1.3125)
(37.4 0.6 1.3125)
(37.8 0.6 1.3125)
(28.2 1 1.3125)
(28.6 1 1.3125)
(29 1 1.3125)
(29.4 1 1.3125)
(29.8 1 1.3125)
(30.2 1 1.3125)
(30.6 1 1.3125)
(31 1 1.3125)
(31.4 1 1.3125)
(31.8 1 1.3125)
(32.2 1 1.3125)
(32.6 1 1.3125)
(33 1 1.3125)
(33.4 1 1.3125)
(33.8 1 1.3125)
(34.2 1 1.3125)
(34.6 1 1.3125)
(35 1 1.3125)
(35.4 1 1.3125)
(35.8 1 1.3125)
(36.2 1 1.3125)
(36.6 1 1.3125)
(37 1 1.3125)
(37.4 1 1.3125)
(37.8 1 1.3125)
(28.2 1.4 1.3125)
(28.6 1.4 1.3125)
(29 1.4 1.3125)
(29.4 1.4 1.3125)
(29.8 1.4 1.3125)
(30.2 1.4 1.3125)
(30.6 1.4 1.3125)
(31 1.4 1.3125)
(31.4 1.4 1.3125)
(31.8 1.4 1.3125)
(32.2 1.4 1.3125)
(32.6 1.4 1.3125)
(33 1.4 1.3125)
(33.4 1.4 1.3125)
(33.8 1.4 1.3125)
(34.2 1.4 1.3125)
(34.6 1.4 1.3125)
(35 1.4 1.3125)
(35.4 1.4 1.3125)
(35.8 1.4 1.3125)
(36.2 1.4 1.3125)
(36.6 1.4 1.3125)
(37 1.4 1.3125)
(37.4 1.4 1.3125)
(37.8 1.4 1.3125)
(28.2 1.8 1.3125)
(28.6 1.8 1.3125)
(29 1.8 1.3125)
(29.4 1.8 1.3125)
(29.8 1.8 1.3125)
(30.2 1.8 1.3125)
(30.6 1.8 1.3125)
(31 1.8 1.3125)
(31.4 1.8 1.3125)
(31.8 1.8 1.3125)
(32.2 1.8 1.3125)
(32.6 1.8 1.3125)
(33 1.8 1.3125)
(33.4 1.8 1.3125)
(33.8 1.8 1.3125)
(34.2 1.8 1.3125)
(34.6 1.8 1.3125)
(35 1.8 1.3125)
(35.4 1.8 1.3125)
(35.8 1.8 1.3125)
(36.2 1.8 1.3125)
(36.6 1.8 1.3125)
(37 1.8 1.3125)
(37.4 1.8 1.3125)
(37.8 1.8 1.3125)
(28.2 2.2 1.3125)
(28.6 2.2 1.3125)
(29 2.2 1.3125)
(29.4 2.2 1.3125)
(29.8 2.2 1.3125)
(30.2 2.2 1.3125)
(30.6 2.2 1.3125)
(31 2.2 1.3125)
(31.4 2.2 1.3125)
(31.8 2.2 1.3125)
(32.2 2.2 1.3125)
(32.6 2.2 1.3125)
(33 2.2 1.3125)
(33.4 2.2 1.3125)
(33.8 2.2 1.3125)
(34.2 2.2 1.3125)
(34.6 2.2 1.3125)
(35 2.2 1.3125)
(35.4 2.2 1.3125)
(35.8 2.2 1.3125)
(36.2 2.2 1.3125)
(36.6 2.2 1.3125)
(37 2.2 1.3125)
(37.4 2.2 1.3125)
(37.8 2.2 1.3125)
(28.2 2.6 1.3125)
(28.6 2.6 1.3125)
(29 2.6 1.3125)
(29.4 2.6 1.3125)
(29.8 2.6 1.3125)
(30.2 2.6 1.3125)
(30.6 2.6 1.3125)
(31 2.6 1.3125)
(31.4 2.6 1.3125)
(31.8 2.6 1.3125)
(32.2 2.6 1.3125)
(32.6 2.6 1.3125)
(33 2.6 1.3125)
(33.4 2.6 1.3125)
(33.8 2.6 1.3125)
(34.2 2.6 1.3125)
(34.6 2.6 1.3125)
(35 2.6 1.3125)
(35.4 2.6 1.3125)
(35.8 2.6 1.3125)
(36.2 2.6 1.3125)
(36.6 2.6 1.3125)
(37 2.6 1.3125)
(37.4 2.6 1.3125)
(37.8 2.6 1.3125)
(28.2 3 1.3125)
(28.6 3 1.3125)
(29 3 1.3125)
(29.4 3 1.3125)
(29.8 3 1.3125)
(30.2 3 1.3125)
(30.6 3 1.3125)
(31 3 1.3125)
(31.4 3 1.3125)
(31.8 3 1.3125)
(32.2 3 1.3125)
(32.6 3 1.3125)
(33 3 1.3125)
(33.4 3 1.3125)
(33.8 3 1.3125)
(34.2 3 1.3125)
(34.6 3 1.3125)
(35 3 1.3125)
(35.4 3 1.3125)
(35.8 3 1.3125)
(36.2 3 1.3125)
(36.6 3 1.3125)
(37 3 1.3125)
(37.4 3 1.3125)
(37.8 3 1.3125)
(28.2 3.4 1.3125)
(28.6 3.4 1.3125)
(29 3.4 1.3125)
(29.4 3.4 1.3125)
(29.8 3.4 1.3125)
(30.2 3.4 1.3125)
(30.6 3.4 1.3125)
(31 3.4 1.3125)
(31.4 3.4 1.3125)
(31.8 3.4 1.3125)
(32.2 3.4 1.3125)
(32.6 3.4 1.3125)
(33 3.4 1.3125)
(33.4 3.4 1.3125)
(33.8 3.4 1.3125)
(34.2 3.4 1.3125)
(34.6 3.4 1.3125)
(35 3.4 1.3125)
(35.4 3.4 1.3125)
(35.8 3.4 1.3125)
(36.2 3.4 1.3125)
(36.6 3.4 1.3125)
(37 3.4 1.3125)
(37.4 3.4 1.3125)
(37.8 3.4 1.3125)
(28.2 3.8 1.3125)
(28.6 3.8 1.3125)
(29 3.8 1.3125)
(29.4 3.8 1.3125)
(29.8 3.8 1.3125)
(30.2 3.8 1.3125)
(30.6 3.8 1.3125)
(31 3.8 1.3125)
(31.4 3.8 1.3125)
(31.8 3.8 1.3125)
(32.2 3.8 1.3125)
(32.6 3.8 1.3125)
(33 3.8 1.3125)
(33.4 3.8 1.3125)
(33.8 3.8 1.3125)
(34.2 3.8 1.3125)
(34.6 3.8 1.3125)
(35 3.8 1.3125)
(35.4 3.8 1.3125)
(35.8 3.8 1.3125)
(36.2 3.8 1.3125)
(36.6 3.8 1.3125)
(37 3.8 1.3125)
(37.4 3.8 1.3125)
(37.8 3.8 1.3125)
(28.2 0.2 1.6875)
(28.6 0.2 1.6875)
(29 0.2 1.6875)
(29.4 0.2 1.6875)
(29.8 0.2 1.6875)
(30.2 0.2 1.6875)
(30.6 0.2 1.6875)
(31 0.2 1.6875)
(31.4 0.2 1.6875)
(31.8 0.2 1.6875)
(32.2 0.2 1.6875)
(32.6 0.2 1.6875)
(33 0.2 1.6875)
(33.4 0.2 1.6875)
(33.8 0.2 1.6875)
(34.2 0.2 1.6875)
(34.6 0.2 1.6875)
(35 0.2 1.6875)
(35.4 0.2 1.6875)
(35.8 0.2 1.6875)
(36.2 0.2 1.6875)
(36.6 0.2 1.6875)
(37 0.2 1.6875)
(37.4 0.2 1.6875)
(37.8 0.2 1.6875)
(28.2 0.6 1.6875)
(28.6 0.6 1.6875)
(29 0.6 1.6875)
(29.4 0.6 1.6875)
(29.8 0.6 1.6875)
(30.2 0.6 1.6875)
(30.6 0.6 1.6875)
(31 0.6 1.6875)
(31.4 0.6 1.6875)
(31.8 0.6 1.6875)
(32.2 0.6 1.6875)
(32.6 0.6 1.6875)
(33 0.6 1.6875)
(33.4 0.6 1.6875)
(33.8 0.6 1.6875)
(34.2 0.6 1.6875)
(34.6 0.6 1.6875)
(35 0.6 1.6875)
(35.4 0.6 1.6875)
(35.8 0.6 1.6875)
(36.2 0.6 1.6875)
(36.6 0.6 1.6875)
(37 0.6 1.6875)
(37.4 0.6 1.6875)
(37.8 0.6 1.6875)
(28.2 1 1.6875)
(28.6 1 1.6875)
(29 1 1.6875)
(29.4 1 1.6875)
(29.8 1 1.6875)
(30.2 1 1.6875)
(30.6 1 1.6875)
(31 1 1.6875)
(31.4 1 1.6875)
(31.8 1 1.6875)
(32.2 1 1.6875)
(32.6 1 1.6875)
(33 1 1.6875)
(33.4 1 1.6875)
(33.8 1 1.6875)
(34.2 1 1.6875)
(34.6 1 1.6875)
(35 1 1.6875)
(35.4 1 1.6875)
(35.8 1 1.6875)
(36.2 1 1.6875)
(36.6 1 1.6875)
(37 1 1.6875)
(37.4 1 1.6875)
(37.8 1 1.6875)
(28.2 1.4 1.6875)
(28.6 1.4 1.6875)
(29 1.4 1.6875)
(29.4 1.4 1.6875)
(29.8 1.4 1.6875)
(30.2 1.4 1.6875)
(30.6 1.4 1.6875)
(31 1.4 1.6875)
(31.4 1.4 1.6875)
(31.8 1.4 1.6875)
(32.2 1.4 1.6875)
(32.6 1.4 1.6875)
(33 1.4 1.6875)
(33.4 1.4 1.6875)
(33.8 1.4 1.6875)
(34.2 1.4 1.6875)
(34.6 1.4 1.6875)
(35 1.4 1.6875)
(35.4 1.4 1.6875)
(35.8 1.4 1.6875)
(36.2 1.4 1.6875)
(36.6 1.4 1.6875)
(37 1.4 1.6875)
(37.4 1.4 1.6875)
(37.8 1.4 1.6875)
(28.2 1.8 1.6875)
(28.6 1.8 1.6875)
(29 1.8 1.6875)
(29.4 1.8 1.6875)
(29.8 1.8 1.6875)
(30.2 1.8 1.6875)
(30.6 1.8 1.6875)
(31 1.8 1.6875)
(31.4 1.8 1.6875)
(31.8 1.8 1.6875)
(32.2 1.8 1.6875)
(32.6 1.8 1.6875)
(33 1.8 1.6875)
(33.4 1.8 1.6875)
(33.8 1.8 1.6875)
(34.2 1.8 1.6875)
(34.6 1.8 1.6875)
(35 1.8 1.6875)
(35.4 1.8 1.6875)
(35.8 1.8 1.6875)
(36.2 1.8 1.6875)
(36.6 1.8 1.6875)
(37 1.8 1.6875)
(37.4 1.8 1.6875)
(37.8 1.8 1.6875)
(28.2 2.2 1.6875)
(28.6 2.2 1.6875)
(29 2.2 1.6875)
(29.4 2.2 1.6875)
(29.8 2.2 1.6875)
(30.2 2.2 1.6875)
(30.6 2.2 1.6875)
(31 2.2 1.6875)
(31.4 2.2 1.6875)
(31.8 2.2 1.6875)
(32.2 2.2 1.6875)
(32.6 2.2 1.6875)
(33 2.2 1.6875)
(33.4 2.2 1.6875)
(33.8 2.2 1.6875)
(34.2 2.2 1.6875)
(34.6 2.2 1.6875)
(35 2.2 1.6875)
(35.4 2.2 1.6875)
(35.8 2.2 1.6875)
(36.2 2.2 1.6875)
(36.6 2.2 1.6875)
(37 2.2 1.6875)
(37.4 2.2 1.6875)
(37.8 2.2 1.6875)
(28.2 2.6 1.6875)
(28.6 2.6 1.6875)
(29 2.6 1.6875)
(29.4 2.6 1.6875)
(29.8 2.6 1.6875)
(30.2 2.6 1.6875)
(30.6 2.6 1.6875)
(31 2.6 1.6875)
(31.4 2.6 1.6875)
(31.8 2.6 1.6875)
(32.2 2.6 1.6875)
(32.6 2.6 1.6875)
(33 2.6 1.6875)
(33.4 2.6 1.6875)
(33.8 2.6 1.6875)
(34.2 2.6 1.6875)
(34.6 2.6 1.6875)
(35 2.6 1.6875)
(35.4 2.6 1.6875)
(35.8 2.6 1.6875)
(36.2 2.6 1.6875)
(36.6 2.6 1.6875)
(37 2.6 1.6875)
(37.4 2.6 1.6875)
(37.8 2.6 1.6875)
(28.2 3 1.6875)
(28.6 3 1.6875)
(29 3 1.6875)
(29.4 3 1.6875)
(29.8 3 1.6875)
(30.2 3 1.6875)
(30.6 3 1.6875)
(31 3 1.6875)
(31.4 3 1.6875)
(31.8 3 1.6875)
(32.2 3 1.6875)
(32.6 3 1.6875)
(33 3 1.6875)
(33.4 3 1.6875)
(33.8 3 1.6875)
(34.2 3 1.6875)
(34.6 3 1.6875)
(35 3 1.6875)
(35.4 3 1.6875)
(35.8 3 1.6875)
(36.2 3 1.6875)
(36.6 3 1.6875)
(37 3 1.6875)
(37.4 3 1.6875)
(37.8 3 1.6875)
(28.2 3.4 1.6875)
(28.6 3.4 1.6875)
(29 3.4 1.6875)
(29.4 3.4 1.6875)
(29.8 3.4 1.6875)
(30.2 3.4 1.6875)
(30.6 3.4 1.6875)
(31 3.4 1.6875)
(31.4 3.4 1.6875)
(31.8 3.4 1.6875)
(32.2 3.4 1.6875)
(32.6 3.4 1.6875)
(33 3.4 1.6875)
(33.4 3.4 1.6875)
(33.8 3.4 1.6875)
(34.2 3.4 1.6875)
(34.6 3.4 1.6875)
(35 3.4 1.6875)
(35.4 3.4 1.6875)
(35.8 3.4 1.6875)
(36.2 3.4 1.6875)
(36.6 3.4 1.6875)
(37 3.4 1.6875)
(37.4 3.4 1.6875)
(37.8 3.4 1.6875)
(28.2 3.8 1.6875)
(28.6 3.8 1.6875)
(29 3.8 1.6875)
(29.4 3.8 1.6875)
(29.8 3.8 1.6875)
(30.2 3.8 1.6875)
(30.6 3.8 1.6875)
(31 3.8 1.6875)
(31.4 3.8 1.6875)
(31.8 3.8 1.6875)
(32.2 3.8 1.6875)
(32.6 3.8 1.6875)
(33 3.8 1.6875)
(33.4 3.8 1.6875)
(33.8 3.8 1.6875)
(34.2 3.8 1.6875)
(34.6 3.8 1.6875)
(35 3.8 1.6875)
(35.4 3.8 1.6875)
(35.8 3.8 1.6875)
(36.2 3.8 1.6875)
(36.6 3.8 1.6875)
(37 3.8 1.6875)
(37.4 3.8 1.6875)
(37.8 3.8 1.6875)
(28.2 0.2 2.0625)
(28.6 0.2 2.0625)
(29 0.2 2.0625)
(29.4 0.2 2.0625)
(29.8 0.2 2.0625)
(30.2 0.2 2.0625)
(30.6 0.2 2.0625)
(31 0.2 2.0625)
(31.4 0.2 2.0625)
(31.8 0.2 2.0625)
(32.2 0.2 2.0625)
(32.6 0.2 2.0625)
(33 0.2 2.0625)
(33.4 0.2 2.0625)
(33.8 0.2 2.0625)
(34.2 0.2 2.0625)
(34.6 0.2 2.0625)
(35 0.2 2.0625)
(35.4 0.2 2.0625)
(35.8 0.2 2.0625)
(36.2 0.2 2.0625)
(36.6 0.2 2.0625)
(37 0.2 2.0625)
(37.4 0.2 2.0625)
(37.8 0.2 2.0625)
(28.2 0.6 2.0625)
(28.6 0.6 2.0625)
(29 0.6 2.0625)
(29.4 0.6 2.0625)
(29.8 0.6 2.0625)
(30.2 0.6 2.0625)
(30.6 0.6 2.0625)
(31 0.6 2.0625)
(31.4 0.6 2.0625)
(31.8 0.6 2.0625)
(32.2 0.6 2.0625)
(32.6 0.6 2.0625)
(33 0.6 2.0625)
(33.4 0.6 2.0625)
(33.8 0.6 2.0625)
(34.2 0.6 2.0625)
(34.6 0.6 2.0625)
(35 0.6 2.0625)
(35.4 0.6 2.0625)
(35.8 0.6 2.0625)
(36.2 0.6 2.0625)
(36.6 0.6 2.0625)
(37 0.6 2.0625)
(37.4 0.6 2.0625)
(37.8 0.6 2.0625)
(28.2 1 2.0625)
(28.6 1 2.0625)
(29 1 2.0625)
(29.4 1 2.0625)
(29.8 1 2.0625)
(30.2 1 2.0625)
(30.6 1 2.0625)
(31 1 2.0625)
(31.4 1 2.0625)
(31.8 1 2.0625)
(32.2 1 2.0625)
(32.6 1 2.0625)
(33 1 2.0625)
(33.4 1 2.0625)
(33.8 1 2.0625)
(34.2 1 2.0625)
(34.6 1 2.0625)
(35 1 2.0625)
(35.4 1 2.0625)
(35.8 1 2.0625)
(36.2 1 2.0625)
(36.6 1 2.0625)
(37 1 2.0625)
(37.4 1 2.0625)
(37.8 1 2.0625)
(28.2 1.4 2.0625)
(28.6 1.4 2.0625)
(29 1.4 2.0625)
(29.4 1.4 2.0625)
(29.8 1.4 2.0625)
(30.2 1.4 2.0625)
(30.6 1.4 2.0625)
(31 1.4 2.0625)
(31.4 1.4 2.0625)
(31.8 1.4 2.0625)
(32.2 1.4 2.0625)
(32.6 1.4 2.0625)
(33 1.4 2.0625)
(33.4 1.4 2.0625)
(33.8 1.4 2.0625)
(34.2 1.4 2.0625)
(34.6 1.4 2.0625)
(35 1.4 2.0625)
(35.4 1.4 2.0625)
(35.8 1.4 2.0625)
(36.2 1.4 2.0625)
(36.6 1.4 2.0625)
(37 1.4 2.0625)
(37.4 1.4 2.0625)
(37.8 1.4 2.0625)
(28.2 1.8 2.0625)
(28.6 1.8 2.0625)
(29 1.8 2.0625)
(29.4 1.8 2.0625)
(29.8 1.8 2.0625)
(30.2 1.8 2.0625)
(30.6 1.8 2.0625)
(31 1.8 2.0625)
(31.4 1.8 2.0625)
(31.8 1.8 2.0625)
(32.2 1.8 2.0625)
(32.6 1.8 2.0625)
(33 1.8 2.0625)
(33.4 1.8 2.0625)
(33.8 1.8 2.0625)
(34.2 1.8 2.0625)
(34.6 1.8 2.0625)
(35 1.8 2.0625)
(35.4 1.8 2.0625)
(35.8 1.8 2.0625)
(36.2 1.8 2.0625)
(36.6 1.8 2.0625)
(37 1.8 2.0625)
(37.4 1.8 2.0625)
(37.8 1.8 2.0625)
(28.2 2.2 2.0625)
(28.6 2.2 2.0625)
(29 2.2 2.0625)
(29.4 2.2 2.0625)
(29.8 2.2 2.0625)
(30.2 2.2 2.0625)
(30.6 2.2 2.0625)
(31 2.2 2.0625)
(31.4 2.2 2.0625)
(31.8 2.2 2.0625)
(32.2 2.2 2.0625)
(32.6 2.2 2.0625)
(33 2.2 2.0625)
(33.4 2.2 2.0625)
(33.8 2.2 2.0625)
(34.2 2.2 2.0625)
(34.6 2.2 2.0625)
(35 2.2 2.0625)
(35.4 2.2 2.0625)
(35.8 2.2 2.0625)
(36.2 2.2 2.0625)
(36.6 2.2 2.0625)
(37 2.2 2.0625)
(37.4 2.2 2.0625)
(37.8 2.2 2.0625)
(28.2 2.6 2.0625)
(28.6 2.6 2.0625)
(29 2.6 2.0625)
(29.4 2.6 2.0625)
(29.8 2.6 2.0625)
(30.2 2.6 2.0625)
(30.6 2.6 2.0625)
(31 2.6 2.0625)
(31.4 2.6 2.0625)
(31.8 2.6 2.0625)
(32.2 2.6 2.0625)
(32.6 2.6 2.0625)
(33 2.6 2.0625)
(33.4 2.6 2.0625)
(33.8 2.6 2.0625)
(34.2 2.6 2.0625)
(34.6 2.6 2.0625)
(35 2.6 2.0625)
(35.4 2.6 2.0625)
(35.8 2.6 2.0625)
(36.2 2.6 2.0625)
(36.6 2.6 2.0625)
(37 2.6 2.0625)
(37.4 2.6 2.0625)
(37.8 2.6 2.0625)
(28.2 3 2.0625)
(28.6 3 2.0625)
(29 3 2.0625)
(29.4 3 2.0625)
(29.8 3 2.0625)
(30.2 3 2.0625)
(30.6 3 2.0625)
(31 3 2.0625)
(31.4 3 2.0625)
(31.8 3 2.0625)
(32.2 3 2.0625)
(32.6 3 2.0625)
(33 3 2.0625)
(33.4 3 2.0625)
(33.8 3 2.0625)
(34.2 3 2.0625)
(34.6 3 2.0625)
(35 3 2.0625)
(35.4 3 2.0625)
(35.8 3 2.0625)
(36.2 3 2.0625)
(36.6 3 2.0625)
(37 3 2.0625)
(37.4 3 2.0625)
(37.8 3 2.0625)
(28.2 3.4 2.0625)
(28.6 3.4 2.0625)
(29 3.4 2.0625)
(29.4 3.4 2.0625)
(29.8 3.4 2.0625)
(30.2 3.4 2.0625)
(30.6 3.4 2.0625)
(31 3.4 2.0625)
(31.4 3.4 2.0625)
(31.8 3.4 2.0625)
(32.2 3.4 2.0625)
(32.6 3.4 2.0625)
(33 3.4 2.0625)
(33.4 3.4 2.0625)
(33.8 3.4 2.0625)
(34.2 3.4 2.0625)
(34.6 3.4 2.0625)
(35 3.4 2.0625)
(35.4 3.4 2.0625)
(35.8 3.4 2.0625)
(36.2 3.4 2.0625)
(36.6 3.4 2.0625)
(37 3.4 2.0625)
(37.4 3.4 2.0625)
(37.8 3.4 2.0625)
(28.2 3.8 2.0625)
(28.6 3.8 2.0625)
(29 3.8 2.0625)
(29.4 3.8 2.0625)
(29.8 3.8 2.0625)
(30.2 3.8 2.0625)
(30.6 3.8 2.0625)
(31 3.8 2.0625)
(31.4 3.8 2.0625)
(31.8 3.8 2.0625)
(32.2 3.8 2.0625)
(32.6 3.8 2.0625)
(33 3.8 2.0625)
(33.4 3.8 2.0625)
(33.8 3.8 2.0625)
(34.2 3.8 2.0625)
(34.6 3.8 2.0625)
(35 3.8 2.0625)
(35.4 3.8 2.0625)
(35.8 3.8 2.0625)
(36.2 3.8 2.0625)
(36.6 3.8 2.0625)
(37 3.8 2.0625)
(37.4 3.8 2.0625)
(37.8 3.8 2.0625)
(28.2 0.2 2.4375)
(28.6 0.2 2.4375)
(29 0.2 2.4375)
(29.4 0.2 2.4375)
(29.8 0.2 2.4375)
(30.2 0.2 2.4375)
(30.6 0.2 2.4375)
(31 0.2 2.4375)
(31.4 0.2 2.4375)
(31.8 0.2 2.4375)
(32.2 0.2 2.4375)
(32.6 0.2 2.4375)
(33 0.2 2.4375)
(33.4 0.2 2.4375)
(33.8 0.2 2.4375)
(34.2 0.2 2.4375)
(34.6 0.2 2.4375)
(35 0.2 2.4375)
(35.4 0.2 2.4375)
(35.8 0.2 2.4375)
(36.2 0.2 2.4375)
(36.6 0.2 2.4375)
(37 0.2 2.4375)
(37.4 0.2 2.4375)
(37.8 0.2 2.4375)
(28.2 0.6 2.4375)
(28.6 0.6 2.4375)
(29 0.6 2.4375)
(29.4 0.6 2.4375)
(29.8 0.6 2.4375)
(30.2 0.6 2.4375)
(30.6 0.6 2.4375)
(31 0.6 2.4375)
(31.4 0.6 2.4375)
(31.8 0.6 2.4375)
(32.2 0.6 2.4375)
(32.6 0.6 2.4375)
(33 0.6 2.4375)
(33.4 0.6 2.4375)
(33.8 0.6 2.4375)
(34.2 0.6 2.4375)
(34.6 0.6 2.4375)
(35 0.6 2.4375)
(35.4 0.6 2.4375)
(35.8 0.6 2.4375)
(36.2 0.6 2.4375)
(36.6 0.6 2.4375)
(37 0.6 2.4375)
(37.4 0.6 2.4375)
(37.8 0.6 2.4375)
(28.2 1 2.4375)
(28.6 1 2.4375)
(29 1 2.4375)
(29.4 1 2.4375)
(29.8 1 2.4375)
(30.2 1 2.4375)
(30.6 1 2.4375)
(31 1 2.4375)
(31.4 1 2.4375)
(31.8 1 2.4375)
(32.2 1 2.4375)
(32.6 1 2.4375)
(33 1 2.4375)
(33.4 1 2.4375)
(33.8 1 2.4375)
(34.2 1 2.4375)
(34.6 1 2.4375)
(35 1 2.4375)
(35.4 1 2.4375)
(35.8 1 2.4375)
(36.2 1 2.4375)
(36.6 1 2.4375)
(37 1 2.4375)
(37.4 1 2.4375)
(37.8 1 2.4375)
(28.2 1.4 2.4375)
(28.6 1.4 2.4375)
(29 1.4 2.4375)
(29.4 1.4 2.4375)
(29.8 1.4 2.4375)
(30.2 1.4 2.4375)
(30.6 1.4 2.4375)
(31 1.4 2.4375)
(31.4 1.4 2.4375)
(31.8 1.4 2.4375)
(32.2 1.4 2.4375)
(32.6 1.4 2.4375)
(33 1.4 2.4375)
(33.4 1.4 2.4375)
(33.8 1.4 2.4375)
(34.2 1.4 2.4375)
(34.6 1.4 2.4375)
(35 1.4 2.4375)
(35.4 1.4 2.4375)
(35.8 1.4 2.4375)
(36.2 1.4 2.4375)
(36.6 1.4 2.4375)
(37 1.4 2.4375)
(37.4 1.4 2.4375)
(37.8 1.4 2.4375)
(28.2 1.8 2.4375)
(28.6 1.8 2.4375)
(29 1.8 2.4375)
(29.4 1.8 2.4375)
(29.8 1.8 2.4375)
(30.2 1.8 2.4375)
(30.6 1.8 2.4375)
(31 1.8 2.4375)
(31.4 1.8 2.4375)
(31.8 1.8 2.4375)
(32.2 1.8 2.4375)
(32.6 1.8 2.4375)
(33 1.8 2.4375)
(33.4 1.8 2.4375)
(33.8 1.8 2.4375)
(34.2 1.8 2.4375)
(34.6 1.8 2.4375)
(35 1.8 2.4375)
(35.4 1.8 2.4375)
(35.8 1.8 2.4375)
(36.2 1.8 2.4375)
(36.6 1.8 2.4375)
(37 1.8 2.4375)
(37.4 1.8 2.4375)
(37.8 1.8 2.4375)
(28.2 2.2 2.4375)
(28.6 2.2 2.4375)
(29 2.2 2.4375)
(29.4 2.2 2.4375)
(29.8 2.2 2.4375)
(30.2 2.2 2.4375)
(30.6 2.2 2.4375)
(31 2.2 2.4375)
(31.4 2.2 2.4375)
(31.8 2.2 2.4375)
(32.2 2.2 2.4375)
(32.6 2.2 2.4375)
(33 2.2 2.4375)
(33.4 2.2 2.4375)
(33.8 2.2 2.4375)
(34.2 2.2 2.4375)
(34.6 2.2 2.4375)
(35 2.2 2.4375)
(35.4 2.2 2.4375)
(35.8 2.2 2.4375)
(36.2 2.2 2.4375)
(36.6 2.2 2.4375)
(37 2.2 2.4375)
(37.4 2.2 2.4375)
(37.8 2.2 2.4375)
(28.2 2.6 2.4375)
(28.6 2.6 2.4375)
(29 2.6 2.4375)
(29.4 2.6 2.4375)
(29.8 2.6 2.4375)
(30.2 2.6 2.4375)
(30.6 2.6 2.4375)
(31 2.6 2.4375)
(31.4 2.6 2.4375)
(31.8 2.6 2.4375)
(32.2 2.6 2.4375)
(32.6 2.6 2.4375)
(33 2.6 2.4375)
(33.4 2.6 2.4375)
(33.8 2.6 2.4375)
(34.2 2.6 2.4375)
(34.6 2.6 2.4375)
(35 2.6 2.4375)
(35.4 2.6 2.4375)
(35.8 2.6 2.4375)
(36.2 2.6 2.4375)
(36.6 2.6 2.4375)
(37 2.6 2.4375)
(37.4 2.6 2.4375)
(37.8 2.6 2.4375)
(28.2 3 2.4375)
(28.6 3 2.4375)
(29 3 2.4375)
(29.4 3 2.4375)
(29.8 3 2.4375)
(30.2 3 2.4375)
(30.6 3 2.4375)
(31 3 2.4375)
(31.4 3 2.4375)
(31.8 3 2.4375)
(32.2 3 2.4375)
(32.6 3 2.4375)
(33 3 2.4375)
(33.4 3 2.4375)
(33.8 3 2.4375)
(34.2 3 2.4375)
(34.6 3 2.4375)
(35 3 2.4375)
(35.4 3 2.4375)
(35.8 3 2.4375)
(36.2 3 2.4375)
(36.6 3 2.4375)
(37 3 2.4375)
(37.4 3 2.4375)
(37.8 3 2.4375)
(28.2 3.4 2.4375)
(28.6 3.4 2.4375)
(29 3.4 2.4375)
(29.4 3.4 2.4375)
(29.8 3.4 2.4375)
(30.2 3.4 2.4375)
(30.6 3.4 2.4375)
(31 3.4 2.4375)
(31.4 3.4 2.4375)
(31.8 3.4 2.4375)
(32.2 3.4 2.4375)
(32.6 3.4 2.4375)
(33 3.4 2.4375)
(33.4 3.4 2.4375)
(33.8 3.4 2.4375)
(34.2 3.4 2.4375)
(34.6 3.4 2.4375)
(35 3.4 2.4375)
(35.4 3.4 2.4375)
(35.8 3.4 2.4375)
(36.2 3.4 2.4375)
(36.6 3.4 2.4375)
(37 3.4 2.4375)
(37.4 3.4 2.4375)
(37.8 3.4 2.4375)
(28.2 3.8 2.4375)
(28.6 3.8 2.4375)
(29 3.8 2.4375)
(29.4 3.8 2.4375)
(29.8 3.8 2.4375)
(30.2 3.8 2.4375)
(30.6 3.8 2.4375)
(31 3.8 2.4375)
(31.4 3.8 2.4375)
(31.8 3.8 2.4375)
(32.2 3.8 2.4375)
(32.6 3.8 2.4375)
(33 3.8 2.4375)
(33.4 3.8 2.4375)
(33.8 3.8 2.4375)
(34.2 3.8 2.4375)
(34.6 3.8 2.4375)
(35 3.8 2.4375)
(35.4 3.8 2.4375)
(35.8 3.8 2.4375)
(36.2 3.8 2.4375)
(36.6 3.8 2.4375)
(37 3.8 2.4375)
(37.4 3.8 2.4375)
(37.8 3.8 2.4375)
(28.2 0.2 2.8125)
(28.6 0.2 2.8125)
(29 0.2 2.8125)
(29.4 0.2 2.8125)
(29.8 0.2 2.8125)
(30.2 0.2 2.8125)
(30.6 0.2 2.8125)
(31 0.2 2.8125)
(31.4 0.2 2.8125)
(31.8 0.2 2.8125)
(32.2 0.2 2.8125)
(32.6 0.2 2.8125)
(33 0.2 2.8125)
(33.4 0.2 2.8125)
(33.8 0.2 2.8125)
(34.2 0.2 2.8125)
(34.6 0.2 2.8125)
(35 0.2 2.8125)
(35.4 0.2 2.8125)
(35.8 0.2 2.8125)
(36.2 0.2 2.8125)
(36.6 0.2 2.8125)
(37 0.2 2.8125)
(37.4 0.2 2.8125)
(37.8 0.2 2.8125)
(28.2 0.6 2.8125)
(28.6 0.6 2.8125)
(29 0.6 2.8125)
(29.4 0.6 2.8125)
(29.8 0.6 2.8125)
(30.2 0.6 2.8125)
(30.6 0.6 2.8125)
(31 0.6 2.8125)
(31.4 0.6 2.8125)
(31.8 0.6 2.8125)
(32.2 0.6 2.8125)
(32.6 0.6 2.8125)
(33 0.6 2.8125)
(33.4 0.6 2.8125)
(33.8 0.6 2.8125)
(34.2 0.6 2.8125)
(34.6 0.6 2.8125)
(35 0.6 2.8125)
(35.4 0.6 2.8125)
(35.8 0.6 2.8125)
(36.2 0.6 2.8125)
(36.6 0.6 2.8125)
(37 0.6 2.8125)
(37.4 0.6 2.8125)
(37.8 0.6 2.8125)
(28.2 1 2.8125)
(28.6 1 2.8125)
(29 1 2.8125)
(29.4 1 2.8125)
(29.8 1 2.8125)
(30.2 1 2.8125)
(30.6 1 2.8125)
(31 1 2.8125)
(31.4 1 2.8125)
(31.8 1 2.8125)
(32.2 1 2.8125)
(32.6 1 2.8125)
(33 1 2.8125)
(33.4 1 2.8125)
(33.8 1 2.8125)
(34.2 1 2.8125)
(34.6 1 2.8125)
(35 1 2.8125)
(35.4 1 2.8125)
(35.8 1 2.8125)
(36.2 1 2.8125)
(36.6 1 2.8125)
(37 1 2.8125)
(37.4 1 2.8125)
(37.8 1 2.8125)
(28.2 1.4 2.8125)
(28.6 1.4 2.8125)
(29 1.4 2.8125)
(29.4 1.4 2.8125)
(29.8 1.4 2.8125)
(30.2 1.4 2.8125)
(30.6 1.4 2.8125)
(31 1.4 2.8125)
(31.4 1.4 2.8125)
(31.8 1.4 2.8125)
(32.2 1.4 2.8125)
(32.6 1.4 2.8125)
(33 1.4 2.8125)
(33.4 1.4 2.8125)
(33.8 1.4 2.8125)
(34.2 1.4 2.8125)
(34.6 1.4 2.8125)
(35 1.4 2.8125)
(35.4 1.4 2.8125)
(35.8 1.4 2.8125)
(36.2 1.4 2.8125)
(36.6 1.4 2.8125)
(37 1.4 2.8125)
(37.4 1.4 2.8125)
(37.8 1.4 2.8125)
(28.2 1.8 2.8125)
(28.6 1.8 2.8125)
(29 1.8 2.8125)
(29.4 1.8 2.8125)
(29.8 1.8 2.8125)
(30.2 1.8 2.8125)
(30.6 1.8 2.8125)
(31 1.8 2.8125)
(31.4 1.8 2.8125)
(31.8 1.8 2.8125)
(32.2 1.8 2.8125)
(32.6 1.8 2.8125)
(33 1.8 2.8125)
(33.4 1.8 2.8125)
(33.8 1.8 2.8125)
(34.2 1.8 2.8125)
(34.6 1.8 2.8125)
(35 1.8 2.8125)
(35.4 1.8 2.8125)
(35.8 1.8 2.8125)
(36.2 1.8 2.8125)
(36.6 1.8 2.8125)
(37 1.8 2.8125)
(37.4 1.8 2.8125)
(37.8 1.8 2.8125)
(28.2 2.2 2.8125)
(28.6 2.2 2.8125)
(29 2.2 2.8125)
(29.4 2.2 2.8125)
(29.8 2.2 2.8125)
(30.2 2.2 2.8125)
(30.6 2.2 2.8125)
(31 2.2 2.8125)
(31.4 2.2 2.8125)
(31.8 2.2 2.8125)
(32.2 2.2 2.8125)
(32.6 2.2 2.8125)
(33 2.2 2.8125)
(33.4 2.2 2.8125)
(33.8 2.2 2.8125)
(34.2 2.2 2.8125)
(34.6 2.2 2.8125)
(35 2.2 2.8125)
(35.4 2.2 2.8125)
(35.8 2.2 2.8125)
(36.2 2.2 2.8125)
(36.6 2.2 2.8125)
(37 2.2 2.8125)
(37.4 2.2 2.8125)
(37.8 2.2 2.8125)
(28.2 2.6 2.8125)
(28.6 2.6 2.8125)
(29 2.6 2.8125)
(29.4 2.6 2.8125)
(29.8 2.6 2.8125)
(30.2 2.6 2.8125)
(30.6 2.6 2.8125)
(31 2.6 2.8125)
(31.4 2.6 2.8125)
(31.8 2.6 2.8125)
(32.2 2.6 2.8125)
(32.6 2.6 2.8125)
(33 2.6 2.8125)
(33.4 2.6 2.8125)
(33.8 2.6 2.8125)
(34.2 2.6 2.8125)
(34.6 2.6 2.8125)
(35 2.6 2.8125)
(35.4 2.6 2.8125)
(35.8 2.6 2.8125)
(36.2 2.6 2.8125)
(36.6 2.6 2.8125)
(37 2.6 2.8125)
(37.4 2.6 2.8125)
(37.8 2.6 2.8125)
(28.2 3 2.8125)
(28.6 3 2.8125)
(29 3 2.8125)
(29.4 3 2.8125)
(29.8 3 2.8125)
(30.2 3 2.8125)
(30.6 3 2.8125)
(31 3 2.8125)
(31.4 3 2.8125)
(31.8 3 2.8125)
(32.2 3 2.8125)
(32.6 3 2.8125)
(33 3 2.8125)
(33.4 3 2.8125)
(33.8 3 2.8125)
(34.2 3 2.8125)
(34.6 3 2.8125)
(35 3 2.8125)
(35.4 3 2.8125)
(35.8 3 2.8125)
(36.2 3 2.8125)
(36.6 3 2.8125)
(37 3 2.8125)
(37.4 3 2.8125)
(37.8 3 2.8125)
(28.2 3.4 2.8125)
(28.6 3.4 2.8125)
(29 3.4 2.8125)
(29.4 3.4 2.8125)
(29.8 3.4 2.8125)
(30.2 3.4 2.8125)
(30.6 3.4 2.8125)
(31 3.4 2.8125)
(31.4 3.4 2.8125)
(31.8 3.4 2.8125)
(32.2 3.4 2.8125)
(32.6 3.4 2.8125)
(33 3.4 2.8125)
(33.4 3.4 2.8125)
(33.8 3.4 2.8125)
(34.2 3.4 2.8125)
(34.6 3.4 2.8125)
(35 3.4 2.8125)
(35.4 3.4 2.8125)
(35.8 3.4 2.8125)
(36.2 3.4 2.8125)
(36.6 3.4 2.8125)
(37 3.4 2.8125)
(37.4 3.4 2.8125)
(37.8 3.4 2.8125)
(28.2 3.8 2.8125)
(28.6 3.8 2.8125)
(29 3.8 2.8125)
(29.4 3.8 2.8125)
(29.8 3.8 2.8125)
(30.2 3.8 2.8125)
(30.6 3.8 2.8125)
(31 3.8 2.8125)
(31.4 3.8 2.8125)
(31.8 3.8 2.8125)
(32.2 3.8 2.8125)
(32.6 3.8 2.8125)
(33 3.8 2.8125)
(33.4 3.8 2.8125)
(33.8 3.8 2.8125)
(34.2 3.8 2.8125)
(34.6 3.8 2.8125)
(35 3.8 2.8125)
(35.4 3.8 2.8125)
(35.8 3.8 2.8125)
(36.2 3.8 2.8125)
(36.6 3.8 2.8125)
(37 3.8 2.8125)
(37.4 3.8 2.8125)
(37.8 3.8 2.8125)
(38.2 0.2 0.1875)
(38.6 0.2 0.1875)
(39 0.2 0.1875)
(39.4 0.2 0.1875)
(39.8 0.2 0.1875)
(40.2 0.2 0.1875)
(40.6 0.2 0.1875)
(41 0.2 0.1875)
(41.4 0.2 0.1875)
(41.8 0.2 0.1875)
(42.2 0.2 0.1875)
(42.6 0.2 0.1875)
(43 0.2 0.1875)
(43.4 0.2 0.1875)
(43.8 0.2 0.1875)
(44.2 0.2 0.1875)
(44.6 0.2 0.1875)
(45 0.2 0.1875)
(45.4 0.2 0.1875)
(45.8 0.2 0.1875)
(46.2 0.2 0.1875)
(46.6 0.2 0.1875)
(47 0.2 0.1875)
(47.4 0.2 0.1875)
(47.8 0.2 0.1875)
(48.2 0.2 0.1875)
(48.6 0.2 0.1875)
(49 0.2 0.1875)
(49.4 0.2 0.1875)
(49.8 0.2 0.1875)
(50.2 0.2 0.1875)
(50.6 0.2 0.1875)
(51 0.2 0.1875)
(51.4 0.2 0.1875)
(51.8 0.2 0.1875)
(52.2 0.2 0.1875)
(52.6 0.2 0.1875)
(53 0.2 0.1875)
(53.4 0.2 0.1875)
(53.8 0.2 0.1875)
(54.2 0.2 0.1875)
(54.6 0.2 0.1875)
(55 0.2 0.1875)
(55.4 0.2 0.1875)
(55.8 0.2 0.1875)
(56.2 0.2 0.1875)
(56.6 0.2 0.1875)
(57 0.2 0.1875)
(57.4 0.2 0.1875)
(57.8 0.2 0.1875)
(58.2 0.2 0.1875)
(58.6 0.2 0.1875)
(59 0.2 0.1875)
(59.4 0.2 0.1875)
(59.8 0.2 0.1875)
(38.2 0.6 0.1875)
(38.6 0.6 0.1875)
(39 0.6 0.1875)
(39.4 0.6 0.1875)
(39.8 0.6 0.1875)
(40.2 0.6 0.1875)
(40.6 0.6 0.1875)
(41 0.6 0.1875)
(41.4 0.6 0.1875)
(41.8 0.6 0.1875)
(42.2 0.6 0.1875)
(42.6 0.6 0.1875)
(43 0.6 0.1875)
(43.4 0.6 0.1875)
(43.8 0.6 0.1875)
(44.2 0.6 0.1875)
(44.6 0.6 0.1875)
(45 0.6 0.1875)
(45.4 0.6 0.1875)
(45.8 0.6 0.1875)
(46.2 0.6 0.1875)
(46.6 0.6 0.1875)
(47 0.6 0.1875)
(47.4 0.6 0.1875)
(47.8 0.6 0.1875)
(48.2 0.6 0.1875)
(48.6 0.6 0.1875)
(49 0.6 0.1875)
(49.4 0.6 0.1875)
(49.8 0.6 0.1875)
(50.2 0.6 0.1875)
(50.6 0.6 0.1875)
(51 0.6 0.1875)
(51.4 0.6 0.1875)
(51.8 0.6 0.1875)
(52.2 0.6 0.1875)
(52.6 0.6 0.1875)
(53 0.6 0.1875)
(53.4 0.6 0.1875)
(53.8 0.6 0.1875)
(54.2 0.6 0.1875)
(54.6 0.6 0.1875)
(55 0.6 0.1875)
(55.4 0.6 0.1875)
(55.8 0.6 0.1875)
(56.2 0.6 0.1875)
(56.6 0.6 0.1875)
(57 0.6 0.1875)
(57.4 0.6 0.1875)
(57.8 0.6 0.1875)
(58.2 0.6 0.1875)
(58.6 0.6 0.1875)
(59 0.6 0.1875)
(59.4 0.6 0.1875)
(59.8 0.6 0.1875)
(38.2 1 0.1875)
(38.6 1 0.1875)
(39 1 0.1875)
(39.4 1 0.1875)
(39.8 1 0.1875)
(40.2 1 0.1875)
(40.6 1 0.1875)
(41 1 0.1875)
(41.4 1 0.1875)
(41.8 1 0.1875)
(42.2 1 0.1875)
(42.6 1 0.1875)
(43 1 0.1875)
(43.4 1 0.1875)
(43.8 1 0.1875)
(44.2 1 0.1875)
(44.6 1 0.1875)
(45 1 0.1875)
(45.4 1 0.1875)
(45.8 1 0.1875)
(46.2 1 0.1875)
(46.6 1 0.1875)
(47 1 0.1875)
(47.4 1 0.1875)
(47.8 1 0.1875)
(48.2 1 0.1875)
(48.6 1 0.1875)
(49 1 0.1875)
(49.4 1 0.1875)
(49.8 1 0.1875)
(50.2 1 0.1875)
(50.6 1 0.1875)
(51 1 0.1875)
(51.4 1 0.1875)
(51.8 1 0.1875)
(52.2 1 0.1875)
(52.6 1 0.1875)
(53 1 0.1875)
(53.4 1 0.1875)
(53.8 1 0.1875)
(54.2 1 0.1875)
(54.6 1 0.1875)
(55 1 0.1875)
(55.4 1 0.1875)
(55.8 1 0.1875)
(56.2 1 0.1875)
(56.6 1 0.1875)
(57 1 0.1875)
(57.4 1 0.1875)
(57.8 1 0.1875)
(58.2 1 0.1875)
(58.6 1 0.1875)
(59 1 0.1875)
(59.4 1 0.1875)
(59.8 1 0.1875)
(38.2 1.4 0.1875)
(38.6 1.4 0.1875)
(39 1.4 0.1875)
(39.4 1.4 0.1875)
(39.8 1.4 0.1875)
(40.2 1.4 0.1875)
(40.6 1.4 0.1875)
(41 1.4 0.1875)
(41.4 1.4 0.1875)
(41.8 1.4 0.1875)
(42.2 1.4 0.1875)
(42.6 1.4 0.1875)
(43 1.4 0.1875)
(43.4 1.4 0.1875)
(43.8 1.4 0.1875)
(44.2 1.4 0.1875)
(44.6 1.4 0.1875)
(45 1.4 0.1875)
(45.4 1.4 0.1875)
(45.8 1.4 0.1875)
(46.2 1.4 0.1875)
(46.6 1.4 0.1875)
(47 1.4 0.1875)
(47.4 1.4 0.1875)
(47.8 1.4 0.1875)
(48.2 1.4 0.1875)
(48.6 1.4 0.1875)
(49 1.4 0.1875)
(49.4 1.4 0.1875)
(49.8 1.4 0.1875)
(50.2 1.4 0.1875)
(50.6 1.4 0.1875)
(51 1.4 0.1875)
(51.4 1.4 0.1875)
(51.8 1.4 0.1875)
(52.2 1.4 0.1875)
(52.6 1.4 0.1875)
(53 1.4 0.1875)
(53.4 1.4 0.1875)
(53.8 1.4 0.1875)
(54.2 1.4 0.1875)
(54.6 1.4 0.1875)
(55 1.4 0.1875)
(55.4 1.4 0.1875)
(55.8 1.4 0.1875)
(56.2 1.4 0.1875)
(56.6 1.4 0.1875)
(57 1.4 0.1875)
(57.4 1.4 0.1875)
(57.8 1.4 0.1875)
(58.2 1.4 0.1875)
(58.6 1.4 0.1875)
(59 1.4 0.1875)
(59.4 1.4 0.1875)
(59.8 1.4 0.1875)
(38.2 1.8 0.1875)
(38.6 1.8 0.1875)
(39 1.8 0.1875)
(39.4 1.8 0.1875)
(39.8 1.8 0.1875)
(40.2 1.8 0.1875)
(40.6 1.8 0.1875)
(41 1.8 0.1875)
(41.4 1.8 0.1875)
(41.8 1.8 0.1875)
(42.2 1.8 0.1875)
(42.6 1.8 0.1875)
(43 1.8 0.1875)
(43.4 1.8 0.1875)
(43.8 1.8 0.1875)
(44.2 1.8 0.1875)
(44.6 1.8 0.1875)
(45 1.8 0.1875)
(45.4 1.8 0.1875)
(45.8 1.8 0.1875)
(46.2 1.8 0.1875)
(46.6 1.8 0.1875)
(47 1.8 0.1875)
(47.4 1.8 0.1875)
(47.8 1.8 0.1875)
(48.2 1.8 0.1875)
(48.6 1.8 0.1875)
(49 1.8 0.1875)
(49.4 1.8 0.1875)
(49.8 1.8 0.1875)
(50.2 1.8 0.1875)
(50.6 1.8 0.1875)
(51 1.8 0.1875)
(51.4 1.8 0.1875)
(51.8 1.8 0.1875)
(52.2 1.8 0.1875)
(52.6 1.8 0.1875)
(53 1.8 0.1875)
(53.4 1.8 0.1875)
(53.8 1.8 0.1875)
(54.2 1.8 0.1875)
(54.6 1.8 0.1875)
(55 1.8 0.1875)
(55.4 1.8 0.1875)
(55.8 1.8 0.1875)
(56.2 1.8 0.1875)
(56.6 1.8 0.1875)
(57 1.8 0.1875)
(57.4 1.8 0.1875)
(57.8 1.8 0.1875)
(58.2 1.8 0.1875)
(58.6 1.8 0.1875)
(59 1.8 0.1875)
(59.4 1.8 0.1875)
(59.8 1.8 0.1875)
(38.2 2.2 0.1875)
(38.6 2.2 0.1875)
(39 2.2 0.1875)
(39.4 2.2 0.1875)
(39.8 2.2 0.1875)
(40.2 2.2 0.1875)
(40.6 2.2 0.1875)
(41 2.2 0.1875)
(41.4 2.2 0.1875)
(41.8 2.2 0.1875)
(42.2 2.2 0.1875)
(42.6 2.2 0.1875)
(43 2.2 0.1875)
(43.4 2.2 0.1875)
(43.8 2.2 0.1875)
(44.2 2.2 0.1875)
(44.6 2.2 0.1875)
(45 2.2 0.1875)
(45.4 2.2 0.1875)
(45.8 2.2 0.1875)
(46.2 2.2 0.1875)
(46.6 2.2 0.1875)
(47 2.2 0.1875)
(47.4 2.2 0.1875)
(47.8 2.2 0.1875)
(48.2 2.2 0.1875)
(48.6 2.2 0.1875)
(49 2.2 0.1875)
(49.4 2.2 0.1875)
(49.8 2.2 0.1875)
(50.2 2.2 0.1875)
(50.6 2.2 0.1875)
(51 2.2 0.1875)
(51.4 2.2 0.1875)
(51.8 2.2 0.1875)
(52.2 2.2 0.1875)
(52.6 2.2 0.1875)
(53 2.2 0.1875)
(53.4 2.2 0.1875)
(53.8 2.2 0.1875)
(54.2 2.2 0.1875)
(54.6 2.2 0.1875)
(55 2.2 0.1875)
(55.4 2.2 0.1875)
(55.8 2.2 0.1875)
(56.2 2.2 0.1875)
(56.6 2.2 0.1875)
(57 2.2 0.1875)
(57.4 2.2 0.1875)
(57.8 2.2 0.1875)
(58.2 2.2 0.1875)
(58.6 2.2 0.1875)
(59 2.2 0.1875)
(59.4 2.2 0.1875)
(59.8 2.2 0.1875)
(38.2 2.6 0.1875)
(38.6 2.6 0.1875)
(39 2.6 0.1875)
(39.4 2.6 0.1875)
(39.8 2.6 0.1875)
(40.2 2.6 0.1875)
(40.6 2.6 0.1875)
(41 2.6 0.1875)
(41.4 2.6 0.1875)
(41.8 2.6 0.1875)
(42.2 2.6 0.1875)
(42.6 2.6 0.1875)
(43 2.6 0.1875)
(43.4 2.6 0.1875)
(43.8 2.6 0.1875)
(44.2 2.6 0.1875)
(44.6 2.6 0.1875)
(45 2.6 0.1875)
(45.4 2.6 0.1875)
(45.8 2.6 0.1875)
(46.2 2.6 0.1875)
(46.6 2.6 0.1875)
(47 2.6 0.1875)
(47.4 2.6 0.1875)
(47.8 2.6 0.1875)
(48.2 2.6 0.1875)
(48.6 2.6 0.1875)
(49 2.6 0.1875)
(49.4 2.6 0.1875)
(49.8 2.6 0.1875)
(50.2 2.6 0.1875)
(50.6 2.6 0.1875)
(51 2.6 0.1875)
(51.4 2.6 0.1875)
(51.8 2.6 0.1875)
(52.2 2.6 0.1875)
(52.6 2.6 0.1875)
(53 2.6 0.1875)
(53.4 2.6 0.1875)
(53.8 2.6 0.1875)
(54.2 2.6 0.1875)
(54.6 2.6 0.1875)
(55 2.6 0.1875)
(55.4 2.6 0.1875)
(55.8 2.6 0.1875)
(56.2 2.6 0.1875)
(56.6 2.6 0.1875)
(57 2.6 0.1875)
(57.4 2.6 0.1875)
(57.8 2.6 0.1875)
(58.2 2.6 0.1875)
(58.6 2.6 0.1875)
(59 2.6 0.1875)
(59.4 2.6 0.1875)
(59.8 2.6 0.1875)
(38.2 3 0.1875)
(38.6 3 0.1875)
(39 3 0.1875)
(39.4 3 0.1875)
(39.8 3 0.1875)
(40.2 3 0.1875)
(40.6 3 0.1875)
(41 3 0.1875)
(41.4 3 0.1875)
(41.8 3 0.1875)
(42.2 3 0.1875)
(42.6 3 0.1875)
(43 3 0.1875)
(43.4 3 0.1875)
(43.8 3 0.1875)
(44.2 3 0.1875)
(44.6 3 0.1875)
(45 3 0.1875)
(45.4 3 0.1875)
(45.8 3 0.1875)
(46.2 3 0.1875)
(46.6 3 0.1875)
(47 3 0.1875)
(47.4 3 0.1875)
(47.8 3 0.1875)
(48.2 3 0.1875)
(48.6 3 0.1875)
(49 3 0.1875)
(49.4 3 0.1875)
(49.8 3 0.1875)
(50.2 3 0.1875)
(50.6 3 0.1875)
(51 3 0.1875)
(51.4 3 0.1875)
(51.8 3 0.1875)
(52.2 3 0.1875)
(52.6 3 0.1875)
(53 3 0.1875)
(53.4 3 0.1875)
(53.8 3 0.1875)
(54.2 3 0.1875)
(54.6 3 0.1875)
(55 3 0.1875)
(55.4 3 0.1875)
(55.8 3 0.1875)
(56.2 3 0.1875)
(56.6 3 0.1875)
(57 3 0.1875)
(57.4 3 0.1875)
(57.8 3 0.1875)
(58.2 3 0.1875)
(58.6 3 0.1875)
(59 3 0.1875)
(59.4 3 0.1875)
(59.8 3 0.1875)
(38.2 3.4 0.1875)
(38.6 3.4 0.1875)
(39 3.4 0.1875)
(39.4 3.4 0.1875)
(39.8 3.4 0.1875)
(40.2 3.4 0.1875)
(40.6 3.4 0.1875)
(41 3.4 0.1875)
(41.4 3.4 0.1875)
(41.8 3.4 0.1875)
(42.2 3.4 0.1875)
(42.6 3.4 0.1875)
(43 3.4 0.1875)
(43.4 3.4 0.1875)
(43.8 3.4 0.1875)
(44.2 3.4 0.1875)
(44.6 3.4 0.1875)
(45 3.4 0.1875)
(45.4 3.4 0.1875)
(45.8 3.4 0.1875)
(46.2 3.4 0.1875)
(46.6 3.4 0.1875)
(47 3.4 0.1875)
(47.4 3.4 0.1875)
(47.8 3.4 0.1875)
(48.2 3.4 0.1875)
(48.6 3.4 0.1875)
(49 3.4 0.1875)
(49.4 3.4 0.1875)
(49.8 3.4 0.1875)
(50.2 3.4 0.1875)
(50.6 3.4 0.1875)
(51 3.4 0.1875)
(51.4 3.4 0.1875)
(51.8 3.4 0.1875)
(52.2 3.4 0.1875)
(52.6 3.4 0.1875)
(53 3.4 0.1875)
(53.4 3.4 0.1875)
(53.8 3.4 0.1875)
(54.2 3.4 0.1875)
(54.6 3.4 0.1875)
(55 3.4 0.1875)
(55.4 3.4 0.1875)
(55.8 3.4 0.1875)
(56.2 3.4 0.1875)
(56.6 3.4 0.1875)
(57 3.4 0.1875)
(57.4 3.4 0.1875)
(57.8 3.4 0.1875)
(58.2 3.4 0.1875)
(58.6 3.4 0.1875)
(59 3.4 0.1875)
(59.4 3.4 0.1875)
(59.8 3.4 0.1875)
(38.2 3.8 0.1875)
(38.6 3.8 0.1875)
(39 3.8 0.1875)
(39.4 3.8 0.1875)
(39.8 3.8 0.1875)
(40.2 3.8 0.1875)
(40.6 3.8 0.1875)
(41 3.8 0.1875)
(41.4 3.8 0.1875)
(41.8 3.8 0.1875)
(42.2 3.8 0.1875)
(42.6 3.8 0.1875)
(43 3.8 0.1875)
(43.4 3.8 0.1875)
(43.8 3.8 0.1875)
(44.2 3.8 0.1875)
(44.6 3.8 0.1875)
(45 3.8 0.1875)
(45.4 3.8 0.1875)
(45.8 3.8 0.1875)
(46.2 3.8 0.1875)
(46.6 3.8 0.1875)
(47 3.8 0.1875)
(47.4 3.8 0.1875)
(47.8 3.8 0.1875)
(48.2 3.8 0.1875)
(48.6 3.8 0.1875)
(49 3.8 0.1875)
(49.4 3.8 0.1875)
(49.8 3.8 0.1875)
(50.2 3.8 0.1875)
(50.6 3.8 0.1875)
(51 3.8 0.1875)
(51.4 3.8 0.1875)
(51.8 3.8 0.1875)
(52.2 3.8 0.1875)
(52.6 3.8 0.1875)
(53 3.8 0.1875)
(53.4 3.8 0.1875)
(53.8 3.8 0.1875)
(54.2 3.8 0.1875)
(54.6 3.8 0.1875)
(55 3.8 0.1875)
(55.4 3.8 0.1875)
(55.8 3.8 0.1875)
(56.2 3.8 0.1875)
(56.6 3.8 0.1875)
(57 3.8 0.1875)
(57.4 3.8 0.1875)
(57.8 3.8 0.1875)
(58.2 3.8 0.1875)
(58.6 3.8 0.1875)
(59 3.8 0.1875)
(59.4 3.8 0.1875)
(59.8 3.8 0.1875)
(38.2 0.2 0.5625)
(38.6 0.2 0.5625)
(39 0.2 0.5625)
(39.4 0.2 0.5625)
(39.8 0.2 0.5625)
(40.2 0.2 0.5625)
(40.6 0.2 0.5625)
(41 0.2 0.5625)
(41.4 0.2 0.5625)
(41.8 0.2 0.5625)
(42.2 0.2 0.5625)
(42.6 0.2 0.5625)
(43 0.2 0.5625)
(43.4 0.2 0.5625)
(43.8 0.2 0.5625)
(44.2 0.2 0.5625)
(44.6 0.2 0.5625)
(45 0.2 0.5625)
(45.4 0.2 0.5625)
(45.8 0.2 0.5625)
(46.2 0.2 0.5625)
(46.6 0.2 0.5625)
(47 0.2 0.5625)
(47.4 0.2 0.5625)
(47.8 0.2 0.5625)
(48.2 0.2 0.5625)
(48.6 0.2 0.5625)
(49 0.2 0.5625)
(49.4 0.2 0.5625)
(49.8 0.2 0.5625)
(50.2 0.2 0.5625)
(50.6 0.2 0.5625)
(51 0.2 0.5625)
(51.4 0.2 0.5625)
(51.8 0.2 0.5625)
(52.2 0.2 0.5625)
(52.6 0.2 0.5625)
(53 0.2 0.5625)
(53.4 0.2 0.5625)
(53.8 0.2 0.5625)
(54.2 0.2 0.5625)
(54.6 0.2 0.5625)
(55 0.2 0.5625)
(55.4 0.2 0.5625)
(55.8 0.2 0.5625)
(56.2 0.2 0.5625)
(56.6 0.2 0.5625)
(57 0.2 0.5625)
(57.4 0.2 0.5625)
(57.8 0.2 0.5625)
(58.2 0.2 0.5625)
(58.6 0.2 0.5625)
(59 0.2 0.5625)
(59.4 0.2 0.5625)
(59.8 0.2 0.5625)
(38.2 0.6 0.5625)
(38.6 0.6 0.5625)
(39 0.6 0.5625)
(39.4 0.6 0.5625)
(39.8 0.6 0.5625)
(40.2 0.6 0.5625)
(40.6 0.6 0.5625)
(41 0.6 0.5625)
(41.4 0.6 0.5625)
(41.8 0.6 0.5625)
(42.2 0.6 0.5625)
(42.6 0.6 0.5625)
(43 0.6 0.5625)
(43.4 0.6 0.5625)
(43.8 0.6 0.5625)
(44.2 0.6 0.5625)
(44.6 0.6 0.5625)
(45 0.6 0.5625)
(45.4 0.6 0.5625)
(45.8 0.6 0.5625)
(46.2 0.6 0.5625)
(46.6 0.6 0.5625)
(47 0.6 0.5625)
(47.4 0.6 0.5625)
(47.8 0.6 0.5625)
(48.2 0.6 0.5625)
(48.6 0.6 0.5625)
(49 0.6 0.5625)
(49.4 0.6 0.5625)
(49.8 0.6 0.5625)
(50.2 0.6 0.5625)
(50.6 0.6 0.5625)
(51 0.6 0.5625)
(51.4 0.6 0.5625)
(51.8 0.6 0.5625)
(52.2 0.6 0.5625)
(52.6 0.6 0.5625)
(53 0.6 0.5625)
(53.4 0.6 0.5625)
(53.8 0.6 0.5625)
(54.2 0.6 0.5625)
(54.6 0.6 0.5625)
(55 0.6 0.5625)
(55.4 0.6 0.5625)
(55.8 0.6 0.5625)
(56.2 0.6 0.5625)
(56.6 0.6 0.5625)
(57 0.6 0.5625)
(57.4 0.6 0.5625)
(57.8 0.6 0.5625)
(58.2 0.6 0.5625)
(58.6 0.6 0.5625)
(59 0.6 0.5625)
(59.4 0.6 0.5625)
(59.8 0.6 0.5625)
(38.2 1 0.5625)
(38.6 1 0.5625)
(39 1 0.5625)
(39.4 1 0.5625)
(39.8 1 0.5625)
(40.2 1 0.5625)
(40.6 1 0.5625)
(41 1 0.5625)
(41.4 1 0.5625)
(41.8 1 0.5625)
(42.2 1 0.5625)
(42.6 1 0.5625)
(43 1 0.5625)
(43.4 1 0.5625)
(43.8 1 0.5625)
(44.2 1 0.5625)
(44.6 1 0.5625)
(45 1 0.5625)
(45.4 1 0.5625)
(45.8 1 0.5625)
(46.2 1 0.5625)
(46.6 1 0.5625)
(47 1 0.5625)
(47.4 1 0.5625)
(47.8 1 0.5625)
(48.2 1 0.5625)
(48.6 1 0.5625)
(49 1 0.5625)
(49.4 1 0.5625)
(49.8 1 0.5625)
(50.2 1 0.5625)
(50.6 1 0.5625)
(51 1 0.5625)
(51.4 1 0.5625)
(51.8 1 0.5625)
(52.2 1 0.5625)
(52.6 1 0.5625)
(53 1 0.5625)
(53.4 1 0.5625)
(53.8 1 0.5625)
(54.2 1 0.5625)
(54.6 1 0.5625)
(55 1 0.5625)
(55.4 1 0.5625)
(55.8 1 0.5625)
(56.2 1 0.5625)
(56.6 1 0.5625)
(57 1 0.5625)
(57.4 1 0.5625)
(57.8 1 0.5625)
(58.2 1 0.5625)
(58.6 1 0.5625)
(59 1 0.5625)
(59.4 1 0.5625)
(59.8 1 0.5625)
(38.2 1.4 0.5625)
(38.6 1.4 0.5625)
(39 1.4 0.5625)
(39.4 1.4 0.5625)
(39.8 1.4 0.5625)
(40.2 1.4 0.5625)
(40.6 1.4 0.5625)
(41 1.4 0.5625)
(41.4 1.4 0.5625)
(41.8 1.4 0.5625)
(42.2 1.4 0.5625)
(42.6 1.4 0.5625)
(43 1.4 0.5625)
(43.4 1.4 0.5625)
(43.8 1.4 0.5625)
(44.2 1.4 0.5625)
(44.6 1.4 0.5625)
(45 1.4 0.5625)
(45.4 1.4 0.5625)
(45.8 1.4 0.5625)
(46.2 1.4 0.5625)
(46.6 1.4 0.5625)
(47 1.4 0.5625)
(47.4 1.4 0.5625)
(47.8 1.4 0.5625)
(48.2 1.4 0.5625)
(48.6 1.4 0.5625)
(49 1.4 0.5625)
(49.4 1.4 0.5625)
(49.8 1.4 0.5625)
(50.2 1.4 0.5625)
(50.6 1.4 0.5625)
(51 1.4 0.5625)
(51.4 1.4 0.5625)
(51.8 1.4 0.5625)
(52.2 1.4 0.5625)
(52.6 1.4 0.5625)
(53 1.4 0.5625)
(53.4 1.4 0.5625)
(53.8 1.4 0.5625)
(54.2 1.4 0.5625)
(54.6 1.4 0.5625)
(55 1.4 0.5625)
(55.4 1.4 0.5625)
(55.8 1.4 0.5625)
(56.2 1.4 0.5625)
(56.6 1.4 0.5625)
(57 1.4 0.5625)
(57.4 1.4 0.5625)
(57.8 1.4 0.5625)
(58.2 1.4 0.5625)
(58.6 1.4 0.5625)
(59 1.4 0.5625)
(59.4 1.4 0.5625)
(59.8 1.4 0.5625)
(38.2 1.8 0.5625)
(38.6 1.8 0.5625)
(39 1.8 0.5625)
(39.4 1.8 0.5625)
(39.8 1.8 0.5625)
(40.2 1.8 0.5625)
(40.6 1.8 0.5625)
(41 1.8 0.5625)
(41.4 1.8 0.5625)
(41.8 1.8 0.5625)
(42.2 1.8 0.5625)
(42.6 1.8 0.5625)
(43 1.8 0.5625)
(43.4 1.8 0.5625)
(43.8 1.8 0.5625)
(44.2 1.8 0.5625)
(44.6 1.8 0.5625)
(45 1.8 0.5625)
(45.4 1.8 0.5625)
(45.8 1.8 0.5625)
(46.2 1.8 0.5625)
(46.6 1.8 0.5625)
(47 1.8 0.5625)
(47.4 1.8 0.5625)
(47.8 1.8 0.5625)
(48.2 1.8 0.5625)
(48.6 1.8 0.5625)
(49 1.8 0.5625)
(49.4 1.8 0.5625)
(49.8 1.8 0.5625)
(50.2 1.8 0.5625)
(50.6 1.8 0.5625)
(51 1.8 0.5625)
(51.4 1.8 0.5625)
(51.8 1.8 0.5625)
(52.2 1.8 0.5625)
(52.6 1.8 0.5625)
(53 1.8 0.5625)
(53.4 1.8 0.5625)
(53.8 1.8 0.5625)
(54.2 1.8 0.5625)
(54.6 1.8 0.5625)
(55 1.8 0.5625)
(55.4 1.8 0.5625)
(55.8 1.8 0.5625)
(56.2 1.8 0.5625)
(56.6 1.8 0.5625)
(57 1.8 0.5625)
(57.4 1.8 0.5625)
(57.8 1.8 0.5625)
(58.2 1.8 0.5625)
(58.6 1.8 0.5625)
(59 1.8 0.5625)
(59.4 1.8 0.5625)
(59.8 1.8 0.5625)
(38.2 2.2 0.5625)
(38.6 2.2 0.5625)
(39 2.2 0.5625)
(39.4 2.2 0.5625)
(39.8 2.2 0.5625)
(40.2 2.2 0.5625)
(40.6 2.2 0.5625)
(41 2.2 0.5625)
(41.4 2.2 0.5625)
(41.8 2.2 0.5625)
(42.2 2.2 0.5625)
(42.6 2.2 0.5625)
(43 2.2 0.5625)
(43.4 2.2 0.5625)
(43.8 2.2 0.5625)
(44.2 2.2 0.5625)
(44.6 2.2 0.5625)
(45 2.2 0.5625)
(45.4 2.2 0.5625)
(45.8 2.2 0.5625)
(46.2 2.2 0.5625)
(46.6 2.2 0.5625)
(47 2.2 0.5625)
(47.4 2.2 0.5625)
(47.8 2.2 0.5625)
(48.2 2.2 0.5625)
(48.6 2.2 0.5625)
(49 2.2 0.5625)
(49.4 2.2 0.5625)
(49.8 2.2 0.5625)
(50.2 2.2 0.5625)
(50.6 2.2 0.5625)
(51 2.2 0.5625)
(51.4 2.2 0.5625)
(51.8 2.2 0.5625)
(52.2 2.2 0.5625)
(52.6 2.2 0.5625)
(53 2.2 0.5625)
(53.4 2.2 0.5625)
(53.8 2.2 0.5625)
(54.2 2.2 0.5625)
(54.6 2.2 0.5625)
(55 2.2 0.5625)
(55.4 2.2 0.5625)
(55.8 2.2 0.5625)
(56.2 2.2 0.5625)
(56.6 2.2 0.5625)
(57 2.2 0.5625)
(57.4 2.2 0.5625)
(57.8 2.2 0.5625)
(58.2 2.2 0.5625)
(58.6 2.2 0.5625)
(59 2.2 0.5625)
(59.4 2.2 0.5625)
(59.8 2.2 0.5625)
(38.2 2.6 0.5625)
(38.6 2.6 0.5625)
(39 2.6 0.5625)
(39.4 2.6 0.5625)
(39.8 2.6 0.5625)
(40.2 2.6 0.5625)
(40.6 2.6 0.5625)
(41 2.6 0.5625)
(41.4 2.6 0.5625)
(41.8 2.6 0.5625)
(42.2 2.6 0.5625)
(42.6 2.6 0.5625)
(43 2.6 0.5625)
(43.4 2.6 0.5625)
(43.8 2.6 0.5625)
(44.2 2.6 0.5625)
(44.6 2.6 0.5625)
(45 2.6 0.5625)
(45.4 2.6 0.5625)
(45.8 2.6 0.5625)
(46.2 2.6 0.5625)
(46.6 2.6 0.5625)
(47 2.6 0.5625)
(47.4 2.6 0.5625)
(47.8 2.6 0.5625)
(48.2 2.6 0.5625)
(48.6 2.6 0.5625)
(49 2.6 0.5625)
(49.4 2.6 0.5625)
(49.8 2.6 0.5625)
(50.2 2.6 0.5625)
(50.6 2.6 0.5625)
(51 2.6 0.5625)
(51.4 2.6 0.5625)
(51.8 2.6 0.5625)
(52.2 2.6 0.5625)
(52.6 2.6 0.5625)
(53 2.6 0.5625)
(53.4 2.6 0.5625)
(53.8 2.6 0.5625)
(54.2 2.6 0.5625)
(54.6 2.6 0.5625)
(55 2.6 0.5625)
(55.4 2.6 0.5625)
(55.8 2.6 0.5625)
(56.2 2.6 0.5625)
(56.6 2.6 0.5625)
(57 2.6 0.5625)
(57.4 2.6 0.5625)
(57.8 2.6 0.5625)
(58.2 2.6 0.5625)
(58.6 2.6 0.5625)
(59 2.6 0.5625)
(59.4 2.6 0.5625)
(59.8 2.6 0.5625)
(38.2 3 0.5625)
(38.6 3 0.5625)
(39 3 0.5625)
(39.4 3 0.5625)
(39.8 3 0.5625)
(40.2 3 0.5625)
(40.6 3 0.5625)
(41 3 0.5625)
(41.4 3 0.5625)
(41.8 3 0.5625)
(42.2 3 0.5625)
(42.6 3 0.5625)
(43 3 0.5625)
(43.4 3 0.5625)
(43.8 3 0.5625)
(44.2 3 0.5625)
(44.6 3 0.5625)
(45 3 0.5625)
(45.4 3 0.5625)
(45.8 3 0.5625)
(46.2 3 0.5625)
(46.6 3 0.5625)
(47 3 0.5625)
(47.4 3 0.5625)
(47.8 3 0.5625)
(48.2 3 0.5625)
(48.6 3 0.5625)
(49 3 0.5625)
(49.4 3 0.5625)
(49.8 3 0.5625)
(50.2 3 0.5625)
(50.6 3 0.5625)
(51 3 0.5625)
(51.4 3 0.5625)
(51.8 3 0.5625)
(52.2 3 0.5625)
(52.6 3 0.5625)
(53 3 0.5625)
(53.4 3 0.5625)
(53.8 3 0.5625)
(54.2 3 0.5625)
(54.6 3 0.5625)
(55 3 0.5625)
(55.4 3 0.5625)
(55.8 3 0.5625)
(56.2 3 0.5625)
(56.6 3 0.5625)
(57 3 0.5625)
(57.4 3 0.5625)
(57.8 3 0.5625)
(58.2 3 0.5625)
(58.6 3 0.5625)
(59 3 0.5625)
(59.4 3 0.5625)
(59.8 3 0.5625)
(38.2 3.4 0.5625)
(38.6 3.4 0.5625)
(39 3.4 0.5625)
(39.4 3.4 0.5625)
(39.8 3.4 0.5625)
(40.2 3.4 0.5625)
(40.6 3.4 0.5625)
(41 3.4 0.5625)
(41.4 3.4 0.5625)
(41.8 3.4 0.5625)
(42.2 3.4 0.5625)
(42.6 3.4 0.5625)
(43 3.4 0.5625)
(43.4 3.4 0.5625)
(43.8 3.4 0.5625)
(44.2 3.4 0.5625)
(44.6 3.4 0.5625)
(45 3.4 0.5625)
(45.4 3.4 0.5625)
(45.8 3.4 0.5625)
(46.2 3.4 0.5625)
(46.6 3.4 0.5625)
(47 3.4 0.5625)
(47.4 3.4 0.5625)
(47.8 3.4 0.5625)
(48.2 3.4 0.5625)
(48.6 3.4 0.5625)
(49 3.4 0.5625)
(49.4 3.4 0.5625)
(49.8 3.4 0.5625)
(50.2 3.4 0.5625)
(50.6 3.4 0.5625)
(51 3.4 0.5625)
(51.4 3.4 0.5625)
(51.8 3.4 0.5625)
(52.2 3.4 0.5625)
(52.6 3.4 0.5625)
(53 3.4 0.5625)
(53.4 3.4 0.5625)
(53.8 3.4 0.5625)
(54.2 3.4 0.5625)
(54.6 3.4 0.5625)
(55 3.4 0.5625)
(55.4 3.4 0.5625)
(55.8 3.4 0.5625)
(56.2 3.4 0.5625)
(56.6 3.4 0.5625)
(57 3.4 0.5625)
(57.4 3.4 0.5625)
(57.8 3.4 0.5625)
(58.2 3.4 0.5625)
(58.6 3.4 0.5625)
(59 3.4 0.5625)
(59.4 3.4 0.5625)
(59.8 3.4 0.5625)
(38.2 3.8 0.5625)
(38.6 3.8 0.5625)
(39 3.8 0.5625)
(39.4 3.8 0.5625)
(39.8 3.8 0.5625)
(40.2 3.8 0.5625)
(40.6 3.8 0.5625)
(41 3.8 0.5625)
(41.4 3.8 0.5625)
(41.8 3.8 0.5625)
(42.2 3.8 0.5625)
(42.6 3.8 0.5625)
(43 3.8 0.5625)
(43.4 3.8 0.5625)
(43.8 3.8 0.5625)
(44.2 3.8 0.5625)
(44.6 3.8 0.5625)
(45 3.8 0.5625)
(45.4 3.8 0.5625)
(45.8 3.8 0.5625)
(46.2 3.8 0.5625)
(46.6 3.8 0.5625)
(47 3.8 0.5625)
(47.4 3.8 0.5625)
(47.8 3.8 0.5625)
(48.2 3.8 0.5625)
(48.6 3.8 0.5625)
(49 3.8 0.5625)
(49.4 3.8 0.5625)
(49.8 3.8 0.5625)
(50.2 3.8 0.5625)
(50.6 3.8 0.5625)
(51 3.8 0.5625)
(51.4 3.8 0.5625)
(51.8 3.8 0.5625)
(52.2 3.8 0.5625)
(52.6 3.8 0.5625)
(53 3.8 0.5625)
(53.4 3.8 0.5625)
(53.8 3.8 0.5625)
(54.2 3.8 0.5625)
(54.6 3.8 0.5625)
(55 3.8 0.5625)
(55.4 3.8 0.5625)
(55.8 3.8 0.5625)
(56.2 3.8 0.5625)
(56.6 3.8 0.5625)
(57 3.8 0.5625)
(57.4 3.8 0.5625)
(57.8 3.8 0.5625)
(58.2 3.8 0.5625)
(58.6 3.8 0.5625)
(59 3.8 0.5625)
(59.4 3.8 0.5625)
(59.8 3.8 0.5625)
(38.2 0.2 0.9375)
(38.6 0.2 0.9375)
(39 0.2 0.9375)
(39.4 0.2 0.9375)
(39.8 0.2 0.9375)
(40.2 0.2 0.9375)
(40.6 0.2 0.9375)
(41 0.2 0.9375)
(41.4 0.2 0.9375)
(41.8 0.2 0.9375)
(42.2 0.2 0.9375)
(42.6 0.2 0.9375)
(43 0.2 0.9375)
(43.4 0.2 0.9375)
(43.8 0.2 0.9375)
(44.2 0.2 0.9375)
(44.6 0.2 0.9375)
(45 0.2 0.9375)
(45.4 0.2 0.9375)
(45.8 0.2 0.9375)
(46.2 0.2 0.9375)
(46.6 0.2 0.9375)
(47 0.2 0.9375)
(47.4 0.2 0.9375)
(47.8 0.2 0.9375)
(48.2 0.2 0.9375)
(48.6 0.2 0.9375)
(49 0.2 0.9375)
(49.4 0.2 0.9375)
(49.8 0.2 0.9375)
(50.2 0.2 0.9375)
(50.6 0.2 0.9375)
(51 0.2 0.9375)
(51.4 0.2 0.9375)
(51.8 0.2 0.9375)
(52.2 0.2 0.9375)
(52.6 0.2 0.9375)
(53 0.2 0.9375)
(53.4 0.2 0.9375)
(53.8 0.2 0.9375)
(54.2 0.2 0.9375)
(54.6 0.2 0.9375)
(55 0.2 0.9375)
(55.4 0.2 0.9375)
(55.8 0.2 0.9375)
(56.2 0.2 0.9375)
(56.6 0.2 0.9375)
(57 0.2 0.9375)
(57.4 0.2 0.9375)
(57.8 0.2 0.9375)
(58.2 0.2 0.9375)
(58.6 0.2 0.9375)
(59 0.2 0.9375)
(59.4 0.2 0.9375)
(59.8 0.2 0.9375)
(38.2 0.6 0.9375)
(38.6 0.6 0.9375)
(39 0.6 0.9375)
(39.4 0.6 0.9375)
(39.8 0.6 0.9375)
(40.2 0.6 0.9375)
(40.6 0.6 0.9375)
(41 0.6 0.9375)
(41.4 0.6 0.9375)
(41.8 0.6 0.9375)
(42.2 0.6 0.9375)
(42.6 0.6 0.9375)
(43 0.6 0.9375)
(43.4 0.6 0.9375)
(43.8 0.6 0.9375)
(44.2 0.6 0.9375)
(44.6 0.6 0.9375)
(45 0.6 0.9375)
(45.4 0.6 0.9375)
(45.8 0.6 0.9375)
(46.2 0.6 0.9375)
(46.6 0.6 0.9375)
(47 0.6 0.9375)
(47.4 0.6 0.9375)
(47.8 0.6 0.9375)
(48.2 0.6 0.9375)
(48.6 0.6 0.9375)
(49 0.6 0.9375)
(49.4 0.6 0.9375)
(49.8 0.6 0.9375)
(50.2 0.6 0.9375)
(50.6 0.6 0.9375)
(51 0.6 0.9375)
(51.4 0.6 0.9375)
(51.8 0.6 0.9375)
(52.2 0.6 0.9375)
(52.6 0.6 0.9375)
(53 0.6 0.9375)
(53.4 0.6 0.9375)
(53.8 0.6 0.9375)
(54.2 0.6 0.9375)
(54.6 0.6 0.9375)
(55 0.6 0.9375)
(55.4 0.6 0.9375)
(55.8 0.6 0.9375)
(56.2 0.6 0.9375)
(56.6 0.6 0.9375)
(57 0.6 0.9375)
(57.4 0.6 0.9375)
(57.8 0.6 0.9375)
(58.2 0.6 0.9375)
(58.6 0.6 0.9375)
(59 0.6 0.9375)
(59.4 0.6 0.9375)
(59.8 0.6 0.9375)
(38.2 1 0.9375)
(38.6 1 0.9375)
(39 1 0.9375)
(39.4 1 0.9375)
(39.8 1 0.9375)
(40.2 1 0.9375)
(40.6 1 0.9375)
(41 1 0.9375)
(41.4 1 0.9375)
(41.8 1 0.9375)
(42.2 1 0.9375)
(42.6 1 0.9375)
(43 1 0.9375)
(43.4 1 0.9375)
(43.8 1 0.9375)
(44.2 1 0.9375)
(44.6 1 0.9375)
(45 1 0.9375)
(45.4 1 0.9375)
(45.8 1 0.9375)
(46.2 1 0.9375)
(46.6 1 0.9375)
(47 1 0.9375)
(47.4 1 0.9375)
(47.8 1 0.9375)
(48.2 1 0.9375)
(48.6 1 0.9375)
(49 1 0.9375)
(49.4 1 0.9375)
(49.8 1 0.9375)
(50.2 1 0.9375)
(50.6 1 0.9375)
(51 1 0.9375)
(51.4 1 0.9375)
(51.8 1 0.9375)
(52.2 1 0.9375)
(52.6 1 0.9375)
(53 1 0.9375)
(53.4 1 0.9375)
(53.8 1 0.9375)
(54.2 1 0.9375)
(54.6 1 0.9375)
(55 1 0.9375)
(55.4 1 0.9375)
(55.8 1 0.9375)
(56.2 1 0.9375)
(56.6 1 0.9375)
(57 1 0.9375)
(57.4 1 0.9375)
(57.8 1 0.9375)
(58.2 1 0.9375)
(58.6 1 0.9375)
(59 1 0.9375)
(59.4 1 0.9375)
(59.8 1 0.9375)
(38.2 1.4 0.9375)
(38.6 1.4 0.9375)
(39 1.4 0.9375)
(39.4 1.4 0.9375)
(39.8 1.4 0.9375)
(40.2 1.4 0.9375)
(40.6 1.4 0.9375)
(41 1.4 0.9375)
(41.4 1.4 0.9375)
(41.8 1.4 0.9375)
(42.2 1.4 0.9375)
(42.6 1.4 0.9375)
(43 1.4 0.9375)
(43.4 1.4 0.9375)
(43.8 1.4 0.9375)
(44.2 1.4 0.9375)
(44.6 1.4 0.9375)
(45 1.4 0.9375)
(45.4 1.4 0.9375)
(45.8 1.4 0.9375)
(46.2 1.4 0.9375)
(46.6 1.4 0.9375)
(47 1.4 0.9375)
(47.4 1.4 0.9375)
(47.8 1.4 0.9375)
(48.2 1.4 0.9375)
(48.6 1.4 0.9375)
(49 1.4 0.9375)
(49.4 1.4 0.9375)
(49.8 1.4 0.9375)
(50.2 1.4 0.9375)
(50.6 1.4 0.9375)
(51 1.4 0.9375)
(51.4 1.4 0.9375)
(51.8 1.4 0.9375)
(52.2 1.4 0.9375)
(52.6 1.4 0.9375)
(53 1.4 0.9375)
(53.4 1.4 0.9375)
(53.8 1.4 0.9375)
(54.2 1.4 0.9375)
(54.6 1.4 0.9375)
(55 1.4 0.9375)
(55.4 1.4 0.9375)
(55.8 1.4 0.9375)
(56.2 1.4 0.9375)
(56.6 1.4 0.9375)
(57 1.4 0.9375)
(57.4 1.4 0.9375)
(57.8 1.4 0.9375)
(58.2 1.4 0.9375)
(58.6 1.4 0.9375)
(59 1.4 0.9375)
(59.4 1.4 0.9375)
(59.8 1.4 0.9375)
(38.2 1.8 0.9375)
(38.6 1.8 0.9375)
(39 1.8 0.9375)
(39.4 1.8 0.9375)
(39.8 1.8 0.9375)
(40.2 1.8 0.9375)
(40.6 1.8 0.9375)
(41 1.8 0.9375)
(41.4 1.8 0.9375)
(41.8 1.8 0.9375)
(42.2 1.8 0.9375)
(42.6 1.8 0.9375)
(43 1.8 0.9375)
(43.4 1.8 0.9375)
(43.8 1.8 0.9375)
(44.2 1.8 0.9375)
(44.6 1.8 0.9375)
(45 1.8 0.9375)
(45.4 1.8 0.9375)
(45.8 1.8 0.9375)
(46.2 1.8 0.9375)
(46.6 1.8 0.9375)
(47 1.8 0.9375)
(47.4 1.8 0.9375)
(47.8 1.8 0.9375)
(48.2 1.8 0.9375)
(48.6 1.8 0.9375)
(49 1.8 0.9375)
(49.4 1.8 0.9375)
(49.8 1.8 0.9375)
(50.2 1.8 0.9375)
(50.6 1.8 0.9375)
(51 1.8 0.9375)
(51.4 1.8 0.9375)
(51.8 1.8 0.9375)
(52.2 1.8 0.9375)
(52.6 1.8 0.9375)
(53 1.8 0.9375)
(53.4 1.8 0.9375)
(53.8 1.8 0.9375)
(54.2 1.8 0.9375)
(54.6 1.8 0.9375)
(55 1.8 0.9375)
(55.4 1.8 0.9375)
(55.8 1.8 0.9375)
(56.2 1.8 0.9375)
(56.6 1.8 0.9375)
(57 1.8 0.9375)
(57.4 1.8 0.9375)
(57.8 1.8 0.9375)
(58.2 1.8 0.9375)
(58.6 1.8 0.9375)
(59 1.8 0.9375)
(59.4 1.8 0.9375)
(59.8 1.8 0.9375)
(38.2 2.2 0.9375)
(38.6 2.2 0.9375)
(39 2.2 0.9375)
(39.4 2.2 0.9375)
(39.8 2.2 0.9375)
(40.2 2.2 0.9375)
(40.6 2.2 0.9375)
(41 2.2 0.9375)
(41.4 2.2 0.9375)
(41.8 2.2 0.9375)
(42.2 2.2 0.9375)
(42.6 2.2 0.9375)
(43 2.2 0.9375)
(43.4 2.2 0.9375)
(43.8 2.2 0.9375)
(44.2 2.2 0.9375)
(44.6 2.2 0.9375)
(45 2.2 0.9375)
(45.4 2.2 0.9375)
(45.8 2.2 0.9375)
(46.2 2.2 0.9375)
(46.6 2.2 0.9375)
(47 2.2 0.9375)
(47.4 2.2 0.9375)
(47.8 2.2 0.9375)
(48.2 2.2 0.9375)
(48.6 2.2 0.9375)
(49 2.2 0.9375)
(49.4 2.2 0.9375)
(49.8 2.2 0.9375)
(50.2 2.2 0.9375)
(50.6 2.2 0.9375)
(51 2.2 0.9375)
(51.4 2.2 0.9375)
(51.8 2.2 0.9375)
(52.2 2.2 0.9375)
(52.6 2.2 0.9375)
(53 2.2 0.9375)
(53.4 2.2 0.9375)
(53.8 2.2 0.9375)
(54.2 2.2 0.9375)
(54.6 2.2 0.9375)
(55 2.2 0.9375)
(55.4 2.2 0.9375)
(55.8 2.2 0.9375)
(56.2 2.2 0.9375)
(56.6 2.2 0.9375)
(57 2.2 0.9375)
(57.4 2.2 0.9375)
(57.8 2.2 0.9375)
(58.2 2.2 0.9375)
(58.6 2.2 0.9375)
(59 2.2 0.9375)
(59.4 2.2 0.9375)
(59.8 2.2 0.9375)
(38.2 2.6 0.9375)
(38.6 2.6 0.9375)
(39 2.6 0.9375)
(39.4 2.6 0.9375)
(39.8 2.6 0.9375)
(40.2 2.6 0.9375)
(40.6 2.6 0.9375)
(41 2.6 0.9375)
(41.4 2.6 0.9375)
(41.8 2.6 0.9375)
(42.2 2.6 0.9375)
(42.6 2.6 0.9375)
(43 2.6 0.9375)
(43.4 2.6 0.9375)
(43.8 2.6 0.9375)
(44.2 2.6 0.9375)
(44.6 2.6 0.9375)
(45 2.6 0.9375)
(45.4 2.6 0.9375)
(45.8 2.6 0.9375)
(46.2 2.6 0.9375)
(46.6 2.6 0.9375)
(47 2.6 0.9375)
(47.4 2.6 0.9375)
(47.8 2.6 0.9375)
(48.2 2.6 0.9375)
(48.6 2.6 0.9375)
(49 2.6 0.9375)
(49.4 2.6 0.9375)
(49.8 2.6 0.9375)
(50.2 2.6 0.9375)
(50.6 2.6 0.9375)
(51 2.6 0.9375)
(51.4 2.6 0.9375)
(51.8 2.6 0.9375)
(52.2 2.6 0.9375)
(52.6 2.6 0.9375)
(53 2.6 0.9375)
(53.4 2.6 0.9375)
(53.8 2.6 0.9375)
(54.2 2.6 0.9375)
(54.6 2.6 0.9375)
(55 2.6 0.9375)
(55.4 2.6 0.9375)
(55.8 2.6 0.9375)
(56.2 2.6 0.9375)
(56.6 2.6 0.9375)
(57 2.6 0.9375)
(57.4 2.6 0.9375)
(57.8 2.6 0.9375)
(58.2 2.6 0.9375)
(58.6 2.6 0.9375)
(59 2.6 0.9375)
(59.4 2.6 0.9375)
(59.8 2.6 0.9375)
(38.2 3 0.9375)
(38.6 3 0.9375)
(39 3 0.9375)
(39.4 3 0.9375)
(39.8 3 0.9375)
(40.2 3 0.9375)
(40.6 3 0.9375)
(41 3 0.9375)
(41.4 3 0.9375)
(41.8 3 0.9375)
(42.2 3 0.9375)
(42.6 3 0.9375)
(43 3 0.9375)
(43.4 3 0.9375)
(43.8 3 0.9375)
(44.2 3 0.9375)
(44.6 3 0.9375)
(45 3 0.9375)
(45.4 3 0.9375)
(45.8 3 0.9375)
(46.2 3 0.9375)
(46.6 3 0.9375)
(47 3 0.9375)
(47.4 3 0.9375)
(47.8 3 0.9375)
(48.2 3 0.9375)
(48.6 3 0.9375)
(49 3 0.9375)
(49.4 3 0.9375)
(49.8 3 0.9375)
(50.2 3 0.9375)
(50.6 3 0.9375)
(51 3 0.9375)
(51.4 3 0.9375)
(51.8 3 0.9375)
(52.2 3 0.9375)
(52.6 3 0.9375)
(53 3 0.9375)
(53.4 3 0.9375)
(53.8 3 0.9375)
(54.2 3 0.9375)
(54.6 3 0.9375)
(55 3 0.9375)
(55.4 3 0.9375)
(55.8 3 0.9375)
(56.2 3 0.9375)
(56.6 3 0.9375)
(57 3 0.9375)
(57.4 3 0.9375)
(57.8 3 0.9375)
(58.2 3 0.9375)
(58.6 3 0.9375)
(59 3 0.9375)
(59.4 3 0.9375)
(59.8 3 0.9375)
(38.2 3.4 0.9375)
(38.6 3.4 0.9375)
(39 3.4 0.9375)
(39.4 3.4 0.9375)
(39.8 3.4 0.9375)
(40.2 3.4 0.9375)
(40.6 3.4 0.9375)
(41 3.4 0.9375)
(41.4 3.4 0.9375)
(41.8 3.4 0.9375)
(42.2 3.4 0.9375)
(42.6 3.4 0.9375)
(43 3.4 0.9375)
(43.4 3.4 0.9375)
(43.8 3.4 0.9375)
(44.2 3.4 0.9375)
(44.6 3.4 0.9375)
(45 3.4 0.9375)
(45.4 3.4 0.9375)
(45.8 3.4 0.9375)
(46.2 3.4 0.9375)
(46.6 3.4 0.9375)
(47 3.4 0.9375)
(47.4 3.4 0.9375)
(47.8 3.4 0.9375)
(48.2 3.4 0.9375)
(48.6 3.4 0.9375)
(49 3.4 0.9375)
(49.4 3.4 0.9375)
(49.8 3.4 0.9375)
(50.2 3.4 0.9375)
(50.6 3.4 0.9375)
(51 3.4 0.9375)
(51.4 3.4 0.9375)
(51.8 3.4 0.9375)
(52.2 3.4 0.9375)
(52.6 3.4 0.9375)
(53 3.4 0.9375)
(53.4 3.4 0.9375)
(53.8 3.4 0.9375)
(54.2 3.4 0.9375)
(54.6 3.4 0.9375)
(55 3.4 0.9375)
(55.4 3.4 0.9375)
(55.8 3.4 0.9375)
(56.2 3.4 0.9375)
(56.6 3.4 0.9375)
(57 3.4 0.9375)
(57.4 3.4 0.9375)
(57.8 3.4 0.9375)
(58.2 3.4 0.9375)
(58.6 3.4 0.9375)
(59 3.4 0.9375)
(59.4 3.4 0.9375)
(59.8 3.4 0.9375)
(38.2 3.8 0.9375)
(38.6 3.8 0.9375)
(39 3.8 0.9375)
(39.4 3.8 0.9375)
(39.8 3.8 0.9375)
(40.2 3.8 0.9375)
(40.6 3.8 0.9375)
(41 3.8 0.9375)
(41.4 3.8 0.9375)
(41.8 3.8 0.9375)
(42.2 3.8 0.9375)
(42.6 3.8 0.9375)
(43 3.8 0.9375)
(43.4 3.8 0.9375)
(43.8 3.8 0.9375)
(44.2 3.8 0.9375)
(44.6 3.8 0.9375)
(45 3.8 0.9375)
(45.4 3.8 0.9375)
(45.8 3.8 0.9375)
(46.2 3.8 0.9375)
(46.6 3.8 0.9375)
(47 3.8 0.9375)
(47.4 3.8 0.9375)
(47.8 3.8 0.9375)
(48.2 3.8 0.9375)
(48.6 3.8 0.9375)
(49 3.8 0.9375)
(49.4 3.8 0.9375)
(49.8 3.8 0.9375)
(50.2 3.8 0.9375)
(50.6 3.8 0.9375)
(51 3.8 0.9375)
(51.4 3.8 0.9375)
(51.8 3.8 0.9375)
(52.2 3.8 0.9375)
(52.6 3.8 0.9375)
(53 3.8 0.9375)
(53.4 3.8 0.9375)
(53.8 3.8 0.9375)
(54.2 3.8 0.9375)
(54.6 3.8 0.9375)
(55 3.8 0.9375)
(55.4 3.8 0.9375)
(55.8 3.8 0.9375)
(56.2 3.8 0.9375)
(56.6 3.8 0.9375)
(57 3.8 0.9375)
(57.4 3.8 0.9375)
(57.8 3.8 0.9375)
(58.2 3.8 0.9375)
(58.6 3.8 0.9375)
(59 3.8 0.9375)
(59.4 3.8 0.9375)
(59.8 3.8 0.9375)
(38.2 0.2 1.3125)
(38.6 0.2 1.3125)
(39 0.2 1.3125)
(39.4 0.2 1.3125)
(39.8 0.2 1.3125)
(40.2 0.2 1.3125)
(40.6 0.2 1.3125)
(41 0.2 1.3125)
(41.4 0.2 1.3125)
(41.8 0.2 1.3125)
(42.2 0.2 1.3125)
(42.6 0.2 1.3125)
(43 0.2 1.3125)
(43.4 0.2 1.3125)
(43.8 0.2 1.3125)
(44.2 0.2 1.3125)
(44.6 0.2 1.3125)
(45 0.2 1.3125)
(45.4 0.2 1.3125)
(45.8 0.2 1.3125)
(46.2 0.2 1.3125)
(46.6 0.2 1.3125)
(47 0.2 1.3125)
(47.4 0.2 1.3125)
(47.8 0.2 1.3125)
(48.2 0.2 1.3125)
(48.6 0.2 1.3125)
(49 0.2 1.3125)
(49.4 0.2 1.3125)
(49.8 0.2 1.3125)
(50.2 0.2 1.3125)
(50.6 0.2 1.3125)
(51 0.2 1.3125)
(51.4 0.2 1.3125)
(51.8 0.2 1.3125)
(52.2 0.2 1.3125)
(52.6 0.2 1.3125)
(53 0.2 1.3125)
(53.4 0.2 1.3125)
(53.8 0.2 1.3125)
(54.2 0.2 1.3125)
(54.6 0.2 1.3125)
(55 0.2 1.3125)
(55.4 0.2 1.3125)
(55.8 0.2 1.3125)
(56.2 0.2 1.3125)
(56.6 0.2 1.3125)
(57 0.2 1.3125)
(57.4 0.2 1.3125)
(57.8 0.2 1.3125)
(58.2 0.2 1.3125)
(58.6 0.2 1.3125)
(59 0.2 1.3125)
(59.4 0.2 1.3125)
(59.8 0.2 1.3125)
(38.2 0.6 1.3125)
(38.6 0.6 1.3125)
(39 0.6 1.3125)
(39.4 0.6 1.3125)
(39.8 0.6 1.3125)
(40.2 0.6 1.3125)
(40.6 0.6 1.3125)
(41 0.6 1.3125)
(41.4 0.6 1.3125)
(41.8 0.6 1.3125)
(42.2 0.6 1.3125)
(42.6 0.6 1.3125)
(43 0.6 1.3125)
(43.4 0.6 1.3125)
(43.8 0.6 1.3125)
(44.2 0.6 1.3125)
(44.6 0.6 1.3125)
(45 0.6 1.3125)
(45.4 0.6 1.3125)
(45.8 0.6 1.3125)
(46.2 0.6 1.3125)
(46.6 0.6 1.3125)
(47 0.6 1.3125)
(47.4 0.6 1.3125)
(47.8 0.6 1.3125)
(48.2 0.6 1.3125)
(48.6 0.6 1.3125)
(49 0.6 1.3125)
(49.4 0.6 1.3125)
(49.8 0.6 1.3125)
(50.2 0.6 1.3125)
(50.6 0.6 1.3125)
(51 0.6 1.3125)
(51.4 0.6 1.3125)
(51.8 0.6 1.3125)
(52.2 0.6 1.3125)
(52.6 0.6 1.3125)
(53 0.6 1.3125)
(53.4 0.6 1.3125)
(53.8 0.6 1.3125)
(54.2 0.6 1.3125)
(54.6 0.6 1.3125)
(55 0.6 1.3125)
(55.4 0.6 1.3125)
(55.8 0.6 1.3125)
(56.2 0.6 1.3125)
(56.6 0.6 1.3125)
(57 0.6 1.3125)
(57.4 0.6 1.3125)
(57.8 0.6 1.3125)
(58.2 0.6 1.3125)
(58.6 0.6 1.3125)
(59 0.6 1.3125)
(59.4 0.6 1.3125)
(59.8 0.6 1.3125)
(38.2 1 1.3125)
(38.6 1 1.3125)
(39 1 1.3125)
(39.4 1 1.3125)
(39.8 1 1.3125)
(40.2 1 1.3125)
(40.6 1 1.3125)
(41 1 1.3125)
(41.4 1 1.3125)
(41.8 1 1.3125)
(42.2 1 1.3125)
(42.6 1 1.3125)
(43 1 1.3125)
(43.4 1 1.3125)
(43.8 1 1.3125)
(44.2 1 1.3125)
(44.6 1 1.3125)
(45 1 1.3125)
(45.4 1 1.3125)
(45.8 1 1.3125)
(46.2 1 1.3125)
(46.6 1 1.3125)
(47 1 1.3125)
(47.4 1 1.3125)
(47.8 1 1.3125)
(48.2 1 1.3125)
(48.6 1 1.3125)
(49 1 1.3125)
(49.4 1 1.3125)
(49.8 1 1.3125)
(50.2 1 1.3125)
(50.6 1 1.3125)
(51 1 1.3125)
(51.4 1 1.3125)
(51.8 1 1.3125)
(52.2 1 1.3125)
(52.6 1 1.3125)
(53 1 1.3125)
(53.4 1 1.3125)
(53.8 1 1.3125)
(54.2 1 1.3125)
(54.6 1 1.3125)
(55 1 1.3125)
(55.4 1 1.3125)
(55.8 1 1.3125)
(56.2 1 1.3125)
(56.6 1 1.3125)
(57 1 1.3125)
(57.4 1 1.3125)
(57.8 1 1.3125)
(58.2 1 1.3125)
(58.6 1 1.3125)
(59 1 1.3125)
(59.4 1 1.3125)
(59.8 1 1.3125)
(38.2 1.4 1.3125)
(38.6 1.4 1.3125)
(39 1.4 1.3125)
(39.4 1.4 1.3125)
(39.8 1.4 1.3125)
(40.2 1.4 1.3125)
(40.6 1.4 1.3125)
(41 1.4 1.3125)
(41.4 1.4 1.3125)
(41.8 1.4 1.3125)
(42.2 1.4 1.3125)
(42.6 1.4 1.3125)
(43 1.4 1.3125)
(43.4 1.4 1.3125)
(43.8 1.4 1.3125)
(44.2 1.4 1.3125)
(44.6 1.4 1.3125)
(45 1.4 1.3125)
(45.4 1.4 1.3125)
(45.8 1.4 1.3125)
(46.2 1.4 1.3125)
(46.6 1.4 1.3125)
(47 1.4 1.3125)
(47.4 1.4 1.3125)
(47.8 1.4 1.3125)
(48.2 1.4 1.3125)
(48.6 1.4 1.3125)
(49 1.4 1.3125)
(49.4 1.4 1.3125)
(49.8 1.4 1.3125)
(50.2 1.4 1.3125)
(50.6 1.4 1.3125)
(51 1.4 1.3125)
(51.4 1.4 1.3125)
(51.8 1.4 1.3125)
(52.2 1.4 1.3125)
(52.6 1.4 1.3125)
(53 1.4 1.3125)
(53.4 1.4 1.3125)
(53.8 1.4 1.3125)
(54.2 1.4 1.3125)
(54.6 1.4 1.3125)
(55 1.4 1.3125)
(55.4 1.4 1.3125)
(55.8 1.4 1.3125)
(56.2 1.4 1.3125)
(56.6 1.4 1.3125)
(57 1.4 1.3125)
(57.4 1.4 1.3125)
(57.8 1.4 1.3125)
(58.2 1.4 1.3125)
(58.6 1.4 1.3125)
(59 1.4 1.3125)
(59.4 1.4 1.3125)
(59.8 1.4 1.3125)
(38.2 1.8 1.3125)
(38.6 1.8 1.3125)
(39 1.8 1.3125)
(39.4 1.8 1.3125)
(39.8 1.8 1.3125)
(40.2 1.8 1.3125)
(40.6 1.8 1.3125)
(41 1.8 1.3125)
(41.4 1.8 1.3125)
(41.8 1.8 1.3125)
(42.2 1.8 1.3125)
(42.6 1.8 1.3125)
(43 1.8 1.3125)
(43.4 1.8 1.3125)
(43.8 1.8 1.3125)
(44.2 1.8 1.3125)
(44.6 1.8 1.3125)
(45 1.8 1.3125)
(45.4 1.8 1.3125)
(45.8 1.8 1.3125)
(46.2 1.8 1.3125)
(46.6 1.8 1.3125)
(47 1.8 1.3125)
(47.4 1.8 1.3125)
(47.8 1.8 1.3125)
(48.2 1.8 1.3125)
(48.6 1.8 1.3125)
(49 1.8 1.3125)
(49.4 1.8 1.3125)
(49.8 1.8 1.3125)
(50.2 1.8 1.3125)
(50.6 1.8 1.3125)
(51 1.8 1.3125)
(51.4 1.8 1.3125)
(51.8 1.8 1.3125)
(52.2 1.8 1.3125)
(52.6 1.8 1.3125)
(53 1.8 1.3125)
(53.4 1.8 1.3125)
(53.8 1.8 1.3125)
(54.2 1.8 1.3125)
(54.6 1.8 1.3125)
(55 1.8 1.3125)
(55.4 1.8 1.3125)
(55.8 1.8 1.3125)
(56.2 1.8 1.3125)
(56.6 1.8 1.3125)
(57 1.8 1.3125)
(57.4 1.8 1.3125)
(57.8 1.8 1.3125)
(58.2 1.8 1.3125)
(58.6 1.8 1.3125)
(59 1.8 1.3125)
(59.4 1.8 1.3125)
(59.8 1.8 1.3125)
(38.2 2.2 1.3125)
(38.6 2.2 1.3125)
(39 2.2 1.3125)
(39.4 2.2 1.3125)
(39.8 2.2 1.3125)
(40.2 2.2 1.3125)
(40.6 2.2 1.3125)
(41 2.2 1.3125)
(41.4 2.2 1.3125)
(41.8 2.2 1.3125)
(42.2 2.2 1.3125)
(42.6 2.2 1.3125)
(43 2.2 1.3125)
(43.4 2.2 1.3125)
(43.8 2.2 1.3125)
(44.2 2.2 1.3125)
(44.6 2.2 1.3125)
(45 2.2 1.3125)
(45.4 2.2 1.3125)
(45.8 2.2 1.3125)
(46.2 2.2 1.3125)
(46.6 2.2 1.3125)
(47 2.2 1.3125)
(47.4 2.2 1.3125)
(47.8 2.2 1.3125)
(48.2 2.2 1.3125)
(48.6 2.2 1.3125)
(49 2.2 1.3125)
(49.4 2.2 1.3125)
(49.8 2.2 1.3125)
(50.2 2.2 1.3125)
(50.6 2.2 1.3125)
(51 2.2 1.3125)
(51.4 2.2 1.3125)
(51.8 2.2 1.3125)
(52.2 2.2 1.3125)
(52.6 2.2 1.3125)
(53 2.2 1.3125)
(53.4 2.2 1.3125)
(53.8 2.2 1.3125)
(54.2 2.2 1.3125)
(54.6 2.2 1.3125)
(55 2.2 1.3125)
(55.4 2.2 1.3125)
(55.8 2.2 1.3125)
(56.2 2.2 1.3125)
(56.6 2.2 1.3125)
(57 2.2 1.3125)
(57.4 2.2 1.3125)
(57.8 2.2 1.3125)
(58.2 2.2 1.3125)
(58.6 2.2 1.3125)
(59 2.2 1.3125)
(59.4 2.2 1.3125)
(59.8 2.2 1.3125)
(38.2 2.6 1.3125)
(38.6 2.6 1.3125)
(39 2.6 1.3125)
(39.4 2.6 1.3125)
(39.8 2.6 1.3125)
(40.2 2.6 1.3125)
(40.6 2.6 1.3125)
(41 2.6 1.3125)
(41.4 2.6 1.3125)
(41.8 2.6 1.3125)
(42.2 2.6 1.3125)
(42.6 2.6 1.3125)
(43 2.6 1.3125)
(43.4 2.6 1.3125)
(43.8 2.6 1.3125)
(44.2 2.6 1.3125)
(44.6 2.6 1.3125)
(45 2.6 1.3125)
(45.4 2.6 1.3125)
(45.8 2.6 1.3125)
(46.2 2.6 1.3125)
(46.6 2.6 1.3125)
(47 2.6 1.3125)
(47.4 2.6 1.3125)
(47.8 2.6 1.3125)
(48.2 2.6 1.3125)
(48.6 2.6 1.3125)
(49 2.6 1.3125)
(49.4 2.6 1.3125)
(49.8 2.6 1.3125)
(50.2 2.6 1.3125)
(50.6 2.6 1.3125)
(51 2.6 1.3125)
(51.4 2.6 1.3125)
(51.8 2.6 1.3125)
(52.2 2.6 1.3125)
(52.6 2.6 1.3125)
(53 2.6 1.3125)
(53.4 2.6 1.3125)
(53.8 2.6 1.3125)
(54.2 2.6 1.3125)
(54.6 2.6 1.3125)
(55 2.6 1.3125)
(55.4 2.6 1.3125)
(55.8 2.6 1.3125)
(56.2 2.6 1.3125)
(56.6 2.6 1.3125)
(57 2.6 1.3125)
(57.4 2.6 1.3125)
(57.8 2.6 1.3125)
(58.2 2.6 1.3125)
(58.6 2.6 1.3125)
(59 2.6 1.3125)
(59.4 2.6 1.3125)
(59.8 2.6 1.3125)
(38.2 3 1.3125)
(38.6 3 1.3125)
(39 3 1.3125)
(39.4 3 1.3125)
(39.8 3 1.3125)
(40.2 3 1.3125)
(40.6 3 1.3125)
(41 3 1.3125)
(41.4 3 1.3125)
(41.8 3 1.3125)
(42.2 3 1.3125)
(42.6 3 1.3125)
(43 3 1.3125)
(43.4 3 1.3125)
(43.8 3 1.3125)
(44.2 3 1.3125)
(44.6 3 1.3125)
(45 3 1.3125)
(45.4 3 1.3125)
(45.8 3 1.3125)
(46.2 3 1.3125)
(46.6 3 1.3125)
(47 3 1.3125)
(47.4 3 1.3125)
(47.8 3 1.3125)
(48.2 3 1.3125)
(48.6 3 1.3125)
(49 3 1.3125)
(49.4 3 1.3125)
(49.8 3 1.3125)
(50.2 3 1.3125)
(50.6 3 1.3125)
(51 3 1.3125)
(51.4 3 1.3125)
(51.8 3 1.3125)
(52.2 3 1.3125)
(52.6 3 1.3125)
(53 3 1.3125)
(53.4 3 1.3125)
(53.8 3 1.3125)
(54.2 3 1.3125)
(54.6 3 1.3125)
(55 3 1.3125)
(55.4 3 1.3125)
(55.8 3 1.3125)
(56.2 3 1.3125)
(56.6 3 1.3125)
(57 3 1.3125)
(57.4 3 1.3125)
(57.8 3 1.3125)
(58.2 3 1.3125)
(58.6 3 1.3125)
(59 3 1.3125)
(59.4 3 1.3125)
(59.8 3 1.3125)
(38.2 3.4 1.3125)
(38.6 3.4 1.3125)
(39 3.4 1.3125)
(39.4 3.4 1.3125)
(39.8 3.4 1.3125)
(40.2 3.4 1.3125)
(40.6 3.4 1.3125)
(41 3.4 1.3125)
(41.4 3.4 1.3125)
(41.8 3.4 1.3125)
(42.2 3.4 1.3125)
(42.6 3.4 1.3125)
(43 3.4 1.3125)
(43.4 3.4 1.3125)
(43.8 3.4 1.3125)
(44.2 3.4 1.3125)
(44.6 3.4 1.3125)
(45 3.4 1.3125)
(45.4 3.4 1.3125)
(45.8 3.4 1.3125)
(46.2 3.4 1.3125)
(46.6 3.4 1.3125)
(47 3.4 1.3125)
(47.4 3.4 1.3125)
(47.8 3.4 1.3125)
(48.2 3.4 1.3125)
(48.6 3.4 1.3125)
(49 3.4 1.3125)
(49.4 3.4 1.3125)
(49.8 3.4 1.3125)
(50.2 3.4 1.3125)
(50.6 3.4 1.3125)
(51 3.4 1.3125)
(51.4 3.4 1.3125)
(51.8 3.4 1.3125)
(52.2 3.4 1.3125)
(52.6 3.4 1.3125)
(53 3.4 1.3125)
(53.4 3.4 1.3125)
(53.8 3.4 1.3125)
(54.2 3.4 1.3125)
(54.6 3.4 1.3125)
(55 3.4 1.3125)
(55.4 3.4 1.3125)
(55.8 3.4 1.3125)
(56.2 3.4 1.3125)
(56.6 3.4 1.3125)
(57 3.4 1.3125)
(57.4 3.4 1.3125)
(57.8 3.4 1.3125)
(58.2 3.4 1.3125)
(58.6 3.4 1.3125)
(59 3.4 1.3125)
(59.4 3.4 1.3125)
(59.8 3.4 1.3125)
(38.2 3.8 1.3125)
(38.6 3.8 1.3125)
(39 3.8 1.3125)
(39.4 3.8 1.3125)
(39.8 3.8 1.3125)
(40.2 3.8 1.3125)
(40.6 3.8 1.3125)
(41 3.8 1.3125)
(41.4 3.8 1.3125)
(41.8 3.8 1.3125)
(42.2 3.8 1.3125)
(42.6 3.8 1.3125)
(43 3.8 1.3125)
(43.4 3.8 1.3125)
(43.8 3.8 1.3125)
(44.2 3.8 1.3125)
(44.6 3.8 1.3125)
(45 3.8 1.3125)
(45.4 3.8 1.3125)
(45.8 3.8 1.3125)
(46.2 3.8 1.3125)
(46.6 3.8 1.3125)
(47 3.8 1.3125)
(47.4 3.8 1.3125)
(47.8 3.8 1.3125)
(48.2 3.8 1.3125)
(48.6 3.8 1.3125)
(49 3.8 1.3125)
(49.4 3.8 1.3125)
(49.8 3.8 1.3125)
(50.2 3.8 1.3125)
(50.6 3.8 1.3125)
(51 3.8 1.3125)
(51.4 3.8 1.3125)
(51.8 3.8 1.3125)
(52.2 3.8 1.3125)
(52.6 3.8 1.3125)
(53 3.8 1.3125)
(53.4 3.8 1.3125)
(53.8 3.8 1.3125)
(54.2 3.8 1.3125)
(54.6 3.8 1.3125)
(55 3.8 1.3125)
(55.4 3.8 1.3125)
(55.8 3.8 1.3125)
(56.2 3.8 1.3125)
(56.6 3.8 1.3125)
(57 3.8 1.3125)
(57.4 3.8 1.3125)
(57.8 3.8 1.3125)
(58.2 3.8 1.3125)
(58.6 3.8 1.3125)
(59 3.8 1.3125)
(59.4 3.8 1.3125)
(59.8 3.8 1.3125)
(38.2 0.2 1.6875)
(38.6 0.2 1.6875)
(39 0.2 1.6875)
(39.4 0.2 1.6875)
(39.8 0.2 1.6875)
(40.2 0.2 1.6875)
(40.6 0.2 1.6875)
(41 0.2 1.6875)
(41.4 0.2 1.6875)
(41.8 0.2 1.6875)
(42.2 0.2 1.6875)
(42.6 0.2 1.6875)
(43 0.2 1.6875)
(43.4 0.2 1.6875)
(43.8 0.2 1.6875)
(44.2 0.2 1.6875)
(44.6 0.2 1.6875)
(45 0.2 1.6875)
(45.4 0.2 1.6875)
(45.8 0.2 1.6875)
(46.2 0.2 1.6875)
(46.6 0.2 1.6875)
(47 0.2 1.6875)
(47.4 0.2 1.6875)
(47.8 0.2 1.6875)
(48.2 0.2 1.6875)
(48.6 0.2 1.6875)
(49 0.2 1.6875)
(49.4 0.2 1.6875)
(49.8 0.2 1.6875)
(50.2 0.2 1.6875)
(50.6 0.2 1.6875)
(51 0.2 1.6875)
(51.4 0.2 1.6875)
(51.8 0.2 1.6875)
(52.2 0.2 1.6875)
(52.6 0.2 1.6875)
(53 0.2 1.6875)
(53.4 0.2 1.6875)
(53.8 0.2 1.6875)
(54.2 0.2 1.6875)
(54.6 0.2 1.6875)
(55 0.2 1.6875)
(55.4 0.2 1.6875)
(55.8 0.2 1.6875)
(56.2 0.2 1.6875)
(56.6 0.2 1.6875)
(57 0.2 1.6875)
(57.4 0.2 1.6875)
(57.8 0.2 1.6875)
(58.2 0.2 1.6875)
(58.6 0.2 1.6875)
(59 0.2 1.6875)
(59.4 0.2 1.6875)
(59.8 0.2 1.6875)
(38.2 0.6 1.6875)
(38.6 0.6 1.6875)
(39 0.6 1.6875)
(39.4 0.6 1.6875)
(39.8 0.6 1.6875)
(40.2 0.6 1.6875)
(40.6 0.6 1.6875)
(41 0.6 1.6875)
(41.4 0.6 1.6875)
(41.8 0.6 1.6875)
(42.2 0.6 1.6875)
(42.6 0.6 1.6875)
(43 0.6 1.6875)
(43.4 0.6 1.6875)
(43.8 0.6 1.6875)
(44.2 0.6 1.6875)
(44.6 0.6 1.6875)
(45 0.6 1.6875)
(45.4 0.6 1.6875)
(45.8 0.6 1.6875)
(46.2 0.6 1.6875)
(46.6 0.6 1.6875)
(47 0.6 1.6875)
(47.4 0.6 1.6875)
(47.8 0.6 1.6875)
(48.2 0.6 1.6875)
(48.6 0.6 1.6875)
(49 0.6 1.6875)
(49.4 0.6 1.6875)
(49.8 0.6 1.6875)
(50.2 0.6 1.6875)
(50.6 0.6 1.6875)
(51 0.6 1.6875)
(51.4 0.6 1.6875)
(51.8 0.6 1.6875)
(52.2 0.6 1.6875)
(52.6 0.6 1.6875)
(53 0.6 1.6875)
(53.4 0.6 1.6875)
(53.8 0.6 1.6875)
(54.2 0.6 1.6875)
(54.6 0.6 1.6875)
(55 0.6 1.6875)
(55.4 0.6 1.6875)
(55.8 0.6 1.6875)
(56.2 0.6 1.6875)
(56.6 0.6 1.6875)
(57 0.6 1.6875)
(57.4 0.6 1.6875)
(57.8 0.6 1.6875)
(58.2 0.6 1.6875)
(58.6 0.6 1.6875)
(59 0.6 1.6875)
(59.4 0.6 1.6875)
(59.8 0.6 1.6875)
(38.2 1 1.6875)
(38.6 1 1.6875)
(39 1 1.6875)
(39.4 1 1.6875)
(39.8 1 1.6875)
(40.2 1 1.6875)
(40.6 1 1.6875)
(41 1 1.6875)
(41.4 1 1.6875)
(41.8 1 1.6875)
(42.2 1 1.6875)
(42.6 1 1.6875)
(43 1 1.6875)
(43.4 1 1.6875)
(43.8 1 1.6875)
(44.2 1 1.6875)
(44.6 1 1.6875)
(45 1 1.6875)
(45.4 1 1.6875)
(45.8 1 1.6875)
(46.2 1 1.6875)
(46.6 1 1.6875)
(47 1 1.6875)
(47.4 1 1.6875)
(47.8 1 1.6875)
(48.2 1 1.6875)
(48.6 1 1.6875)
(49 1 1.6875)
(49.4 1 1.6875)
(49.8 1 1.6875)
(50.2 1 1.6875)
(50.6 1 1.6875)
(51 1 1.6875)
(51.4 1 1.6875)
(51.8 1 1.6875)
(52.2 1 1.6875)
(52.6 1 1.6875)
(53 1 1.6875)
(53.4 1 1.6875)
(53.8 1 1.6875)
(54.2 1 1.6875)
(54.6 1 1.6875)
(55 1 1.6875)
(55.4 1 1.6875)
(55.8 1 1.6875)
(56.2 1 1.6875)
(56.6 1 1.6875)
(57 1 1.6875)
(57.4 1 1.6875)
(57.8 1 1.6875)
(58.2 1 1.6875)
(58.6 1 1.6875)
(59 1 1.6875)
(59.4 1 1.6875)
(59.8 1 1.6875)
(38.2 1.4 1.6875)
(38.6 1.4 1.6875)
(39 1.4 1.6875)
(39.4 1.4 1.6875)
(39.8 1.4 1.6875)
(40.2 1.4 1.6875)
(40.6 1.4 1.6875)
(41 1.4 1.6875)
(41.4 1.4 1.6875)
(41.8 1.4 1.6875)
(42.2 1.4 1.6875)
(42.6 1.4 1.6875)
(43 1.4 1.6875)
(43.4 1.4 1.6875)
(43.8 1.4 1.6875)
(44.2 1.4 1.6875)
(44.6 1.4 1.6875)
(45 1.4 1.6875)
(45.4 1.4 1.6875)
(45.8 1.4 1.6875)
(46.2 1.4 1.6875)
(46.6 1.4 1.6875)
(47 1.4 1.6875)
(47.4 1.4 1.6875)
(47.8 1.4 1.6875)
(48.2 1.4 1.6875)
(48.6 1.4 1.6875)
(49 1.4 1.6875)
(49.4 1.4 1.6875)
(49.8 1.4 1.6875)
(50.2 1.4 1.6875)
(50.6 1.4 1.6875)
(51 1.4 1.6875)
(51.4 1.4 1.6875)
(51.8 1.4 1.6875)
(52.2 1.4 1.6875)
(52.6 1.4 1.6875)
(53 1.4 1.6875)
(53.4 1.4 1.6875)
(53.8 1.4 1.6875)
(54.2 1.4 1.6875)
(54.6 1.4 1.6875)
(55 1.4 1.6875)
(55.4 1.4 1.6875)
(55.8 1.4 1.6875)
(56.2 1.4 1.6875)
(56.6 1.4 1.6875)
(57 1.4 1.6875)
(57.4 1.4 1.6875)
(57.8 1.4 1.6875)
(58.2 1.4 1.6875)
(58.6 1.4 1.6875)
(59 1.4 1.6875)
(59.4 1.4 1.6875)
(59.8 1.4 1.6875)
(38.2 1.8 1.6875)
(38.6 1.8 1.6875)
(39 1.8 1.6875)
(39.4 1.8 1.6875)
(39.8 1.8 1.6875)
(40.2 1.8 1.6875)
(40.6 1.8 1.6875)
(41 1.8 1.6875)
(41.4 1.8 1.6875)
(41.8 1.8 1.6875)
(42.2 1.8 1.6875)
(42.6 1.8 1.6875)
(43 1.8 1.6875)
(43.4 1.8 1.6875)
(43.8 1.8 1.6875)
(44.2 1.8 1.6875)
(44.6 1.8 1.6875)
(45 1.8 1.6875)
(45.4 1.8 1.6875)
(45.8 1.8 1.6875)
(46.2 1.8 1.6875)
(46.6 1.8 1.6875)
(47 1.8 1.6875)
(47.4 1.8 1.6875)
(47.8 1.8 1.6875)
(48.2 1.8 1.6875)
(48.6 1.8 1.6875)
(49 1.8 1.6875)
(49.4 1.8 1.6875)
(49.8 1.8 1.6875)
(50.2 1.8 1.6875)
(50.6 1.8 1.6875)
(51 1.8 1.6875)
(51.4 1.8 1.6875)
(51.8 1.8 1.6875)
(52.2 1.8 1.6875)
(52.6 1.8 1.6875)
(53 1.8 1.6875)
(53.4 1.8 1.6875)
(53.8 1.8 1.6875)
(54.2 1.8 1.6875)
(54.6 1.8 1.6875)
(55 1.8 1.6875)
(55.4 1.8 1.6875)
(55.8 1.8 1.6875)
(56.2 1.8 1.6875)
(56.6 1.8 1.6875)
(57 1.8 1.6875)
(57.4 1.8 1.6875)
(57.8 1.8 1.6875)
(58.2 1.8 1.6875)
(58.6 1.8 1.6875)
(59 1.8 1.6875)
(59.4 1.8 1.6875)
(59.8 1.8 1.6875)
(38.2 2.2 1.6875)
(38.6 2.2 1.6875)
(39 2.2 1.6875)
(39.4 2.2 1.6875)
(39.8 2.2 1.6875)
(40.2 2.2 1.6875)
(40.6 2.2 1.6875)
(41 2.2 1.6875)
(41.4 2.2 1.6875)
(41.8 2.2 1.6875)
(42.2 2.2 1.6875)
(42.6 2.2 1.6875)
(43 2.2 1.6875)
(43.4 2.2 1.6875)
(43.8 2.2 1.6875)
(44.2 2.2 1.6875)
(44.6 2.2 1.6875)
(45 2.2 1.6875)
(45.4 2.2 1.6875)
(45.8 2.2 1.6875)
(46.2 2.2 1.6875)
(46.6 2.2 1.6875)
(47 2.2 1.6875)
(47.4 2.2 1.6875)
(47.8 2.2 1.6875)
(48.2 2.2 1.6875)
(48.6 2.2 1.6875)
(49 2.2 1.6875)
(49.4 2.2 1.6875)
(49.8 2.2 1.6875)
(50.2 2.2 1.6875)
(50.6 2.2 1.6875)
(51 2.2 1.6875)
(51.4 2.2 1.6875)
(51.8 2.2 1.6875)
(52.2 2.2 1.6875)
(52.6 2.2 1.6875)
(53 2.2 1.6875)
(53.4 2.2 1.6875)
(53.8 2.2 1.6875)
(54.2 2.2 1.6875)
(54.6 2.2 1.6875)
(55 2.2 1.6875)
(55.4 2.2 1.6875)
(55.8 2.2 1.6875)
(56.2 2.2 1.6875)
(56.6 2.2 1.6875)
(57 2.2 1.6875)
(57.4 2.2 1.6875)
(57.8 2.2 1.6875)
(58.2 2.2 1.6875)
(58.6 2.2 1.6875)
(59 2.2 1.6875)
(59.4 2.2 1.6875)
(59.8 2.2 1.6875)
(38.2 2.6 1.6875)
(38.6 2.6 1.6875)
(39 2.6 1.6875)
(39.4 2.6 1.6875)
(39.8 2.6 1.6875)
(40.2 2.6 1.6875)
(40.6 2.6 1.6875)
(41 2.6 1.6875)
(41.4 2.6 1.6875)
(41.8 2.6 1.6875)
(42.2 2.6 1.6875)
(42.6 2.6 1.6875)
(43 2.6 1.6875)
(43.4 2.6 1.6875)
(43.8 2.6 1.6875)
(44.2 2.6 1.6875)
(44.6 2.6 1.6875)
(45 2.6 1.6875)
(45.4 2.6 1.6875)
(45.8 2.6 1.6875)
(46.2 2.6 1.6875)
(46.6 2.6 1.6875)
(47 2.6 1.6875)
(47.4 2.6 1.6875)
(47.8 2.6 1.6875)
(48.2 2.6 1.6875)
(48.6 2.6 1.6875)
(49 2.6 1.6875)
(49.4 2.6 1.6875)
(49.8 2.6 1.6875)
(50.2 2.6 1.6875)
(50.6 2.6 1.6875)
(51 2.6 1.6875)
(51.4 2.6 1.6875)
(51.8 2.6 1.6875)
(52.2 2.6 1.6875)
(52.6 2.6 1.6875)
(53 2.6 1.6875)
(53.4 2.6 1.6875)
(53.8 2.6 1.6875)
(54.2 2.6 1.6875)
(54.6 2.6 1.6875)
(55 2.6 1.6875)
(55.4 2.6 1.6875)
(55.8 2.6 1.6875)
(56.2 2.6 1.6875)
(56.6 2.6 1.6875)
(57 2.6 1.6875)
(57.4 2.6 1.6875)
(57.8 2.6 1.6875)
(58.2 2.6 1.6875)
(58.6 2.6 1.6875)
(59 2.6 1.6875)
(59.4 2.6 1.6875)
(59.8 2.6 1.6875)
(38.2 3 1.6875)
(38.6 3 1.6875)
(39 3 1.6875)
(39.4 3 1.6875)
(39.8 3 1.6875)
(40.2 3 1.6875)
(40.6 3 1.6875)
(41 3 1.6875)
(41.4 3 1.6875)
(41.8 3 1.6875)
(42.2 3 1.6875)
(42.6 3 1.6875)
(43 3 1.6875)
(43.4 3 1.6875)
(43.8 3 1.6875)
(44.2 3 1.6875)
(44.6 3 1.6875)
(45 3 1.6875)
(45.4 3 1.6875)
(45.8 3 1.6875)
(46.2 3 1.6875)
(46.6 3 1.6875)
(47 3 1.6875)
(47.4 3 1.6875)
(47.8 3 1.6875)
(48.2 3 1.6875)
(48.6 3 1.6875)
(49 3 1.6875)
(49.4 3 1.6875)
(49.8 3 1.6875)
(50.2 3 1.6875)
(50.6 3 1.6875)
(51 3 1.6875)
(51.4 3 1.6875)
(51.8 3 1.6875)
(52.2 3 1.6875)
(52.6 3 1.6875)
(53 3 1.6875)
(53.4 3 1.6875)
(53.8 3 1.6875)
(54.2 3 1.6875)
(54.6 3 1.6875)
(55 3 1.6875)
(55.4 3 1.6875)
(55.8 3 1.6875)
(56.2 3 1.6875)
(56.6 3 1.6875)
(57 3 1.6875)
(57.4 3 1.6875)
(57.8 3 1.6875)
(58.2 3 1.6875)
(58.6 3 1.6875)
(59 3 1.6875)
(59.4 3 1.6875)
(59.8 3 1.6875)
(38.2 3.4 1.6875)
(38.6 3.4 1.6875)
(39 3.4 1.6875)
(39.4 3.4 1.6875)
(39.8 3.4 1.6875)
(40.2 3.4 1.6875)
(40.6 3.4 1.6875)
(41 3.4 1.6875)
(41.4 3.4 1.6875)
(41.8 3.4 1.6875)
(42.2 3.4 1.6875)
(42.6 3.4 1.6875)
(43 3.4 1.6875)
(43.4 3.4 1.6875)
(43.8 3.4 1.6875)
(44.2 3.4 1.6875)
(44.6 3.4 1.6875)
(45 3.4 1.6875)
(45.4 3.4 1.6875)
(45.8 3.4 1.6875)
(46.2 3.4 1.6875)
(46.6 3.4 1.6875)
(47 3.4 1.6875)
(47.4 3.4 1.6875)
(47.8 3.4 1.6875)
(48.2 3.4 1.6875)
(48.6 3.4 1.6875)
(49 3.4 1.6875)
(49.4 3.4 1.6875)
(49.8 3.4 1.6875)
(50.2 3.4 1.6875)
(50.6 3.4 1.6875)
(51 3.4 1.6875)
(51.4 3.4 1.6875)
(51.8 3.4 1.6875)
(52.2 3.4 1.6875)
(52.6 3.4 1.6875)
(53 3.4 1.6875)
(53.4 3.4 1.6875)
(53.8 3.4 1.6875)
(54.2 3.4 1.6875)
(54.6 3.4 1.6875)
(55 3.4 1.6875)
(55.4 3.4 1.6875)
(55.8 3.4 1.6875)
(56.2 3.4 1.6875)
(56.6 3.4 1.6875)
(57 3.4 1.6875)
(57.4 3.4 1.6875)
(57.8 3.4 1.6875)
(58.2 3.4 1.6875)
(58.6 3.4 1.6875)
(59 3.4 1.6875)
(59.4 3.4 1.6875)
(59.8 3.4 1.6875)
(38.2 3.8 1.6875)
(38.6 3.8 1.6875)
(39 3.8 1.6875)
(39.4 3.8 1.6875)
(39.8 3.8 1.6875)
(40.2 3.8 1.6875)
(40.6 3.8 1.6875)
(41 3.8 1.6875)
(41.4 3.8 1.6875)
(41.8 3.8 1.6875)
(42.2 3.8 1.6875)
(42.6 3.8 1.6875)
(43 3.8 1.6875)
(43.4 3.8 1.6875)
(43.8 3.8 1.6875)
(44.2 3.8 1.6875)
(44.6 3.8 1.6875)
(45 3.8 1.6875)
(45.4 3.8 1.6875)
(45.8 3.8 1.6875)
(46.2 3.8 1.6875)
(46.6 3.8 1.6875)
(47 3.8 1.6875)
(47.4 3.8 1.6875)
(47.8 3.8 1.6875)
(48.2 3.8 1.6875)
(48.6 3.8 1.6875)
(49 3.8 1.6875)
(49.4 3.8 1.6875)
(49.8 3.8 1.6875)
(50.2 3.8 1.6875)
(50.6 3.8 1.6875)
(51 3.8 1.6875)
(51.4 3.8 1.6875)
(51.8 3.8 1.6875)
(52.2 3.8 1.6875)
(52.6 3.8 1.6875)
(53 3.8 1.6875)
(53.4 3.8 1.6875)
(53.8 3.8 1.6875)
(54.2 3.8 1.6875)
(54.6 3.8 1.6875)
(55 3.8 1.6875)
(55.4 3.8 1.6875)
(55.8 3.8 1.6875)
(56.2 3.8 1.6875)
(56.6 3.8 1.6875)
(57 3.8 1.6875)
(57.4 3.8 1.6875)
(57.8 3.8 1.6875)
(58.2 3.8 1.6875)
(58.6 3.8 1.6875)
(59 3.8 1.6875)
(59.4 3.8 1.6875)
(59.8 3.8 1.6875)
(38.2 0.2 2.0625)
(38.6 0.2 2.0625)
(39 0.2 2.0625)
(39.4 0.2 2.0625)
(39.8 0.2 2.0625)
(40.2 0.2 2.0625)
(40.6 0.2 2.0625)
(41 0.2 2.0625)
(41.4 0.2 2.0625)
(41.8 0.2 2.0625)
(42.2 0.2 2.0625)
(42.6 0.2 2.0625)
(43 0.2 2.0625)
(43.4 0.2 2.0625)
(43.8 0.2 2.0625)
(44.2 0.2 2.0625)
(44.6 0.2 2.0625)
(45 0.2 2.0625)
(45.4 0.2 2.0625)
(45.8 0.2 2.0625)
(46.2 0.2 2.0625)
(46.6 0.2 2.0625)
(47 0.2 2.0625)
(47.4 0.2 2.0625)
(47.8 0.2 2.0625)
(48.2 0.2 2.0625)
(48.6 0.2 2.0625)
(49 0.2 2.0625)
(49.4 0.2 2.0625)
(49.8 0.2 2.0625)
(50.2 0.2 2.0625)
(50.6 0.2 2.0625)
(51 0.2 2.0625)
(51.4 0.2 2.0625)
(51.8 0.2 2.0625)
(52.2 0.2 2.0625)
(52.6 0.2 2.0625)
(53 0.2 2.0625)
(53.4 0.2 2.0625)
(53.8 0.2 2.0625)
(54.2 0.2 2.0625)
(54.6 0.2 2.0625)
(55 0.2 2.0625)
(55.4 0.2 2.0625)
(55.8 0.2 2.0625)
(56.2 0.2 2.0625)
(56.6 0.2 2.0625)
(57 0.2 2.0625)
(57.4 0.2 2.0625)
(57.8 0.2 2.0625)
(58.2 0.2 2.0625)
(58.6 0.2 2.0625)
(59 0.2 2.0625)
(59.4 0.2 2.0625)
(59.8 0.2 2.0625)
(38.2 0.6 2.0625)
(38.6 0.6 2.0625)
(39 0.6 2.0625)
(39.4 0.6 2.0625)
(39.8 0.6 2.0625)
(40.2 0.6 2.0625)
(40.6 0.6 2.0625)
(41 0.6 2.0625)
(41.4 0.6 2.0625)
(41.8 0.6 2.0625)
(42.2 0.6 2.0625)
(42.6 0.6 2.0625)
(43 0.6 2.0625)
(43.4 0.6 2.0625)
(43.8 0.6 2.0625)
(44.2 0.6 2.0625)
(44.6 0.6 2.0625)
(45 0.6 2.0625)
(45.4 0.6 2.0625)
(45.8 0.6 2.0625)
(46.2 0.6 2.0625)
(46.6 0.6 2.0625)
(47 0.6 2.0625)
(47.4 0.6 2.0625)
(47.8 0.6 2.0625)
(48.2 0.6 2.0625)
(48.6 0.6 2.0625)
(49 0.6 2.0625)
(49.4 0.6 2.0625)
(49.8 0.6 2.0625)
(50.2 0.6 2.0625)
(50.6 0.6 2.0625)
(51 0.6 2.0625)
(51.4 0.6 2.0625)
(51.8 0.6 2.0625)
(52.2 0.6 2.0625)
(52.6 0.6 2.0625)
(53 0.6 2.0625)
(53.4 0.6 2.0625)
(53.8 0.6 2.0625)
(54.2 0.6 2.0625)
(54.6 0.6 2.0625)
(55 0.6 2.0625)
(55.4 0.6 2.0625)
(55.8 0.6 2.0625)
(56.2 0.6 2.0625)
(56.6 0.6 2.0625)
(57 0.6 2.0625)
(57.4 0.6 2.0625)
(57.8 0.6 2.0625)
(58.2 0.6 2.0625)
(58.6 0.6 2.0625)
(59 0.6 2.0625)
(59.4 0.6 2.0625)
(59.8 0.6 2.0625)
(38.2 1 2.0625)
(38.6 1 2.0625)
(39 1 2.0625)
(39.4 1 2.0625)
(39.8 1 2.0625)
(40.2 1 2.0625)
(40.6 1 2.0625)
(41 1 2.0625)
(41.4 1 2.0625)
(41.8 1 2.0625)
(42.2 1 2.0625)
(42.6 1 2.0625)
(43 1 2.0625)
(43.4 1 2.0625)
(43.8 1 2.0625)
(44.2 1 2.0625)
(44.6 1 2.0625)
(45 1 2.0625)
(45.4 1 2.0625)
(45.8 1 2.0625)
(46.2 1 2.0625)
(46.6 1 2.0625)
(47 1 2.0625)
(47.4 1 2.0625)
(47.8 1 2.0625)
(48.2 1 2.0625)
(48.6 1 2.0625)
(49 1 2.0625)
(49.4 1 2.0625)
(49.8 1 2.0625)
(50.2 1 2.0625)
(50.6 1 2.0625)
(51 1 2.0625)
(51.4 1 2.0625)
(51.8 1 2.0625)
(52.2 1 2.0625)
(52.6 1 2.0625)
(53 1 2.0625)
(53.4 1 2.0625)
(53.8 1 2.0625)
(54.2 1 2.0625)
(54.6 1 2.0625)
(55 1 2.0625)
(55.4 1 2.0625)
(55.8 1 2.0625)
(56.2 1 2.0625)
(56.6 1 2.0625)
(57 1 2.0625)
(57.4 1 2.0625)
(57.8 1 2.0625)
(58.2 1 2.0625)
(58.6 1 2.0625)
(59 1 2.0625)
(59.4 1 2.0625)
(59.8 1 2.0625)
(38.2 1.4 2.0625)
(38.6 1.4 2.0625)
(39 1.4 2.0625)
(39.4 1.4 2.0625)
(39.8 1.4 2.0625)
(40.2 1.4 2.0625)
(40.6 1.4 2.0625)
(41 1.4 2.0625)
(41.4 1.4 2.0625)
(41.8 1.4 2.0625)
(42.2 1.4 2.0625)
(42.6 1.4 2.0625)
(43 1.4 2.0625)
(43.4 1.4 2.0625)
(43.8 1.4 2.0625)
(44.2 1.4 2.0625)
(44.6 1.4 2.0625)
(45 1.4 2.0625)
(45.4 1.4 2.0625)
(45.8 1.4 2.0625)
(46.2 1.4 2.0625)
(46.6 1.4 2.0625)
(47 1.4 2.0625)
(47.4 1.4 2.0625)
(47.8 1.4 2.0625)
(48.2 1.4 2.0625)
(48.6 1.4 2.0625)
(49 1.4 2.0625)
(49.4 1.4 2.0625)
(49.8 1.4 2.0625)
(50.2 1.4 2.0625)
(50.6 1.4 2.0625)
(51 1.4 2.0625)
(51.4 1.4 2.0625)
(51.8 1.4 2.0625)
(52.2 1.4 2.0625)
(52.6 1.4 2.0625)
(53 1.4 2.0625)
(53.4 1.4 2.0625)
(53.8 1.4 2.0625)
(54.2 1.4 2.0625)
(54.6 1.4 2.0625)
(55 1.4 2.0625)
(55.4 1.4 2.0625)
(55.8 1.4 2.0625)
(56.2 1.4 2.0625)
(56.6 1.4 2.0625)
(57 1.4 2.0625)
(57.4 1.4 2.0625)
(57.8 1.4 2.0625)
(58.2 1.4 2.0625)
(58.6 1.4 2.0625)
(59 1.4 2.0625)
(59.4 1.4 2.0625)
(59.8 1.4 2.0625)
(38.2 1.8 2.0625)
(38.6 1.8 2.0625)
(39 1.8 2.0625)
(39.4 1.8 2.0625)
(39.8 1.8 2.0625)
(40.2 1.8 2.0625)
(40.6 1.8 2.0625)
(41 1.8 2.0625)
(41.4 1.8 2.0625)
(41.8 1.8 2.0625)
(42.2 1.8 2.0625)
(42.6 1.8 2.0625)
(43 1.8 2.0625)
(43.4 1.8 2.0625)
(43.8 1.8 2.0625)
(44.2 1.8 2.0625)
(44.6 1.8 2.0625)
(45 1.8 2.0625)
(45.4 1.8 2.0625)
(45.8 1.8 2.0625)
(46.2 1.8 2.0625)
(46.6 1.8 2.0625)
(47 1.8 2.0625)
(47.4 1.8 2.0625)
(47.8 1.8 2.0625)
(48.2 1.8 2.0625)
(48.6 1.8 2.0625)
(49 1.8 2.0625)
(49.4 1.8 2.0625)
(49.8 1.8 2.0625)
(50.2 1.8 2.0625)
(50.6 1.8 2.0625)
(51 1.8 2.0625)
(51.4 1.8 2.0625)
(51.8 1.8 2.0625)
(52.2 1.8 2.0625)
(52.6 1.8 2.0625)
(53 1.8 2.0625)
(53.4 1.8 2.0625)
(53.8 1.8 2.0625)
(54.2 1.8 2.0625)
(54.6 1.8 2.0625)
(55 1.8 2.0625)
(55.4 1.8 2.0625)
(55.8 1.8 2.0625)
(56.2 1.8 2.0625)
(56.6 1.8 2.0625)
(57 1.8 2.0625)
(57.4 1.8 2.0625)
(57.8 1.8 2.0625)
(58.2 1.8 2.0625)
(58.6 1.8 2.0625)
(59 1.8 2.0625)
(59.4 1.8 2.0625)
(59.8 1.8 2.0625)
(38.2 2.2 2.0625)
(38.6 2.2 2.0625)
(39 2.2 2.0625)
(39.4 2.2 2.0625)
(39.8 2.2 2.0625)
(40.2 2.2 2.0625)
(40.6 2.2 2.0625)
(41 2.2 2.0625)
(41.4 2.2 2.0625)
(41.8 2.2 2.0625)
(42.2 2.2 2.0625)
(42.6 2.2 2.0625)
(43 2.2 2.0625)
(43.4 2.2 2.0625)
(43.8 2.2 2.0625)
(44.2 2.2 2.0625)
(44.6 2.2 2.0625)
(45 2.2 2.0625)
(45.4 2.2 2.0625)
(45.8 2.2 2.0625)
(46.2 2.2 2.0625)
(46.6 2.2 2.0625)
(47 2.2 2.0625)
(47.4 2.2 2.0625)
(47.8 2.2 2.0625)
(48.2 2.2 2.0625)
(48.6 2.2 2.0625)
(49 2.2 2.0625)
(49.4 2.2 2.0625)
(49.8 2.2 2.0625)
(50.2 2.2 2.0625)
(50.6 2.2 2.0625)
(51 2.2 2.0625)
(51.4 2.2 2.0625)
(51.8 2.2 2.0625)
(52.2 2.2 2.0625)
(52.6 2.2 2.0625)
(53 2.2 2.0625)
(53.4 2.2 2.0625)
(53.8 2.2 2.0625)
(54.2 2.2 2.0625)
(54.6 2.2 2.0625)
(55 2.2 2.0625)
(55.4 2.2 2.0625)
(55.8 2.2 2.0625)
(56.2 2.2 2.0625)
(56.6 2.2 2.0625)
(57 2.2 2.0625)
(57.4 2.2 2.0625)
(57.8 2.2 2.0625)
(58.2 2.2 2.0625)
(58.6 2.2 2.0625)
(59 2.2 2.0625)
(59.4 2.2 2.0625)
(59.8 2.2 2.0625)
(38.2 2.6 2.0625)
(38.6 2.6 2.0625)
(39 2.6 2.0625)
(39.4 2.6 2.0625)
(39.8 2.6 2.0625)
(40.2 2.6 2.0625)
(40.6 2.6 2.0625)
(41 2.6 2.0625)
(41.4 2.6 2.0625)
(41.8 2.6 2.0625)
(42.2 2.6 2.0625)
(42.6 2.6 2.0625)
(43 2.6 2.0625)
(43.4 2.6 2.0625)
(43.8 2.6 2.0625)
(44.2 2.6 2.0625)
(44.6 2.6 2.0625)
(45 2.6 2.0625)
(45.4 2.6 2.0625)
(45.8 2.6 2.0625)
(46.2 2.6 2.0625)
(46.6 2.6 2.0625)
(47 2.6 2.0625)
(47.4 2.6 2.0625)
(47.8 2.6 2.0625)
(48.2 2.6 2.0625)
(48.6 2.6 2.0625)
(49 2.6 2.0625)
(49.4 2.6 2.0625)
(49.8 2.6 2.0625)
(50.2 2.6 2.0625)
(50.6 2.6 2.0625)
(51 2.6 2.0625)
(51.4 2.6 2.0625)
(51.8 2.6 2.0625)
(52.2 2.6 2.0625)
(52.6 2.6 2.0625)
(53 2.6 2.0625)
(53.4 2.6 2.0625)
(53.8 2.6 2.0625)
(54.2 2.6 2.0625)
(54.6 2.6 2.0625)
(55 2.6 2.0625)
(55.4 2.6 2.0625)
(55.8 2.6 2.0625)
(56.2 2.6 2.0625)
(56.6 2.6 2.0625)
(57 2.6 2.0625)
(57.4 2.6 2.0625)
(57.8 2.6 2.0625)
(58.2 2.6 2.0625)
(58.6 2.6 2.0625)
(59 2.6 2.0625)
(59.4 2.6 2.0625)
(59.8 2.6 2.0625)
(38.2 3 2.0625)
(38.6 3 2.0625)
(39 3 2.0625)
(39.4 3 2.0625)
(39.8 3 2.0625)
(40.2 3 2.0625)
(40.6 3 2.0625)
(41 3 2.0625)
(41.4 3 2.0625)
(41.8 3 2.0625)
(42.2 3 2.0625)
(42.6 3 2.0625)
(43 3 2.0625)
(43.4 3 2.0625)
(43.8 3 2.0625)
(44.2 3 2.0625)
(44.6 3 2.0625)
(45 3 2.0625)
(45.4 3 2.0625)
(45.8 3 2.0625)
(46.2 3 2.0625)
(46.6 3 2.0625)
(47 3 2.0625)
(47.4 3 2.0625)
(47.8 3 2.0625)
(48.2 3 2.0625)
(48.6 3 2.0625)
(49 3 2.0625)
(49.4 3 2.0625)
(49.8 3 2.0625)
(50.2 3 2.0625)
(50.6 3 2.0625)
(51 3 2.0625)
(51.4 3 2.0625)
(51.8 3 2.0625)
(52.2 3 2.0625)
(52.6 3 2.0625)
(53 3 2.0625)
(53.4 3 2.0625)
(53.8 3 2.0625)
(54.2 3 2.0625)
(54.6 3 2.0625)
(55 3 2.0625)
(55.4 3 2.0625)
(55.8 3 2.0625)
(56.2 3 2.0625)
(56.6 3 2.0625)
(57 3 2.0625)
(57.4 3 2.0625)
(57.8 3 2.0625)
(58.2 3 2.0625)
(58.6 3 2.0625)
(59 3 2.0625)
(59.4 3 2.0625)
(59.8 3 2.0625)
(38.2 3.4 2.0625)
(38.6 3.4 2.0625)
(39 3.4 2.0625)
(39.4 3.4 2.0625)
(39.8 3.4 2.0625)
(40.2 3.4 2.0625)
(40.6 3.4 2.0625)
(41 3.4 2.0625)
(41.4 3.4 2.0625)
(41.8 3.4 2.0625)
(42.2 3.4 2.0625)
(42.6 3.4 2.0625)
(43 3.4 2.0625)
(43.4 3.4 2.0625)
(43.8 3.4 2.0625)
(44.2 3.4 2.0625)
(44.6 3.4 2.0625)
(45 3.4 2.0625)
(45.4 3.4 2.0625)
(45.8 3.4 2.0625)
(46.2 3.4 2.0625)
(46.6 3.4 2.0625)
(47 3.4 2.0625)
(47.4 3.4 2.0625)
(47.8 3.4 2.0625)
(48.2 3.4 2.0625)
(48.6 3.4 2.0625)
(49 3.4 2.0625)
(49.4 3.4 2.0625)
(49.8 3.4 2.0625)
(50.2 3.4 2.0625)
(50.6 3.4 2.0625)
(51 3.4 2.0625)
(51.4 3.4 2.0625)
(51.8 3.4 2.0625)
(52.2 3.4 2.0625)
(52.6 3.4 2.0625)
(53 3.4 2.0625)
(53.4 3.4 2.0625)
(53.8 3.4 2.0625)
(54.2 3.4 2.0625)
(54.6 3.4 2.0625)
(55 3.4 2.0625)
(55.4 3.4 2.0625)
(55.8 3.4 2.0625)
(56.2 3.4 2.0625)
(56.6 3.4 2.0625)
(57 3.4 2.0625)
(57.4 3.4 2.0625)
(57.8 3.4 2.0625)
(58.2 3.4 2.0625)
(58.6 3.4 2.0625)
(59 3.4 2.0625)
(59.4 3.4 2.0625)
(59.8 3.4 2.0625)
(38.2 3.8 2.0625)
(38.6 3.8 2.0625)
(39 3.8 2.0625)
(39.4 3.8 2.0625)
(39.8 3.8 2.0625)
(40.2 3.8 2.0625)
(40.6 3.8 2.0625)
(41 3.8 2.0625)
(41.4 3.8 2.0625)
(41.8 3.8 2.0625)
(42.2 3.8 2.0625)
(42.6 3.8 2.0625)
(43 3.8 2.0625)
(43.4 3.8 2.0625)
(43.8 3.8 2.0625)
(44.2 3.8 2.0625)
(44.6 3.8 2.0625)
(45 3.8 2.0625)
(45.4 3.8 2.0625)
(45.8 3.8 2.0625)
(46.2 3.8 2.0625)
(46.6 3.8 2.0625)
(47 3.8 2.0625)
(47.4 3.8 2.0625)
(47.8 3.8 2.0625)
(48.2 3.8 2.0625)
(48.6 3.8 2.0625)
(49 3.8 2.0625)
(49.4 3.8 2.0625)
(49.8 3.8 2.0625)
(50.2 3.8 2.0625)
(50.6 3.8 2.0625)
(51 3.8 2.0625)
(51.4 3.8 2.0625)
(51.8 3.8 2.0625)
(52.2 3.8 2.0625)
(52.6 3.8 2.0625)
(53 3.8 2.0625)
(53.4 3.8 2.0625)
(53.8 3.8 2.0625)
(54.2 3.8 2.0625)
(54.6 3.8 2.0625)
(55 3.8 2.0625)
(55.4 3.8 2.0625)
(55.8 3.8 2.0625)
(56.2 3.8 2.0625)
(56.6 3.8 2.0625)
(57 3.8 2.0625)
(57.4 3.8 2.0625)
(57.8 3.8 2.0625)
(58.2 3.8 2.0625)
(58.6 3.8 2.0625)
(59 3.8 2.0625)
(59.4 3.8 2.0625)
(59.8 3.8 2.0625)
(38.2 0.2 2.4375)
(38.6 0.2 2.4375)
(39 0.2 2.4375)
(39.4 0.2 2.4375)
(39.8 0.2 2.4375)
(40.2 0.2 2.4375)
(40.6 0.2 2.4375)
(41 0.2 2.4375)
(41.4 0.2 2.4375)
(41.8 0.2 2.4375)
(42.2 0.2 2.4375)
(42.6 0.2 2.4375)
(43 0.2 2.4375)
(43.4 0.2 2.4375)
(43.8 0.2 2.4375)
(44.2 0.2 2.4375)
(44.6 0.2 2.4375)
(45 0.2 2.4375)
(45.4 0.2 2.4375)
(45.8 0.2 2.4375)
(46.2 0.2 2.4375)
(46.6 0.2 2.4375)
(47 0.2 2.4375)
(47.4 0.2 2.4375)
(47.8 0.2 2.4375)
(48.2 0.2 2.4375)
(48.6 0.2 2.4375)
(49 0.2 2.4375)
(49.4 0.2 2.4375)
(49.8 0.2 2.4375)
(50.2 0.2 2.4375)
(50.6 0.2 2.4375)
(51 0.2 2.4375)
(51.4 0.2 2.4375)
(51.8 0.2 2.4375)
(52.2 0.2 2.4375)
(52.6 0.2 2.4375)
(53 0.2 2.4375)
(53.4 0.2 2.4375)
(53.8 0.2 2.4375)
(54.2 0.2 2.4375)
(54.6 0.2 2.4375)
(55 0.2 2.4375)
(55.4 0.2 2.4375)
(55.8 0.2 2.4375)
(56.2 0.2 2.4375)
(56.6 0.2 2.4375)
(57 0.2 2.4375)
(57.4 0.2 2.4375)
(57.8 0.2 2.4375)
(58.2 0.2 2.4375)
(58.6 0.2 2.4375)
(59 0.2 2.4375)
(59.4 0.2 2.4375)
(59.8 0.2 2.4375)
(38.2 0.6 2.4375)
(38.6 0.6 2.4375)
(39 0.6 2.4375)
(39.4 0.6 2.4375)
(39.8 0.6 2.4375)
(40.2 0.6 2.4375)
(40.6 0.6 2.4375)
(41 0.6 2.4375)
(41.4 0.6 2.4375)
(41.8 0.6 2.4375)
(42.2 0.6 2.4375)
(42.6 0.6 2.4375)
(43 0.6 2.4375)
(43.4 0.6 2.4375)
(43.8 0.6 2.4375)
(44.2 0.6 2.4375)
(44.6 0.6 2.4375)
(45 0.6 2.4375)
(45.4 0.6 2.4375)
(45.8 0.6 2.4375)
(46.2 0.6 2.4375)
(46.6 0.6 2.4375)
(47 0.6 2.4375)
(47.4 0.6 2.4375)
(47.8 0.6 2.4375)
(48.2 0.6 2.4375)
(48.6 0.6 2.4375)
(49 0.6 2.4375)
(49.4 0.6 2.4375)
(49.8 0.6 2.4375)
(50.2 0.6 2.4375)
(50.6 0.6 2.4375)
(51 0.6 2.4375)
(51.4 0.6 2.4375)
(51.8 0.6 2.4375)
(52.2 0.6 2.4375)
(52.6 0.6 2.4375)
(53 0.6 2.4375)
(53.4 0.6 2.4375)
(53.8 0.6 2.4375)
(54.2 0.6 2.4375)
(54.6 0.6 2.4375)
(55 0.6 2.4375)
(55.4 0.6 2.4375)
(55.8 0.6 2.4375)
(56.2 0.6 2.4375)
(56.6 0.6 2.4375)
(57 0.6 2.4375)
(57.4 0.6 2.4375)
(57.8 0.6 2.4375)
(58.2 0.6 2.4375)
(58.6 0.6 2.4375)
(59 0.6 2.4375)
(59.4 0.6 2.4375)
(59.8 0.6 2.4375)
(38.2 1 2.4375)
(38.6 1 2.4375)
(39 1 2.4375)
(39.4 1 2.4375)
(39.8 1 2.4375)
(40.2 1 2.4375)
(40.6 1 2.4375)
(41 1 2.4375)
(41.4 1 2.4375)
(41.8 1 2.4375)
(42.2 1 2.4375)
(42.6 1 2.4375)
(43 1 2.4375)
(43.4 1 2.4375)
(43.8 1 2.4375)
(44.2 1 2.4375)
(44.6 1 2.4375)
(45 1 2.4375)
(45.4 1 2.4375)
(45.8 1 2.4375)
(46.2 1 2.4375)
(46.6 1 2.4375)
(47 1 2.4375)
(47.4 1 2.4375)
(47.8 1 2.4375)
(48.2 1 2.4375)
(48.6 1 2.4375)
(49 1 2.4375)
(49.4 1 2.4375)
(49.8 1 2.4375)
(50.2 1 2.4375)
(50.6 1 2.4375)
(51 1 2.4375)
(51.4 1 2.4375)
(51.8 1 2.4375)
(52.2 1 2.4375)
(52.6 1 2.4375)
(53 1 2.4375)
(53.4 1 2.4375)
(53.8 1 2.4375)
(54.2 1 2.4375)
(54.6 1 2.4375)
(55 1 2.4375)
(55.4 1 2.4375)
(55.8 1 2.4375)
(56.2 1 2.4375)
(56.6 1 2.4375)
(57 1 2.4375)
(57.4 1 2.4375)
(57.8 1 2.4375)
(58.2 1 2.4375)
(58.6 1 2.4375)
(59 1 2.4375)
(59.4 1 2.4375)
(59.8 1 2.4375)
(38.2 1.4 2.4375)
(38.6 1.4 2.4375)
(39 1.4 2.4375)
(39.4 1.4 2.4375)
(39.8 1.4 2.4375)
(40.2 1.4 2.4375)
(40.6 1.4 2.4375)
(41 1.4 2.4375)
(41.4 1.4 2.4375)
(41.8 1.4 2.4375)
(42.2 1.4 2.4375)
(42.6 1.4 2.4375)
(43 1.4 2.4375)
(43.4 1.4 2.4375)
(43.8 1.4 2.4375)
(44.2 1.4 2.4375)
(44.6 1.4 2.4375)
(45 1.4 2.4375)
(45.4 1.4 2.4375)
(45.8 1.4 2.4375)
(46.2 1.4 2.4375)
(46.6 1.4 2.4375)
(47 1.4 2.4375)
(47.4 1.4 2.4375)
(47.8 1.4 2.4375)
(48.2 1.4 2.4375)
(48.6 1.4 2.4375)
(49 1.4 2.4375)
(49.4 1.4 2.4375)
(49.8 1.4 2.4375)
(50.2 1.4 2.4375)
(50.6 1.4 2.4375)
(51 1.4 2.4375)
(51.4 1.4 2.4375)
(51.8 1.4 2.4375)
(52.2 1.4 2.4375)
(52.6 1.4 2.4375)
(53 1.4 2.4375)
(53.4 1.4 2.4375)
(53.8 1.4 2.4375)
(54.2 1.4 2.4375)
(54.6 1.4 2.4375)
(55 1.4 2.4375)
(55.4 1.4 2.4375)
(55.8 1.4 2.4375)
(56.2 1.4 2.4375)
(56.6 1.4 2.4375)
(57 1.4 2.4375)
(57.4 1.4 2.4375)
(57.8 1.4 2.4375)
(58.2 1.4 2.4375)
(58.6 1.4 2.4375)
(59 1.4 2.4375)
(59.4 1.4 2.4375)
(59.8 1.4 2.4375)
(38.2 1.8 2.4375)
(38.6 1.8 2.4375)
(39 1.8 2.4375)
(39.4 1.8 2.4375)
(39.8 1.8 2.4375)
(40.2 1.8 2.4375)
(40.6 1.8 2.4375)
(41 1.8 2.4375)
(41.4 1.8 2.4375)
(41.8 1.8 2.4375)
(42.2 1.8 2.4375)
(42.6 1.8 2.4375)
(43 1.8 2.4375)
(43.4 1.8 2.4375)
(43.8 1.8 2.4375)
(44.2 1.8 2.4375)
(44.6 1.8 2.4375)
(45 1.8 2.4375)
(45.4 1.8 2.4375)
(45.8 1.8 2.4375)
(46.2 1.8 2.4375)
(46.6 1.8 2.4375)
(47 1.8 2.4375)
(47.4 1.8 2.4375)
(47.8 1.8 2.4375)
(48.2 1.8 2.4375)
(48.6 1.8 2.4375)
(49 1.8 2.4375)
(49.4 1.8 2.4375)
(49.8 1.8 2.4375)
(50.2 1.8 2.4375)
(50.6 1.8 2.4375)
(51 1.8 2.4375)
(51.4 1.8 2.4375)
(51.8 1.8 2.4375)
(52.2 1.8 2.4375)
(52.6 1.8 2.4375)
(53 1.8 2.4375)
(53.4 1.8 2.4375)
(53.8 1.8 2.4375)
(54.2 1.8 2.4375)
(54.6 1.8 2.4375)
(55 1.8 2.4375)
(55.4 1.8 2.4375)
(55.8 1.8 2.4375)
(56.2 1.8 2.4375)
(56.6 1.8 2.4375)
(57 1.8 2.4375)
(57.4 1.8 2.4375)
(57.8 1.8 2.4375)
(58.2 1.8 2.4375)
(58.6 1.8 2.4375)
(59 1.8 2.4375)
(59.4 1.8 2.4375)
(59.8 1.8 2.4375)
(38.2 2.2 2.4375)
(38.6 2.2 2.4375)
(39 2.2 2.4375)
(39.4 2.2 2.4375)
(39.8 2.2 2.4375)
(40.2 2.2 2.4375)
(40.6 2.2 2.4375)
(41 2.2 2.4375)
(41.4 2.2 2.4375)
(41.8 2.2 2.4375)
(42.2 2.2 2.4375)
(42.6 2.2 2.4375)
(43 2.2 2.4375)
(43.4 2.2 2.4375)
(43.8 2.2 2.4375)
(44.2 2.2 2.4375)
(44.6 2.2 2.4375)
(45 2.2 2.4375)
(45.4 2.2 2.4375)
(45.8 2.2 2.4375)
(46.2 2.2 2.4375)
(46.6 2.2 2.4375)
(47 2.2 2.4375)
(47.4 2.2 2.4375)
(47.8 2.2 2.4375)
(48.2 2.2 2.4375)
(48.6 2.2 2.4375)
(49 2.2 2.4375)
(49.4 2.2 2.4375)
(49.8 2.2 2.4375)
(50.2 2.2 2.4375)
(50.6 2.2 2.4375)
(51 2.2 2.4375)
(51.4 2.2 2.4375)
(51.8 2.2 2.4375)
(52.2 2.2 2.4375)
(52.6 2.2 2.4375)
(53 2.2 2.4375)
(53.4 2.2 2.4375)
(53.8 2.2 2.4375)
(54.2 2.2 2.4375)
(54.6 2.2 2.4375)
(55 2.2 2.4375)
(55.4 2.2 2.4375)
(55.8 2.2 2.4375)
(56.2 2.2 2.4375)
(56.6 2.2 2.4375)
(57 2.2 2.4375)
(57.4 2.2 2.4375)
(57.8 2.2 2.4375)
(58.2 2.2 2.4375)
(58.6 2.2 2.4375)
(59 2.2 2.4375)
(59.4 2.2 2.4375)
(59.8 2.2 2.4375)
(38.2 2.6 2.4375)
(38.6 2.6 2.4375)
(39 2.6 2.4375)
(39.4 2.6 2.4375)
(39.8 2.6 2.4375)
(40.2 2.6 2.4375)
(40.6 2.6 2.4375)
(41 2.6 2.4375)
(41.4 2.6 2.4375)
(41.8 2.6 2.4375)
(42.2 2.6 2.4375)
(42.6 2.6 2.4375)
(43 2.6 2.4375)
(43.4 2.6 2.4375)
(43.8 2.6 2.4375)
(44.2 2.6 2.4375)
(44.6 2.6 2.4375)
(45 2.6 2.4375)
(45.4 2.6 2.4375)
(45.8 2.6 2.4375)
(46.2 2.6 2.4375)
(46.6 2.6 2.4375)
(47 2.6 2.4375)
(47.4 2.6 2.4375)
(47.8 2.6 2.4375)
(48.2 2.6 2.4375)
(48.6 2.6 2.4375)
(49 2.6 2.4375)
(49.4 2.6 2.4375)
(49.8 2.6 2.4375)
(50.2 2.6 2.4375)
(50.6 2.6 2.4375)
(51 2.6 2.4375)
(51.4 2.6 2.4375)
(51.8 2.6 2.4375)
(52.2 2.6 2.4375)
(52.6 2.6 2.4375)
(53 2.6 2.4375)
(53.4 2.6 2.4375)
(53.8 2.6 2.4375)
(54.2 2.6 2.4375)
(54.6 2.6 2.4375)
(55 2.6 2.4375)
(55.4 2.6 2.4375)
(55.8 2.6 2.4375)
(56.2 2.6 2.4375)
(56.6 2.6 2.4375)
(57 2.6 2.4375)
(57.4 2.6 2.4375)
(57.8 2.6 2.4375)
(58.2 2.6 2.4375)
(58.6 2.6 2.4375)
(59 2.6 2.4375)
(59.4 2.6 2.4375)
(59.8 2.6 2.4375)
(38.2 3 2.4375)
(38.6 3 2.4375)
(39 3 2.4375)
(39.4 3 2.4375)
(39.8 3 2.4375)
(40.2 3 2.4375)
(40.6 3 2.4375)
(41 3 2.4375)
(41.4 3 2.4375)
(41.8 3 2.4375)
(42.2 3 2.4375)
(42.6 3 2.4375)
(43 3 2.4375)
(43.4 3 2.4375)
(43.8 3 2.4375)
(44.2 3 2.4375)
(44.6 3 2.4375)
(45 3 2.4375)
(45.4 3 2.4375)
(45.8 3 2.4375)
(46.2 3 2.4375)
(46.6 3 2.4375)
(47 3 2.4375)
(47.4 3 2.4375)
(47.8 3 2.4375)
(48.2 3 2.4375)
(48.6 3 2.4375)
(49 3 2.4375)
(49.4 3 2.4375)
(49.8 3 2.4375)
(50.2 3 2.4375)
(50.6 3 2.4375)
(51 3 2.4375)
(51.4 3 2.4375)
(51.8 3 2.4375)
(52.2 3 2.4375)
(52.6 3 2.4375)
(53 3 2.4375)
(53.4 3 2.4375)
(53.8 3 2.4375)
(54.2 3 2.4375)
(54.6 3 2.4375)
(55 3 2.4375)
(55.4 3 2.4375)
(55.8 3 2.4375)
(56.2 3 2.4375)
(56.6 3 2.4375)
(57 3 2.4375)
(57.4 3 2.4375)
(57.8 3 2.4375)
(58.2 3 2.4375)
(58.6 3 2.4375)
(59 3 2.4375)
(59.4 3 2.4375)
(59.8 3 2.4375)
(38.2 3.4 2.4375)
(38.6 3.4 2.4375)
(39 3.4 2.4375)
(39.4 3.4 2.4375)
(39.8 3.4 2.4375)
(40.2 3.4 2.4375)
(40.6 3.4 2.4375)
(41 3.4 2.4375)
(41.4 3.4 2.4375)
(41.8 3.4 2.4375)
(42.2 3.4 2.4375)
(42.6 3.4 2.4375)
(43 3.4 2.4375)
(43.4 3.4 2.4375)
(43.8 3.4 2.4375)
(44.2 3.4 2.4375)
(44.6 3.4 2.4375)
(45 3.4 2.4375)
(45.4 3.4 2.4375)
(45.8 3.4 2.4375)
(46.2 3.4 2.4375)
(46.6 3.4 2.4375)
(47 3.4 2.4375)
(47.4 3.4 2.4375)
(47.8 3.4 2.4375)
(48.2 3.4 2.4375)
(48.6 3.4 2.4375)
(49 3.4 2.4375)
(49.4 3.4 2.4375)
(49.8 3.4 2.4375)
(50.2 3.4 2.4375)
(50.6 3.4 2.4375)
(51 3.4 2.4375)
(51.4 3.4 2.4375)
(51.8 3.4 2.4375)
(52.2 3.4 2.4375)
(52.6 3.4 2.4375)
(53 3.4 2.4375)
(53.4 3.4 2.4375)
(53.8 3.4 2.4375)
(54.2 3.4 2.4375)
(54.6 3.4 2.4375)
(55 3.4 2.4375)
(55.4 3.4 2.4375)
(55.8 3.4 2.4375)
(56.2 3.4 2.4375)
(56.6 3.4 2.4375)
(57 3.4 2.4375)
(57.4 3.4 2.4375)
(57.8 3.4 2.4375)
(58.2 3.4 2.4375)
(58.6 3.4 2.4375)
(59 3.4 2.4375)
(59.4 3.4 2.4375)
(59.8 3.4 2.4375)
(38.2 3.8 2.4375)
(38.6 3.8 2.4375)
(39 3.8 2.4375)
(39.4 3.8 2.4375)
(39.8 3.8 2.4375)
(40.2 3.8 2.4375)
(40.6 3.8 2.4375)
(41 3.8 2.4375)
(41.4 3.8 2.4375)
(41.8 3.8 2.4375)
(42.2 3.8 2.4375)
(42.6 3.8 2.4375)
(43 3.8 2.4375)
(43.4 3.8 2.4375)
(43.8 3.8 2.4375)
(44.2 3.8 2.4375)
(44.6 3.8 2.4375)
(45 3.8 2.4375)
(45.4 3.8 2.4375)
(45.8 3.8 2.4375)
(46.2 3.8 2.4375)
(46.6 3.8 2.4375)
(47 3.8 2.4375)
(47.4 3.8 2.4375)
(47.8 3.8 2.4375)
(48.2 3.8 2.4375)
(48.6 3.8 2.4375)
(49 3.8 2.4375)
(49.4 3.8 2.4375)
(49.8 3.8 2.4375)
(50.2 3.8 2.4375)
(50.6 3.8 2.4375)
(51 3.8 2.4375)
(51.4 3.8 2.4375)
(51.8 3.8 2.4375)
(52.2 3.8 2.4375)
(52.6 3.8 2.4375)
(53 3.8 2.4375)
(53.4 3.8 2.4375)
(53.8 3.8 2.4375)
(54.2 3.8 2.4375)
(54.6 3.8 2.4375)
(55 3.8 2.4375)
(55.4 3.8 2.4375)
(55.8 3.8 2.4375)
(56.2 3.8 2.4375)
(56.6 3.8 2.4375)
(57 3.8 2.4375)
(57.4 3.8 2.4375)
(57.8 3.8 2.4375)
(58.2 3.8 2.4375)
(58.6 3.8 2.4375)
(59 3.8 2.4375)
(59.4 3.8 2.4375)
(59.8 3.8 2.4375)
(38.2 0.2 2.8125)
(38.6 0.2 2.8125)
(39 0.2 2.8125)
(39.4 0.2 2.8125)
(39.8 0.2 2.8125)
(40.2 0.2 2.8125)
(40.6 0.2 2.8125)
(41 0.2 2.8125)
(41.4 0.2 2.8125)
(41.8 0.2 2.8125)
(42.2 0.2 2.8125)
(42.6 0.2 2.8125)
(43 0.2 2.8125)
(43.4 0.2 2.8125)
(43.8 0.2 2.8125)
(44.2 0.2 2.8125)
(44.6 0.2 2.8125)
(45 0.2 2.8125)
(45.4 0.2 2.8125)
(45.8 0.2 2.8125)
(46.2 0.2 2.8125)
(46.6 0.2 2.8125)
(47 0.2 2.8125)
(47.4 0.2 2.8125)
(47.8 0.2 2.8125)
(48.2 0.2 2.8125)
(48.6 0.2 2.8125)
(49 0.2 2.8125)
(49.4 0.2 2.8125)
(49.8 0.2 2.8125)
(50.2 0.2 2.8125)
(50.6 0.2 2.8125)
(51 0.2 2.8125)
(51.4 0.2 2.8125)
(51.8 0.2 2.8125)
(52.2 0.2 2.8125)
(52.6 0.2 2.8125)
(53 0.2 2.8125)
(53.4 0.2 2.8125)
(53.8 0.2 2.8125)
(54.2 0.2 2.8125)
(54.6 0.2 2.8125)
(55 0.2 2.8125)
(55.4 0.2 2.8125)
(55.8 0.2 2.8125)
(56.2 0.2 2.8125)
(56.6 0.2 2.8125)
(57 0.2 2.8125)
(57.4 0.2 2.8125)
(57.8 0.2 2.8125)
(58.2 0.2 2.8125)
(58.6 0.2 2.8125)
(59 0.2 2.8125)
(59.4 0.2 2.8125)
(59.8 0.2 2.8125)
(38.2 0.6 2.8125)
(38.6 0.6 2.8125)
(39 0.6 2.8125)
(39.4 0.6 2.8125)
(39.8 0.6 2.8125)
(40.2 0.6 2.8125)
(40.6 0.6 2.8125)
(41 0.6 2.8125)
(41.4 0.6 2.8125)
(41.8 0.6 2.8125)
(42.2 0.6 2.8125)
(42.6 0.6 2.8125)
(43 0.6 2.8125)
(43.4 0.6 2.8125)
(43.8 0.6 2.8125)
(44.2 0.6 2.8125)
(44.6 0.6 2.8125)
(45 0.6 2.8125)
(45.4 0.6 2.8125)
(45.8 0.6 2.8125)
(46.2 0.6 2.8125)
(46.6 0.6 2.8125)
(47 0.6 2.8125)
(47.4 0.6 2.8125)
(47.8 0.6 2.8125)
(48.2 0.6 2.8125)
(48.6 0.6 2.8125)
(49 0.6 2.8125)
(49.4 0.6 2.8125)
(49.8 0.6 2.8125)
(50.2 0.6 2.8125)
(50.6 0.6 2.8125)
(51 0.6 2.8125)
(51.4 0.6 2.8125)
(51.8 0.6 2.8125)
(52.2 0.6 2.8125)
(52.6 0.6 2.8125)
(53 0.6 2.8125)
(53.4 0.6 2.8125)
(53.8 0.6 2.8125)
(54.2 0.6 2.8125)
(54.6 0.6 2.8125)
(55 0.6 2.8125)
(55.4 0.6 2.8125)
(55.8 0.6 2.8125)
(56.2 0.6 2.8125)
(56.6 0.6 2.8125)
(57 0.6 2.8125)
(57.4 0.6 2.8125)
(57.8 0.6 2.8125)
(58.2 0.6 2.8125)
(58.6 0.6 2.8125)
(59 0.6 2.8125)
(59.4 0.6 2.8125)
(59.8 0.6 2.8125)
(38.2 1 2.8125)
(38.6 1 2.8125)
(39 1 2.8125)
(39.4 1 2.8125)
(39.8 1 2.8125)
(40.2 1 2.8125)
(40.6 1 2.8125)
(41 1 2.8125)
(41.4 1 2.8125)
(41.8 1 2.8125)
(42.2 1 2.8125)
(42.6 1 2.8125)
(43 1 2.8125)
(43.4 1 2.8125)
(43.8 1 2.8125)
(44.2 1 2.8125)
(44.6 1 2.8125)
(45 1 2.8125)
(45.4 1 2.8125)
(45.8 1 2.8125)
(46.2 1 2.8125)
(46.6 1 2.8125)
(47 1 2.8125)
(47.4 1 2.8125)
(47.8 1 2.8125)
(48.2 1 2.8125)
(48.6 1 2.8125)
(49 1 2.8125)
(49.4 1 2.8125)
(49.8 1 2.8125)
(50.2 1 2.8125)
(50.6 1 2.8125)
(51 1 2.8125)
(51.4 1 2.8125)
(51.8 1 2.8125)
(52.2 1 2.8125)
(52.6 1 2.8125)
(53 1 2.8125)
(53.4 1 2.8125)
(53.8 1 2.8125)
(54.2 1 2.8125)
(54.6 1 2.8125)
(55 1 2.8125)
(55.4 1 2.8125)
(55.8 1 2.8125)
(56.2 1 2.8125)
(56.6 1 2.8125)
(57 1 2.8125)
(57.4 1 2.8125)
(57.8 1 2.8125)
(58.2 1 2.8125)
(58.6 1 2.8125)
(59 1 2.8125)
(59.4 1 2.8125)
(59.8 1 2.8125)
(38.2 1.4 2.8125)
(38.6 1.4 2.8125)
(39 1.4 2.8125)
(39.4 1.4 2.8125)
(39.8 1.4 2.8125)
(40.2 1.4 2.8125)
(40.6 1.4 2.8125)
(41 1.4 2.8125)
(41.4 1.4 2.8125)
(41.8 1.4 2.8125)
(42.2 1.4 2.8125)
(42.6 1.4 2.8125)
(43 1.4 2.8125)
(43.4 1.4 2.8125)
(43.8 1.4 2.8125)
(44.2 1.4 2.8125)
(44.6 1.4 2.8125)
(45 1.4 2.8125)
(45.4 1.4 2.8125)
(45.8 1.4 2.8125)
(46.2 1.4 2.8125)
(46.6 1.4 2.8125)
(47 1.4 2.8125)
(47.4 1.4 2.8125)
(47.8 1.4 2.8125)
(48.2 1.4 2.8125)
(48.6 1.4 2.8125)
(49 1.4 2.8125)
(49.4 1.4 2.8125)
(49.8 1.4 2.8125)
(50.2 1.4 2.8125)
(50.6 1.4 2.8125)
(51 1.4 2.8125)
(51.4 1.4 2.8125)
(51.8 1.4 2.8125)
(52.2 1.4 2.8125)
(52.6 1.4 2.8125)
(53 1.4 2.8125)
(53.4 1.4 2.8125)
(53.8 1.4 2.8125)
(54.2 1.4 2.8125)
(54.6 1.4 2.8125)
(55 1.4 2.8125)
(55.4 1.4 2.8125)
(55.8 1.4 2.8125)
(56.2 1.4 2.8125)
(56.6 1.4 2.8125)
(57 1.4 2.8125)
(57.4 1.4 2.8125)
(57.8 1.4 2.8125)
(58.2 1.4 2.8125)
(58.6 1.4 2.8125)
(59 1.4 2.8125)
(59.4 1.4 2.8125)
(59.8 1.4 2.8125)
(38.2 1.8 2.8125)
(38.6 1.8 2.8125)
(39 1.8 2.8125)
(39.4 1.8 2.8125)
(39.8 1.8 2.8125)
(40.2 1.8 2.8125)
(40.6 1.8 2.8125)
(41 1.8 2.8125)
(41.4 1.8 2.8125)
(41.8 1.8 2.8125)
(42.2 1.8 2.8125)
(42.6 1.8 2.8125)
(43 1.8 2.8125)
(43.4 1.8 2.8125)
(43.8 1.8 2.8125)
(44.2 1.8 2.8125)
(44.6 1.8 2.8125)
(45 1.8 2.8125)
(45.4 1.8 2.8125)
(45.8 1.8 2.8125)
(46.2 1.8 2.8125)
(46.6 1.8 2.8125)
(47 1.8 2.8125)
(47.4 1.8 2.8125)
(47.8 1.8 2.8125)
(48.2 1.8 2.8125)
(48.6 1.8 2.8125)
(49 1.8 2.8125)
(49.4 1.8 2.8125)
(49.8 1.8 2.8125)
(50.2 1.8 2.8125)
(50.6 1.8 2.8125)
(51 1.8 2.8125)
(51.4 1.8 2.8125)
(51.8 1.8 2.8125)
(52.2 1.8 2.8125)
(52.6 1.8 2.8125)
(53 1.8 2.8125)
(53.4 1.8 2.8125)
(53.8 1.8 2.8125)
(54.2 1.8 2.8125)
(54.6 1.8 2.8125)
(55 1.8 2.8125)
(55.4 1.8 2.8125)
(55.8 1.8 2.8125)
(56.2 1.8 2.8125)
(56.6 1.8 2.8125)
(57 1.8 2.8125)
(57.4 1.8 2.8125)
(57.8 1.8 2.8125)
(58.2 1.8 2.8125)
(58.6 1.8 2.8125)
(59 1.8 2.8125)
(59.4 1.8 2.8125)
(59.8 1.8 2.8125)
(38.2 2.2 2.8125)
(38.6 2.2 2.8125)
(39 2.2 2.8125)
(39.4 2.2 2.8125)
(39.8 2.2 2.8125)
(40.2 2.2 2.8125)
(40.6 2.2 2.8125)
(41 2.2 2.8125)
(41.4 2.2 2.8125)
(41.8 2.2 2.8125)
(42.2 2.2 2.8125)
(42.6 2.2 2.8125)
(43 2.2 2.8125)
(43.4 2.2 2.8125)
(43.8 2.2 2.8125)
(44.2 2.2 2.8125)
(44.6 2.2 2.8125)
(45 2.2 2.8125)
(45.4 2.2 2.8125)
(45.8 2.2 2.8125)
(46.2 2.2 2.8125)
(46.6 2.2 2.8125)
(47 2.2 2.8125)
(47.4 2.2 2.8125)
(47.8 2.2 2.8125)
(48.2 2.2 2.8125)
(48.6 2.2 2.8125)
(49 2.2 2.8125)
(49.4 2.2 2.8125)
(49.8 2.2 2.8125)
(50.2 2.2 2.8125)
(50.6 2.2 2.8125)
(51 2.2 2.8125)
(51.4 2.2 2.8125)
(51.8 2.2 2.8125)
(52.2 2.2 2.8125)
(52.6 2.2 2.8125)
(53 2.2 2.8125)
(53.4 2.2 2.8125)
(53.8 2.2 2.8125)
(54.2 2.2 2.8125)
(54.6 2.2 2.8125)
(55 2.2 2.8125)
(55.4 2.2 2.8125)
(55.8 2.2 2.8125)
(56.2 2.2 2.8125)
(56.6 2.2 2.8125)
(57 2.2 2.8125)
(57.4 2.2 2.8125)
(57.8 2.2 2.8125)
(58.2 2.2 2.8125)
(58.6 2.2 2.8125)
(59 2.2 2.8125)
(59.4 2.2 2.8125)
(59.8 2.2 2.8125)
(38.2 2.6 2.8125)
(38.6 2.6 2.8125)
(39 2.6 2.8125)
(39.4 2.6 2.8125)
(39.8 2.6 2.8125)
(40.2 2.6 2.8125)
(40.6 2.6 2.8125)
(41 2.6 2.8125)
(41.4 2.6 2.8125)
(41.8 2.6 2.8125)
(42.2 2.6 2.8125)
(42.6 2.6 2.8125)
(43 2.6 2.8125)
(43.4 2.6 2.8125)
(43.8 2.6 2.8125)
(44.2 2.6 2.8125)
(44.6 2.6 2.8125)
(45 2.6 2.8125)
(45.4 2.6 2.8125)
(45.8 2.6 2.8125)
(46.2 2.6 2.8125)
(46.6 2.6 2.8125)
(47 2.6 2.8125)
(47.4 2.6 2.8125)
(47.8 2.6 2.8125)
(48.2 2.6 2.8125)
(48.6 2.6 2.8125)
(49 2.6 2.8125)
(49.4 2.6 2.8125)
(49.8 2.6 2.8125)
(50.2 2.6 2.8125)
(50.6 2.6 2.8125)
(51 2.6 2.8125)
(51.4 2.6 2.8125)
(51.8 2.6 2.8125)
(52.2 2.6 2.8125)
(52.6 2.6 2.8125)
(53 2.6 2.8125)
(53.4 2.6 2.8125)
(53.8 2.6 2.8125)
(54.2 2.6 2.8125)
(54.6 2.6 2.8125)
(55 2.6 2.8125)
(55.4 2.6 2.8125)
(55.8 2.6 2.8125)
(56.2 2.6 2.8125)
(56.6 2.6 2.8125)
(57 2.6 2.8125)
(57.4 2.6 2.8125)
(57.8 2.6 2.8125)
(58.2 2.6 2.8125)
(58.6 2.6 2.8125)
(59 2.6 2.8125)
(59.4 2.6 2.8125)
(59.8 2.6 2.8125)
(38.2 3 2.8125)
(38.6 3 2.8125)
(39 3 2.8125)
(39.4 3 2.8125)
(39.8 3 2.8125)
(40.2 3 2.8125)
(40.6 3 2.8125)
(41 3 2.8125)
(41.4 3 2.8125)
(41.8 3 2.8125)
(42.2 3 2.8125)
(42.6 3 2.8125)
(43 3 2.8125)
(43.4 3 2.8125)
(43.8 3 2.8125)
(44.2 3 2.8125)
(44.6 3 2.8125)
(45 3 2.8125)
(45.4 3 2.8125)
(45.8 3 2.8125)
(46.2 3 2.8125)
(46.6 3 2.8125)
(47 3 2.8125)
(47.4 3 2.8125)
(47.8 3 2.8125)
(48.2 3 2.8125)
(48.6 3 2.8125)
(49 3 2.8125)
(49.4 3 2.8125)
(49.8 3 2.8125)
(50.2 3 2.8125)
(50.6 3 2.8125)
(51 3 2.8125)
(51.4 3 2.8125)
(51.8 3 2.8125)
(52.2 3 2.8125)
(52.6 3 2.8125)
(53 3 2.8125)
(53.4 3 2.8125)
(53.8 3 2.8125)
(54.2 3 2.8125)
(54.6 3 2.8125)
(55 3 2.8125)
(55.4 3 2.8125)
(55.8 3 2.8125)
(56.2 3 2.8125)
(56.6 3 2.8125)
(57 3 2.8125)
(57.4 3 2.8125)
(57.8 3 2.8125)
(58.2 3 2.8125)
(58.6 3 2.8125)
(59 3 2.8125)
(59.4 3 2.8125)
(59.8 3 2.8125)
(38.2 3.4 2.8125)
(38.6 3.4 2.8125)
(39 3.4 2.8125)
(39.4 3.4 2.8125)
(39.8 3.4 2.8125)
(40.2 3.4 2.8125)
(40.6 3.4 2.8125)
(41 3.4 2.8125)
(41.4 3.4 2.8125)
(41.8 3.4 2.8125)
(42.2 3.4 2.8125)
(42.6 3.4 2.8125)
(43 3.4 2.8125)
(43.4 3.4 2.8125)
(43.8 3.4 2.8125)
(44.2 3.4 2.8125)
(44.6 3.4 2.8125)
(45 3.4 2.8125)
(45.4 3.4 2.8125)
(45.8 3.4 2.8125)
(46.2 3.4 2.8125)
(46.6 3.4 2.8125)
(47 3.4 2.8125)
(47.4 3.4 2.8125)
(47.8 3.4 2.8125)
(48.2 3.4 2.8125)
(48.6 3.4 2.8125)
(49 3.4 2.8125)
(49.4 3.4 2.8125)
(49.8 3.4 2.8125)
(50.2 3.4 2.8125)
(50.6 3.4 2.8125)
(51 3.4 2.8125)
(51.4 3.4 2.8125)
(51.8 3.4 2.8125)
(52.2 3.4 2.8125)
(52.6 3.4 2.8125)
(53 3.4 2.8125)
(53.4 3.4 2.8125)
(53.8 3.4 2.8125)
(54.2 3.4 2.8125)
(54.6 3.4 2.8125)
(55 3.4 2.8125)
(55.4 3.4 2.8125)
(55.8 3.4 2.8125)
(56.2 3.4 2.8125)
(56.6 3.4 2.8125)
(57 3.4 2.8125)
(57.4 3.4 2.8125)
(57.8 3.4 2.8125)
(58.2 3.4 2.8125)
(58.6 3.4 2.8125)
(59 3.4 2.8125)
(59.4 3.4 2.8125)
(59.8 3.4 2.8125)
(38.2 3.8 2.8125)
(38.6 3.8 2.8125)
(39 3.8 2.8125)
(39.4 3.8 2.8125)
(39.8 3.8 2.8125)
(40.2 3.8 2.8125)
(40.6 3.8 2.8125)
(41 3.8 2.8125)
(41.4 3.8 2.8125)
(41.8 3.8 2.8125)
(42.2 3.8 2.8125)
(42.6 3.8 2.8125)
(43 3.8 2.8125)
(43.4 3.8 2.8125)
(43.8 3.8 2.8125)
(44.2 3.8 2.8125)
(44.6 3.8 2.8125)
(45 3.8 2.8125)
(45.4 3.8 2.8125)
(45.8 3.8 2.8125)
(46.2 3.8 2.8125)
(46.6 3.8 2.8125)
(47 3.8 2.8125)
(47.4 3.8 2.8125)
(47.8 3.8 2.8125)
(48.2 3.8 2.8125)
(48.6 3.8 2.8125)
(49 3.8 2.8125)
(49.4 3.8 2.8125)
(49.8 3.8 2.8125)
(50.2 3.8 2.8125)
(50.6 3.8 2.8125)
(51 3.8 2.8125)
(51.4 3.8 2.8125)
(51.8 3.8 2.8125)
(52.2 3.8 2.8125)
(52.6 3.8 2.8125)
(53 3.8 2.8125)
(53.4 3.8 2.8125)
(53.8 3.8 2.8125)
(54.2 3.8 2.8125)
(54.6 3.8 2.8125)
(55 3.8 2.8125)
(55.4 3.8 2.8125)
(55.8 3.8 2.8125)
(56.2 3.8 2.8125)
(56.6 3.8 2.8125)
(57 3.8 2.8125)
(57.4 3.8 2.8125)
(57.8 3.8 2.8125)
(58.2 3.8 2.8125)
(58.6 3.8 2.8125)
(59 3.8 2.8125)
(59.4 3.8 2.8125)
(59.8 3.8 2.8125)
(28.2 4.2 0.1875)
(28.6 4.2 0.1875)
(29 4.2 0.1875)
(29.4 4.2 0.1875)
(29.8 4.2 0.1875)
(30.2 4.2 0.1875)
(30.6 4.2 0.1875)
(31 4.2 0.1875)
(31.4 4.2 0.1875)
(31.8 4.2 0.1875)
(32.2 4.2 0.1875)
(32.6 4.2 0.1875)
(33 4.2 0.1875)
(33.4 4.2 0.1875)
(33.8 4.2 0.1875)
(34.2 4.2 0.1875)
(34.6 4.2 0.1875)
(35 4.2 0.1875)
(35.4 4.2 0.1875)
(35.8 4.2 0.1875)
(36.2 4.2 0.1875)
(36.6 4.2 0.1875)
(37 4.2 0.1875)
(37.4 4.2 0.1875)
(37.8 4.2 0.1875)
(28.2 4.6 0.1875)
(28.6 4.6 0.1875)
(29 4.6 0.1875)
(29.4 4.6 0.1875)
(29.8 4.6 0.1875)
(30.2 4.6 0.1875)
(30.6 4.6 0.1875)
(31 4.6 0.1875)
(31.4 4.6 0.1875)
(31.8 4.6 0.1875)
(32.2 4.6 0.1875)
(32.6 4.6 0.1875)
(33 4.6 0.1875)
(33.4 4.6 0.1875)
(33.8 4.6 0.1875)
(34.2 4.6 0.1875)
(34.6 4.6 0.1875)
(35 4.6 0.1875)
(35.4 4.6 0.1875)
(35.8 4.6 0.1875)
(36.2 4.6 0.1875)
(36.6 4.6 0.1875)
(37 4.6 0.1875)
(37.4 4.6 0.1875)
(37.8 4.6 0.1875)
(28.2 5 0.1875)
(28.6 5 0.1875)
(29 5 0.1875)
(29.4 5 0.1875)
(29.8 5 0.1875)
(30.2 5 0.1875)
(30.6 5 0.1875)
(31 5 0.1875)
(31.4 5 0.1875)
(31.8 5 0.1875)
(32.2 5 0.1875)
(32.6 5 0.1875)
(33 5 0.1875)
(33.4 5 0.1875)
(33.8 5 0.1875)
(34.2 5 0.1875)
(34.6 5 0.1875)
(35 5 0.1875)
(35.4 5 0.1875)
(35.8 5 0.1875)
(36.2 5 0.1875)
(36.6 5 0.1875)
(37 5 0.1875)
(37.4 5 0.1875)
(37.8 5 0.1875)
(28.2 5.4 0.1875)
(28.6 5.4 0.1875)
(29 5.4 0.1875)
(29.4 5.4 0.1875)
(29.8 5.4 0.1875)
(30.2 5.4 0.1875)
(30.6 5.4 0.1875)
(31 5.4 0.1875)
(31.4 5.4 0.1875)
(31.8 5.4 0.1875)
(32.2 5.4 0.1875)
(32.6 5.4 0.1875)
(33 5.4 0.1875)
(33.4 5.4 0.1875)
(33.8 5.4 0.1875)
(34.2 5.4 0.1875)
(34.6 5.4 0.1875)
(35 5.4 0.1875)
(35.4 5.4 0.1875)
(35.8 5.4 0.1875)
(36.2 5.4 0.1875)
(36.6 5.4 0.1875)
(37 5.4 0.1875)
(37.4 5.4 0.1875)
(37.8 5.4 0.1875)
(28.2 5.8 0.1875)
(28.6 5.8 0.1875)
(29 5.8 0.1875)
(29.4 5.8 0.1875)
(29.8 5.8 0.1875)
(30.2 5.8 0.1875)
(30.6 5.8 0.1875)
(31 5.8 0.1875)
(31.4 5.8 0.1875)
(31.8 5.8 0.1875)
(32.2 5.8 0.1875)
(32.6 5.8 0.1875)
(33 5.8 0.1875)
(33.4 5.8 0.1875)
(33.8 5.8 0.1875)
(34.2 5.8 0.1875)
(34.6 5.8 0.1875)
(35 5.8 0.1875)
(35.4 5.8 0.1875)
(35.8 5.8 0.1875)
(36.2 5.8 0.1875)
(36.6 5.8 0.1875)
(37 5.8 0.1875)
(37.4 5.8 0.1875)
(37.8 5.8 0.1875)
(28.2 6.2 0.1875)
(28.6 6.2 0.1875)
(29 6.2 0.1875)
(29.4 6.2 0.1875)
(29.8 6.2 0.1875)
(30.2 6.2 0.1875)
(30.6 6.2 0.1875)
(31 6.2 0.1875)
(31.4 6.2 0.1875)
(31.8 6.2 0.1875)
(32.2 6.2 0.1875)
(32.6 6.2 0.1875)
(33 6.2 0.1875)
(33.4 6.2 0.1875)
(33.8 6.2 0.1875)
(34.2 6.2 0.1875)
(34.6 6.2 0.1875)
(35 6.2 0.1875)
(35.4 6.2 0.1875)
(35.8 6.2 0.1875)
(36.2 6.2 0.1875)
(36.6 6.2 0.1875)
(37 6.2 0.1875)
(37.4 6.2 0.1875)
(37.8 6.2 0.1875)
(28.2 6.6 0.1875)
(28.6 6.6 0.1875)
(29 6.6 0.1875)
(29.4 6.6 0.1875)
(29.8 6.6 0.1875)
(30.2 6.6 0.1875)
(30.6 6.6 0.1875)
(31 6.6 0.1875)
(31.4 6.6 0.1875)
(31.8 6.6 0.1875)
(32.2 6.6 0.1875)
(32.6 6.6 0.1875)
(33 6.6 0.1875)
(33.4 6.6 0.1875)
(33.8 6.6 0.1875)
(34.2 6.6 0.1875)
(34.6 6.6 0.1875)
(35 6.6 0.1875)
(35.4 6.6 0.1875)
(35.8 6.6 0.1875)
(36.2 6.6 0.1875)
(36.6 6.6 0.1875)
(37 6.6 0.1875)
(37.4 6.6 0.1875)
(37.8 6.6 0.1875)
(28.2 7 0.1875)
(28.6 7 0.1875)
(29 7 0.1875)
(29.4 7 0.1875)
(29.8 7 0.1875)
(30.2 7 0.1875)
(30.6 7 0.1875)
(31 7 0.1875)
(31.4 7 0.1875)
(31.8 7 0.1875)
(32.2 7 0.1875)
(32.6 7 0.1875)
(33 7 0.1875)
(33.4 7 0.1875)
(33.8 7 0.1875)
(34.2 7 0.1875)
(34.6 7 0.1875)
(35 7 0.1875)
(35.4 7 0.1875)
(35.8 7 0.1875)
(36.2 7 0.1875)
(36.6 7 0.1875)
(37 7 0.1875)
(37.4 7 0.1875)
(37.8 7 0.1875)
(28.2 7.4 0.1875)
(28.6 7.4 0.1875)
(29 7.4 0.1875)
(29.4 7.4 0.1875)
(29.8 7.4 0.1875)
(30.2 7.4 0.1875)
(30.6 7.4 0.1875)
(31 7.4 0.1875)
(31.4 7.4 0.1875)
(31.8 7.4 0.1875)
(32.2 7.4 0.1875)
(32.6 7.4 0.1875)
(33 7.4 0.1875)
(33.4 7.4 0.1875)
(33.8 7.4 0.1875)
(34.2 7.4 0.1875)
(34.6 7.4 0.1875)
(35 7.4 0.1875)
(35.4 7.4 0.1875)
(35.8 7.4 0.1875)
(36.2 7.4 0.1875)
(36.6 7.4 0.1875)
(37 7.4 0.1875)
(37.4 7.4 0.1875)
(37.8 7.4 0.1875)
(28.2 7.8 0.1875)
(28.6 7.8 0.1875)
(29 7.8 0.1875)
(29.4 7.8 0.1875)
(29.8 7.8 0.1875)
(30.2 7.8 0.1875)
(30.6 7.8 0.1875)
(31 7.8 0.1875)
(31.4 7.8 0.1875)
(31.8 7.8 0.1875)
(32.2 7.8 0.1875)
(32.6 7.8 0.1875)
(33 7.8 0.1875)
(33.4 7.8 0.1875)
(33.8 7.8 0.1875)
(34.2 7.8 0.1875)
(34.6 7.8 0.1875)
(35 7.8 0.1875)
(35.4 7.8 0.1875)
(35.8 7.8 0.1875)
(36.2 7.8 0.1875)
(36.6 7.8 0.1875)
(37 7.8 0.1875)
(37.4 7.8 0.1875)
(37.8 7.8 0.1875)
(28.2 8.2 0.1875)
(28.6 8.2 0.1875)
(29 8.2 0.1875)
(29.4 8.2 0.1875)
(29.8 8.2 0.1875)
(30.2 8.2 0.1875)
(30.6 8.2 0.1875)
(31 8.2 0.1875)
(31.4 8.2 0.1875)
(31.8 8.2 0.1875)
(32.2 8.2 0.1875)
(32.6 8.2 0.1875)
(33 8.2 0.1875)
(33.4 8.2 0.1875)
(33.8 8.2 0.1875)
(34.2 8.2 0.1875)
(34.6 8.2 0.1875)
(35 8.2 0.1875)
(35.4 8.2 0.1875)
(35.8 8.2 0.1875)
(36.2 8.2 0.1875)
(36.6 8.2 0.1875)
(37 8.2 0.1875)
(37.4 8.2 0.1875)
(37.8 8.2 0.1875)
(28.2 8.6 0.1875)
(28.6 8.6 0.1875)
(29 8.6 0.1875)
(29.4 8.6 0.1875)
(29.8 8.6 0.1875)
(30.2 8.6 0.1875)
(30.6 8.6 0.1875)
(31 8.6 0.1875)
(31.4 8.6 0.1875)
(31.8 8.6 0.1875)
(32.2 8.6 0.1875)
(32.6 8.6 0.1875)
(33 8.6 0.1875)
(33.4 8.6 0.1875)
(33.8 8.6 0.1875)
(34.2 8.6 0.1875)
(34.6 8.6 0.1875)
(35 8.6 0.1875)
(35.4 8.6 0.1875)
(35.8 8.6 0.1875)
(36.2 8.6 0.1875)
(36.6 8.6 0.1875)
(37 8.6 0.1875)
(37.4 8.6 0.1875)
(37.8 8.6 0.1875)
(28.2 9 0.1875)
(28.6 9 0.1875)
(29 9 0.1875)
(29.4 9 0.1875)
(29.8 9 0.1875)
(30.2 9 0.1875)
(30.6 9 0.1875)
(31 9 0.1875)
(31.4 9 0.1875)
(31.8 9 0.1875)
(32.2 9 0.1875)
(32.6 9 0.1875)
(33 9 0.1875)
(33.4 9 0.1875)
(33.8 9 0.1875)
(34.2 9 0.1875)
(34.6 9 0.1875)
(35 9 0.1875)
(35.4 9 0.1875)
(35.8 9 0.1875)
(36.2 9 0.1875)
(36.6 9 0.1875)
(37 9 0.1875)
(37.4 9 0.1875)
(37.8 9 0.1875)
(28.2 9.4 0.1875)
(28.6 9.4 0.1875)
(29 9.4 0.1875)
(29.4 9.4 0.1875)
(29.8 9.4 0.1875)
(30.2 9.4 0.1875)
(30.6 9.4 0.1875)
(31 9.4 0.1875)
(31.4 9.4 0.1875)
(31.8 9.4 0.1875)
(32.2 9.4 0.1875)
(32.6 9.4 0.1875)
(33 9.4 0.1875)
(33.4 9.4 0.1875)
(33.8 9.4 0.1875)
(34.2 9.4 0.1875)
(34.6 9.4 0.1875)
(35 9.4 0.1875)
(35.4 9.4 0.1875)
(35.8 9.4 0.1875)
(36.2 9.4 0.1875)
(36.6 9.4 0.1875)
(37 9.4 0.1875)
(37.4 9.4 0.1875)
(37.8 9.4 0.1875)
(28.2 9.8 0.1875)
(28.6 9.8 0.1875)
(29 9.8 0.1875)
(29.4 9.8 0.1875)
(29.8 9.8 0.1875)
(30.2 9.8 0.1875)
(30.6 9.8 0.1875)
(31 9.8 0.1875)
(31.4 9.8 0.1875)
(31.8 9.8 0.1875)
(32.2 9.8 0.1875)
(32.6 9.8 0.1875)
(33 9.8 0.1875)
(33.4 9.8 0.1875)
(33.8 9.8 0.1875)
(34.2 9.8 0.1875)
(34.6 9.8 0.1875)
(35 9.8 0.1875)
(35.4 9.8 0.1875)
(35.8 9.8 0.1875)
(36.2 9.8 0.1875)
(36.6 9.8 0.1875)
(37 9.8 0.1875)
(37.4 9.8 0.1875)
(37.8 9.8 0.1875)
(28.2 10.2 0.1875)
(28.6 10.2 0.1875)
(29 10.2 0.1875)
(29.4 10.2 0.1875)
(29.8 10.2 0.1875)
(30.2 10.2 0.1875)
(30.6 10.2 0.1875)
(31 10.2 0.1875)
(31.4 10.2 0.1875)
(31.8 10.2 0.1875)
(32.2 10.2 0.1875)
(32.6 10.2 0.1875)
(33 10.2 0.1875)
(33.4 10.2 0.1875)
(33.8 10.2 0.1875)
(34.2 10.2 0.1875)
(34.6 10.2 0.1875)
(35 10.2 0.1875)
(35.4 10.2 0.1875)
(35.8 10.2 0.1875)
(36.2 10.2 0.1875)
(36.6 10.2 0.1875)
(37 10.2 0.1875)
(37.4 10.2 0.1875)
(37.8 10.2 0.1875)
(28.2 10.6 0.1875)
(28.6 10.6 0.1875)
(29 10.6 0.1875)
(29.4 10.6 0.1875)
(29.8 10.6 0.1875)
(30.2 10.6 0.1875)
(30.6 10.6 0.1875)
(31 10.6 0.1875)
(31.4 10.6 0.1875)
(31.8 10.6 0.1875)
(32.2 10.6 0.1875)
(32.6 10.6 0.1875)
(33 10.6 0.1875)
(33.4 10.6 0.1875)
(33.8 10.6 0.1875)
(34.2 10.6 0.1875)
(34.6 10.6 0.1875)
(35 10.6 0.1875)
(35.4 10.6 0.1875)
(35.8 10.6 0.1875)
(36.2 10.6 0.1875)
(36.6 10.6 0.1875)
(37 10.6 0.1875)
(37.4 10.6 0.1875)
(37.8 10.6 0.1875)
(28.2 11 0.1875)
(28.6 11 0.1875)
(29 11 0.1875)
(29.4 11 0.1875)
(29.8 11 0.1875)
(30.2 11 0.1875)
(30.6 11 0.1875)
(31 11 0.1875)
(31.4 11 0.1875)
(31.8 11 0.1875)
(32.2 11 0.1875)
(32.6 11 0.1875)
(33 11 0.1875)
(33.4 11 0.1875)
(33.8 11 0.1875)
(34.2 11 0.1875)
(34.6 11 0.1875)
(35 11 0.1875)
(35.4 11 0.1875)
(35.8 11 0.1875)
(36.2 11 0.1875)
(36.6 11 0.1875)
(37 11 0.1875)
(37.4 11 0.1875)
(37.8 11 0.1875)
(28.2 11.4 0.1875)
(28.6 11.4 0.1875)
(29 11.4 0.1875)
(29.4 11.4 0.1875)
(29.8 11.4 0.1875)
(30.2 11.4 0.1875)
(30.6 11.4 0.1875)
(31 11.4 0.1875)
(31.4 11.4 0.1875)
(31.8 11.4 0.1875)
(32.2 11.4 0.1875)
(32.6 11.4 0.1875)
(33 11.4 0.1875)
(33.4 11.4 0.1875)
(33.8 11.4 0.1875)
(34.2 11.4 0.1875)
(34.6 11.4 0.1875)
(35 11.4 0.1875)
(35.4 11.4 0.1875)
(35.8 11.4 0.1875)
(36.2 11.4 0.1875)
(36.6 11.4 0.1875)
(37 11.4 0.1875)
(37.4 11.4 0.1875)
(37.8 11.4 0.1875)
(28.2 11.8 0.1875)
(28.6 11.8 0.1875)
(29 11.8 0.1875)
(29.4 11.8 0.1875)
(29.8 11.8 0.1875)
(30.2 11.8 0.1875)
(30.6 11.8 0.1875)
(31 11.8 0.1875)
(31.4 11.8 0.1875)
(31.8 11.8 0.1875)
(32.2 11.8 0.1875)
(32.6 11.8 0.1875)
(33 11.8 0.1875)
(33.4 11.8 0.1875)
(33.8 11.8 0.1875)
(34.2 11.8 0.1875)
(34.6 11.8 0.1875)
(35 11.8 0.1875)
(35.4 11.8 0.1875)
(35.8 11.8 0.1875)
(36.2 11.8 0.1875)
(36.6 11.8 0.1875)
(37 11.8 0.1875)
(37.4 11.8 0.1875)
(37.8 11.8 0.1875)
(28.2 12.2 0.1875)
(28.6 12.2 0.1875)
(29 12.2 0.1875)
(29.4 12.2 0.1875)
(29.8 12.2 0.1875)
(30.2 12.2 0.1875)
(30.6 12.2 0.1875)
(31 12.2 0.1875)
(31.4 12.2 0.1875)
(31.8 12.2 0.1875)
(32.2 12.2 0.1875)
(32.6 12.2 0.1875)
(33 12.2 0.1875)
(33.4 12.2 0.1875)
(33.8 12.2 0.1875)
(34.2 12.2 0.1875)
(34.6 12.2 0.1875)
(35 12.2 0.1875)
(35.4 12.2 0.1875)
(35.8 12.2 0.1875)
(36.2 12.2 0.1875)
(36.6 12.2 0.1875)
(37 12.2 0.1875)
(37.4 12.2 0.1875)
(37.8 12.2 0.1875)
(28.2 12.6 0.1875)
(28.6 12.6 0.1875)
(29 12.6 0.1875)
(29.4 12.6 0.1875)
(29.8 12.6 0.1875)
(30.2 12.6 0.1875)
(30.6 12.6 0.1875)
(31 12.6 0.1875)
(31.4 12.6 0.1875)
(31.8 12.6 0.1875)
(32.2 12.6 0.1875)
(32.6 12.6 0.1875)
(33 12.6 0.1875)
(33.4 12.6 0.1875)
(33.8 12.6 0.1875)
(34.2 12.6 0.1875)
(34.6 12.6 0.1875)
(35 12.6 0.1875)
(35.4 12.6 0.1875)
(35.8 12.6 0.1875)
(36.2 12.6 0.1875)
(36.6 12.6 0.1875)
(37 12.6 0.1875)
(37.4 12.6 0.1875)
(37.8 12.6 0.1875)
(28.2 13 0.1875)
(28.6 13 0.1875)
(29 13 0.1875)
(29.4 13 0.1875)
(29.8 13 0.1875)
(30.2 13 0.1875)
(30.6 13 0.1875)
(31 13 0.1875)
(31.4 13 0.1875)
(31.8 13 0.1875)
(32.2 13 0.1875)
(32.6 13 0.1875)
(33 13 0.1875)
(33.4 13 0.1875)
(33.8 13 0.1875)
(34.2 13 0.1875)
(34.6 13 0.1875)
(35 13 0.1875)
(35.4 13 0.1875)
(35.8 13 0.1875)
(36.2 13 0.1875)
(36.6 13 0.1875)
(37 13 0.1875)
(37.4 13 0.1875)
(37.8 13 0.1875)
(28.2 13.4 0.1875)
(28.6 13.4 0.1875)
(29 13.4 0.1875)
(29.4 13.4 0.1875)
(29.8 13.4 0.1875)
(30.2 13.4 0.1875)
(30.6 13.4 0.1875)
(31 13.4 0.1875)
(31.4 13.4 0.1875)
(31.8 13.4 0.1875)
(32.2 13.4 0.1875)
(32.6 13.4 0.1875)
(33 13.4 0.1875)
(33.4 13.4 0.1875)
(33.8 13.4 0.1875)
(34.2 13.4 0.1875)
(34.6 13.4 0.1875)
(35 13.4 0.1875)
(35.4 13.4 0.1875)
(35.8 13.4 0.1875)
(36.2 13.4 0.1875)
(36.6 13.4 0.1875)
(37 13.4 0.1875)
(37.4 13.4 0.1875)
(37.8 13.4 0.1875)
(28.2 13.8 0.1875)
(28.6 13.8 0.1875)
(29 13.8 0.1875)
(29.4 13.8 0.1875)
(29.8 13.8 0.1875)
(30.2 13.8 0.1875)
(30.6 13.8 0.1875)
(31 13.8 0.1875)
(31.4 13.8 0.1875)
(31.8 13.8 0.1875)
(32.2 13.8 0.1875)
(32.6 13.8 0.1875)
(33 13.8 0.1875)
(33.4 13.8 0.1875)
(33.8 13.8 0.1875)
(34.2 13.8 0.1875)
(34.6 13.8 0.1875)
(35 13.8 0.1875)
(35.4 13.8 0.1875)
(35.8 13.8 0.1875)
(36.2 13.8 0.1875)
(36.6 13.8 0.1875)
(37 13.8 0.1875)
(37.4 13.8 0.1875)
(37.8 13.8 0.1875)
(28.2 14.2 0.1875)
(28.6 14.2 0.1875)
(29 14.2 0.1875)
(29.4 14.2 0.1875)
(29.8 14.2 0.1875)
(30.2 14.2 0.1875)
(30.6 14.2 0.1875)
(31 14.2 0.1875)
(31.4 14.2 0.1875)
(31.8 14.2 0.1875)
(32.2 14.2 0.1875)
(32.6 14.2 0.1875)
(33 14.2 0.1875)
(33.4 14.2 0.1875)
(33.8 14.2 0.1875)
(34.2 14.2 0.1875)
(34.6 14.2 0.1875)
(35 14.2 0.1875)
(35.4 14.2 0.1875)
(35.8 14.2 0.1875)
(36.2 14.2 0.1875)
(36.6 14.2 0.1875)
(37 14.2 0.1875)
(37.4 14.2 0.1875)
(37.8 14.2 0.1875)
(28.2 14.6 0.1875)
(28.6 14.6 0.1875)
(29 14.6 0.1875)
(29.4 14.6 0.1875)
(29.8 14.6 0.1875)
(30.2 14.6 0.1875)
(30.6 14.6 0.1875)
(31 14.6 0.1875)
(31.4 14.6 0.1875)
(31.8 14.6 0.1875)
(32.2 14.6 0.1875)
(32.6 14.6 0.1875)
(33 14.6 0.1875)
(33.4 14.6 0.1875)
(33.8 14.6 0.1875)
(34.2 14.6 0.1875)
(34.6 14.6 0.1875)
(35 14.6 0.1875)
(35.4 14.6 0.1875)
(35.8 14.6 0.1875)
(36.2 14.6 0.1875)
(36.6 14.6 0.1875)
(37 14.6 0.1875)
(37.4 14.6 0.1875)
(37.8 14.6 0.1875)
(28.2 15 0.1875)
(28.6 15 0.1875)
(29 15 0.1875)
(29.4 15 0.1875)
(29.8 15 0.1875)
(30.2 15 0.1875)
(30.6 15 0.1875)
(31 15 0.1875)
(31.4 15 0.1875)
(31.8 15 0.1875)
(32.2 15 0.1875)
(32.6 15 0.1875)
(33 15 0.1875)
(33.4 15 0.1875)
(33.8 15 0.1875)
(34.2 15 0.1875)
(34.6 15 0.1875)
(35 15 0.1875)
(35.4 15 0.1875)
(35.8 15 0.1875)
(36.2 15 0.1875)
(36.6 15 0.1875)
(37 15 0.1875)
(37.4 15 0.1875)
(37.8 15 0.1875)
(28.2 15.4 0.1875)
(28.6 15.4 0.1875)
(29 15.4 0.1875)
(29.4 15.4 0.1875)
(29.8 15.4 0.1875)
(30.2 15.4 0.1875)
(30.6 15.4 0.1875)
(31 15.4 0.1875)
(31.4 15.4 0.1875)
(31.8 15.4 0.1875)
(32.2 15.4 0.1875)
(32.6 15.4 0.1875)
(33 15.4 0.1875)
(33.4 15.4 0.1875)
(33.8 15.4 0.1875)
(34.2 15.4 0.1875)
(34.6 15.4 0.1875)
(35 15.4 0.1875)
(35.4 15.4 0.1875)
(35.8 15.4 0.1875)
(36.2 15.4 0.1875)
(36.6 15.4 0.1875)
(37 15.4 0.1875)
(37.4 15.4 0.1875)
(37.8 15.4 0.1875)
(28.2 15.8 0.1875)
(28.6 15.8 0.1875)
(29 15.8 0.1875)
(29.4 15.8 0.1875)
(29.8 15.8 0.1875)
(30.2 15.8 0.1875)
(30.6 15.8 0.1875)
(31 15.8 0.1875)
(31.4 15.8 0.1875)
(31.8 15.8 0.1875)
(32.2 15.8 0.1875)
(32.6 15.8 0.1875)
(33 15.8 0.1875)
(33.4 15.8 0.1875)
(33.8 15.8 0.1875)
(34.2 15.8 0.1875)
(34.6 15.8 0.1875)
(35 15.8 0.1875)
(35.4 15.8 0.1875)
(35.8 15.8 0.1875)
(36.2 15.8 0.1875)
(36.6 15.8 0.1875)
(37 15.8 0.1875)
(37.4 15.8 0.1875)
(37.8 15.8 0.1875)
(28.2 4.2 0.5625)
(28.6 4.2 0.5625)
(29 4.2 0.5625)
(29.4 4.2 0.5625)
(29.8 4.2 0.5625)
(30.2 4.2 0.5625)
(30.6 4.2 0.5625)
(31 4.2 0.5625)
(31.4 4.2 0.5625)
(31.8 4.2 0.5625)
(32.2 4.2 0.5625)
(32.6 4.2 0.5625)
(33 4.2 0.5625)
(33.4 4.2 0.5625)
(33.8 4.2 0.5625)
(34.2 4.2 0.5625)
(34.6 4.2 0.5625)
(35 4.2 0.5625)
(35.4 4.2 0.5625)
(35.8 4.2 0.5625)
(36.2 4.2 0.5625)
(36.6 4.2 0.5625)
(37 4.2 0.5625)
(37.4 4.2 0.5625)
(37.8 4.2 0.5625)
(28.2 4.6 0.5625)
(28.6 4.6 0.5625)
(29 4.6 0.5625)
(29.4 4.6 0.5625)
(29.8 4.6 0.5625)
(30.2 4.6 0.5625)
(30.6 4.6 0.5625)
(31 4.6 0.5625)
(31.4 4.6 0.5625)
(31.8 4.6 0.5625)
(32.2 4.6 0.5625)
(32.6 4.6 0.5625)
(33 4.6 0.5625)
(33.4 4.6 0.5625)
(33.8 4.6 0.5625)
(34.2 4.6 0.5625)
(34.6 4.6 0.5625)
(35 4.6 0.5625)
(35.4 4.6 0.5625)
(35.8 4.6 0.5625)
(36.2 4.6 0.5625)
(36.6 4.6 0.5625)
(37 4.6 0.5625)
(37.4 4.6 0.5625)
(37.8 4.6 0.5625)
(28.2 5 0.5625)
(28.6 5 0.5625)
(29 5 0.5625)
(29.4 5 0.5625)
(29.8 5 0.5625)
(30.2 5 0.5625)
(30.6 5 0.5625)
(31 5 0.5625)
(31.4 5 0.5625)
(31.8 5 0.5625)
(32.2 5 0.5625)
(32.6 5 0.5625)
(33 5 0.5625)
(33.4 5 0.5625)
(33.8 5 0.5625)
(34.2 5 0.5625)
(34.6 5 0.5625)
(35 5 0.5625)
(35.4 5 0.5625)
(35.8 5 0.5625)
(36.2 5 0.5625)
(36.6 5 0.5625)
(37 5 0.5625)
(37.4 5 0.5625)
(37.8 5 0.5625)
(28.2 5.4 0.5625)
(28.6 5.4 0.5625)
(29 5.4 0.5625)
(29.4 5.4 0.5625)
(29.8 5.4 0.5625)
(30.2 5.4 0.5625)
(30.6 5.4 0.5625)
(31 5.4 0.5625)
(31.4 5.4 0.5625)
(31.8 5.4 0.5625)
(32.2 5.4 0.5625)
(32.6 5.4 0.5625)
(33 5.4 0.5625)
(33.4 5.4 0.5625)
(33.8 5.4 0.5625)
(34.2 5.4 0.5625)
(34.6 5.4 0.5625)
(35 5.4 0.5625)
(35.4 5.4 0.5625)
(35.8 5.4 0.5625)
(36.2 5.4 0.5625)
(36.6 5.4 0.5625)
(37 5.4 0.5625)
(37.4 5.4 0.5625)
(37.8 5.4 0.5625)
(28.2 5.8 0.5625)
(28.6 5.8 0.5625)
(29 5.8 0.5625)
(29.4 5.8 0.5625)
(29.8 5.8 0.5625)
(30.2 5.8 0.5625)
(30.6 5.8 0.5625)
(31 5.8 0.5625)
(31.4 5.8 0.5625)
(31.8 5.8 0.5625)
(32.2 5.8 0.5625)
(32.6 5.8 0.5625)
(33 5.8 0.5625)
(33.4 5.8 0.5625)
(33.8 5.8 0.5625)
(34.2 5.8 0.5625)
(34.6 5.8 0.5625)
(35 5.8 0.5625)
(35.4 5.8 0.5625)
(35.8 5.8 0.5625)
(36.2 5.8 0.5625)
(36.6 5.8 0.5625)
(37 5.8 0.5625)
(37.4 5.8 0.5625)
(37.8 5.8 0.5625)
(28.2 6.2 0.5625)
(28.6 6.2 0.5625)
(29 6.2 0.5625)
(29.4 6.2 0.5625)
(29.8 6.2 0.5625)
(30.2 6.2 0.5625)
(30.6 6.2 0.5625)
(31 6.2 0.5625)
(31.4 6.2 0.5625)
(31.8 6.2 0.5625)
(32.2 6.2 0.5625)
(32.6 6.2 0.5625)
(33 6.2 0.5625)
(33.4 6.2 0.5625)
(33.8 6.2 0.5625)
(34.2 6.2 0.5625)
(34.6 6.2 0.5625)
(35 6.2 0.5625)
(35.4 6.2 0.5625)
(35.8 6.2 0.5625)
(36.2 6.2 0.5625)
(36.6 6.2 0.5625)
(37 6.2 0.5625)
(37.4 6.2 0.5625)
(37.8 6.2 0.5625)
(28.2 6.6 0.5625)
(28.6 6.6 0.5625)
(29 6.6 0.5625)
(29.4 6.6 0.5625)
(29.8 6.6 0.5625)
(30.2 6.6 0.5625)
(30.6 6.6 0.5625)
(31 6.6 0.5625)
(31.4 6.6 0.5625)
(31.8 6.6 0.5625)
(32.2 6.6 0.5625)
(32.6 6.6 0.5625)
(33 6.6 0.5625)
(33.4 6.6 0.5625)
(33.8 6.6 0.5625)
(34.2 6.6 0.5625)
(34.6 6.6 0.5625)
(35 6.6 0.5625)
(35.4 6.6 0.5625)
(35.8 6.6 0.5625)
(36.2 6.6 0.5625)
(36.6 6.6 0.5625)
(37 6.6 0.5625)
(37.4 6.6 0.5625)
(37.8 6.6 0.5625)
(28.2 7 0.5625)
(28.6 7 0.5625)
(29 7 0.5625)
(29.4 7 0.5625)
(29.8 7 0.5625)
(30.2 7 0.5625)
(30.6 7 0.5625)
(31 7 0.5625)
(31.4 7 0.5625)
(31.8 7 0.5625)
(32.2 7 0.5625)
(32.6 7 0.5625)
(33 7 0.5625)
(33.4 7 0.5625)
(33.8 7 0.5625)
(34.2 7 0.5625)
(34.6 7 0.5625)
(35 7 0.5625)
(35.4 7 0.5625)
(35.8 7 0.5625)
(36.2 7 0.5625)
(36.6 7 0.5625)
(37 7 0.5625)
(37.4 7 0.5625)
(37.8 7 0.5625)
(28.2 7.4 0.5625)
(28.6 7.4 0.5625)
(29 7.4 0.5625)
(29.4 7.4 0.5625)
(29.8 7.4 0.5625)
(30.2 7.4 0.5625)
(30.6 7.4 0.5625)
(31 7.4 0.5625)
(31.4 7.4 0.5625)
(31.8 7.4 0.5625)
(32.2 7.4 0.5625)
(32.6 7.4 0.5625)
(33 7.4 0.5625)
(33.4 7.4 0.5625)
(33.8 7.4 0.5625)
(34.2 7.4 0.5625)
(34.6 7.4 0.5625)
(35 7.4 0.5625)
(35.4 7.4 0.5625)
(35.8 7.4 0.5625)
(36.2 7.4 0.5625)
(36.6 7.4 0.5625)
(37 7.4 0.5625)
(37.4 7.4 0.5625)
(37.8 7.4 0.5625)
(28.2 7.8 0.5625)
(28.6 7.8 0.5625)
(29 7.8 0.5625)
(29.4 7.8 0.5625)
(29.8 7.8 0.5625)
(30.2 7.8 0.5625)
(30.6 7.8 0.5625)
(31 7.8 0.5625)
(31.4 7.8 0.5625)
(31.8 7.8 0.5625)
(32.2 7.8 0.5625)
(32.6 7.8 0.5625)
(33 7.8 0.5625)
(33.4 7.8 0.5625)
(33.8 7.8 0.5625)
(34.2 7.8 0.5625)
(34.6 7.8 0.5625)
(35 7.8 0.5625)
(35.4 7.8 0.5625)
(35.8 7.8 0.5625)
(36.2 7.8 0.5625)
(36.6 7.8 0.5625)
(37 7.8 0.5625)
(37.4 7.8 0.5625)
(37.8 7.8 0.5625)
(28.2 8.2 0.5625)
(28.6 8.2 0.5625)
(29 8.2 0.5625)
(29.4 8.2 0.5625)
(29.8 8.2 0.5625)
(30.2 8.2 0.5625)
(30.6 8.2 0.5625)
(31 8.2 0.5625)
(31.4 8.2 0.5625)
(31.8 8.2 0.5625)
(32.2 8.2 0.5625)
(32.6 8.2 0.5625)
(33 8.2 0.5625)
(33.4 8.2 0.5625)
(33.8 8.2 0.5625)
(34.2 8.2 0.5625)
(34.6 8.2 0.5625)
(35 8.2 0.5625)
(35.4 8.2 0.5625)
(35.8 8.2 0.5625)
(36.2 8.2 0.5625)
(36.6 8.2 0.5625)
(37 8.2 0.5625)
(37.4 8.2 0.5625)
(37.8 8.2 0.5625)
(28.2 8.6 0.5625)
(28.6 8.6 0.5625)
(29 8.6 0.5625)
(29.4 8.6 0.5625)
(29.8 8.6 0.5625)
(30.2 8.6 0.5625)
(30.6 8.6 0.5625)
(31 8.6 0.5625)
(31.4 8.6 0.5625)
(31.8 8.6 0.5625)
(32.2 8.6 0.5625)
(32.6 8.6 0.5625)
(33 8.6 0.5625)
(33.4 8.6 0.5625)
(33.8 8.6 0.5625)
(34.2 8.6 0.5625)
(34.6 8.6 0.5625)
(35 8.6 0.5625)
(35.4 8.6 0.5625)
(35.8 8.6 0.5625)
(36.2 8.6 0.5625)
(36.6 8.6 0.5625)
(37 8.6 0.5625)
(37.4 8.6 0.5625)
(37.8 8.6 0.5625)
(28.2 9 0.5625)
(28.6 9 0.5625)
(29 9 0.5625)
(29.4 9 0.5625)
(29.8 9 0.5625)
(30.2 9 0.5625)
(30.6 9 0.5625)
(31 9 0.5625)
(31.4 9 0.5625)
(31.8 9 0.5625)
(32.2 9 0.5625)
(32.6 9 0.5625)
(33 9 0.5625)
(33.4 9 0.5625)
(33.8 9 0.5625)
(34.2 9 0.5625)
(34.6 9 0.5625)
(35 9 0.5625)
(35.4 9 0.5625)
(35.8 9 0.5625)
(36.2 9 0.5625)
(36.6 9 0.5625)
(37 9 0.5625)
(37.4 9 0.5625)
(37.8 9 0.5625)
(28.2 9.4 0.5625)
(28.6 9.4 0.5625)
(29 9.4 0.5625)
(29.4 9.4 0.5625)
(29.8 9.4 0.5625)
(30.2 9.4 0.5625)
(30.6 9.4 0.5625)
(31 9.4 0.5625)
(31.4 9.4 0.5625)
(31.8 9.4 0.5625)
(32.2 9.4 0.5625)
(32.6 9.4 0.5625)
(33 9.4 0.5625)
(33.4 9.4 0.5625)
(33.8 9.4 0.5625)
(34.2 9.4 0.5625)
(34.6 9.4 0.5625)
(35 9.4 0.5625)
(35.4 9.4 0.5625)
(35.8 9.4 0.5625)
(36.2 9.4 0.5625)
(36.6 9.4 0.5625)
(37 9.4 0.5625)
(37.4 9.4 0.5625)
(37.8 9.4 0.5625)
(28.2 9.8 0.5625)
(28.6 9.8 0.5625)
(29 9.8 0.5625)
(29.4 9.8 0.5625)
(29.8 9.8 0.5625)
(30.2 9.8 0.5625)
(30.6 9.8 0.5625)
(31 9.8 0.5625)
(31.4 9.8 0.5625)
(31.8 9.8 0.5625)
(32.2 9.8 0.5625)
(32.6 9.8 0.5625)
(33 9.8 0.5625)
(33.4 9.8 0.5625)
(33.8 9.8 0.5625)
(34.2 9.8 0.5625)
(34.6 9.8 0.5625)
(35 9.8 0.5625)
(35.4 9.8 0.5625)
(35.8 9.8 0.5625)
(36.2 9.8 0.5625)
(36.6 9.8 0.5625)
(37 9.8 0.5625)
(37.4 9.8 0.5625)
(37.8 9.8 0.5625)
(28.2 10.2 0.5625)
(28.6 10.2 0.5625)
(29 10.2 0.5625)
(29.4 10.2 0.5625)
(29.8 10.2 0.5625)
(30.2 10.2 0.5625)
(30.6 10.2 0.5625)
(31 10.2 0.5625)
(31.4 10.2 0.5625)
(31.8 10.2 0.5625)
(32.2 10.2 0.5625)
(32.6 10.2 0.5625)
(33 10.2 0.5625)
(33.4 10.2 0.5625)
(33.8 10.2 0.5625)
(34.2 10.2 0.5625)
(34.6 10.2 0.5625)
(35 10.2 0.5625)
(35.4 10.2 0.5625)
(35.8 10.2 0.5625)
(36.2 10.2 0.5625)
(36.6 10.2 0.5625)
(37 10.2 0.5625)
(37.4 10.2 0.5625)
(37.8 10.2 0.5625)
(28.2 10.6 0.5625)
(28.6 10.6 0.5625)
(29 10.6 0.5625)
(29.4 10.6 0.5625)
(29.8 10.6 0.5625)
(30.2 10.6 0.5625)
(30.6 10.6 0.5625)
(31 10.6 0.5625)
(31.4 10.6 0.5625)
(31.8 10.6 0.5625)
(32.2 10.6 0.5625)
(32.6 10.6 0.5625)
(33 10.6 0.5625)
(33.4 10.6 0.5625)
(33.8 10.6 0.5625)
(34.2 10.6 0.5625)
(34.6 10.6 0.5625)
(35 10.6 0.5625)
(35.4 10.6 0.5625)
(35.8 10.6 0.5625)
(36.2 10.6 0.5625)
(36.6 10.6 0.5625)
(37 10.6 0.5625)
(37.4 10.6 0.5625)
(37.8 10.6 0.5625)
(28.2 11 0.5625)
(28.6 11 0.5625)
(29 11 0.5625)
(29.4 11 0.5625)
(29.8 11 0.5625)
(30.2 11 0.5625)
(30.6 11 0.5625)
(31 11 0.5625)
(31.4 11 0.5625)
(31.8 11 0.5625)
(32.2 11 0.5625)
(32.6 11 0.5625)
(33 11 0.5625)
(33.4 11 0.5625)
(33.8 11 0.5625)
(34.2 11 0.5625)
(34.6 11 0.5625)
(35 11 0.5625)
(35.4 11 0.5625)
(35.8 11 0.5625)
(36.2 11 0.5625)
(36.6 11 0.5625)
(37 11 0.5625)
(37.4 11 0.5625)
(37.8 11 0.5625)
(28.2 11.4 0.5625)
(28.6 11.4 0.5625)
(29 11.4 0.5625)
(29.4 11.4 0.5625)
(29.8 11.4 0.5625)
(30.2 11.4 0.5625)
(30.6 11.4 0.5625)
(31 11.4 0.5625)
(31.4 11.4 0.5625)
(31.8 11.4 0.5625)
(32.2 11.4 0.5625)
(32.6 11.4 0.5625)
(33 11.4 0.5625)
(33.4 11.4 0.5625)
(33.8 11.4 0.5625)
(34.2 11.4 0.5625)
(34.6 11.4 0.5625)
(35 11.4 0.5625)
(35.4 11.4 0.5625)
(35.8 11.4 0.5625)
(36.2 11.4 0.5625)
(36.6 11.4 0.5625)
(37 11.4 0.5625)
(37.4 11.4 0.5625)
(37.8 11.4 0.5625)
(28.2 11.8 0.5625)
(28.6 11.8 0.5625)
(29 11.8 0.5625)
(29.4 11.8 0.5625)
(29.8 11.8 0.5625)
(30.2 11.8 0.5625)
(30.6 11.8 0.5625)
(31 11.8 0.5625)
(31.4 11.8 0.5625)
(31.8 11.8 0.5625)
(32.2 11.8 0.5625)
(32.6 11.8 0.5625)
(33 11.8 0.5625)
(33.4 11.8 0.5625)
(33.8 11.8 0.5625)
(34.2 11.8 0.5625)
(34.6 11.8 0.5625)
(35 11.8 0.5625)
(35.4 11.8 0.5625)
(35.8 11.8 0.5625)
(36.2 11.8 0.5625)
(36.6 11.8 0.5625)
(37 11.8 0.5625)
(37.4 11.8 0.5625)
(37.8 11.8 0.5625)
(28.2 12.2 0.5625)
(28.6 12.2 0.5625)
(29 12.2 0.5625)
(29.4 12.2 0.5625)
(29.8 12.2 0.5625)
(30.2 12.2 0.5625)
(30.6 12.2 0.5625)
(31 12.2 0.5625)
(31.4 12.2 0.5625)
(31.8 12.2 0.5625)
(32.2 12.2 0.5625)
(32.6 12.2 0.5625)
(33 12.2 0.5625)
(33.4 12.2 0.5625)
(33.8 12.2 0.5625)
(34.2 12.2 0.5625)
(34.6 12.2 0.5625)
(35 12.2 0.5625)
(35.4 12.2 0.5625)
(35.8 12.2 0.5625)
(36.2 12.2 0.5625)
(36.6 12.2 0.5625)
(37 12.2 0.5625)
(37.4 12.2 0.5625)
(37.8 12.2 0.5625)
(28.2 12.6 0.5625)
(28.6 12.6 0.5625)
(29 12.6 0.5625)
(29.4 12.6 0.5625)
(29.8 12.6 0.5625)
(30.2 12.6 0.5625)
(30.6 12.6 0.5625)
(31 12.6 0.5625)
(31.4 12.6 0.5625)
(31.8 12.6 0.5625)
(32.2 12.6 0.5625)
(32.6 12.6 0.5625)
(33 12.6 0.5625)
(33.4 12.6 0.5625)
(33.8 12.6 0.5625)
(34.2 12.6 0.5625)
(34.6 12.6 0.5625)
(35 12.6 0.5625)
(35.4 12.6 0.5625)
(35.8 12.6 0.5625)
(36.2 12.6 0.5625)
(36.6 12.6 0.5625)
(37 12.6 0.5625)
(37.4 12.6 0.5625)
(37.8 12.6 0.5625)
(28.2 13 0.5625)
(28.6 13 0.5625)
(29 13 0.5625)
(29.4 13 0.5625)
(29.8 13 0.5625)
(30.2 13 0.5625)
(30.6 13 0.5625)
(31 13 0.5625)
(31.4 13 0.5625)
(31.8 13 0.5625)
(32.2 13 0.5625)
(32.6 13 0.5625)
(33 13 0.5625)
(33.4 13 0.5625)
(33.8 13 0.5625)
(34.2 13 0.5625)
(34.6 13 0.5625)
(35 13 0.5625)
(35.4 13 0.5625)
(35.8 13 0.5625)
(36.2 13 0.5625)
(36.6 13 0.5625)
(37 13 0.5625)
(37.4 13 0.5625)
(37.8 13 0.5625)
(28.2 13.4 0.5625)
(28.6 13.4 0.5625)
(29 13.4 0.5625)
(29.4 13.4 0.5625)
(29.8 13.4 0.5625)
(30.2 13.4 0.5625)
(30.6 13.4 0.5625)
(31 13.4 0.5625)
(31.4 13.4 0.5625)
(31.8 13.4 0.5625)
(32.2 13.4 0.5625)
(32.6 13.4 0.5625)
(33 13.4 0.5625)
(33.4 13.4 0.5625)
(33.8 13.4 0.5625)
(34.2 13.4 0.5625)
(34.6 13.4 0.5625)
(35 13.4 0.5625)
(35.4 13.4 0.5625)
(35.8 13.4 0.5625)
(36.2 13.4 0.5625)
(36.6 13.4 0.5625)
(37 13.4 0.5625)
(37.4 13.4 0.5625)
(37.8 13.4 0.5625)
(28.2 13.8 0.5625)
(28.6 13.8 0.5625)
(29 13.8 0.5625)
(29.4 13.8 0.5625)
(29.8 13.8 0.5625)
(30.2 13.8 0.5625)
(30.6 13.8 0.5625)
(31 13.8 0.5625)
(31.4 13.8 0.5625)
(31.8 13.8 0.5625)
(32.2 13.8 0.5625)
(32.6 13.8 0.5625)
(33 13.8 0.5625)
(33.4 13.8 0.5625)
(33.8 13.8 0.5625)
(34.2 13.8 0.5625)
(34.6 13.8 0.5625)
(35 13.8 0.5625)
(35.4 13.8 0.5625)
(35.8 13.8 0.5625)
(36.2 13.8 0.5625)
(36.6 13.8 0.5625)
(37 13.8 0.5625)
(37.4 13.8 0.5625)
(37.8 13.8 0.5625)
(28.2 14.2 0.5625)
(28.6 14.2 0.5625)
(29 14.2 0.5625)
(29.4 14.2 0.5625)
(29.8 14.2 0.5625)
(30.2 14.2 0.5625)
(30.6 14.2 0.5625)
(31 14.2 0.5625)
(31.4 14.2 0.5625)
(31.8 14.2 0.5625)
(32.2 14.2 0.5625)
(32.6 14.2 0.5625)
(33 14.2 0.5625)
(33.4 14.2 0.5625)
(33.8 14.2 0.5625)
(34.2 14.2 0.5625)
(34.6 14.2 0.5625)
(35 14.2 0.5625)
(35.4 14.2 0.5625)
(35.8 14.2 0.5625)
(36.2 14.2 0.5625)
(36.6 14.2 0.5625)
(37 14.2 0.5625)
(37.4 14.2 0.5625)
(37.8 14.2 0.5625)
(28.2 14.6 0.5625)
(28.6 14.6 0.5625)
(29 14.6 0.5625)
(29.4 14.6 0.5625)
(29.8 14.6 0.5625)
(30.2 14.6 0.5625)
(30.6 14.6 0.5625)
(31 14.6 0.5625)
(31.4 14.6 0.5625)
(31.8 14.6 0.5625)
(32.2 14.6 0.5625)
(32.6 14.6 0.5625)
(33 14.6 0.5625)
(33.4 14.6 0.5625)
(33.8 14.6 0.5625)
(34.2 14.6 0.5625)
(34.6 14.6 0.5625)
(35 14.6 0.5625)
(35.4 14.6 0.5625)
(35.8 14.6 0.5625)
(36.2 14.6 0.5625)
(36.6 14.6 0.5625)
(37 14.6 0.5625)
(37.4 14.6 0.5625)
(37.8 14.6 0.5625)
(28.2 15 0.5625)
(28.6 15 0.5625)
(29 15 0.5625)
(29.4 15 0.5625)
(29.8 15 0.5625)
(30.2 15 0.5625)
(30.6 15 0.5625)
(31 15 0.5625)
(31.4 15 0.5625)
(31.8 15 0.5625)
(32.2 15 0.5625)
(32.6 15 0.5625)
(33 15 0.5625)
(33.4 15 0.5625)
(33.8 15 0.5625)
(34.2 15 0.5625)
(34.6 15 0.5625)
(35 15 0.5625)
(35.4 15 0.5625)
(35.8 15 0.5625)
(36.2 15 0.5625)
(36.6 15 0.5625)
(37 15 0.5625)
(37.4 15 0.5625)
(37.8 15 0.5625)
(28.2 15.4 0.5625)
(28.6 15.4 0.5625)
(29 15.4 0.5625)
(29.4 15.4 0.5625)
(29.8 15.4 0.5625)
(30.2 15.4 0.5625)
(30.6 15.4 0.5625)
(31 15.4 0.5625)
(31.4 15.4 0.5625)
(31.8 15.4 0.5625)
(32.2 15.4 0.5625)
(32.6 15.4 0.5625)
(33 15.4 0.5625)
(33.4 15.4 0.5625)
(33.8 15.4 0.5625)
(34.2 15.4 0.5625)
(34.6 15.4 0.5625)
(35 15.4 0.5625)
(35.4 15.4 0.5625)
(35.8 15.4 0.5625)
(36.2 15.4 0.5625)
(36.6 15.4 0.5625)
(37 15.4 0.5625)
(37.4 15.4 0.5625)
(37.8 15.4 0.5625)
(28.2 15.8 0.5625)
(28.6 15.8 0.5625)
(29 15.8 0.5625)
(29.4 15.8 0.5625)
(29.8 15.8 0.5625)
(30.2 15.8 0.5625)
(30.6 15.8 0.5625)
(31 15.8 0.5625)
(31.4 15.8 0.5625)
(31.8 15.8 0.5625)
(32.2 15.8 0.5625)
(32.6 15.8 0.5625)
(33 15.8 0.5625)
(33.4 15.8 0.5625)
(33.8 15.8 0.5625)
(34.2 15.8 0.5625)
(34.6 15.8 0.5625)
(35 15.8 0.5625)
(35.4 15.8 0.5625)
(35.8 15.8 0.5625)
(36.2 15.8 0.5625)
(36.6 15.8 0.5625)
(37 15.8 0.5625)
(37.4 15.8 0.5625)
(37.8 15.8 0.5625)
(28.2 4.2 0.9375)
(28.6 4.2 0.9375)
(29 4.2 0.9375)
(29.4 4.2 0.9375)
(29.8 4.2 0.9375)
(30.2 4.2 0.9375)
(30.6 4.2 0.9375)
(31 4.2 0.9375)
(31.4 4.2 0.9375)
(31.8 4.2 0.9375)
(32.2 4.2 0.9375)
(32.6 4.2 0.9375)
(33 4.2 0.9375)
(33.4 4.2 0.9375)
(33.8 4.2 0.9375)
(34.2 4.2 0.9375)
(34.6 4.2 0.9375)
(35 4.2 0.9375)
(35.4 4.2 0.9375)
(35.8 4.2 0.9375)
(36.2 4.2 0.9375)
(36.6 4.2 0.9375)
(37 4.2 0.9375)
(37.4 4.2 0.9375)
(37.8 4.2 0.9375)
(28.2 4.6 0.9375)
(28.6 4.6 0.9375)
(29 4.6 0.9375)
(29.4 4.6 0.9375)
(29.8 4.6 0.9375)
(30.2 4.6 0.9375)
(30.6 4.6 0.9375)
(31 4.6 0.9375)
(31.4 4.6 0.9375)
(31.8 4.6 0.9375)
(32.2 4.6 0.9375)
(32.6 4.6 0.9375)
(33 4.6 0.9375)
(33.4 4.6 0.9375)
(33.8 4.6 0.9375)
(34.2 4.6 0.9375)
(34.6 4.6 0.9375)
(35 4.6 0.9375)
(35.4 4.6 0.9375)
(35.8 4.6 0.9375)
(36.2 4.6 0.9375)
(36.6 4.6 0.9375)
(37 4.6 0.9375)
(37.4 4.6 0.9375)
(37.8 4.6 0.9375)
(28.2 5 0.9375)
(28.6 5 0.9375)
(29 5 0.9375)
(29.4 5 0.9375)
(29.8 5 0.9375)
(30.2 5 0.9375)
(30.6 5 0.9375)
(31 5 0.9375)
(31.4 5 0.9375)
(31.8 5 0.9375)
(32.2 5 0.9375)
(32.6 5 0.9375)
(33 5 0.9375)
(33.4 5 0.9375)
(33.8 5 0.9375)
(34.2 5 0.9375)
(34.6 5 0.9375)
(35 5 0.9375)
(35.4 5 0.9375)
(35.8 5 0.9375)
(36.2 5 0.9375)
(36.6 5 0.9375)
(37 5 0.9375)
(37.4 5 0.9375)
(37.8 5 0.9375)
(28.2 5.4 0.9375)
(28.6 5.4 0.9375)
(29 5.4 0.9375)
(29.4 5.4 0.9375)
(29.8 5.4 0.9375)
(30.2 5.4 0.9375)
(30.6 5.4 0.9375)
(31 5.4 0.9375)
(31.4 5.4 0.9375)
(31.8 5.4 0.9375)
(32.2 5.4 0.9375)
(32.6 5.4 0.9375)
(33 5.4 0.9375)
(33.4 5.4 0.9375)
(33.8 5.4 0.9375)
(34.2 5.4 0.9375)
(34.6 5.4 0.9375)
(35 5.4 0.9375)
(35.4 5.4 0.9375)
(35.8 5.4 0.9375)
(36.2 5.4 0.9375)
(36.6 5.4 0.9375)
(37 5.4 0.9375)
(37.4 5.4 0.9375)
(37.8 5.4 0.9375)
(28.2 5.8 0.9375)
(28.6 5.8 0.9375)
(29 5.8 0.9375)
(29.4 5.8 0.9375)
(29.8 5.8 0.9375)
(30.2 5.8 0.9375)
(30.6 5.8 0.9375)
(31 5.8 0.9375)
(31.4 5.8 0.9375)
(31.8 5.8 0.9375)
(32.2 5.8 0.9375)
(32.6 5.8 0.9375)
(33 5.8 0.9375)
(33.4 5.8 0.9375)
(33.8 5.8 0.9375)
(34.2 5.8 0.9375)
(34.6 5.8 0.9375)
(35 5.8 0.9375)
(35.4 5.8 0.9375)
(35.8 5.8 0.9375)
(36.2 5.8 0.9375)
(36.6 5.8 0.9375)
(37 5.8 0.9375)
(37.4 5.8 0.9375)
(37.8 5.8 0.9375)
(28.2 6.2 0.9375)
(28.6 6.2 0.9375)
(29 6.2 0.9375)
(29.4 6.2 0.9375)
(29.8 6.2 0.9375)
(30.2 6.2 0.9375)
(30.6 6.2 0.9375)
(31 6.2 0.9375)
(31.4 6.2 0.9375)
(31.8 6.2 0.9375)
(32.2 6.2 0.9375)
(32.6 6.2 0.9375)
(33 6.2 0.9375)
(33.4 6.2 0.9375)
(33.8 6.2 0.9375)
(34.2 6.2 0.9375)
(34.6 6.2 0.9375)
(35 6.2 0.9375)
(35.4 6.2 0.9375)
(35.8 6.2 0.9375)
(36.2 6.2 0.9375)
(36.6 6.2 0.9375)
(37 6.2 0.9375)
(37.4 6.2 0.9375)
(37.8 6.2 0.9375)
(28.2 6.6 0.9375)
(28.6 6.6 0.9375)
(29 6.6 0.9375)
(29.4 6.6 0.9375)
(29.8 6.6 0.9375)
(30.2 6.6 0.9375)
(30.6 6.6 0.9375)
(31 6.6 0.9375)
(31.4 6.6 0.9375)
(31.8 6.6 0.9375)
(32.2 6.6 0.9375)
(32.6 6.6 0.9375)
(33 6.6 0.9375)
(33.4 6.6 0.9375)
(33.8 6.6 0.9375)
(34.2 6.6 0.9375)
(34.6 6.6 0.9375)
(35 6.6 0.9375)
(35.4 6.6 0.9375)
(35.8 6.6 0.9375)
(36.2 6.6 0.9375)
(36.6 6.6 0.9375)
(37 6.6 0.9375)
(37.4 6.6 0.9375)
(37.8 6.6 0.9375)
(28.2 7 0.9375)
(28.6 7 0.9375)
(29 7 0.9375)
(29.4 7 0.9375)
(29.8 7 0.9375)
(30.2 7 0.9375)
(30.6 7 0.9375)
(31 7 0.9375)
(31.4 7 0.9375)
(31.8 7 0.9375)
(32.2 7 0.9375)
(32.6 7 0.9375)
(33 7 0.9375)
(33.4 7 0.9375)
(33.8 7 0.9375)
(34.2 7 0.9375)
(34.6 7 0.9375)
(35 7 0.9375)
(35.4 7 0.9375)
(35.8 7 0.9375)
(36.2 7 0.9375)
(36.6 7 0.9375)
(37 7 0.9375)
(37.4 7 0.9375)
(37.8 7 0.9375)
(28.2 7.4 0.9375)
(28.6 7.4 0.9375)
(29 7.4 0.9375)
(29.4 7.4 0.9375)
(29.8 7.4 0.9375)
(30.2 7.4 0.9375)
(30.6 7.4 0.9375)
(31 7.4 0.9375)
(31.4 7.4 0.9375)
(31.8 7.4 0.9375)
(32.2 7.4 0.9375)
(32.6 7.4 0.9375)
(33 7.4 0.9375)
(33.4 7.4 0.9375)
(33.8 7.4 0.9375)
(34.2 7.4 0.9375)
(34.6 7.4 0.9375)
(35 7.4 0.9375)
(35.4 7.4 0.9375)
(35.8 7.4 0.9375)
(36.2 7.4 0.9375)
(36.6 7.4 0.9375)
(37 7.4 0.9375)
(37.4 7.4 0.9375)
(37.8 7.4 0.9375)
(28.2 7.8 0.9375)
(28.6 7.8 0.9375)
(29 7.8 0.9375)
(29.4 7.8 0.9375)
(29.8 7.8 0.9375)
(30.2 7.8 0.9375)
(30.6 7.8 0.9375)
(31 7.8 0.9375)
(31.4 7.8 0.9375)
(31.8 7.8 0.9375)
(32.2 7.8 0.9375)
(32.6 7.8 0.9375)
(33 7.8 0.9375)
(33.4 7.8 0.9375)
(33.8 7.8 0.9375)
(34.2 7.8 0.9375)
(34.6 7.8 0.9375)
(35 7.8 0.9375)
(35.4 7.8 0.9375)
(35.8 7.8 0.9375)
(36.2 7.8 0.9375)
(36.6 7.8 0.9375)
(37 7.8 0.9375)
(37.4 7.8 0.9375)
(37.8 7.8 0.9375)
(28.2 8.2 0.9375)
(28.6 8.2 0.9375)
(29 8.2 0.9375)
(29.4 8.2 0.9375)
(29.8 8.2 0.9375)
(30.2 8.2 0.9375)
(30.6 8.2 0.9375)
(31 8.2 0.9375)
(31.4 8.2 0.9375)
(31.8 8.2 0.9375)
(32.2 8.2 0.9375)
(32.6 8.2 0.9375)
(33 8.2 0.9375)
(33.4 8.2 0.9375)
(33.8 8.2 0.9375)
(34.2 8.2 0.9375)
(34.6 8.2 0.9375)
(35 8.2 0.9375)
(35.4 8.2 0.9375)
(35.8 8.2 0.9375)
(36.2 8.2 0.9375)
(36.6 8.2 0.9375)
(37 8.2 0.9375)
(37.4 8.2 0.9375)
(37.8 8.2 0.9375)
(28.2 8.6 0.9375)
(28.6 8.6 0.9375)
(29 8.6 0.9375)
(29.4 8.6 0.9375)
(29.8 8.6 0.9375)
(30.2 8.6 0.9375)
(30.6 8.6 0.9375)
(31 8.6 0.9375)
(31.4 8.6 0.9375)
(31.8 8.6 0.9375)
(32.2 8.6 0.9375)
(32.6 8.6 0.9375)
(33 8.6 0.9375)
(33.4 8.6 0.9375)
(33.8 8.6 0.9375)
(34.2 8.6 0.9375)
(34.6 8.6 0.9375)
(35 8.6 0.9375)
(35.4 8.6 0.9375)
(35.8 8.6 0.9375)
(36.2 8.6 0.9375)
(36.6 8.6 0.9375)
(37 8.6 0.9375)
(37.4 8.6 0.9375)
(37.8 8.6 0.9375)
(28.2 9 0.9375)
(28.6 9 0.9375)
(29 9 0.9375)
(29.4 9 0.9375)
(29.8 9 0.9375)
(30.2 9 0.9375)
(30.6 9 0.9375)
(31 9 0.9375)
(31.4 9 0.9375)
(31.8 9 0.9375)
(32.2 9 0.9375)
(32.6 9 0.9375)
(33 9 0.9375)
(33.4 9 0.9375)
(33.8 9 0.9375)
(34.2 9 0.9375)
(34.6 9 0.9375)
(35 9 0.9375)
(35.4 9 0.9375)
(35.8 9 0.9375)
(36.2 9 0.9375)
(36.6 9 0.9375)
(37 9 0.9375)
(37.4 9 0.9375)
(37.8 9 0.9375)
(28.2 9.4 0.9375)
(28.6 9.4 0.9375)
(29 9.4 0.9375)
(29.4 9.4 0.9375)
(29.8 9.4 0.9375)
(30.2 9.4 0.9375)
(30.6 9.4 0.9375)
(31 9.4 0.9375)
(31.4 9.4 0.9375)
(31.8 9.4 0.9375)
(32.2 9.4 0.9375)
(32.6 9.4 0.9375)
(33 9.4 0.9375)
(33.4 9.4 0.9375)
(33.8 9.4 0.9375)
(34.2 9.4 0.9375)
(34.6 9.4 0.9375)
(35 9.4 0.9375)
(35.4 9.4 0.9375)
(35.8 9.4 0.9375)
(36.2 9.4 0.9375)
(36.6 9.4 0.9375)
(37 9.4 0.9375)
(37.4 9.4 0.9375)
(37.8 9.4 0.9375)
(28.2 9.8 0.9375)
(28.6 9.8 0.9375)
(29 9.8 0.9375)
(29.4 9.8 0.9375)
(29.8 9.8 0.9375)
(30.2 9.8 0.9375)
(30.6 9.8 0.9375)
(31 9.8 0.9375)
(31.4 9.8 0.9375)
(31.8 9.8 0.9375)
(32.2 9.8 0.9375)
(32.6 9.8 0.9375)
(33 9.8 0.9375)
(33.4 9.8 0.9375)
(33.8 9.8 0.9375)
(34.2 9.8 0.9375)
(34.6 9.8 0.9375)
(35 9.8 0.9375)
(35.4 9.8 0.9375)
(35.8 9.8 0.9375)
(36.2 9.8 0.9375)
(36.6 9.8 0.9375)
(37 9.8 0.9375)
(37.4 9.8 0.9375)
(37.8 9.8 0.9375)
(28.2 10.2 0.9375)
(28.6 10.2 0.9375)
(29 10.2 0.9375)
(29.4 10.2 0.9375)
(29.8 10.2 0.9375)
(30.2 10.2 0.9375)
(30.6 10.2 0.9375)
(31 10.2 0.9375)
(31.4 10.2 0.9375)
(31.8 10.2 0.9375)
(32.2 10.2 0.9375)
(32.6 10.2 0.9375)
(33 10.2 0.9375)
(33.4 10.2 0.9375)
(33.8 10.2 0.9375)
(34.2 10.2 0.9375)
(34.6 10.2 0.9375)
(35 10.2 0.9375)
(35.4 10.2 0.9375)
(35.8 10.2 0.9375)
(36.2 10.2 0.9375)
(36.6 10.2 0.9375)
(37 10.2 0.9375)
(37.4 10.2 0.9375)
(37.8 10.2 0.9375)
(28.2 10.6 0.9375)
(28.6 10.6 0.9375)
(29 10.6 0.9375)
(29.4 10.6 0.9375)
(29.8 10.6 0.9375)
(30.2 10.6 0.9375)
(30.6 10.6 0.9375)
(31 10.6 0.9375)
(31.4 10.6 0.9375)
(31.8 10.6 0.9375)
(32.2 10.6 0.9375)
(32.6 10.6 0.9375)
(33 10.6 0.9375)
(33.4 10.6 0.9375)
(33.8 10.6 0.9375)
(34.2 10.6 0.9375)
(34.6 10.6 0.9375)
(35 10.6 0.9375)
(35.4 10.6 0.9375)
(35.8 10.6 0.9375)
(36.2 10.6 0.9375)
(36.6 10.6 0.9375)
(37 10.6 0.9375)
(37.4 10.6 0.9375)
(37.8 10.6 0.9375)
(28.2 11 0.9375)
(28.6 11 0.9375)
(29 11 0.9375)
(29.4 11 0.9375)
(29.8 11 0.9375)
(30.2 11 0.9375)
(30.6 11 0.9375)
(31 11 0.9375)
(31.4 11 0.9375)
(31.8 11 0.9375)
(32.2 11 0.9375)
(32.6 11 0.9375)
(33 11 0.9375)
(33.4 11 0.9375)
(33.8 11 0.9375)
(34.2 11 0.9375)
(34.6 11 0.9375)
(35 11 0.9375)
(35.4 11 0.9375)
(35.8 11 0.9375)
(36.2 11 0.9375)
(36.6 11 0.9375)
(37 11 0.9375)
(37.4 11 0.9375)
(37.8 11 0.9375)
(28.2 11.4 0.9375)
(28.6 11.4 0.9375)
(29 11.4 0.9375)
(29.4 11.4 0.9375)
(29.8 11.4 0.9375)
(30.2 11.4 0.9375)
(30.6 11.4 0.9375)
(31 11.4 0.9375)
(31.4 11.4 0.9375)
(31.8 11.4 0.9375)
(32.2 11.4 0.9375)
(32.6 11.4 0.9375)
(33 11.4 0.9375)
(33.4 11.4 0.9375)
(33.8 11.4 0.9375)
(34.2 11.4 0.9375)
(34.6 11.4 0.9375)
(35 11.4 0.9375)
(35.4 11.4 0.9375)
(35.8 11.4 0.9375)
(36.2 11.4 0.9375)
(36.6 11.4 0.9375)
(37 11.4 0.9375)
(37.4 11.4 0.9375)
(37.8 11.4 0.9375)
(28.2 11.8 0.9375)
(28.6 11.8 0.9375)
(29 11.8 0.9375)
(29.4 11.8 0.9375)
(29.8 11.8 0.9375)
(30.2 11.8 0.9375)
(30.6 11.8 0.9375)
(31 11.8 0.9375)
(31.4 11.8 0.9375)
(31.8 11.8 0.9375)
(32.2 11.8 0.9375)
(32.6 11.8 0.9375)
(33 11.8 0.9375)
(33.4 11.8 0.9375)
(33.8 11.8 0.9375)
(34.2 11.8 0.9375)
(34.6 11.8 0.9375)
(35 11.8 0.9375)
(35.4 11.8 0.9375)
(35.8 11.8 0.9375)
(36.2 11.8 0.9375)
(36.6 11.8 0.9375)
(37 11.8 0.9375)
(37.4 11.8 0.9375)
(37.8 11.8 0.9375)
(28.2 12.2 0.9375)
(28.6 12.2 0.9375)
(29 12.2 0.9375)
(29.4 12.2 0.9375)
(29.8 12.2 0.9375)
(30.2 12.2 0.9375)
(30.6 12.2 0.9375)
(31 12.2 0.9375)
(31.4 12.2 0.9375)
(31.8 12.2 0.9375)
(32.2 12.2 0.9375)
(32.6 12.2 0.9375)
(33 12.2 0.9375)
(33.4 12.2 0.9375)
(33.8 12.2 0.9375)
(34.2 12.2 0.9375)
(34.6 12.2 0.9375)
(35 12.2 0.9375)
(35.4 12.2 0.9375)
(35.8 12.2 0.9375)
(36.2 12.2 0.9375)
(36.6 12.2 0.9375)
(37 12.2 0.9375)
(37.4 12.2 0.9375)
(37.8 12.2 0.9375)
(28.2 12.6 0.9375)
(28.6 12.6 0.9375)
(29 12.6 0.9375)
(29.4 12.6 0.9375)
(29.8 12.6 0.9375)
(30.2 12.6 0.9375)
(30.6 12.6 0.9375)
(31 12.6 0.9375)
(31.4 12.6 0.9375)
(31.8 12.6 0.9375)
(32.2 12.6 0.9375)
(32.6 12.6 0.9375)
(33 12.6 0.9375)
(33.4 12.6 0.9375)
(33.8 12.6 0.9375)
(34.2 12.6 0.9375)
(34.6 12.6 0.9375)
(35 12.6 0.9375)
(35.4 12.6 0.9375)
(35.8 12.6 0.9375)
(36.2 12.6 0.9375)
(36.6 12.6 0.9375)
(37 12.6 0.9375)
(37.4 12.6 0.9375)
(37.8 12.6 0.9375)
(28.2 13 0.9375)
(28.6 13 0.9375)
(29 13 0.9375)
(29.4 13 0.9375)
(29.8 13 0.9375)
(30.2 13 0.9375)
(30.6 13 0.9375)
(31 13 0.9375)
(31.4 13 0.9375)
(31.8 13 0.9375)
(32.2 13 0.9375)
(32.6 13 0.9375)
(33 13 0.9375)
(33.4 13 0.9375)
(33.8 13 0.9375)
(34.2 13 0.9375)
(34.6 13 0.9375)
(35 13 0.9375)
(35.4 13 0.9375)
(35.8 13 0.9375)
(36.2 13 0.9375)
(36.6 13 0.9375)
(37 13 0.9375)
(37.4 13 0.9375)
(37.8 13 0.9375)
(28.2 13.4 0.9375)
(28.6 13.4 0.9375)
(29 13.4 0.9375)
(29.4 13.4 0.9375)
(29.8 13.4 0.9375)
(30.2 13.4 0.9375)
(30.6 13.4 0.9375)
(31 13.4 0.9375)
(31.4 13.4 0.9375)
(31.8 13.4 0.9375)
(32.2 13.4 0.9375)
(32.6 13.4 0.9375)
(33 13.4 0.9375)
(33.4 13.4 0.9375)
(33.8 13.4 0.9375)
(34.2 13.4 0.9375)
(34.6 13.4 0.9375)
(35 13.4 0.9375)
(35.4 13.4 0.9375)
(35.8 13.4 0.9375)
(36.2 13.4 0.9375)
(36.6 13.4 0.9375)
(37 13.4 0.9375)
(37.4 13.4 0.9375)
(37.8 13.4 0.9375)
(28.2 13.8 0.9375)
(28.6 13.8 0.9375)
(29 13.8 0.9375)
(29.4 13.8 0.9375)
(29.8 13.8 0.9375)
(30.2 13.8 0.9375)
(30.6 13.8 0.9375)
(31 13.8 0.9375)
(31.4 13.8 0.9375)
(31.8 13.8 0.9375)
(32.2 13.8 0.9375)
(32.6 13.8 0.9375)
(33 13.8 0.9375)
(33.4 13.8 0.9375)
(33.8 13.8 0.9375)
(34.2 13.8 0.9375)
(34.6 13.8 0.9375)
(35 13.8 0.9375)
(35.4 13.8 0.9375)
(35.8 13.8 0.9375)
(36.2 13.8 0.9375)
(36.6 13.8 0.9375)
(37 13.8 0.9375)
(37.4 13.8 0.9375)
(37.8 13.8 0.9375)
(28.2 14.2 0.9375)
(28.6 14.2 0.9375)
(29 14.2 0.9375)
(29.4 14.2 0.9375)
(29.8 14.2 0.9375)
(30.2 14.2 0.9375)
(30.6 14.2 0.9375)
(31 14.2 0.9375)
(31.4 14.2 0.9375)
(31.8 14.2 0.9375)
(32.2 14.2 0.9375)
(32.6 14.2 0.9375)
(33 14.2 0.9375)
(33.4 14.2 0.9375)
(33.8 14.2 0.9375)
(34.2 14.2 0.9375)
(34.6 14.2 0.9375)
(35 14.2 0.9375)
(35.4 14.2 0.9375)
(35.8 14.2 0.9375)
(36.2 14.2 0.9375)
(36.6 14.2 0.9375)
(37 14.2 0.9375)
(37.4 14.2 0.9375)
(37.8 14.2 0.9375)
(28.2 14.6 0.9375)
(28.6 14.6 0.9375)
(29 14.6 0.9375)
(29.4 14.6 0.9375)
(29.8 14.6 0.9375)
(30.2 14.6 0.9375)
(30.6 14.6 0.9375)
(31 14.6 0.9375)
(31.4 14.6 0.9375)
(31.8 14.6 0.9375)
(32.2 14.6 0.9375)
(32.6 14.6 0.9375)
(33 14.6 0.9375)
(33.4 14.6 0.9375)
(33.8 14.6 0.9375)
(34.2 14.6 0.9375)
(34.6 14.6 0.9375)
(35 14.6 0.9375)
(35.4 14.6 0.9375)
(35.8 14.6 0.9375)
(36.2 14.6 0.9375)
(36.6 14.6 0.9375)
(37 14.6 0.9375)
(37.4 14.6 0.9375)
(37.8 14.6 0.9375)
(28.2 15 0.9375)
(28.6 15 0.9375)
(29 15 0.9375)
(29.4 15 0.9375)
(29.8 15 0.9375)
(30.2 15 0.9375)
(30.6 15 0.9375)
(31 15 0.9375)
(31.4 15 0.9375)
(31.8 15 0.9375)
(32.2 15 0.9375)
(32.6 15 0.9375)
(33 15 0.9375)
(33.4 15 0.9375)
(33.8 15 0.9375)
(34.2 15 0.9375)
(34.6 15 0.9375)
(35 15 0.9375)
(35.4 15 0.9375)
(35.8 15 0.9375)
(36.2 15 0.9375)
(36.6 15 0.9375)
(37 15 0.9375)
(37.4 15 0.9375)
(37.8 15 0.9375)
(28.2 15.4 0.9375)
(28.6 15.4 0.9375)
(29 15.4 0.9375)
(29.4 15.4 0.9375)
(29.8 15.4 0.9375)
(30.2 15.4 0.9375)
(30.6 15.4 0.9375)
(31 15.4 0.9375)
(31.4 15.4 0.9375)
(31.8 15.4 0.9375)
(32.2 15.4 0.9375)
(32.6 15.4 0.9375)
(33 15.4 0.9375)
(33.4 15.4 0.9375)
(33.8 15.4 0.9375)
(34.2 15.4 0.9375)
(34.6 15.4 0.9375)
(35 15.4 0.9375)
(35.4 15.4 0.9375)
(35.8 15.4 0.9375)
(36.2 15.4 0.9375)
(36.6 15.4 0.9375)
(37 15.4 0.9375)
(37.4 15.4 0.9375)
(37.8 15.4 0.9375)
(28.2 15.8 0.9375)
(28.6 15.8 0.9375)
(29 15.8 0.9375)
(29.4 15.8 0.9375)
(29.8 15.8 0.9375)
(30.2 15.8 0.9375)
(30.6 15.8 0.9375)
(31 15.8 0.9375)
(31.4 15.8 0.9375)
(31.8 15.8 0.9375)
(32.2 15.8 0.9375)
(32.6 15.8 0.9375)
(33 15.8 0.9375)
(33.4 15.8 0.9375)
(33.8 15.8 0.9375)
(34.2 15.8 0.9375)
(34.6 15.8 0.9375)
(35 15.8 0.9375)
(35.4 15.8 0.9375)
(35.8 15.8 0.9375)
(36.2 15.8 0.9375)
(36.6 15.8 0.9375)
(37 15.8 0.9375)
(37.4 15.8 0.9375)
(37.8 15.8 0.9375)
(28.2 4.2 1.3125)
(28.6 4.2 1.3125)
(29 4.2 1.3125)
(29.4 4.2 1.3125)
(29.8 4.2 1.3125)
(30.2 4.2 1.3125)
(30.6 4.2 1.3125)
(31 4.2 1.3125)
(31.4 4.2 1.3125)
(31.8 4.2 1.3125)
(32.2 4.2 1.3125)
(32.6 4.2 1.3125)
(33 4.2 1.3125)
(33.4 4.2 1.3125)
(33.8 4.2 1.3125)
(34.2 4.2 1.3125)
(34.6 4.2 1.3125)
(35 4.2 1.3125)
(35.4 4.2 1.3125)
(35.8 4.2 1.3125)
(36.2 4.2 1.3125)
(36.6 4.2 1.3125)
(37 4.2 1.3125)
(37.4 4.2 1.3125)
(37.8 4.2 1.3125)
(28.2 4.6 1.3125)
(28.6 4.6 1.3125)
(29 4.6 1.3125)
(29.4 4.6 1.3125)
(29.8 4.6 1.3125)
(30.2 4.6 1.3125)
(30.6 4.6 1.3125)
(31 4.6 1.3125)
(31.4 4.6 1.3125)
(31.8 4.6 1.3125)
(32.2 4.6 1.3125)
(32.6 4.6 1.3125)
(33 4.6 1.3125)
(33.4 4.6 1.3125)
(33.8 4.6 1.3125)
(34.2 4.6 1.3125)
(34.6 4.6 1.3125)
(35 4.6 1.3125)
(35.4 4.6 1.3125)
(35.8 4.6 1.3125)
(36.2 4.6 1.3125)
(36.6 4.6 1.3125)
(37 4.6 1.3125)
(37.4 4.6 1.3125)
(37.8 4.6 1.3125)
(28.2 5 1.3125)
(28.6 5 1.3125)
(29 5 1.3125)
(29.4 5 1.3125)
(29.8 5 1.3125)
(30.2 5 1.3125)
(30.6 5 1.3125)
(31 5 1.3125)
(31.4 5 1.3125)
(31.8 5 1.3125)
(32.2 5 1.3125)
(32.6 5 1.3125)
(33 5 1.3125)
(33.4 5 1.3125)
(33.8 5 1.3125)
(34.2 5 1.3125)
(34.6 5 1.3125)
(35 5 1.3125)
(35.4 5 1.3125)
(35.8 5 1.3125)
(36.2 5 1.3125)
(36.6 5 1.3125)
(37 5 1.3125)
(37.4 5 1.3125)
(37.8 5 1.3125)
(28.2 5.4 1.3125)
(28.6 5.4 1.3125)
(29 5.4 1.3125)
(29.4 5.4 1.3125)
(29.8 5.4 1.3125)
(30.2 5.4 1.3125)
(30.6 5.4 1.3125)
(31 5.4 1.3125)
(31.4 5.4 1.3125)
(31.8 5.4 1.3125)
(32.2 5.4 1.3125)
(32.6 5.4 1.3125)
(33 5.4 1.3125)
(33.4 5.4 1.3125)
(33.8 5.4 1.3125)
(34.2 5.4 1.3125)
(34.6 5.4 1.3125)
(35 5.4 1.3125)
(35.4 5.4 1.3125)
(35.8 5.4 1.3125)
(36.2 5.4 1.3125)
(36.6 5.4 1.3125)
(37 5.4 1.3125)
(37.4 5.4 1.3125)
(37.8 5.4 1.3125)
(28.2 5.8 1.3125)
(28.6 5.8 1.3125)
(29 5.8 1.3125)
(29.4 5.8 1.3125)
(29.8 5.8 1.3125)
(30.2 5.8 1.3125)
(30.6 5.8 1.3125)
(31 5.8 1.3125)
(31.4 5.8 1.3125)
(31.8 5.8 1.3125)
(32.2 5.8 1.3125)
(32.6 5.8 1.3125)
(33 5.8 1.3125)
(33.4 5.8 1.3125)
(33.8 5.8 1.3125)
(34.2 5.8 1.3125)
(34.6 5.8 1.3125)
(35 5.8 1.3125)
(35.4 5.8 1.3125)
(35.8 5.8 1.3125)
(36.2 5.8 1.3125)
(36.6 5.8 1.3125)
(37 5.8 1.3125)
(37.4 5.8 1.3125)
(37.8 5.8 1.3125)
(28.2 6.2 1.3125)
(28.6 6.2 1.3125)
(29 6.2 1.3125)
(29.4 6.2 1.3125)
(29.8 6.2 1.3125)
(30.2 6.2 1.3125)
(30.6 6.2 1.3125)
(31 6.2 1.3125)
(31.4 6.2 1.3125)
(31.8 6.2 1.3125)
(32.2 6.2 1.3125)
(32.6 6.2 1.3125)
(33 6.2 1.3125)
(33.4 6.2 1.3125)
(33.8 6.2 1.3125)
(34.2 6.2 1.3125)
(34.6 6.2 1.3125)
(35 6.2 1.3125)
(35.4 6.2 1.3125)
(35.8 6.2 1.3125)
(36.2 6.2 1.3125)
(36.6 6.2 1.3125)
(37 6.2 1.3125)
(37.4 6.2 1.3125)
(37.8 6.2 1.3125)
(28.2 6.6 1.3125)
(28.6 6.6 1.3125)
(29 6.6 1.3125)
(29.4 6.6 1.3125)
(29.8 6.6 1.3125)
(30.2 6.6 1.3125)
(30.6 6.6 1.3125)
(31 6.6 1.3125)
(31.4 6.6 1.3125)
(31.8 6.6 1.3125)
(32.2 6.6 1.3125)
(32.6 6.6 1.3125)
(33 6.6 1.3125)
(33.4 6.6 1.3125)
(33.8 6.6 1.3125)
(34.2 6.6 1.3125)
(34.6 6.6 1.3125)
(35 6.6 1.3125)
(35.4 6.6 1.3125)
(35.8 6.6 1.3125)
(36.2 6.6 1.3125)
(36.6 6.6 1.3125)
(37 6.6 1.3125)
(37.4 6.6 1.3125)
(37.8 6.6 1.3125)
(28.2 7 1.3125)
(28.6 7 1.3125)
(29 7 1.3125)
(29.4 7 1.3125)
(29.8 7 1.3125)
(30.2 7 1.3125)
(30.6 7 1.3125)
(31 7 1.3125)
(31.4 7 1.3125)
(31.8 7 1.3125)
(32.2 7 1.3125)
(32.6 7 1.3125)
(33 7 1.3125)
(33.4 7 1.3125)
(33.8 7 1.3125)
(34.2 7 1.3125)
(34.6 7 1.3125)
(35 7 1.3125)
(35.4 7 1.3125)
(35.8 7 1.3125)
(36.2 7 1.3125)
(36.6 7 1.3125)
(37 7 1.3125)
(37.4 7 1.3125)
(37.8 7 1.3125)
(28.2 7.4 1.3125)
(28.6 7.4 1.3125)
(29 7.4 1.3125)
(29.4 7.4 1.3125)
(29.8 7.4 1.3125)
(30.2 7.4 1.3125)
(30.6 7.4 1.3125)
(31 7.4 1.3125)
(31.4 7.4 1.3125)
(31.8 7.4 1.3125)
(32.2 7.4 1.3125)
(32.6 7.4 1.3125)
(33 7.4 1.3125)
(33.4 7.4 1.3125)
(33.8 7.4 1.3125)
(34.2 7.4 1.3125)
(34.6 7.4 1.3125)
(35 7.4 1.3125)
(35.4 7.4 1.3125)
(35.8 7.4 1.3125)
(36.2 7.4 1.3125)
(36.6 7.4 1.3125)
(37 7.4 1.3125)
(37.4 7.4 1.3125)
(37.8 7.4 1.3125)
(28.2 7.8 1.3125)
(28.6 7.8 1.3125)
(29 7.8 1.3125)
(29.4 7.8 1.3125)
(29.8 7.8 1.3125)
(30.2 7.8 1.3125)
(30.6 7.8 1.3125)
(31 7.8 1.3125)
(31.4 7.8 1.3125)
(31.8 7.8 1.3125)
(32.2 7.8 1.3125)
(32.6 7.8 1.3125)
(33 7.8 1.3125)
(33.4 7.8 1.3125)
(33.8 7.8 1.3125)
(34.2 7.8 1.3125)
(34.6 7.8 1.3125)
(35 7.8 1.3125)
(35.4 7.8 1.3125)
(35.8 7.8 1.3125)
(36.2 7.8 1.3125)
(36.6 7.8 1.3125)
(37 7.8 1.3125)
(37.4 7.8 1.3125)
(37.8 7.8 1.3125)
(28.2 8.2 1.3125)
(28.6 8.2 1.3125)
(29 8.2 1.3125)
(29.4 8.2 1.3125)
(29.8 8.2 1.3125)
(30.2 8.2 1.3125)
(30.6 8.2 1.3125)
(31 8.2 1.3125)
(31.4 8.2 1.3125)
(31.8 8.2 1.3125)
(32.2 8.2 1.3125)
(32.6 8.2 1.3125)
(33 8.2 1.3125)
(33.4 8.2 1.3125)
(33.8 8.2 1.3125)
(34.2 8.2 1.3125)
(34.6 8.2 1.3125)
(35 8.2 1.3125)
(35.4 8.2 1.3125)
(35.8 8.2 1.3125)
(36.2 8.2 1.3125)
(36.6 8.2 1.3125)
(37 8.2 1.3125)
(37.4 8.2 1.3125)
(37.8 8.2 1.3125)
(28.2 8.6 1.3125)
(28.6 8.6 1.3125)
(29 8.6 1.3125)
(29.4 8.6 1.3125)
(29.8 8.6 1.3125)
(30.2 8.6 1.3125)
(30.6 8.6 1.3125)
(31 8.6 1.3125)
(31.4 8.6 1.3125)
(31.8 8.6 1.3125)
(32.2 8.6 1.3125)
(32.6 8.6 1.3125)
(33 8.6 1.3125)
(33.4 8.6 1.3125)
(33.8 8.6 1.3125)
(34.2 8.6 1.3125)
(34.6 8.6 1.3125)
(35 8.6 1.3125)
(35.4 8.6 1.3125)
(35.8 8.6 1.3125)
(36.2 8.6 1.3125)
(36.6 8.6 1.3125)
(37 8.6 1.3125)
(37.4 8.6 1.3125)
(37.8 8.6 1.3125)
(28.2 9 1.3125)
(28.6 9 1.3125)
(29 9 1.3125)
(29.4 9 1.3125)
(29.8 9 1.3125)
(30.2 9 1.3125)
(30.6 9 1.3125)
(31 9 1.3125)
(31.4 9 1.3125)
(31.8 9 1.3125)
(32.2 9 1.3125)
(32.6 9 1.3125)
(33 9 1.3125)
(33.4 9 1.3125)
(33.8 9 1.3125)
(34.2 9 1.3125)
(34.6 9 1.3125)
(35 9 1.3125)
(35.4 9 1.3125)
(35.8 9 1.3125)
(36.2 9 1.3125)
(36.6 9 1.3125)
(37 9 1.3125)
(37.4 9 1.3125)
(37.8 9 1.3125)
(28.2 9.4 1.3125)
(28.6 9.4 1.3125)
(29 9.4 1.3125)
(29.4 9.4 1.3125)
(29.8 9.4 1.3125)
(30.2 9.4 1.3125)
(30.6 9.4 1.3125)
(31 9.4 1.3125)
(31.4 9.4 1.3125)
(31.8 9.4 1.3125)
(32.2 9.4 1.3125)
(32.6 9.4 1.3125)
(33 9.4 1.3125)
(33.4 9.4 1.3125)
(33.8 9.4 1.3125)
(34.2 9.4 1.3125)
(34.6 9.4 1.3125)
(35 9.4 1.3125)
(35.4 9.4 1.3125)
(35.8 9.4 1.3125)
(36.2 9.4 1.3125)
(36.6 9.4 1.3125)
(37 9.4 1.3125)
(37.4 9.4 1.3125)
(37.8 9.4 1.3125)
(28.2 9.8 1.3125)
(28.6 9.8 1.3125)
(29 9.8 1.3125)
(29.4 9.8 1.3125)
(29.8 9.8 1.3125)
(30.2 9.8 1.3125)
(30.6 9.8 1.3125)
(31 9.8 1.3125)
(31.4 9.8 1.3125)
(31.8 9.8 1.3125)
(32.2 9.8 1.3125)
(32.6 9.8 1.3125)
(33 9.8 1.3125)
(33.4 9.8 1.3125)
(33.8 9.8 1.3125)
(34.2 9.8 1.3125)
(34.6 9.8 1.3125)
(35 9.8 1.3125)
(35.4 9.8 1.3125)
(35.8 9.8 1.3125)
(36.2 9.8 1.3125)
(36.6 9.8 1.3125)
(37 9.8 1.3125)
(37.4 9.8 1.3125)
(37.8 9.8 1.3125)
(28.2 10.2 1.3125)
(28.6 10.2 1.3125)
(29 10.2 1.3125)
(29.4 10.2 1.3125)
(29.8 10.2 1.3125)
(30.2 10.2 1.3125)
(30.6 10.2 1.3125)
(31 10.2 1.3125)
(31.4 10.2 1.3125)
(31.8 10.2 1.3125)
(32.2 10.2 1.3125)
(32.6 10.2 1.3125)
(33 10.2 1.3125)
(33.4 10.2 1.3125)
(33.8 10.2 1.3125)
(34.2 10.2 1.3125)
(34.6 10.2 1.3125)
(35 10.2 1.3125)
(35.4 10.2 1.3125)
(35.8 10.2 1.3125)
(36.2 10.2 1.3125)
(36.6 10.2 1.3125)
(37 10.2 1.3125)
(37.4 10.2 1.3125)
(37.8 10.2 1.3125)
(28.2 10.6 1.3125)
(28.6 10.6 1.3125)
(29 10.6 1.3125)
(29.4 10.6 1.3125)
(29.8 10.6 1.3125)
(30.2 10.6 1.3125)
(30.6 10.6 1.3125)
(31 10.6 1.3125)
(31.4 10.6 1.3125)
(31.8 10.6 1.3125)
(32.2 10.6 1.3125)
(32.6 10.6 1.3125)
(33 10.6 1.3125)
(33.4 10.6 1.3125)
(33.8 10.6 1.3125)
(34.2 10.6 1.3125)
(34.6 10.6 1.3125)
(35 10.6 1.3125)
(35.4 10.6 1.3125)
(35.8 10.6 1.3125)
(36.2 10.6 1.3125)
(36.6 10.6 1.3125)
(37 10.6 1.3125)
(37.4 10.6 1.3125)
(37.8 10.6 1.3125)
(28.2 11 1.3125)
(28.6 11 1.3125)
(29 11 1.3125)
(29.4 11 1.3125)
(29.8 11 1.3125)
(30.2 11 1.3125)
(30.6 11 1.3125)
(31 11 1.3125)
(31.4 11 1.3125)
(31.8 11 1.3125)
(32.2 11 1.3125)
(32.6 11 1.3125)
(33 11 1.3125)
(33.4 11 1.3125)
(33.8 11 1.3125)
(34.2 11 1.3125)
(34.6 11 1.3125)
(35 11 1.3125)
(35.4 11 1.3125)
(35.8 11 1.3125)
(36.2 11 1.3125)
(36.6 11 1.3125)
(37 11 1.3125)
(37.4 11 1.3125)
(37.8 11 1.3125)
(28.2 11.4 1.3125)
(28.6 11.4 1.3125)
(29 11.4 1.3125)
(29.4 11.4 1.3125)
(29.8 11.4 1.3125)
(30.2 11.4 1.3125)
(30.6 11.4 1.3125)
(31 11.4 1.3125)
(31.4 11.4 1.3125)
(31.8 11.4 1.3125)
(32.2 11.4 1.3125)
(32.6 11.4 1.3125)
(33 11.4 1.3125)
(33.4 11.4 1.3125)
(33.8 11.4 1.3125)
(34.2 11.4 1.3125)
(34.6 11.4 1.3125)
(35 11.4 1.3125)
(35.4 11.4 1.3125)
(35.8 11.4 1.3125)
(36.2 11.4 1.3125)
(36.6 11.4 1.3125)
(37 11.4 1.3125)
(37.4 11.4 1.3125)
(37.8 11.4 1.3125)
(28.2 11.8 1.3125)
(28.6 11.8 1.3125)
(29 11.8 1.3125)
(29.4 11.8 1.3125)
(29.8 11.8 1.3125)
(30.2 11.8 1.3125)
(30.6 11.8 1.3125)
(31 11.8 1.3125)
(31.4 11.8 1.3125)
(31.8 11.8 1.3125)
(32.2 11.8 1.3125)
(32.6 11.8 1.3125)
(33 11.8 1.3125)
(33.4 11.8 1.3125)
(33.8 11.8 1.3125)
(34.2 11.8 1.3125)
(34.6 11.8 1.3125)
(35 11.8 1.3125)
(35.4 11.8 1.3125)
(35.8 11.8 1.3125)
(36.2 11.8 1.3125)
(36.6 11.8 1.3125)
(37 11.8 1.3125)
(37.4 11.8 1.3125)
(37.8 11.8 1.3125)
(28.2 12.2 1.3125)
(28.6 12.2 1.3125)
(29 12.2 1.3125)
(29.4 12.2 1.3125)
(29.8 12.2 1.3125)
(30.2 12.2 1.3125)
(30.6 12.2 1.3125)
(31 12.2 1.3125)
(31.4 12.2 1.3125)
(31.8 12.2 1.3125)
(32.2 12.2 1.3125)
(32.6 12.2 1.3125)
(33 12.2 1.3125)
(33.4 12.2 1.3125)
(33.8 12.2 1.3125)
(34.2 12.2 1.3125)
(34.6 12.2 1.3125)
(35 12.2 1.3125)
(35.4 12.2 1.3125)
(35.8 12.2 1.3125)
(36.2 12.2 1.3125)
(36.6 12.2 1.3125)
(37 12.2 1.3125)
(37.4 12.2 1.3125)
(37.8 12.2 1.3125)
(28.2 12.6 1.3125)
(28.6 12.6 1.3125)
(29 12.6 1.3125)
(29.4 12.6 1.3125)
(29.8 12.6 1.3125)
(30.2 12.6 1.3125)
(30.6 12.6 1.3125)
(31 12.6 1.3125)
(31.4 12.6 1.3125)
(31.8 12.6 1.3125)
(32.2 12.6 1.3125)
(32.6 12.6 1.3125)
(33 12.6 1.3125)
(33.4 12.6 1.3125)
(33.8 12.6 1.3125)
(34.2 12.6 1.3125)
(34.6 12.6 1.3125)
(35 12.6 1.3125)
(35.4 12.6 1.3125)
(35.8 12.6 1.3125)
(36.2 12.6 1.3125)
(36.6 12.6 1.3125)
(37 12.6 1.3125)
(37.4 12.6 1.3125)
(37.8 12.6 1.3125)
(28.2 13 1.3125)
(28.6 13 1.3125)
(29 13 1.3125)
(29.4 13 1.3125)
(29.8 13 1.3125)
(30.2 13 1.3125)
(30.6 13 1.3125)
(31 13 1.3125)
(31.4 13 1.3125)
(31.8 13 1.3125)
(32.2 13 1.3125)
(32.6 13 1.3125)
(33 13 1.3125)
(33.4 13 1.3125)
(33.8 13 1.3125)
(34.2 13 1.3125)
(34.6 13 1.3125)
(35 13 1.3125)
(35.4 13 1.3125)
(35.8 13 1.3125)
(36.2 13 1.3125)
(36.6 13 1.3125)
(37 13 1.3125)
(37.4 13 1.3125)
(37.8 13 1.3125)
(28.2 13.4 1.3125)
(28.6 13.4 1.3125)
(29 13.4 1.3125)
(29.4 13.4 1.3125)
(29.8 13.4 1.3125)
(30.2 13.4 1.3125)
(30.6 13.4 1.3125)
(31 13.4 1.3125)
(31.4 13.4 1.3125)
(31.8 13.4 1.3125)
(32.2 13.4 1.3125)
(32.6 13.4 1.3125)
(33 13.4 1.3125)
(33.4 13.4 1.3125)
(33.8 13.4 1.3125)
(34.2 13.4 1.3125)
(34.6 13.4 1.3125)
(35 13.4 1.3125)
(35.4 13.4 1.3125)
(35.8 13.4 1.3125)
(36.2 13.4 1.3125)
(36.6 13.4 1.3125)
(37 13.4 1.3125)
(37.4 13.4 1.3125)
(37.8 13.4 1.3125)
(28.2 13.8 1.3125)
(28.6 13.8 1.3125)
(29 13.8 1.3125)
(29.4 13.8 1.3125)
(29.8 13.8 1.3125)
(30.2 13.8 1.3125)
(30.6 13.8 1.3125)
(31 13.8 1.3125)
(31.4 13.8 1.3125)
(31.8 13.8 1.3125)
(32.2 13.8 1.3125)
(32.6 13.8 1.3125)
(33 13.8 1.3125)
(33.4 13.8 1.3125)
(33.8 13.8 1.3125)
(34.2 13.8 1.3125)
(34.6 13.8 1.3125)
(35 13.8 1.3125)
(35.4 13.8 1.3125)
(35.8 13.8 1.3125)
(36.2 13.8 1.3125)
(36.6 13.8 1.3125)
(37 13.8 1.3125)
(37.4 13.8 1.3125)
(37.8 13.8 1.3125)
(28.2 14.2 1.3125)
(28.6 14.2 1.3125)
(29 14.2 1.3125)
(29.4 14.2 1.3125)
(29.8 14.2 1.3125)
(30.2 14.2 1.3125)
(30.6 14.2 1.3125)
(31 14.2 1.3125)
(31.4 14.2 1.3125)
(31.8 14.2 1.3125)
(32.2 14.2 1.3125)
(32.6 14.2 1.3125)
(33 14.2 1.3125)
(33.4 14.2 1.3125)
(33.8 14.2 1.3125)
(34.2 14.2 1.3125)
(34.6 14.2 1.3125)
(35 14.2 1.3125)
(35.4 14.2 1.3125)
(35.8 14.2 1.3125)
(36.2 14.2 1.3125)
(36.6 14.2 1.3125)
(37 14.2 1.3125)
(37.4 14.2 1.3125)
(37.8 14.2 1.3125)
(28.2 14.6 1.3125)
(28.6 14.6 1.3125)
(29 14.6 1.3125)
(29.4 14.6 1.3125)
(29.8 14.6 1.3125)
(30.2 14.6 1.3125)
(30.6 14.6 1.3125)
(31 14.6 1.3125)
(31.4 14.6 1.3125)
(31.8 14.6 1.3125)
(32.2 14.6 1.3125)
(32.6 14.6 1.3125)
(33 14.6 1.3125)
(33.4 14.6 1.3125)
(33.8 14.6 1.3125)
(34.2 14.6 1.3125)
(34.6 14.6 1.3125)
(35 14.6 1.3125)
(35.4 14.6 1.3125)
(35.8 14.6 1.3125)
(36.2 14.6 1.3125)
(36.6 14.6 1.3125)
(37 14.6 1.3125)
(37.4 14.6 1.3125)
(37.8 14.6 1.3125)
(28.2 15 1.3125)
(28.6 15 1.3125)
(29 15 1.3125)
(29.4 15 1.3125)
(29.8 15 1.3125)
(30.2 15 1.3125)
(30.6 15 1.3125)
(31 15 1.3125)
(31.4 15 1.3125)
(31.8 15 1.3125)
(32.2 15 1.3125)
(32.6 15 1.3125)
(33 15 1.3125)
(33.4 15 1.3125)
(33.8 15 1.3125)
(34.2 15 1.3125)
(34.6 15 1.3125)
(35 15 1.3125)
(35.4 15 1.3125)
(35.8 15 1.3125)
(36.2 15 1.3125)
(36.6 15 1.3125)
(37 15 1.3125)
(37.4 15 1.3125)
(37.8 15 1.3125)
(28.2 15.4 1.3125)
(28.6 15.4 1.3125)
(29 15.4 1.3125)
(29.4 15.4 1.3125)
(29.8 15.4 1.3125)
(30.2 15.4 1.3125)
(30.6 15.4 1.3125)
(31 15.4 1.3125)
(31.4 15.4 1.3125)
(31.8 15.4 1.3125)
(32.2 15.4 1.3125)
(32.6 15.4 1.3125)
(33 15.4 1.3125)
(33.4 15.4 1.3125)
(33.8 15.4 1.3125)
(34.2 15.4 1.3125)
(34.6 15.4 1.3125)
(35 15.4 1.3125)
(35.4 15.4 1.3125)
(35.8 15.4 1.3125)
(36.2 15.4 1.3125)
(36.6 15.4 1.3125)
(37 15.4 1.3125)
(37.4 15.4 1.3125)
(37.8 15.4 1.3125)
(28.2 15.8 1.3125)
(28.6 15.8 1.3125)
(29 15.8 1.3125)
(29.4 15.8 1.3125)
(29.8 15.8 1.3125)
(30.2 15.8 1.3125)
(30.6 15.8 1.3125)
(31 15.8 1.3125)
(31.4 15.8 1.3125)
(31.8 15.8 1.3125)
(32.2 15.8 1.3125)
(32.6 15.8 1.3125)
(33 15.8 1.3125)
(33.4 15.8 1.3125)
(33.8 15.8 1.3125)
(34.2 15.8 1.3125)
(34.6 15.8 1.3125)
(35 15.8 1.3125)
(35.4 15.8 1.3125)
(35.8 15.8 1.3125)
(36.2 15.8 1.3125)
(36.6 15.8 1.3125)
(37 15.8 1.3125)
(37.4 15.8 1.3125)
(37.8 15.8 1.3125)
(28.2 4.2 1.6875)
(28.6 4.2 1.6875)
(29 4.2 1.6875)
(29.4 4.2 1.6875)
(29.8 4.2 1.6875)
(30.2 4.2 1.6875)
(30.6 4.2 1.6875)
(31 4.2 1.6875)
(31.4 4.2 1.6875)
(31.8 4.2 1.6875)
(32.2 4.2 1.6875)
(32.6 4.2 1.6875)
(33 4.2 1.6875)
(33.4 4.2 1.6875)
(33.8 4.2 1.6875)
(34.2 4.2 1.6875)
(34.6 4.2 1.6875)
(35 4.2 1.6875)
(35.4 4.2 1.6875)
(35.8 4.2 1.6875)
(36.2 4.2 1.6875)
(36.6 4.2 1.6875)
(37 4.2 1.6875)
(37.4 4.2 1.6875)
(37.8 4.2 1.6875)
(28.2 4.6 1.6875)
(28.6 4.6 1.6875)
(29 4.6 1.6875)
(29.4 4.6 1.6875)
(29.8 4.6 1.6875)
(30.2 4.6 1.6875)
(30.6 4.6 1.6875)
(31 4.6 1.6875)
(31.4 4.6 1.6875)
(31.8 4.6 1.6875)
(32.2 4.6 1.6875)
(32.6 4.6 1.6875)
(33 4.6 1.6875)
(33.4 4.6 1.6875)
(33.8 4.6 1.6875)
(34.2 4.6 1.6875)
(34.6 4.6 1.6875)
(35 4.6 1.6875)
(35.4 4.6 1.6875)
(35.8 4.6 1.6875)
(36.2 4.6 1.6875)
(36.6 4.6 1.6875)
(37 4.6 1.6875)
(37.4 4.6 1.6875)
(37.8 4.6 1.6875)
(28.2 5 1.6875)
(28.6 5 1.6875)
(29 5 1.6875)
(29.4 5 1.6875)
(29.8 5 1.6875)
(30.2 5 1.6875)
(30.6 5 1.6875)
(31 5 1.6875)
(31.4 5 1.6875)
(31.8 5 1.6875)
(32.2 5 1.6875)
(32.6 5 1.6875)
(33 5 1.6875)
(33.4 5 1.6875)
(33.8 5 1.6875)
(34.2 5 1.6875)
(34.6 5 1.6875)
(35 5 1.6875)
(35.4 5 1.6875)
(35.8 5 1.6875)
(36.2 5 1.6875)
(36.6 5 1.6875)
(37 5 1.6875)
(37.4 5 1.6875)
(37.8 5 1.6875)
(28.2 5.4 1.6875)
(28.6 5.4 1.6875)
(29 5.4 1.6875)
(29.4 5.4 1.6875)
(29.8 5.4 1.6875)
(30.2 5.4 1.6875)
(30.6 5.4 1.6875)
(31 5.4 1.6875)
(31.4 5.4 1.6875)
(31.8 5.4 1.6875)
(32.2 5.4 1.6875)
(32.6 5.4 1.6875)
(33 5.4 1.6875)
(33.4 5.4 1.6875)
(33.8 5.4 1.6875)
(34.2 5.4 1.6875)
(34.6 5.4 1.6875)
(35 5.4 1.6875)
(35.4 5.4 1.6875)
(35.8 5.4 1.6875)
(36.2 5.4 1.6875)
(36.6 5.4 1.6875)
(37 5.4 1.6875)
(37.4 5.4 1.6875)
(37.8 5.4 1.6875)
(28.2 5.8 1.6875)
(28.6 5.8 1.6875)
(29 5.8 1.6875)
(29.4 5.8 1.6875)
(29.8 5.8 1.6875)
(30.2 5.8 1.6875)
(30.6 5.8 1.6875)
(31 5.8 1.6875)
(31.4 5.8 1.6875)
(31.8 5.8 1.6875)
(32.2 5.8 1.6875)
(32.6 5.8 1.6875)
(33 5.8 1.6875)
(33.4 5.8 1.6875)
(33.8 5.8 1.6875)
(34.2 5.8 1.6875)
(34.6 5.8 1.6875)
(35 5.8 1.6875)
(35.4 5.8 1.6875)
(35.8 5.8 1.6875)
(36.2 5.8 1.6875)
(36.6 5.8 1.6875)
(37 5.8 1.6875)
(37.4 5.8 1.6875)
(37.8 5.8 1.6875)
(28.2 6.2 1.6875)
(28.6 6.2 1.6875)
(29 6.2 1.6875)
(29.4 6.2 1.6875)
(29.8 6.2 1.6875)
(30.2 6.2 1.6875)
(30.6 6.2 1.6875)
(31 6.2 1.6875)
(31.4 6.2 1.6875)
(31.8 6.2 1.6875)
(32.2 6.2 1.6875)
(32.6 6.2 1.6875)
(33 6.2 1.6875)
(33.4 6.2 1.6875)
(33.8 6.2 1.6875)
(34.2 6.2 1.6875)
(34.6 6.2 1.6875)
(35 6.2 1.6875)
(35.4 6.2 1.6875)
(35.8 6.2 1.6875)
(36.2 6.2 1.6875)
(36.6 6.2 1.6875)
(37 6.2 1.6875)
(37.4 6.2 1.6875)
(37.8 6.2 1.6875)
(28.2 6.6 1.6875)
(28.6 6.6 1.6875)
(29 6.6 1.6875)
(29.4 6.6 1.6875)
(29.8 6.6 1.6875)
(30.2 6.6 1.6875)
(30.6 6.6 1.6875)
(31 6.6 1.6875)
(31.4 6.6 1.6875)
(31.8 6.6 1.6875)
(32.2 6.6 1.6875)
(32.6 6.6 1.6875)
(33 6.6 1.6875)
(33.4 6.6 1.6875)
(33.8 6.6 1.6875)
(34.2 6.6 1.6875)
(34.6 6.6 1.6875)
(35 6.6 1.6875)
(35.4 6.6 1.6875)
(35.8 6.6 1.6875)
(36.2 6.6 1.6875)
(36.6 6.6 1.6875)
(37 6.6 1.6875)
(37.4 6.6 1.6875)
(37.8 6.6 1.6875)
(28.2 7 1.6875)
(28.6 7 1.6875)
(29 7 1.6875)
(29.4 7 1.6875)
(29.8 7 1.6875)
(30.2 7 1.6875)
(30.6 7 1.6875)
(31 7 1.6875)
(31.4 7 1.6875)
(31.8 7 1.6875)
(32.2 7 1.6875)
(32.6 7 1.6875)
(33 7 1.6875)
(33.4 7 1.6875)
(33.8 7 1.6875)
(34.2 7 1.6875)
(34.6 7 1.6875)
(35 7 1.6875)
(35.4 7 1.6875)
(35.8 7 1.6875)
(36.2 7 1.6875)
(36.6 7 1.6875)
(37 7 1.6875)
(37.4 7 1.6875)
(37.8 7 1.6875)
(28.2 7.4 1.6875)
(28.6 7.4 1.6875)
(29 7.4 1.6875)
(29.4 7.4 1.6875)
(29.8 7.4 1.6875)
(30.2 7.4 1.6875)
(30.6 7.4 1.6875)
(31 7.4 1.6875)
(31.4 7.4 1.6875)
(31.8 7.4 1.6875)
(32.2 7.4 1.6875)
(32.6 7.4 1.6875)
(33 7.4 1.6875)
(33.4 7.4 1.6875)
(33.8 7.4 1.6875)
(34.2 7.4 1.6875)
(34.6 7.4 1.6875)
(35 7.4 1.6875)
(35.4 7.4 1.6875)
(35.8 7.4 1.6875)
(36.2 7.4 1.6875)
(36.6 7.4 1.6875)
(37 7.4 1.6875)
(37.4 7.4 1.6875)
(37.8 7.4 1.6875)
(28.2 7.8 1.6875)
(28.6 7.8 1.6875)
(29 7.8 1.6875)
(29.4 7.8 1.6875)
(29.8 7.8 1.6875)
(30.2 7.8 1.6875)
(30.6 7.8 1.6875)
(31 7.8 1.6875)
(31.4 7.8 1.6875)
(31.8 7.8 1.6875)
(32.2 7.8 1.6875)
(32.6 7.8 1.6875)
(33 7.8 1.6875)
(33.4 7.8 1.6875)
(33.8 7.8 1.6875)
(34.2 7.8 1.6875)
(34.6 7.8 1.6875)
(35 7.8 1.6875)
(35.4 7.8 1.6875)
(35.8 7.8 1.6875)
(36.2 7.8 1.6875)
(36.6 7.8 1.6875)
(37 7.8 1.6875)
(37.4 7.8 1.6875)
(37.8 7.8 1.6875)
(28.2 8.2 1.6875)
(28.6 8.2 1.6875)
(29 8.2 1.6875)
(29.4 8.2 1.6875)
(29.8 8.2 1.6875)
(30.2 8.2 1.6875)
(30.6 8.2 1.6875)
(31 8.2 1.6875)
(31.4 8.2 1.6875)
(31.8 8.2 1.6875)
(32.2 8.2 1.6875)
(32.6 8.2 1.6875)
(33 8.2 1.6875)
(33.4 8.2 1.6875)
(33.8 8.2 1.6875)
(34.2 8.2 1.6875)
(34.6 8.2 1.6875)
(35 8.2 1.6875)
(35.4 8.2 1.6875)
(35.8 8.2 1.6875)
(36.2 8.2 1.6875)
(36.6 8.2 1.6875)
(37 8.2 1.6875)
(37.4 8.2 1.6875)
(37.8 8.2 1.6875)
(28.2 8.6 1.6875)
(28.6 8.6 1.6875)
(29 8.6 1.6875)
(29.4 8.6 1.6875)
(29.8 8.6 1.6875)
(30.2 8.6 1.6875)
(30.6 8.6 1.6875)
(31 8.6 1.6875)
(31.4 8.6 1.6875)
(31.8 8.6 1.6875)
(32.2 8.6 1.6875)
(32.6 8.6 1.6875)
(33 8.6 1.6875)
(33.4 8.6 1.6875)
(33.8 8.6 1.6875)
(34.2 8.6 1.6875)
(34.6 8.6 1.6875)
(35 8.6 1.6875)
(35.4 8.6 1.6875)
(35.8 8.6 1.6875)
(36.2 8.6 1.6875)
(36.6 8.6 1.6875)
(37 8.6 1.6875)
(37.4 8.6 1.6875)
(37.8 8.6 1.6875)
(28.2 9 1.6875)
(28.6 9 1.6875)
(29 9 1.6875)
(29.4 9 1.6875)
(29.8 9 1.6875)
(30.2 9 1.6875)
(30.6 9 1.6875)
(31 9 1.6875)
(31.4 9 1.6875)
(31.8 9 1.6875)
(32.2 9 1.6875)
(32.6 9 1.6875)
(33 9 1.6875)
(33.4 9 1.6875)
(33.8 9 1.6875)
(34.2 9 1.6875)
(34.6 9 1.6875)
(35 9 1.6875)
(35.4 9 1.6875)
(35.8 9 1.6875)
(36.2 9 1.6875)
(36.6 9 1.6875)
(37 9 1.6875)
(37.4 9 1.6875)
(37.8 9 1.6875)
(28.2 9.4 1.6875)
(28.6 9.4 1.6875)
(29 9.4 1.6875)
(29.4 9.4 1.6875)
(29.8 9.4 1.6875)
(30.2 9.4 1.6875)
(30.6 9.4 1.6875)
(31 9.4 1.6875)
(31.4 9.4 1.6875)
(31.8 9.4 1.6875)
(32.2 9.4 1.6875)
(32.6 9.4 1.6875)
(33 9.4 1.6875)
(33.4 9.4 1.6875)
(33.8 9.4 1.6875)
(34.2 9.4 1.6875)
(34.6 9.4 1.6875)
(35 9.4 1.6875)
(35.4 9.4 1.6875)
(35.8 9.4 1.6875)
(36.2 9.4 1.6875)
(36.6 9.4 1.6875)
(37 9.4 1.6875)
(37.4 9.4 1.6875)
(37.8 9.4 1.6875)
(28.2 9.8 1.6875)
(28.6 9.8 1.6875)
(29 9.8 1.6875)
(29.4 9.8 1.6875)
(29.8 9.8 1.6875)
(30.2 9.8 1.6875)
(30.6 9.8 1.6875)
(31 9.8 1.6875)
(31.4 9.8 1.6875)
(31.8 9.8 1.6875)
(32.2 9.8 1.6875)
(32.6 9.8 1.6875)
(33 9.8 1.6875)
(33.4 9.8 1.6875)
(33.8 9.8 1.6875)
(34.2 9.8 1.6875)
(34.6 9.8 1.6875)
(35 9.8 1.6875)
(35.4 9.8 1.6875)
(35.8 9.8 1.6875)
(36.2 9.8 1.6875)
(36.6 9.8 1.6875)
(37 9.8 1.6875)
(37.4 9.8 1.6875)
(37.8 9.8 1.6875)
(28.2 10.2 1.6875)
(28.6 10.2 1.6875)
(29 10.2 1.6875)
(29.4 10.2 1.6875)
(29.8 10.2 1.6875)
(30.2 10.2 1.6875)
(30.6 10.2 1.6875)
(31 10.2 1.6875)
(31.4 10.2 1.6875)
(31.8 10.2 1.6875)
(32.2 10.2 1.6875)
(32.6 10.2 1.6875)
(33 10.2 1.6875)
(33.4 10.2 1.6875)
(33.8 10.2 1.6875)
(34.2 10.2 1.6875)
(34.6 10.2 1.6875)
(35 10.2 1.6875)
(35.4 10.2 1.6875)
(35.8 10.2 1.6875)
(36.2 10.2 1.6875)
(36.6 10.2 1.6875)
(37 10.2 1.6875)
(37.4 10.2 1.6875)
(37.8 10.2 1.6875)
(28.2 10.6 1.6875)
(28.6 10.6 1.6875)
(29 10.6 1.6875)
(29.4 10.6 1.6875)
(29.8 10.6 1.6875)
(30.2 10.6 1.6875)
(30.6 10.6 1.6875)
(31 10.6 1.6875)
(31.4 10.6 1.6875)
(31.8 10.6 1.6875)
(32.2 10.6 1.6875)
(32.6 10.6 1.6875)
(33 10.6 1.6875)
(33.4 10.6 1.6875)
(33.8 10.6 1.6875)
(34.2 10.6 1.6875)
(34.6 10.6 1.6875)
(35 10.6 1.6875)
(35.4 10.6 1.6875)
(35.8 10.6 1.6875)
(36.2 10.6 1.6875)
(36.6 10.6 1.6875)
(37 10.6 1.6875)
(37.4 10.6 1.6875)
(37.8 10.6 1.6875)
(28.2 11 1.6875)
(28.6 11 1.6875)
(29 11 1.6875)
(29.4 11 1.6875)
(29.8 11 1.6875)
(30.2 11 1.6875)
(30.6 11 1.6875)
(31 11 1.6875)
(31.4 11 1.6875)
(31.8 11 1.6875)
(32.2 11 1.6875)
(32.6 11 1.6875)
(33 11 1.6875)
(33.4 11 1.6875)
(33.8 11 1.6875)
(34.2 11 1.6875)
(34.6 11 1.6875)
(35 11 1.6875)
(35.4 11 1.6875)
(35.8 11 1.6875)
(36.2 11 1.6875)
(36.6 11 1.6875)
(37 11 1.6875)
(37.4 11 1.6875)
(37.8 11 1.6875)
(28.2 11.4 1.6875)
(28.6 11.4 1.6875)
(29 11.4 1.6875)
(29.4 11.4 1.6875)
(29.8 11.4 1.6875)
(30.2 11.4 1.6875)
(30.6 11.4 1.6875)
(31 11.4 1.6875)
(31.4 11.4 1.6875)
(31.8 11.4 1.6875)
(32.2 11.4 1.6875)
(32.6 11.4 1.6875)
(33 11.4 1.6875)
(33.4 11.4 1.6875)
(33.8 11.4 1.6875)
(34.2 11.4 1.6875)
(34.6 11.4 1.6875)
(35 11.4 1.6875)
(35.4 11.4 1.6875)
(35.8 11.4 1.6875)
(36.2 11.4 1.6875)
(36.6 11.4 1.6875)
(37 11.4 1.6875)
(37.4 11.4 1.6875)
(37.8 11.4 1.6875)
(28.2 11.8 1.6875)
(28.6 11.8 1.6875)
(29 11.8 1.6875)
(29.4 11.8 1.6875)
(29.8 11.8 1.6875)
(30.2 11.8 1.6875)
(30.6 11.8 1.6875)
(31 11.8 1.6875)
(31.4 11.8 1.6875)
(31.8 11.8 1.6875)
(32.2 11.8 1.6875)
(32.6 11.8 1.6875)
(33 11.8 1.6875)
(33.4 11.8 1.6875)
(33.8 11.8 1.6875)
(34.2 11.8 1.6875)
(34.6 11.8 1.6875)
(35 11.8 1.6875)
(35.4 11.8 1.6875)
(35.8 11.8 1.6875)
(36.2 11.8 1.6875)
(36.6 11.8 1.6875)
(37 11.8 1.6875)
(37.4 11.8 1.6875)
(37.8 11.8 1.6875)
(28.2 12.2 1.6875)
(28.6 12.2 1.6875)
(29 12.2 1.6875)
(29.4 12.2 1.6875)
(29.8 12.2 1.6875)
(30.2 12.2 1.6875)
(30.6 12.2 1.6875)
(31 12.2 1.6875)
(31.4 12.2 1.6875)
(31.8 12.2 1.6875)
(32.2 12.2 1.6875)
(32.6 12.2 1.6875)
(33 12.2 1.6875)
(33.4 12.2 1.6875)
(33.8 12.2 1.6875)
(34.2 12.2 1.6875)
(34.6 12.2 1.6875)
(35 12.2 1.6875)
(35.4 12.2 1.6875)
(35.8 12.2 1.6875)
(36.2 12.2 1.6875)
(36.6 12.2 1.6875)
(37 12.2 1.6875)
(37.4 12.2 1.6875)
(37.8 12.2 1.6875)
(28.2 12.6 1.6875)
(28.6 12.6 1.6875)
(29 12.6 1.6875)
(29.4 12.6 1.6875)
(29.8 12.6 1.6875)
(30.2 12.6 1.6875)
(30.6 12.6 1.6875)
(31 12.6 1.6875)
(31.4 12.6 1.6875)
(31.8 12.6 1.6875)
(32.2 12.6 1.6875)
(32.6 12.6 1.6875)
(33 12.6 1.6875)
(33.4 12.6 1.6875)
(33.8 12.6 1.6875)
(34.2 12.6 1.6875)
(34.6 12.6 1.6875)
(35 12.6 1.6875)
(35.4 12.6 1.6875)
(35.8 12.6 1.6875)
(36.2 12.6 1.6875)
(36.6 12.6 1.6875)
(37 12.6 1.6875)
(37.4 12.6 1.6875)
(37.8 12.6 1.6875)
(28.2 13 1.6875)
(28.6 13 1.6875)
(29 13 1.6875)
(29.4 13 1.6875)
(29.8 13 1.6875)
(30.2 13 1.6875)
(30.6 13 1.6875)
(31 13 1.6875)
(31.4 13 1.6875)
(31.8 13 1.6875)
(32.2 13 1.6875)
(32.6 13 1.6875)
(33 13 1.6875)
(33.4 13 1.6875)
(33.8 13 1.6875)
(34.2 13 1.6875)
(34.6 13 1.6875)
(35 13 1.6875)
(35.4 13 1.6875)
(35.8 13 1.6875)
(36.2 13 1.6875)
(36.6 13 1.6875)
(37 13 1.6875)
(37.4 13 1.6875)
(37.8 13 1.6875)
(28.2 13.4 1.6875)
(28.6 13.4 1.6875)
(29 13.4 1.6875)
(29.4 13.4 1.6875)
(29.8 13.4 1.6875)
(30.2 13.4 1.6875)
(30.6 13.4 1.6875)
(31 13.4 1.6875)
(31.4 13.4 1.6875)
(31.8 13.4 1.6875)
(32.2 13.4 1.6875)
(32.6 13.4 1.6875)
(33 13.4 1.6875)
(33.4 13.4 1.6875)
(33.8 13.4 1.6875)
(34.2 13.4 1.6875)
(34.6 13.4 1.6875)
(35 13.4 1.6875)
(35.4 13.4 1.6875)
(35.8 13.4 1.6875)
(36.2 13.4 1.6875)
(36.6 13.4 1.6875)
(37 13.4 1.6875)
(37.4 13.4 1.6875)
(37.8 13.4 1.6875)
(28.2 13.8 1.6875)
(28.6 13.8 1.6875)
(29 13.8 1.6875)
(29.4 13.8 1.6875)
(29.8 13.8 1.6875)
(30.2 13.8 1.6875)
(30.6 13.8 1.6875)
(31 13.8 1.6875)
(31.4 13.8 1.6875)
(31.8 13.8 1.6875)
(32.2 13.8 1.6875)
(32.6 13.8 1.6875)
(33 13.8 1.6875)
(33.4 13.8 1.6875)
(33.8 13.8 1.6875)
(34.2 13.8 1.6875)
(34.6 13.8 1.6875)
(35 13.8 1.6875)
(35.4 13.8 1.6875)
(35.8 13.8 1.6875)
(36.2 13.8 1.6875)
(36.6 13.8 1.6875)
(37 13.8 1.6875)
(37.4 13.8 1.6875)
(37.8 13.8 1.6875)
(28.2 14.2 1.6875)
(28.6 14.2 1.6875)
(29 14.2 1.6875)
(29.4 14.2 1.6875)
(29.8 14.2 1.6875)
(30.2 14.2 1.6875)
(30.6 14.2 1.6875)
(31 14.2 1.6875)
(31.4 14.2 1.6875)
(31.8 14.2 1.6875)
(32.2 14.2 1.6875)
(32.6 14.2 1.6875)
(33 14.2 1.6875)
(33.4 14.2 1.6875)
(33.8 14.2 1.6875)
(34.2 14.2 1.6875)
(34.6 14.2 1.6875)
(35 14.2 1.6875)
(35.4 14.2 1.6875)
(35.8 14.2 1.6875)
(36.2 14.2 1.6875)
(36.6 14.2 1.6875)
(37 14.2 1.6875)
(37.4 14.2 1.6875)
(37.8 14.2 1.6875)
(28.2 14.6 1.6875)
(28.6 14.6 1.6875)
(29 14.6 1.6875)
(29.4 14.6 1.6875)
(29.8 14.6 1.6875)
(30.2 14.6 1.6875)
(30.6 14.6 1.6875)
(31 14.6 1.6875)
(31.4 14.6 1.6875)
(31.8 14.6 1.6875)
(32.2 14.6 1.6875)
(32.6 14.6 1.6875)
(33 14.6 1.6875)
(33.4 14.6 1.6875)
(33.8 14.6 1.6875)
(34.2 14.6 1.6875)
(34.6 14.6 1.6875)
(35 14.6 1.6875)
(35.4 14.6 1.6875)
(35.8 14.6 1.6875)
(36.2 14.6 1.6875)
(36.6 14.6 1.6875)
(37 14.6 1.6875)
(37.4 14.6 1.6875)
(37.8 14.6 1.6875)
(28.2 15 1.6875)
(28.6 15 1.6875)
(29 15 1.6875)
(29.4 15 1.6875)
(29.8 15 1.6875)
(30.2 15 1.6875)
(30.6 15 1.6875)
(31 15 1.6875)
(31.4 15 1.6875)
(31.8 15 1.6875)
(32.2 15 1.6875)
(32.6 15 1.6875)
(33 15 1.6875)
(33.4 15 1.6875)
(33.8 15 1.6875)
(34.2 15 1.6875)
(34.6 15 1.6875)
(35 15 1.6875)
(35.4 15 1.6875)
(35.8 15 1.6875)
(36.2 15 1.6875)
(36.6 15 1.6875)
(37 15 1.6875)
(37.4 15 1.6875)
(37.8 15 1.6875)
(28.2 15.4 1.6875)
(28.6 15.4 1.6875)
(29 15.4 1.6875)
(29.4 15.4 1.6875)
(29.8 15.4 1.6875)
(30.2 15.4 1.6875)
(30.6 15.4 1.6875)
(31 15.4 1.6875)
(31.4 15.4 1.6875)
(31.8 15.4 1.6875)
(32.2 15.4 1.6875)
(32.6 15.4 1.6875)
(33 15.4 1.6875)
(33.4 15.4 1.6875)
(33.8 15.4 1.6875)
(34.2 15.4 1.6875)
(34.6 15.4 1.6875)
(35 15.4 1.6875)
(35.4 15.4 1.6875)
(35.8 15.4 1.6875)
(36.2 15.4 1.6875)
(36.6 15.4 1.6875)
(37 15.4 1.6875)
(37.4 15.4 1.6875)
(37.8 15.4 1.6875)
(28.2 15.8 1.6875)
(28.6 15.8 1.6875)
(29 15.8 1.6875)
(29.4 15.8 1.6875)
(29.8 15.8 1.6875)
(30.2 15.8 1.6875)
(30.6 15.8 1.6875)
(31 15.8 1.6875)
(31.4 15.8 1.6875)
(31.8 15.8 1.6875)
(32.2 15.8 1.6875)
(32.6 15.8 1.6875)
(33 15.8 1.6875)
(33.4 15.8 1.6875)
(33.8 15.8 1.6875)
(34.2 15.8 1.6875)
(34.6 15.8 1.6875)
(35 15.8 1.6875)
(35.4 15.8 1.6875)
(35.8 15.8 1.6875)
(36.2 15.8 1.6875)
(36.6 15.8 1.6875)
(37 15.8 1.6875)
(37.4 15.8 1.6875)
(37.8 15.8 1.6875)
(28.2 4.2 2.0625)
(28.6 4.2 2.0625)
(29 4.2 2.0625)
(29.4 4.2 2.0625)
(29.8 4.2 2.0625)
(30.2 4.2 2.0625)
(30.6 4.2 2.0625)
(31 4.2 2.0625)
(31.4 4.2 2.0625)
(31.8 4.2 2.0625)
(32.2 4.2 2.0625)
(32.6 4.2 2.0625)
(33 4.2 2.0625)
(33.4 4.2 2.0625)
(33.8 4.2 2.0625)
(34.2 4.2 2.0625)
(34.6 4.2 2.0625)
(35 4.2 2.0625)
(35.4 4.2 2.0625)
(35.8 4.2 2.0625)
(36.2 4.2 2.0625)
(36.6 4.2 2.0625)
(37 4.2 2.0625)
(37.4 4.2 2.0625)
(37.8 4.2 2.0625)
(28.2 4.6 2.0625)
(28.6 4.6 2.0625)
(29 4.6 2.0625)
(29.4 4.6 2.0625)
(29.8 4.6 2.0625)
(30.2 4.6 2.0625)
(30.6 4.6 2.0625)
(31 4.6 2.0625)
(31.4 4.6 2.0625)
(31.8 4.6 2.0625)
(32.2 4.6 2.0625)
(32.6 4.6 2.0625)
(33 4.6 2.0625)
(33.4 4.6 2.0625)
(33.8 4.6 2.0625)
(34.2 4.6 2.0625)
(34.6 4.6 2.0625)
(35 4.6 2.0625)
(35.4 4.6 2.0625)
(35.8 4.6 2.0625)
(36.2 4.6 2.0625)
(36.6 4.6 2.0625)
(37 4.6 2.0625)
(37.4 4.6 2.0625)
(37.8 4.6 2.0625)
(28.2 5 2.0625)
(28.6 5 2.0625)
(29 5 2.0625)
(29.4 5 2.0625)
(29.8 5 2.0625)
(30.2 5 2.0625)
(30.6 5 2.0625)
(31 5 2.0625)
(31.4 5 2.0625)
(31.8 5 2.0625)
(32.2 5 2.0625)
(32.6 5 2.0625)
(33 5 2.0625)
(33.4 5 2.0625)
(33.8 5 2.0625)
(34.2 5 2.0625)
(34.6 5 2.0625)
(35 5 2.0625)
(35.4 5 2.0625)
(35.8 5 2.0625)
(36.2 5 2.0625)
(36.6 5 2.0625)
(37 5 2.0625)
(37.4 5 2.0625)
(37.8 5 2.0625)
(28.2 5.4 2.0625)
(28.6 5.4 2.0625)
(29 5.4 2.0625)
(29.4 5.4 2.0625)
(29.8 5.4 2.0625)
(30.2 5.4 2.0625)
(30.6 5.4 2.0625)
(31 5.4 2.0625)
(31.4 5.4 2.0625)
(31.8 5.4 2.0625)
(32.2 5.4 2.0625)
(32.6 5.4 2.0625)
(33 5.4 2.0625)
(33.4 5.4 2.0625)
(33.8 5.4 2.0625)
(34.2 5.4 2.0625)
(34.6 5.4 2.0625)
(35 5.4 2.0625)
(35.4 5.4 2.0625)
(35.8 5.4 2.0625)
(36.2 5.4 2.0625)
(36.6 5.4 2.0625)
(37 5.4 2.0625)
(37.4 5.4 2.0625)
(37.8 5.4 2.0625)
(28.2 5.8 2.0625)
(28.6 5.8 2.0625)
(29 5.8 2.0625)
(29.4 5.8 2.0625)
(29.8 5.8 2.0625)
(30.2 5.8 2.0625)
(30.6 5.8 2.0625)
(31 5.8 2.0625)
(31.4 5.8 2.0625)
(31.8 5.8 2.0625)
(32.2 5.8 2.0625)
(32.6 5.8 2.0625)
(33 5.8 2.0625)
(33.4 5.8 2.0625)
(33.8 5.8 2.0625)
(34.2 5.8 2.0625)
(34.6 5.8 2.0625)
(35 5.8 2.0625)
(35.4 5.8 2.0625)
(35.8 5.8 2.0625)
(36.2 5.8 2.0625)
(36.6 5.8 2.0625)
(37 5.8 2.0625)
(37.4 5.8 2.0625)
(37.8 5.8 2.0625)
(28.2 6.2 2.0625)
(28.6 6.2 2.0625)
(29 6.2 2.0625)
(29.4 6.2 2.0625)
(29.8 6.2 2.0625)
(30.2 6.2 2.0625)
(30.6 6.2 2.0625)
(31 6.2 2.0625)
(31.4 6.2 2.0625)
(31.8 6.2 2.0625)
(32.2 6.2 2.0625)
(32.6 6.2 2.0625)
(33 6.2 2.0625)
(33.4 6.2 2.0625)
(33.8 6.2 2.0625)
(34.2 6.2 2.0625)
(34.6 6.2 2.0625)
(35 6.2 2.0625)
(35.4 6.2 2.0625)
(35.8 6.2 2.0625)
(36.2 6.2 2.0625)
(36.6 6.2 2.0625)
(37 6.2 2.0625)
(37.4 6.2 2.0625)
(37.8 6.2 2.0625)
(28.2 6.6 2.0625)
(28.6 6.6 2.0625)
(29 6.6 2.0625)
(29.4 6.6 2.0625)
(29.8 6.6 2.0625)
(30.2 6.6 2.0625)
(30.6 6.6 2.0625)
(31 6.6 2.0625)
(31.4 6.6 2.0625)
(31.8 6.6 2.0625)
(32.2 6.6 2.0625)
(32.6 6.6 2.0625)
(33 6.6 2.0625)
(33.4 6.6 2.0625)
(33.8 6.6 2.0625)
(34.2 6.6 2.0625)
(34.6 6.6 2.0625)
(35 6.6 2.0625)
(35.4 6.6 2.0625)
(35.8 6.6 2.0625)
(36.2 6.6 2.0625)
(36.6 6.6 2.0625)
(37 6.6 2.0625)
(37.4 6.6 2.0625)
(37.8 6.6 2.0625)
(28.2 7 2.0625)
(28.6 7 2.0625)
(29 7 2.0625)
(29.4 7 2.0625)
(29.8 7 2.0625)
(30.2 7 2.0625)
(30.6 7 2.0625)
(31 7 2.0625)
(31.4 7 2.0625)
(31.8 7 2.0625)
(32.2 7 2.0625)
(32.6 7 2.0625)
(33 7 2.0625)
(33.4 7 2.0625)
(33.8 7 2.0625)
(34.2 7 2.0625)
(34.6 7 2.0625)
(35 7 2.0625)
(35.4 7 2.0625)
(35.8 7 2.0625)
(36.2 7 2.0625)
(36.6 7 2.0625)
(37 7 2.0625)
(37.4 7 2.0625)
(37.8 7 2.0625)
(28.2 7.4 2.0625)
(28.6 7.4 2.0625)
(29 7.4 2.0625)
(29.4 7.4 2.0625)
(29.8 7.4 2.0625)
(30.2 7.4 2.0625)
(30.6 7.4 2.0625)
(31 7.4 2.0625)
(31.4 7.4 2.0625)
(31.8 7.4 2.0625)
(32.2 7.4 2.0625)
(32.6 7.4 2.0625)
(33 7.4 2.0625)
(33.4 7.4 2.0625)
(33.8 7.4 2.0625)
(34.2 7.4 2.0625)
(34.6 7.4 2.0625)
(35 7.4 2.0625)
(35.4 7.4 2.0625)
(35.8 7.4 2.0625)
(36.2 7.4 2.0625)
(36.6 7.4 2.0625)
(37 7.4 2.0625)
(37.4 7.4 2.0625)
(37.8 7.4 2.0625)
(28.2 7.8 2.0625)
(28.6 7.8 2.0625)
(29 7.8 2.0625)
(29.4 7.8 2.0625)
(29.8 7.8 2.0625)
(30.2 7.8 2.0625)
(30.6 7.8 2.0625)
(31 7.8 2.0625)
(31.4 7.8 2.0625)
(31.8 7.8 2.0625)
(32.2 7.8 2.0625)
(32.6 7.8 2.0625)
(33 7.8 2.0625)
(33.4 7.8 2.0625)
(33.8 7.8 2.0625)
(34.2 7.8 2.0625)
(34.6 7.8 2.0625)
(35 7.8 2.0625)
(35.4 7.8 2.0625)
(35.8 7.8 2.0625)
(36.2 7.8 2.0625)
(36.6 7.8 2.0625)
(37 7.8 2.0625)
(37.4 7.8 2.0625)
(37.8 7.8 2.0625)
(28.2 8.2 2.0625)
(28.6 8.2 2.0625)
(29 8.2 2.0625)
(29.4 8.2 2.0625)
(29.8 8.2 2.0625)
(30.2 8.2 2.0625)
(30.6 8.2 2.0625)
(31 8.2 2.0625)
(31.4 8.2 2.0625)
(31.8 8.2 2.0625)
(32.2 8.2 2.0625)
(32.6 8.2 2.0625)
(33 8.2 2.0625)
(33.4 8.2 2.0625)
(33.8 8.2 2.0625)
(34.2 8.2 2.0625)
(34.6 8.2 2.0625)
(35 8.2 2.0625)
(35.4 8.2 2.0625)
(35.8 8.2 2.0625)
(36.2 8.2 2.0625)
(36.6 8.2 2.0625)
(37 8.2 2.0625)
(37.4 8.2 2.0625)
(37.8 8.2 2.0625)
(28.2 8.6 2.0625)
(28.6 8.6 2.0625)
(29 8.6 2.0625)
(29.4 8.6 2.0625)
(29.8 8.6 2.0625)
(30.2 8.6 2.0625)
(30.6 8.6 2.0625)
(31 8.6 2.0625)
(31.4 8.6 2.0625)
(31.8 8.6 2.0625)
(32.2 8.6 2.0625)
(32.6 8.6 2.0625)
(33 8.6 2.0625)
(33.4 8.6 2.0625)
(33.8 8.6 2.0625)
(34.2 8.6 2.0625)
(34.6 8.6 2.0625)
(35 8.6 2.0625)
(35.4 8.6 2.0625)
(35.8 8.6 2.0625)
(36.2 8.6 2.0625)
(36.6 8.6 2.0625)
(37 8.6 2.0625)
(37.4 8.6 2.0625)
(37.8 8.6 2.0625)
(28.2 9 2.0625)
(28.6 9 2.0625)
(29 9 2.0625)
(29.4 9 2.0625)
(29.8 9 2.0625)
(30.2 9 2.0625)
(30.6 9 2.0625)
(31 9 2.0625)
(31.4 9 2.0625)
(31.8 9 2.0625)
(32.2 9 2.0625)
(32.6 9 2.0625)
(33 9 2.0625)
(33.4 9 2.0625)
(33.8 9 2.0625)
(34.2 9 2.0625)
(34.6 9 2.0625)
(35 9 2.0625)
(35.4 9 2.0625)
(35.8 9 2.0625)
(36.2 9 2.0625)
(36.6 9 2.0625)
(37 9 2.0625)
(37.4 9 2.0625)
(37.8 9 2.0625)
(28.2 9.4 2.0625)
(28.6 9.4 2.0625)
(29 9.4 2.0625)
(29.4 9.4 2.0625)
(29.8 9.4 2.0625)
(30.2 9.4 2.0625)
(30.6 9.4 2.0625)
(31 9.4 2.0625)
(31.4 9.4 2.0625)
(31.8 9.4 2.0625)
(32.2 9.4 2.0625)
(32.6 9.4 2.0625)
(33 9.4 2.0625)
(33.4 9.4 2.0625)
(33.8 9.4 2.0625)
(34.2 9.4 2.0625)
(34.6 9.4 2.0625)
(35 9.4 2.0625)
(35.4 9.4 2.0625)
(35.8 9.4 2.0625)
(36.2 9.4 2.0625)
(36.6 9.4 2.0625)
(37 9.4 2.0625)
(37.4 9.4 2.0625)
(37.8 9.4 2.0625)
(28.2 9.8 2.0625)
(28.6 9.8 2.0625)
(29 9.8 2.0625)
(29.4 9.8 2.0625)
(29.8 9.8 2.0625)
(30.2 9.8 2.0625)
(30.6 9.8 2.0625)
(31 9.8 2.0625)
(31.4 9.8 2.0625)
(31.8 9.8 2.0625)
(32.2 9.8 2.0625)
(32.6 9.8 2.0625)
(33 9.8 2.0625)
(33.4 9.8 2.0625)
(33.8 9.8 2.0625)
(34.2 9.8 2.0625)
(34.6 9.8 2.0625)
(35 9.8 2.0625)
(35.4 9.8 2.0625)
(35.8 9.8 2.0625)
(36.2 9.8 2.0625)
(36.6 9.8 2.0625)
(37 9.8 2.0625)
(37.4 9.8 2.0625)
(37.8 9.8 2.0625)
(28.2 10.2 2.0625)
(28.6 10.2 2.0625)
(29 10.2 2.0625)
(29.4 10.2 2.0625)
(29.8 10.2 2.0625)
(30.2 10.2 2.0625)
(30.6 10.2 2.0625)
(31 10.2 2.0625)
(31.4 10.2 2.0625)
(31.8 10.2 2.0625)
(32.2 10.2 2.0625)
(32.6 10.2 2.0625)
(33 10.2 2.0625)
(33.4 10.2 2.0625)
(33.8 10.2 2.0625)
(34.2 10.2 2.0625)
(34.6 10.2 2.0625)
(35 10.2 2.0625)
(35.4 10.2 2.0625)
(35.8 10.2 2.0625)
(36.2 10.2 2.0625)
(36.6 10.2 2.0625)
(37 10.2 2.0625)
(37.4 10.2 2.0625)
(37.8 10.2 2.0625)
(28.2 10.6 2.0625)
(28.6 10.6 2.0625)
(29 10.6 2.0625)
(29.4 10.6 2.0625)
(29.8 10.6 2.0625)
(30.2 10.6 2.0625)
(30.6 10.6 2.0625)
(31 10.6 2.0625)
(31.4 10.6 2.0625)
(31.8 10.6 2.0625)
(32.2 10.6 2.0625)
(32.6 10.6 2.0625)
(33 10.6 2.0625)
(33.4 10.6 2.0625)
(33.8 10.6 2.0625)
(34.2 10.6 2.0625)
(34.6 10.6 2.0625)
(35 10.6 2.0625)
(35.4 10.6 2.0625)
(35.8 10.6 2.0625)
(36.2 10.6 2.0625)
(36.6 10.6 2.0625)
(37 10.6 2.0625)
(37.4 10.6 2.0625)
(37.8 10.6 2.0625)
(28.2 11 2.0625)
(28.6 11 2.0625)
(29 11 2.0625)
(29.4 11 2.0625)
(29.8 11 2.0625)
(30.2 11 2.0625)
(30.6 11 2.0625)
(31 11 2.0625)
(31.4 11 2.0625)
(31.8 11 2.0625)
(32.2 11 2.0625)
(32.6 11 2.0625)
(33 11 2.0625)
(33.4 11 2.0625)
(33.8 11 2.0625)
(34.2 11 2.0625)
(34.6 11 2.0625)
(35 11 2.0625)
(35.4 11 2.0625)
(35.8 11 2.0625)
(36.2 11 2.0625)
(36.6 11 2.0625)
(37 11 2.0625)
(37.4 11 2.0625)
(37.8 11 2.0625)
(28.2 11.4 2.0625)
(28.6 11.4 2.0625)
(29 11.4 2.0625)
(29.4 11.4 2.0625)
(29.8 11.4 2.0625)
(30.2 11.4 2.0625)
(30.6 11.4 2.0625)
(31 11.4 2.0625)
(31.4 11.4 2.0625)
(31.8 11.4 2.0625)
(32.2 11.4 2.0625)
(32.6 11.4 2.0625)
(33 11.4 2.0625)
(33.4 11.4 2.0625)
(33.8 11.4 2.0625)
(34.2 11.4 2.0625)
(34.6 11.4 2.0625)
(35 11.4 2.0625)
(35.4 11.4 2.0625)
(35.8 11.4 2.0625)
(36.2 11.4 2.0625)
(36.6 11.4 2.0625)
(37 11.4 2.0625)
(37.4 11.4 2.0625)
(37.8 11.4 2.0625)
(28.2 11.8 2.0625)
(28.6 11.8 2.0625)
(29 11.8 2.0625)
(29.4 11.8 2.0625)
(29.8 11.8 2.0625)
(30.2 11.8 2.0625)
(30.6 11.8 2.0625)
(31 11.8 2.0625)
(31.4 11.8 2.0625)
(31.8 11.8 2.0625)
(32.2 11.8 2.0625)
(32.6 11.8 2.0625)
(33 11.8 2.0625)
(33.4 11.8 2.0625)
(33.8 11.8 2.0625)
(34.2 11.8 2.0625)
(34.6 11.8 2.0625)
(35 11.8 2.0625)
(35.4 11.8 2.0625)
(35.8 11.8 2.0625)
(36.2 11.8 2.0625)
(36.6 11.8 2.0625)
(37 11.8 2.0625)
(37.4 11.8 2.0625)
(37.8 11.8 2.0625)
(28.2 12.2 2.0625)
(28.6 12.2 2.0625)
(29 12.2 2.0625)
(29.4 12.2 2.0625)
(29.8 12.2 2.0625)
(30.2 12.2 2.0625)
(30.6 12.2 2.0625)
(31 12.2 2.0625)
(31.4 12.2 2.0625)
(31.8 12.2 2.0625)
(32.2 12.2 2.0625)
(32.6 12.2 2.0625)
(33 12.2 2.0625)
(33.4 12.2 2.0625)
(33.8 12.2 2.0625)
(34.2 12.2 2.0625)
(34.6 12.2 2.0625)
(35 12.2 2.0625)
(35.4 12.2 2.0625)
(35.8 12.2 2.0625)
(36.2 12.2 2.0625)
(36.6 12.2 2.0625)
(37 12.2 2.0625)
(37.4 12.2 2.0625)
(37.8 12.2 2.0625)
(28.2 12.6 2.0625)
(28.6 12.6 2.0625)
(29 12.6 2.0625)
(29.4 12.6 2.0625)
(29.8 12.6 2.0625)
(30.2 12.6 2.0625)
(30.6 12.6 2.0625)
(31 12.6 2.0625)
(31.4 12.6 2.0625)
(31.8 12.6 2.0625)
(32.2 12.6 2.0625)
(32.6 12.6 2.0625)
(33 12.6 2.0625)
(33.4 12.6 2.0625)
(33.8 12.6 2.0625)
(34.2 12.6 2.0625)
(34.6 12.6 2.0625)
(35 12.6 2.0625)
(35.4 12.6 2.0625)
(35.8 12.6 2.0625)
(36.2 12.6 2.0625)
(36.6 12.6 2.0625)
(37 12.6 2.0625)
(37.4 12.6 2.0625)
(37.8 12.6 2.0625)
(28.2 13 2.0625)
(28.6 13 2.0625)
(29 13 2.0625)
(29.4 13 2.0625)
(29.8 13 2.0625)
(30.2 13 2.0625)
(30.6 13 2.0625)
(31 13 2.0625)
(31.4 13 2.0625)
(31.8 13 2.0625)
(32.2 13 2.0625)
(32.6 13 2.0625)
(33 13 2.0625)
(33.4 13 2.0625)
(33.8 13 2.0625)
(34.2 13 2.0625)
(34.6 13 2.0625)
(35 13 2.0625)
(35.4 13 2.0625)
(35.8 13 2.0625)
(36.2 13 2.0625)
(36.6 13 2.0625)
(37 13 2.0625)
(37.4 13 2.0625)
(37.8 13 2.0625)
(28.2 13.4 2.0625)
(28.6 13.4 2.0625)
(29 13.4 2.0625)
(29.4 13.4 2.0625)
(29.8 13.4 2.0625)
(30.2 13.4 2.0625)
(30.6 13.4 2.0625)
(31 13.4 2.0625)
(31.4 13.4 2.0625)
(31.8 13.4 2.0625)
(32.2 13.4 2.0625)
(32.6 13.4 2.0625)
(33 13.4 2.0625)
(33.4 13.4 2.0625)
(33.8 13.4 2.0625)
(34.2 13.4 2.0625)
(34.6 13.4 2.0625)
(35 13.4 2.0625)
(35.4 13.4 2.0625)
(35.8 13.4 2.0625)
(36.2 13.4 2.0625)
(36.6 13.4 2.0625)
(37 13.4 2.0625)
(37.4 13.4 2.0625)
(37.8 13.4 2.0625)
(28.2 13.8 2.0625)
(28.6 13.8 2.0625)
(29 13.8 2.0625)
(29.4 13.8 2.0625)
(29.8 13.8 2.0625)
(30.2 13.8 2.0625)
(30.6 13.8 2.0625)
(31 13.8 2.0625)
(31.4 13.8 2.0625)
(31.8 13.8 2.0625)
(32.2 13.8 2.0625)
(32.6 13.8 2.0625)
(33 13.8 2.0625)
(33.4 13.8 2.0625)
(33.8 13.8 2.0625)
(34.2 13.8 2.0625)
(34.6 13.8 2.0625)
(35 13.8 2.0625)
(35.4 13.8 2.0625)
(35.8 13.8 2.0625)
(36.2 13.8 2.0625)
(36.6 13.8 2.0625)
(37 13.8 2.0625)
(37.4 13.8 2.0625)
(37.8 13.8 2.0625)
(28.2 14.2 2.0625)
(28.6 14.2 2.0625)
(29 14.2 2.0625)
(29.4 14.2 2.0625)
(29.8 14.2 2.0625)
(30.2 14.2 2.0625)
(30.6 14.2 2.0625)
(31 14.2 2.0625)
(31.4 14.2 2.0625)
(31.8 14.2 2.0625)
(32.2 14.2 2.0625)
(32.6 14.2 2.0625)
(33 14.2 2.0625)
(33.4 14.2 2.0625)
(33.8 14.2 2.0625)
(34.2 14.2 2.0625)
(34.6 14.2 2.0625)
(35 14.2 2.0625)
(35.4 14.2 2.0625)
(35.8 14.2 2.0625)
(36.2 14.2 2.0625)
(36.6 14.2 2.0625)
(37 14.2 2.0625)
(37.4 14.2 2.0625)
(37.8 14.2 2.0625)
(28.2 14.6 2.0625)
(28.6 14.6 2.0625)
(29 14.6 2.0625)
(29.4 14.6 2.0625)
(29.8 14.6 2.0625)
(30.2 14.6 2.0625)
(30.6 14.6 2.0625)
(31 14.6 2.0625)
(31.4 14.6 2.0625)
(31.8 14.6 2.0625)
(32.2 14.6 2.0625)
(32.6 14.6 2.0625)
(33 14.6 2.0625)
(33.4 14.6 2.0625)
(33.8 14.6 2.0625)
(34.2 14.6 2.0625)
(34.6 14.6 2.0625)
(35 14.6 2.0625)
(35.4 14.6 2.0625)
(35.8 14.6 2.0625)
(36.2 14.6 2.0625)
(36.6 14.6 2.0625)
(37 14.6 2.0625)
(37.4 14.6 2.0625)
(37.8 14.6 2.0625)
(28.2 15 2.0625)
(28.6 15 2.0625)
(29 15 2.0625)
(29.4 15 2.0625)
(29.8 15 2.0625)
(30.2 15 2.0625)
(30.6 15 2.0625)
(31 15 2.0625)
(31.4 15 2.0625)
(31.8 15 2.0625)
(32.2 15 2.0625)
(32.6 15 2.0625)
(33 15 2.0625)
(33.4 15 2.0625)
(33.8 15 2.0625)
(34.2 15 2.0625)
(34.6 15 2.0625)
(35 15 2.0625)
(35.4 15 2.0625)
(35.8 15 2.0625)
(36.2 15 2.0625)
(36.6 15 2.0625)
(37 15 2.0625)
(37.4 15 2.0625)
(37.8 15 2.0625)
(28.2 15.4 2.0625)
(28.6 15.4 2.0625)
(29 15.4 2.0625)
(29.4 15.4 2.0625)
(29.8 15.4 2.0625)
(30.2 15.4 2.0625)
(30.6 15.4 2.0625)
(31 15.4 2.0625)
(31.4 15.4 2.0625)
(31.8 15.4 2.0625)
(32.2 15.4 2.0625)
(32.6 15.4 2.0625)
(33 15.4 2.0625)
(33.4 15.4 2.0625)
(33.8 15.4 2.0625)
(34.2 15.4 2.0625)
(34.6 15.4 2.0625)
(35 15.4 2.0625)
(35.4 15.4 2.0625)
(35.8 15.4 2.0625)
(36.2 15.4 2.0625)
(36.6 15.4 2.0625)
(37 15.4 2.0625)
(37.4 15.4 2.0625)
(37.8 15.4 2.0625)
(28.2 15.8 2.0625)
(28.6 15.8 2.0625)
(29 15.8 2.0625)
(29.4 15.8 2.0625)
(29.8 15.8 2.0625)
(30.2 15.8 2.0625)
(30.6 15.8 2.0625)
(31 15.8 2.0625)
(31.4 15.8 2.0625)
(31.8 15.8 2.0625)
(32.2 15.8 2.0625)
(32.6 15.8 2.0625)
(33 15.8 2.0625)
(33.4 15.8 2.0625)
(33.8 15.8 2.0625)
(34.2 15.8 2.0625)
(34.6 15.8 2.0625)
(35 15.8 2.0625)
(35.4 15.8 2.0625)
(35.8 15.8 2.0625)
(36.2 15.8 2.0625)
(36.6 15.8 2.0625)
(37 15.8 2.0625)
(37.4 15.8 2.0625)
(37.8 15.8 2.0625)
(28.2 4.2 2.4375)
(28.6 4.2 2.4375)
(29 4.2 2.4375)
(29.4 4.2 2.4375)
(29.8 4.2 2.4375)
(30.2 4.2 2.4375)
(30.6 4.2 2.4375)
(31 4.2 2.4375)
(31.4 4.2 2.4375)
(31.8 4.2 2.4375)
(32.2 4.2 2.4375)
(32.6 4.2 2.4375)
(33 4.2 2.4375)
(33.4 4.2 2.4375)
(33.8 4.2 2.4375)
(34.2 4.2 2.4375)
(34.6 4.2 2.4375)
(35 4.2 2.4375)
(35.4 4.2 2.4375)
(35.8 4.2 2.4375)
(36.2 4.2 2.4375)
(36.6 4.2 2.4375)
(37 4.2 2.4375)
(37.4 4.2 2.4375)
(37.8 4.2 2.4375)
(28.2 4.6 2.4375)
(28.6 4.6 2.4375)
(29 4.6 2.4375)
(29.4 4.6 2.4375)
(29.8 4.6 2.4375)
(30.2 4.6 2.4375)
(30.6 4.6 2.4375)
(31 4.6 2.4375)
(31.4 4.6 2.4375)
(31.8 4.6 2.4375)
(32.2 4.6 2.4375)
(32.6 4.6 2.4375)
(33 4.6 2.4375)
(33.4 4.6 2.4375)
(33.8 4.6 2.4375)
(34.2 4.6 2.4375)
(34.6 4.6 2.4375)
(35 4.6 2.4375)
(35.4 4.6 2.4375)
(35.8 4.6 2.4375)
(36.2 4.6 2.4375)
(36.6 4.6 2.4375)
(37 4.6 2.4375)
(37.4 4.6 2.4375)
(37.8 4.6 2.4375)
(28.2 5 2.4375)
(28.6 5 2.4375)
(29 5 2.4375)
(29.4 5 2.4375)
(29.8 5 2.4375)
(30.2 5 2.4375)
(30.6 5 2.4375)
(31 5 2.4375)
(31.4 5 2.4375)
(31.8 5 2.4375)
(32.2 5 2.4375)
(32.6 5 2.4375)
(33 5 2.4375)
(33.4 5 2.4375)
(33.8 5 2.4375)
(34.2 5 2.4375)
(34.6 5 2.4375)
(35 5 2.4375)
(35.4 5 2.4375)
(35.8 5 2.4375)
(36.2 5 2.4375)
(36.6 5 2.4375)
(37 5 2.4375)
(37.4 5 2.4375)
(37.8 5 2.4375)
(28.2 5.4 2.4375)
(28.6 5.4 2.4375)
(29 5.4 2.4375)
(29.4 5.4 2.4375)
(29.8 5.4 2.4375)
(30.2 5.4 2.4375)
(30.6 5.4 2.4375)
(31 5.4 2.4375)
(31.4 5.4 2.4375)
(31.8 5.4 2.4375)
(32.2 5.4 2.4375)
(32.6 5.4 2.4375)
(33 5.4 2.4375)
(33.4 5.4 2.4375)
(33.8 5.4 2.4375)
(34.2 5.4 2.4375)
(34.6 5.4 2.4375)
(35 5.4 2.4375)
(35.4 5.4 2.4375)
(35.8 5.4 2.4375)
(36.2 5.4 2.4375)
(36.6 5.4 2.4375)
(37 5.4 2.4375)
(37.4 5.4 2.4375)
(37.8 5.4 2.4375)
(28.2 5.8 2.4375)
(28.6 5.8 2.4375)
(29 5.8 2.4375)
(29.4 5.8 2.4375)
(29.8 5.8 2.4375)
(30.2 5.8 2.4375)
(30.6 5.8 2.4375)
(31 5.8 2.4375)
(31.4 5.8 2.4375)
(31.8 5.8 2.4375)
(32.2 5.8 2.4375)
(32.6 5.8 2.4375)
(33 5.8 2.4375)
(33.4 5.8 2.4375)
(33.8 5.8 2.4375)
(34.2 5.8 2.4375)
(34.6 5.8 2.4375)
(35 5.8 2.4375)
(35.4 5.8 2.4375)
(35.8 5.8 2.4375)
(36.2 5.8 2.4375)
(36.6 5.8 2.4375)
(37 5.8 2.4375)
(37.4 5.8 2.4375)
(37.8 5.8 2.4375)
(28.2 6.2 2.4375)
(28.6 6.2 2.4375)
(29 6.2 2.4375)
(29.4 6.2 2.4375)
(29.8 6.2 2.4375)
(30.2 6.2 2.4375)
(30.6 6.2 2.4375)
(31 6.2 2.4375)
(31.4 6.2 2.4375)
(31.8 6.2 2.4375)
(32.2 6.2 2.4375)
(32.6 6.2 2.4375)
(33 6.2 2.4375)
(33.4 6.2 2.4375)
(33.8 6.2 2.4375)
(34.2 6.2 2.4375)
(34.6 6.2 2.4375)
(35 6.2 2.4375)
(35.4 6.2 2.4375)
(35.8 6.2 2.4375)
(36.2 6.2 2.4375)
(36.6 6.2 2.4375)
(37 6.2 2.4375)
(37.4 6.2 2.4375)
(37.8 6.2 2.4375)
(28.2 6.6 2.4375)
(28.6 6.6 2.4375)
(29 6.6 2.4375)
(29.4 6.6 2.4375)
(29.8 6.6 2.4375)
(30.2 6.6 2.4375)
(30.6 6.6 2.4375)
(31 6.6 2.4375)
(31.4 6.6 2.4375)
(31.8 6.6 2.4375)
(32.2 6.6 2.4375)
(32.6 6.6 2.4375)
(33 6.6 2.4375)
(33.4 6.6 2.4375)
(33.8 6.6 2.4375)
(34.2 6.6 2.4375)
(34.6 6.6 2.4375)
(35 6.6 2.4375)
(35.4 6.6 2.4375)
(35.8 6.6 2.4375)
(36.2 6.6 2.4375)
(36.6 6.6 2.4375)
(37 6.6 2.4375)
(37.4 6.6 2.4375)
(37.8 6.6 2.4375)
(28.2 7 2.4375)
(28.6 7 2.4375)
(29 7 2.4375)
(29.4 7 2.4375)
(29.8 7 2.4375)
(30.2 7 2.4375)
(30.6 7 2.4375)
(31 7 2.4375)
(31.4 7 2.4375)
(31.8 7 2.4375)
(32.2 7 2.4375)
(32.6 7 2.4375)
(33 7 2.4375)
(33.4 7 2.4375)
(33.8 7 2.4375)
(34.2 7 2.4375)
(34.6 7 2.4375)
(35 7 2.4375)
(35.4 7 2.4375)
(35.8 7 2.4375)
(36.2 7 2.4375)
(36.6 7 2.4375)
(37 7 2.4375)
(37.4 7 2.4375)
(37.8 7 2.4375)
(28.2 7.4 2.4375)
(28.6 7.4 2.4375)
(29 7.4 2.4375)
(29.4 7.4 2.4375)
(29.8 7.4 2.4375)
(30.2 7.4 2.4375)
(30.6 7.4 2.4375)
(31 7.4 2.4375)
(31.4 7.4 2.4375)
(31.8 7.4 2.4375)
(32.2 7.4 2.4375)
(32.6 7.4 2.4375)
(33 7.4 2.4375)
(33.4 7.4 2.4375)
(33.8 7.4 2.4375)
(34.2 7.4 2.4375)
(34.6 7.4 2.4375)
(35 7.4 2.4375)
(35.4 7.4 2.4375)
(35.8 7.4 2.4375)
(36.2 7.4 2.4375)
(36.6 7.4 2.4375)
(37 7.4 2.4375)
(37.4 7.4 2.4375)
(37.8 7.4 2.4375)
(28.2 7.8 2.4375)
(28.6 7.8 2.4375)
(29 7.8 2.4375)
(29.4 7.8 2.4375)
(29.8 7.8 2.4375)
(30.2 7.8 2.4375)
(30.6 7.8 2.4375)
(31 7.8 2.4375)
(31.4 7.8 2.4375)
(31.8 7.8 2.4375)
(32.2 7.8 2.4375)
(32.6 7.8 2.4375)
(33 7.8 2.4375)
(33.4 7.8 2.4375)
(33.8 7.8 2.4375)
(34.2 7.8 2.4375)
(34.6 7.8 2.4375)
(35 7.8 2.4375)
(35.4 7.8 2.4375)
(35.8 7.8 2.4375)
(36.2 7.8 2.4375)
(36.6 7.8 2.4375)
(37 7.8 2.4375)
(37.4 7.8 2.4375)
(37.8 7.8 2.4375)
(28.2 8.2 2.4375)
(28.6 8.2 2.4375)
(29 8.2 2.4375)
(29.4 8.2 2.4375)
(29.8 8.2 2.4375)
(30.2 8.2 2.4375)
(30.6 8.2 2.4375)
(31 8.2 2.4375)
(31.4 8.2 2.4375)
(31.8 8.2 2.4375)
(32.2 8.2 2.4375)
(32.6 8.2 2.4375)
(33 8.2 2.4375)
(33.4 8.2 2.4375)
(33.8 8.2 2.4375)
(34.2 8.2 2.4375)
(34.6 8.2 2.4375)
(35 8.2 2.4375)
(35.4 8.2 2.4375)
(35.8 8.2 2.4375)
(36.2 8.2 2.4375)
(36.6 8.2 2.4375)
(37 8.2 2.4375)
(37.4 8.2 2.4375)
(37.8 8.2 2.4375)
(28.2 8.6 2.4375)
(28.6 8.6 2.4375)
(29 8.6 2.4375)
(29.4 8.6 2.4375)
(29.8 8.6 2.4375)
(30.2 8.6 2.4375)
(30.6 8.6 2.4375)
(31 8.6 2.4375)
(31.4 8.6 2.4375)
(31.8 8.6 2.4375)
(32.2 8.6 2.4375)
(32.6 8.6 2.4375)
(33 8.6 2.4375)
(33.4 8.6 2.4375)
(33.8 8.6 2.4375)
(34.2 8.6 2.4375)
(34.6 8.6 2.4375)
(35 8.6 2.4375)
(35.4 8.6 2.4375)
(35.8 8.6 2.4375)
(36.2 8.6 2.4375)
(36.6 8.6 2.4375)
(37 8.6 2.4375)
(37.4 8.6 2.4375)
(37.8 8.6 2.4375)
(28.2 9 2.4375)
(28.6 9 2.4375)
(29 9 2.4375)
(29.4 9 2.4375)
(29.8 9 2.4375)
(30.2 9 2.4375)
(30.6 9 2.4375)
(31 9 2.4375)
(31.4 9 2.4375)
(31.8 9 2.4375)
(32.2 9 2.4375)
(32.6 9 2.4375)
(33 9 2.4375)
(33.4 9 2.4375)
(33.8 9 2.4375)
(34.2 9 2.4375)
(34.6 9 2.4375)
(35 9 2.4375)
(35.4 9 2.4375)
(35.8 9 2.4375)
(36.2 9 2.4375)
(36.6 9 2.4375)
(37 9 2.4375)
(37.4 9 2.4375)
(37.8 9 2.4375)
(28.2 9.4 2.4375)
(28.6 9.4 2.4375)
(29 9.4 2.4375)
(29.4 9.4 2.4375)
(29.8 9.4 2.4375)
(30.2 9.4 2.4375)
(30.6 9.4 2.4375)
(31 9.4 2.4375)
(31.4 9.4 2.4375)
(31.8 9.4 2.4375)
(32.2 9.4 2.4375)
(32.6 9.4 2.4375)
(33 9.4 2.4375)
(33.4 9.4 2.4375)
(33.8 9.4 2.4375)
(34.2 9.4 2.4375)
(34.6 9.4 2.4375)
(35 9.4 2.4375)
(35.4 9.4 2.4375)
(35.8 9.4 2.4375)
(36.2 9.4 2.4375)
(36.6 9.4 2.4375)
(37 9.4 2.4375)
(37.4 9.4 2.4375)
(37.8 9.4 2.4375)
(28.2 9.8 2.4375)
(28.6 9.8 2.4375)
(29 9.8 2.4375)
(29.4 9.8 2.4375)
(29.8 9.8 2.4375)
(30.2 9.8 2.4375)
(30.6 9.8 2.4375)
(31 9.8 2.4375)
(31.4 9.8 2.4375)
(31.8 9.8 2.4375)
(32.2 9.8 2.4375)
(32.6 9.8 2.4375)
(33 9.8 2.4375)
(33.4 9.8 2.4375)
(33.8 9.8 2.4375)
(34.2 9.8 2.4375)
(34.6 9.8 2.4375)
(35 9.8 2.4375)
(35.4 9.8 2.4375)
(35.8 9.8 2.4375)
(36.2 9.8 2.4375)
(36.6 9.8 2.4375)
(37 9.8 2.4375)
(37.4 9.8 2.4375)
(37.8 9.8 2.4375)
(28.2 10.2 2.4375)
(28.6 10.2 2.4375)
(29 10.2 2.4375)
(29.4 10.2 2.4375)
(29.8 10.2 2.4375)
(30.2 10.2 2.4375)
(30.6 10.2 2.4375)
(31 10.2 2.4375)
(31.4 10.2 2.4375)
(31.8 10.2 2.4375)
(32.2 10.2 2.4375)
(32.6 10.2 2.4375)
(33 10.2 2.4375)
(33.4 10.2 2.4375)
(33.8 10.2 2.4375)
(34.2 10.2 2.4375)
(34.6 10.2 2.4375)
(35 10.2 2.4375)
(35.4 10.2 2.4375)
(35.8 10.2 2.4375)
(36.2 10.2 2.4375)
(36.6 10.2 2.4375)
(37 10.2 2.4375)
(37.4 10.2 2.4375)
(37.8 10.2 2.4375)
(28.2 10.6 2.4375)
(28.6 10.6 2.4375)
(29 10.6 2.4375)
(29.4 10.6 2.4375)
(29.8 10.6 2.4375)
(30.2 10.6 2.4375)
(30.6 10.6 2.4375)
(31 10.6 2.4375)
(31.4 10.6 2.4375)
(31.8 10.6 2.4375)
(32.2 10.6 2.4375)
(32.6 10.6 2.4375)
(33 10.6 2.4375)
(33.4 10.6 2.4375)
(33.8 10.6 2.4375)
(34.2 10.6 2.4375)
(34.6 10.6 2.4375)
(35 10.6 2.4375)
(35.4 10.6 2.4375)
(35.8 10.6 2.4375)
(36.2 10.6 2.4375)
(36.6 10.6 2.4375)
(37 10.6 2.4375)
(37.4 10.6 2.4375)
(37.8 10.6 2.4375)
(28.2 11 2.4375)
(28.6 11 2.4375)
(29 11 2.4375)
(29.4 11 2.4375)
(29.8 11 2.4375)
(30.2 11 2.4375)
(30.6 11 2.4375)
(31 11 2.4375)
(31.4 11 2.4375)
(31.8 11 2.4375)
(32.2 11 2.4375)
(32.6 11 2.4375)
(33 11 2.4375)
(33.4 11 2.4375)
(33.8 11 2.4375)
(34.2 11 2.4375)
(34.6 11 2.4375)
(35 11 2.4375)
(35.4 11 2.4375)
(35.8 11 2.4375)
(36.2 11 2.4375)
(36.6 11 2.4375)
(37 11 2.4375)
(37.4 11 2.4375)
(37.8 11 2.4375)
(28.2 11.4 2.4375)
(28.6 11.4 2.4375)
(29 11.4 2.4375)
(29.4 11.4 2.4375)
(29.8 11.4 2.4375)
(30.2 11.4 2.4375)
(30.6 11.4 2.4375)
(31 11.4 2.4375)
(31.4 11.4 2.4375)
(31.8 11.4 2.4375)
(32.2 11.4 2.4375)
(32.6 11.4 2.4375)
(33 11.4 2.4375)
(33.4 11.4 2.4375)
(33.8 11.4 2.4375)
(34.2 11.4 2.4375)
(34.6 11.4 2.4375)
(35 11.4 2.4375)
(35.4 11.4 2.4375)
(35.8 11.4 2.4375)
(36.2 11.4 2.4375)
(36.6 11.4 2.4375)
(37 11.4 2.4375)
(37.4 11.4 2.4375)
(37.8 11.4 2.4375)
(28.2 11.8 2.4375)
(28.6 11.8 2.4375)
(29 11.8 2.4375)
(29.4 11.8 2.4375)
(29.8 11.8 2.4375)
(30.2 11.8 2.4375)
(30.6 11.8 2.4375)
(31 11.8 2.4375)
(31.4 11.8 2.4375)
(31.8 11.8 2.4375)
(32.2 11.8 2.4375)
(32.6 11.8 2.4375)
(33 11.8 2.4375)
(33.4 11.8 2.4375)
(33.8 11.8 2.4375)
(34.2 11.8 2.4375)
(34.6 11.8 2.4375)
(35 11.8 2.4375)
(35.4 11.8 2.4375)
(35.8 11.8 2.4375)
(36.2 11.8 2.4375)
(36.6 11.8 2.4375)
(37 11.8 2.4375)
(37.4 11.8 2.4375)
(37.8 11.8 2.4375)
(28.2 12.2 2.4375)
(28.6 12.2 2.4375)
(29 12.2 2.4375)
(29.4 12.2 2.4375)
(29.8 12.2 2.4375)
(30.2 12.2 2.4375)
(30.6 12.2 2.4375)
(31 12.2 2.4375)
(31.4 12.2 2.4375)
(31.8 12.2 2.4375)
(32.2 12.2 2.4375)
(32.6 12.2 2.4375)
(33 12.2 2.4375)
(33.4 12.2 2.4375)
(33.8 12.2 2.4375)
(34.2 12.2 2.4375)
(34.6 12.2 2.4375)
(35 12.2 2.4375)
(35.4 12.2 2.4375)
(35.8 12.2 2.4375)
(36.2 12.2 2.4375)
(36.6 12.2 2.4375)
(37 12.2 2.4375)
(37.4 12.2 2.4375)
(37.8 12.2 2.4375)
(28.2 12.6 2.4375)
(28.6 12.6 2.4375)
(29 12.6 2.4375)
(29.4 12.6 2.4375)
(29.8 12.6 2.4375)
(30.2 12.6 2.4375)
(30.6 12.6 2.4375)
(31 12.6 2.4375)
(31.4 12.6 2.4375)
(31.8 12.6 2.4375)
(32.2 12.6 2.4375)
(32.6 12.6 2.4375)
(33 12.6 2.4375)
(33.4 12.6 2.4375)
(33.8 12.6 2.4375)
(34.2 12.6 2.4375)
(34.6 12.6 2.4375)
(35 12.6 2.4375)
(35.4 12.6 2.4375)
(35.8 12.6 2.4375)
(36.2 12.6 2.4375)
(36.6 12.6 2.4375)
(37 12.6 2.4375)
(37.4 12.6 2.4375)
(37.8 12.6 2.4375)
(28.2 13 2.4375)
(28.6 13 2.4375)
(29 13 2.4375)
(29.4 13 2.4375)
(29.8 13 2.4375)
(30.2 13 2.4375)
(30.6 13 2.4375)
(31 13 2.4375)
(31.4 13 2.4375)
(31.8 13 2.4375)
(32.2 13 2.4375)
(32.6 13 2.4375)
(33 13 2.4375)
(33.4 13 2.4375)
(33.8 13 2.4375)
(34.2 13 2.4375)
(34.6 13 2.4375)
(35 13 2.4375)
(35.4 13 2.4375)
(35.8 13 2.4375)
(36.2 13 2.4375)
(36.6 13 2.4375)
(37 13 2.4375)
(37.4 13 2.4375)
(37.8 13 2.4375)
(28.2 13.4 2.4375)
(28.6 13.4 2.4375)
(29 13.4 2.4375)
(29.4 13.4 2.4375)
(29.8 13.4 2.4375)
(30.2 13.4 2.4375)
(30.6 13.4 2.4375)
(31 13.4 2.4375)
(31.4 13.4 2.4375)
(31.8 13.4 2.4375)
(32.2 13.4 2.4375)
(32.6 13.4 2.4375)
(33 13.4 2.4375)
(33.4 13.4 2.4375)
(33.8 13.4 2.4375)
(34.2 13.4 2.4375)
(34.6 13.4 2.4375)
(35 13.4 2.4375)
(35.4 13.4 2.4375)
(35.8 13.4 2.4375)
(36.2 13.4 2.4375)
(36.6 13.4 2.4375)
(37 13.4 2.4375)
(37.4 13.4 2.4375)
(37.8 13.4 2.4375)
(28.2 13.8 2.4375)
(28.6 13.8 2.4375)
(29 13.8 2.4375)
(29.4 13.8 2.4375)
(29.8 13.8 2.4375)
(30.2 13.8 2.4375)
(30.6 13.8 2.4375)
(31 13.8 2.4375)
(31.4 13.8 2.4375)
(31.8 13.8 2.4375)
(32.2 13.8 2.4375)
(32.6 13.8 2.4375)
(33 13.8 2.4375)
(33.4 13.8 2.4375)
(33.8 13.8 2.4375)
(34.2 13.8 2.4375)
(34.6 13.8 2.4375)
(35 13.8 2.4375)
(35.4 13.8 2.4375)
(35.8 13.8 2.4375)
(36.2 13.8 2.4375)
(36.6 13.8 2.4375)
(37 13.8 2.4375)
(37.4 13.8 2.4375)
(37.8 13.8 2.4375)
(28.2 14.2 2.4375)
(28.6 14.2 2.4375)
(29 14.2 2.4375)
(29.4 14.2 2.4375)
(29.8 14.2 2.4375)
(30.2 14.2 2.4375)
(30.6 14.2 2.4375)
(31 14.2 2.4375)
(31.4 14.2 2.4375)
(31.8 14.2 2.4375)
(32.2 14.2 2.4375)
(32.6 14.2 2.4375)
(33 14.2 2.4375)
(33.4 14.2 2.4375)
(33.8 14.2 2.4375)
(34.2 14.2 2.4375)
(34.6 14.2 2.4375)
(35 14.2 2.4375)
(35.4 14.2 2.4375)
(35.8 14.2 2.4375)
(36.2 14.2 2.4375)
(36.6 14.2 2.4375)
(37 14.2 2.4375)
(37.4 14.2 2.4375)
(37.8 14.2 2.4375)
(28.2 14.6 2.4375)
(28.6 14.6 2.4375)
(29 14.6 2.4375)
(29.4 14.6 2.4375)
(29.8 14.6 2.4375)
(30.2 14.6 2.4375)
(30.6 14.6 2.4375)
(31 14.6 2.4375)
(31.4 14.6 2.4375)
(31.8 14.6 2.4375)
(32.2 14.6 2.4375)
(32.6 14.6 2.4375)
(33 14.6 2.4375)
(33.4 14.6 2.4375)
(33.8 14.6 2.4375)
(34.2 14.6 2.4375)
(34.6 14.6 2.4375)
(35 14.6 2.4375)
(35.4 14.6 2.4375)
(35.8 14.6 2.4375)
(36.2 14.6 2.4375)
(36.6 14.6 2.4375)
(37 14.6 2.4375)
(37.4 14.6 2.4375)
(37.8 14.6 2.4375)
(28.2 15 2.4375)
(28.6 15 2.4375)
(29 15 2.4375)
(29.4 15 2.4375)
(29.8 15 2.4375)
(30.2 15 2.4375)
(30.6 15 2.4375)
(31 15 2.4375)
(31.4 15 2.4375)
(31.8 15 2.4375)
(32.2 15 2.4375)
(32.6 15 2.4375)
(33 15 2.4375)
(33.4 15 2.4375)
(33.8 15 2.4375)
(34.2 15 2.4375)
(34.6 15 2.4375)
(35 15 2.4375)
(35.4 15 2.4375)
(35.8 15 2.4375)
(36.2 15 2.4375)
(36.6 15 2.4375)
(37 15 2.4375)
(37.4 15 2.4375)
(37.8 15 2.4375)
(28.2 15.4 2.4375)
(28.6 15.4 2.4375)
(29 15.4 2.4375)
(29.4 15.4 2.4375)
(29.8 15.4 2.4375)
(30.2 15.4 2.4375)
(30.6 15.4 2.4375)
(31 15.4 2.4375)
(31.4 15.4 2.4375)
(31.8 15.4 2.4375)
(32.2 15.4 2.4375)
(32.6 15.4 2.4375)
(33 15.4 2.4375)
(33.4 15.4 2.4375)
(33.8 15.4 2.4375)
(34.2 15.4 2.4375)
(34.6 15.4 2.4375)
(35 15.4 2.4375)
(35.4 15.4 2.4375)
(35.8 15.4 2.4375)
(36.2 15.4 2.4375)
(36.6 15.4 2.4375)
(37 15.4 2.4375)
(37.4 15.4 2.4375)
(37.8 15.4 2.4375)
(28.2 15.8 2.4375)
(28.6 15.8 2.4375)
(29 15.8 2.4375)
(29.4 15.8 2.4375)
(29.8 15.8 2.4375)
(30.2 15.8 2.4375)
(30.6 15.8 2.4375)
(31 15.8 2.4375)
(31.4 15.8 2.4375)
(31.8 15.8 2.4375)
(32.2 15.8 2.4375)
(32.6 15.8 2.4375)
(33 15.8 2.4375)
(33.4 15.8 2.4375)
(33.8 15.8 2.4375)
(34.2 15.8 2.4375)
(34.6 15.8 2.4375)
(35 15.8 2.4375)
(35.4 15.8 2.4375)
(35.8 15.8 2.4375)
(36.2 15.8 2.4375)
(36.6 15.8 2.4375)
(37 15.8 2.4375)
(37.4 15.8 2.4375)
(37.8 15.8 2.4375)
(28.2 4.2 2.8125)
(28.6 4.2 2.8125)
(29 4.2 2.8125)
(29.4 4.2 2.8125)
(29.8 4.2 2.8125)
(30.2 4.2 2.8125)
(30.6 4.2 2.8125)
(31 4.2 2.8125)
(31.4 4.2 2.8125)
(31.8 4.2 2.8125)
(32.2 4.2 2.8125)
(32.6 4.2 2.8125)
(33 4.2 2.8125)
(33.4 4.2 2.8125)
(33.8 4.2 2.8125)
(34.2 4.2 2.8125)
(34.6 4.2 2.8125)
(35 4.2 2.8125)
(35.4 4.2 2.8125)
(35.8 4.2 2.8125)
(36.2 4.2 2.8125)
(36.6 4.2 2.8125)
(37 4.2 2.8125)
(37.4 4.2 2.8125)
(37.8 4.2 2.8125)
(28.2 4.6 2.8125)
(28.6 4.6 2.8125)
(29 4.6 2.8125)
(29.4 4.6 2.8125)
(29.8 4.6 2.8125)
(30.2 4.6 2.8125)
(30.6 4.6 2.8125)
(31 4.6 2.8125)
(31.4 4.6 2.8125)
(31.8 4.6 2.8125)
(32.2 4.6 2.8125)
(32.6 4.6 2.8125)
(33 4.6 2.8125)
(33.4 4.6 2.8125)
(33.8 4.6 2.8125)
(34.2 4.6 2.8125)
(34.6 4.6 2.8125)
(35 4.6 2.8125)
(35.4 4.6 2.8125)
(35.8 4.6 2.8125)
(36.2 4.6 2.8125)
(36.6 4.6 2.8125)
(37 4.6 2.8125)
(37.4 4.6 2.8125)
(37.8 4.6 2.8125)
(28.2 5 2.8125)
(28.6 5 2.8125)
(29 5 2.8125)
(29.4 5 2.8125)
(29.8 5 2.8125)
(30.2 5 2.8125)
(30.6 5 2.8125)
(31 5 2.8125)
(31.4 5 2.8125)
(31.8 5 2.8125)
(32.2 5 2.8125)
(32.6 5 2.8125)
(33 5 2.8125)
(33.4 5 2.8125)
(33.8 5 2.8125)
(34.2 5 2.8125)
(34.6 5 2.8125)
(35 5 2.8125)
(35.4 5 2.8125)
(35.8 5 2.8125)
(36.2 5 2.8125)
(36.6 5 2.8125)
(37 5 2.8125)
(37.4 5 2.8125)
(37.8 5 2.8125)
(28.2 5.4 2.8125)
(28.6 5.4 2.8125)
(29 5.4 2.8125)
(29.4 5.4 2.8125)
(29.8 5.4 2.8125)
(30.2 5.4 2.8125)
(30.6 5.4 2.8125)
(31 5.4 2.8125)
(31.4 5.4 2.8125)
(31.8 5.4 2.8125)
(32.2 5.4 2.8125)
(32.6 5.4 2.8125)
(33 5.4 2.8125)
(33.4 5.4 2.8125)
(33.8 5.4 2.8125)
(34.2 5.4 2.8125)
(34.6 5.4 2.8125)
(35 5.4 2.8125)
(35.4 5.4 2.8125)
(35.8 5.4 2.8125)
(36.2 5.4 2.8125)
(36.6 5.4 2.8125)
(37 5.4 2.8125)
(37.4 5.4 2.8125)
(37.8 5.4 2.8125)
(28.2 5.8 2.8125)
(28.6 5.8 2.8125)
(29 5.8 2.8125)
(29.4 5.8 2.8125)
(29.8 5.8 2.8125)
(30.2 5.8 2.8125)
(30.6 5.8 2.8125)
(31 5.8 2.8125)
(31.4 5.8 2.8125)
(31.8 5.8 2.8125)
(32.2 5.8 2.8125)
(32.6 5.8 2.8125)
(33 5.8 2.8125)
(33.4 5.8 2.8125)
(33.8 5.8 2.8125)
(34.2 5.8 2.8125)
(34.6 5.8 2.8125)
(35 5.8 2.8125)
(35.4 5.8 2.8125)
(35.8 5.8 2.8125)
(36.2 5.8 2.8125)
(36.6 5.8 2.8125)
(37 5.8 2.8125)
(37.4 5.8 2.8125)
(37.8 5.8 2.8125)
(28.2 6.2 2.8125)
(28.6 6.2 2.8125)
(29 6.2 2.8125)
(29.4 6.2 2.8125)
(29.8 6.2 2.8125)
(30.2 6.2 2.8125)
(30.6 6.2 2.8125)
(31 6.2 2.8125)
(31.4 6.2 2.8125)
(31.8 6.2 2.8125)
(32.2 6.2 2.8125)
(32.6 6.2 2.8125)
(33 6.2 2.8125)
(33.4 6.2 2.8125)
(33.8 6.2 2.8125)
(34.2 6.2 2.8125)
(34.6 6.2 2.8125)
(35 6.2 2.8125)
(35.4 6.2 2.8125)
(35.8 6.2 2.8125)
(36.2 6.2 2.8125)
(36.6 6.2 2.8125)
(37 6.2 2.8125)
(37.4 6.2 2.8125)
(37.8 6.2 2.8125)
(28.2 6.6 2.8125)
(28.6 6.6 2.8125)
(29 6.6 2.8125)
(29.4 6.6 2.8125)
(29.8 6.6 2.8125)
(30.2 6.6 2.8125)
(30.6 6.6 2.8125)
(31 6.6 2.8125)
(31.4 6.6 2.8125)
(31.8 6.6 2.8125)
(32.2 6.6 2.8125)
(32.6 6.6 2.8125)
(33 6.6 2.8125)
(33.4 6.6 2.8125)
(33.8 6.6 2.8125)
(34.2 6.6 2.8125)
(34.6 6.6 2.8125)
(35 6.6 2.8125)
(35.4 6.6 2.8125)
(35.8 6.6 2.8125)
(36.2 6.6 2.8125)
(36.6 6.6 2.8125)
(37 6.6 2.8125)
(37.4 6.6 2.8125)
(37.8 6.6 2.8125)
(28.2 7 2.8125)
(28.6 7 2.8125)
(29 7 2.8125)
(29.4 7 2.8125)
(29.8 7 2.8125)
(30.2 7 2.8125)
(30.6 7 2.8125)
(31 7 2.8125)
(31.4 7 2.8125)
(31.8 7 2.8125)
(32.2 7 2.8125)
(32.6 7 2.8125)
(33 7 2.8125)
(33.4 7 2.8125)
(33.8 7 2.8125)
(34.2 7 2.8125)
(34.6 7 2.8125)
(35 7 2.8125)
(35.4 7 2.8125)
(35.8 7 2.8125)
(36.2 7 2.8125)
(36.6 7 2.8125)
(37 7 2.8125)
(37.4 7 2.8125)
(37.8 7 2.8125)
(28.2 7.4 2.8125)
(28.6 7.4 2.8125)
(29 7.4 2.8125)
(29.4 7.4 2.8125)
(29.8 7.4 2.8125)
(30.2 7.4 2.8125)
(30.6 7.4 2.8125)
(31 7.4 2.8125)
(31.4 7.4 2.8125)
(31.8 7.4 2.8125)
(32.2 7.4 2.8125)
(32.6 7.4 2.8125)
(33 7.4 2.8125)
(33.4 7.4 2.8125)
(33.8 7.4 2.8125)
(34.2 7.4 2.8125)
(34.6 7.4 2.8125)
(35 7.4 2.8125)
(35.4 7.4 2.8125)
(35.8 7.4 2.8125)
(36.2 7.4 2.8125)
(36.6 7.4 2.8125)
(37 7.4 2.8125)
(37.4 7.4 2.8125)
(37.8 7.4 2.8125)
(28.2 7.8 2.8125)
(28.6 7.8 2.8125)
(29 7.8 2.8125)
(29.4 7.8 2.8125)
(29.8 7.8 2.8125)
(30.2 7.8 2.8125)
(30.6 7.8 2.8125)
(31 7.8 2.8125)
(31.4 7.8 2.8125)
(31.8 7.8 2.8125)
(32.2 7.8 2.8125)
(32.6 7.8 2.8125)
(33 7.8 2.8125)
(33.4 7.8 2.8125)
(33.8 7.8 2.8125)
(34.2 7.8 2.8125)
(34.6 7.8 2.8125)
(35 7.8 2.8125)
(35.4 7.8 2.8125)
(35.8 7.8 2.8125)
(36.2 7.8 2.8125)
(36.6 7.8 2.8125)
(37 7.8 2.8125)
(37.4 7.8 2.8125)
(37.8 7.8 2.8125)
(28.2 8.2 2.8125)
(28.6 8.2 2.8125)
(29 8.2 2.8125)
(29.4 8.2 2.8125)
(29.8 8.2 2.8125)
(30.2 8.2 2.8125)
(30.6 8.2 2.8125)
(31 8.2 2.8125)
(31.4 8.2 2.8125)
(31.8 8.2 2.8125)
(32.2 8.2 2.8125)
(32.6 8.2 2.8125)
(33 8.2 2.8125)
(33.4 8.2 2.8125)
(33.8 8.2 2.8125)
(34.2 8.2 2.8125)
(34.6 8.2 2.8125)
(35 8.2 2.8125)
(35.4 8.2 2.8125)
(35.8 8.2 2.8125)
(36.2 8.2 2.8125)
(36.6 8.2 2.8125)
(37 8.2 2.8125)
(37.4 8.2 2.8125)
(37.8 8.2 2.8125)
(28.2 8.6 2.8125)
(28.6 8.6 2.8125)
(29 8.6 2.8125)
(29.4 8.6 2.8125)
(29.8 8.6 2.8125)
(30.2 8.6 2.8125)
(30.6 8.6 2.8125)
(31 8.6 2.8125)
(31.4 8.6 2.8125)
(31.8 8.6 2.8125)
(32.2 8.6 2.8125)
(32.6 8.6 2.8125)
(33 8.6 2.8125)
(33.4 8.6 2.8125)
(33.8 8.6 2.8125)
(34.2 8.6 2.8125)
(34.6 8.6 2.8125)
(35 8.6 2.8125)
(35.4 8.6 2.8125)
(35.8 8.6 2.8125)
(36.2 8.6 2.8125)
(36.6 8.6 2.8125)
(37 8.6 2.8125)
(37.4 8.6 2.8125)
(37.8 8.6 2.8125)
(28.2 9 2.8125)
(28.6 9 2.8125)
(29 9 2.8125)
(29.4 9 2.8125)
(29.8 9 2.8125)
(30.2 9 2.8125)
(30.6 9 2.8125)
(31 9 2.8125)
(31.4 9 2.8125)
(31.8 9 2.8125)
(32.2 9 2.8125)
(32.6 9 2.8125)
(33 9 2.8125)
(33.4 9 2.8125)
(33.8 9 2.8125)
(34.2 9 2.8125)
(34.6 9 2.8125)
(35 9 2.8125)
(35.4 9 2.8125)
(35.8 9 2.8125)
(36.2 9 2.8125)
(36.6 9 2.8125)
(37 9 2.8125)
(37.4 9 2.8125)
(37.8 9 2.8125)
(28.2 9.4 2.8125)
(28.6 9.4 2.8125)
(29 9.4 2.8125)
(29.4 9.4 2.8125)
(29.8 9.4 2.8125)
(30.2 9.4 2.8125)
(30.6 9.4 2.8125)
(31 9.4 2.8125)
(31.4 9.4 2.8125)
(31.8 9.4 2.8125)
(32.2 9.4 2.8125)
(32.6 9.4 2.8125)
(33 9.4 2.8125)
(33.4 9.4 2.8125)
(33.8 9.4 2.8125)
(34.2 9.4 2.8125)
(34.6 9.4 2.8125)
(35 9.4 2.8125)
(35.4 9.4 2.8125)
(35.8 9.4 2.8125)
(36.2 9.4 2.8125)
(36.6 9.4 2.8125)
(37 9.4 2.8125)
(37.4 9.4 2.8125)
(37.8 9.4 2.8125)
(28.2 9.8 2.8125)
(28.6 9.8 2.8125)
(29 9.8 2.8125)
(29.4 9.8 2.8125)
(29.8 9.8 2.8125)
(30.2 9.8 2.8125)
(30.6 9.8 2.8125)
(31 9.8 2.8125)
(31.4 9.8 2.8125)
(31.8 9.8 2.8125)
(32.2 9.8 2.8125)
(32.6 9.8 2.8125)
(33 9.8 2.8125)
(33.4 9.8 2.8125)
(33.8 9.8 2.8125)
(34.2 9.8 2.8125)
(34.6 9.8 2.8125)
(35 9.8 2.8125)
(35.4 9.8 2.8125)
(35.8 9.8 2.8125)
(36.2 9.8 2.8125)
(36.6 9.8 2.8125)
(37 9.8 2.8125)
(37.4 9.8 2.8125)
(37.8 9.8 2.8125)
(28.2 10.2 2.8125)
(28.6 10.2 2.8125)
(29 10.2 2.8125)
(29.4 10.2 2.8125)
(29.8 10.2 2.8125)
(30.2 10.2 2.8125)
(30.6 10.2 2.8125)
(31 10.2 2.8125)
(31.4 10.2 2.8125)
(31.8 10.2 2.8125)
(32.2 10.2 2.8125)
(32.6 10.2 2.8125)
(33 10.2 2.8125)
(33.4 10.2 2.8125)
(33.8 10.2 2.8125)
(34.2 10.2 2.8125)
(34.6 10.2 2.8125)
(35 10.2 2.8125)
(35.4 10.2 2.8125)
(35.8 10.2 2.8125)
(36.2 10.2 2.8125)
(36.6 10.2 2.8125)
(37 10.2 2.8125)
(37.4 10.2 2.8125)
(37.8 10.2 2.8125)
(28.2 10.6 2.8125)
(28.6 10.6 2.8125)
(29 10.6 2.8125)
(29.4 10.6 2.8125)
(29.8 10.6 2.8125)
(30.2 10.6 2.8125)
(30.6 10.6 2.8125)
(31 10.6 2.8125)
(31.4 10.6 2.8125)
(31.8 10.6 2.8125)
(32.2 10.6 2.8125)
(32.6 10.6 2.8125)
(33 10.6 2.8125)
(33.4 10.6 2.8125)
(33.8 10.6 2.8125)
(34.2 10.6 2.8125)
(34.6 10.6 2.8125)
(35 10.6 2.8125)
(35.4 10.6 2.8125)
(35.8 10.6 2.8125)
(36.2 10.6 2.8125)
(36.6 10.6 2.8125)
(37 10.6 2.8125)
(37.4 10.6 2.8125)
(37.8 10.6 2.8125)
(28.2 11 2.8125)
(28.6 11 2.8125)
(29 11 2.8125)
(29.4 11 2.8125)
(29.8 11 2.8125)
(30.2 11 2.8125)
(30.6 11 2.8125)
(31 11 2.8125)
(31.4 11 2.8125)
(31.8 11 2.8125)
(32.2 11 2.8125)
(32.6 11 2.8125)
(33 11 2.8125)
(33.4 11 2.8125)
(33.8 11 2.8125)
(34.2 11 2.8125)
(34.6 11 2.8125)
(35 11 2.8125)
(35.4 11 2.8125)
(35.8 11 2.8125)
(36.2 11 2.8125)
(36.6 11 2.8125)
(37 11 2.8125)
(37.4 11 2.8125)
(37.8 11 2.8125)
(28.2 11.4 2.8125)
(28.6 11.4 2.8125)
(29 11.4 2.8125)
(29.4 11.4 2.8125)
(29.8 11.4 2.8125)
(30.2 11.4 2.8125)
(30.6 11.4 2.8125)
(31 11.4 2.8125)
(31.4 11.4 2.8125)
(31.8 11.4 2.8125)
(32.2 11.4 2.8125)
(32.6 11.4 2.8125)
(33 11.4 2.8125)
(33.4 11.4 2.8125)
(33.8 11.4 2.8125)
(34.2 11.4 2.8125)
(34.6 11.4 2.8125)
(35 11.4 2.8125)
(35.4 11.4 2.8125)
(35.8 11.4 2.8125)
(36.2 11.4 2.8125)
(36.6 11.4 2.8125)
(37 11.4 2.8125)
(37.4 11.4 2.8125)
(37.8 11.4 2.8125)
(28.2 11.8 2.8125)
(28.6 11.8 2.8125)
(29 11.8 2.8125)
(29.4 11.8 2.8125)
(29.8 11.8 2.8125)
(30.2 11.8 2.8125)
(30.6 11.8 2.8125)
(31 11.8 2.8125)
(31.4 11.8 2.8125)
(31.8 11.8 2.8125)
(32.2 11.8 2.8125)
(32.6 11.8 2.8125)
(33 11.8 2.8125)
(33.4 11.8 2.8125)
(33.8 11.8 2.8125)
(34.2 11.8 2.8125)
(34.6 11.8 2.8125)
(35 11.8 2.8125)
(35.4 11.8 2.8125)
(35.8 11.8 2.8125)
(36.2 11.8 2.8125)
(36.6 11.8 2.8125)
(37 11.8 2.8125)
(37.4 11.8 2.8125)
(37.8 11.8 2.8125)
(28.2 12.2 2.8125)
(28.6 12.2 2.8125)
(29 12.2 2.8125)
(29.4 12.2 2.8125)
(29.8 12.2 2.8125)
(30.2 12.2 2.8125)
(30.6 12.2 2.8125)
(31 12.2 2.8125)
(31.4 12.2 2.8125)
(31.8 12.2 2.8125)
(32.2 12.2 2.8125)
(32.6 12.2 2.8125)
(33 12.2 2.8125)
(33.4 12.2 2.8125)
(33.8 12.2 2.8125)
(34.2 12.2 2.8125)
(34.6 12.2 2.8125)
(35 12.2 2.8125)
(35.4 12.2 2.8125)
(35.8 12.2 2.8125)
(36.2 12.2 2.8125)
(36.6 12.2 2.8125)
(37 12.2 2.8125)
(37.4 12.2 2.8125)
(37.8 12.2 2.8125)
(28.2 12.6 2.8125)
(28.6 12.6 2.8125)
(29 12.6 2.8125)
(29.4 12.6 2.8125)
(29.8 12.6 2.8125)
(30.2 12.6 2.8125)
(30.6 12.6 2.8125)
(31 12.6 2.8125)
(31.4 12.6 2.8125)
(31.8 12.6 2.8125)
(32.2 12.6 2.8125)
(32.6 12.6 2.8125)
(33 12.6 2.8125)
(33.4 12.6 2.8125)
(33.8 12.6 2.8125)
(34.2 12.6 2.8125)
(34.6 12.6 2.8125)
(35 12.6 2.8125)
(35.4 12.6 2.8125)
(35.8 12.6 2.8125)
(36.2 12.6 2.8125)
(36.6 12.6 2.8125)
(37 12.6 2.8125)
(37.4 12.6 2.8125)
(37.8 12.6 2.8125)
(28.2 13 2.8125)
(28.6 13 2.8125)
(29 13 2.8125)
(29.4 13 2.8125)
(29.8 13 2.8125)
(30.2 13 2.8125)
(30.6 13 2.8125)
(31 13 2.8125)
(31.4 13 2.8125)
(31.8 13 2.8125)
(32.2 13 2.8125)
(32.6 13 2.8125)
(33 13 2.8125)
(33.4 13 2.8125)
(33.8 13 2.8125)
(34.2 13 2.8125)
(34.6 13 2.8125)
(35 13 2.8125)
(35.4 13 2.8125)
(35.8 13 2.8125)
(36.2 13 2.8125)
(36.6 13 2.8125)
(37 13 2.8125)
(37.4 13 2.8125)
(37.8 13 2.8125)
(28.2 13.4 2.8125)
(28.6 13.4 2.8125)
(29 13.4 2.8125)
(29.4 13.4 2.8125)
(29.8 13.4 2.8125)
(30.2 13.4 2.8125)
(30.6 13.4 2.8125)
(31 13.4 2.8125)
(31.4 13.4 2.8125)
(31.8 13.4 2.8125)
(32.2 13.4 2.8125)
(32.6 13.4 2.8125)
(33 13.4 2.8125)
(33.4 13.4 2.8125)
(33.8 13.4 2.8125)
(34.2 13.4 2.8125)
(34.6 13.4 2.8125)
(35 13.4 2.8125)
(35.4 13.4 2.8125)
(35.8 13.4 2.8125)
(36.2 13.4 2.8125)
(36.6 13.4 2.8125)
(37 13.4 2.8125)
(37.4 13.4 2.8125)
(37.8 13.4 2.8125)
(28.2 13.8 2.8125)
(28.6 13.8 2.8125)
(29 13.8 2.8125)
(29.4 13.8 2.8125)
(29.8 13.8 2.8125)
(30.2 13.8 2.8125)
(30.6 13.8 2.8125)
(31 13.8 2.8125)
(31.4 13.8 2.8125)
(31.8 13.8 2.8125)
(32.2 13.8 2.8125)
(32.6 13.8 2.8125)
(33 13.8 2.8125)
(33.4 13.8 2.8125)
(33.8 13.8 2.8125)
(34.2 13.8 2.8125)
(34.6 13.8 2.8125)
(35 13.8 2.8125)
(35.4 13.8 2.8125)
(35.8 13.8 2.8125)
(36.2 13.8 2.8125)
(36.6 13.8 2.8125)
(37 13.8 2.8125)
(37.4 13.8 2.8125)
(37.8 13.8 2.8125)
(28.2 14.2 2.8125)
(28.6 14.2 2.8125)
(29 14.2 2.8125)
(29.4 14.2 2.8125)
(29.8 14.2 2.8125)
(30.2 14.2 2.8125)
(30.6 14.2 2.8125)
(31 14.2 2.8125)
(31.4 14.2 2.8125)
(31.8 14.2 2.8125)
(32.2 14.2 2.8125)
(32.6 14.2 2.8125)
(33 14.2 2.8125)
(33.4 14.2 2.8125)
(33.8 14.2 2.8125)
(34.2 14.2 2.8125)
(34.6 14.2 2.8125)
(35 14.2 2.8125)
(35.4 14.2 2.8125)
(35.8 14.2 2.8125)
(36.2 14.2 2.8125)
(36.6 14.2 2.8125)
(37 14.2 2.8125)
(37.4 14.2 2.8125)
(37.8 14.2 2.8125)
(28.2 14.6 2.8125)
(28.6 14.6 2.8125)
(29 14.6 2.8125)
(29.4 14.6 2.8125)
(29.8 14.6 2.8125)
(30.2 14.6 2.8125)
(30.6 14.6 2.8125)
(31 14.6 2.8125)
(31.4 14.6 2.8125)
(31.8 14.6 2.8125)
(32.2 14.6 2.8125)
(32.6 14.6 2.8125)
(33 14.6 2.8125)
(33.4 14.6 2.8125)
(33.8 14.6 2.8125)
(34.2 14.6 2.8125)
(34.6 14.6 2.8125)
(35 14.6 2.8125)
(35.4 14.6 2.8125)
(35.8 14.6 2.8125)
(36.2 14.6 2.8125)
(36.6 14.6 2.8125)
(37 14.6 2.8125)
(37.4 14.6 2.8125)
(37.8 14.6 2.8125)
(28.2 15 2.8125)
(28.6 15 2.8125)
(29 15 2.8125)
(29.4 15 2.8125)
(29.8 15 2.8125)
(30.2 15 2.8125)
(30.6 15 2.8125)
(31 15 2.8125)
(31.4 15 2.8125)
(31.8 15 2.8125)
(32.2 15 2.8125)
(32.6 15 2.8125)
(33 15 2.8125)
(33.4 15 2.8125)
(33.8 15 2.8125)
(34.2 15 2.8125)
(34.6 15 2.8125)
(35 15 2.8125)
(35.4 15 2.8125)
(35.8 15 2.8125)
(36.2 15 2.8125)
(36.6 15 2.8125)
(37 15 2.8125)
(37.4 15 2.8125)
(37.8 15 2.8125)
(28.2 15.4 2.8125)
(28.6 15.4 2.8125)
(29 15.4 2.8125)
(29.4 15.4 2.8125)
(29.8 15.4 2.8125)
(30.2 15.4 2.8125)
(30.6 15.4 2.8125)
(31 15.4 2.8125)
(31.4 15.4 2.8125)
(31.8 15.4 2.8125)
(32.2 15.4 2.8125)
(32.6 15.4 2.8125)
(33 15.4 2.8125)
(33.4 15.4 2.8125)
(33.8 15.4 2.8125)
(34.2 15.4 2.8125)
(34.6 15.4 2.8125)
(35 15.4 2.8125)
(35.4 15.4 2.8125)
(35.8 15.4 2.8125)
(36.2 15.4 2.8125)
(36.6 15.4 2.8125)
(37 15.4 2.8125)
(37.4 15.4 2.8125)
(37.8 15.4 2.8125)
(28.2 15.8 2.8125)
(28.6 15.8 2.8125)
(29 15.8 2.8125)
(29.4 15.8 2.8125)
(29.8 15.8 2.8125)
(30.2 15.8 2.8125)
(30.6 15.8 2.8125)
(31 15.8 2.8125)
(31.4 15.8 2.8125)
(31.8 15.8 2.8125)
(32.2 15.8 2.8125)
(32.6 15.8 2.8125)
(33 15.8 2.8125)
(33.4 15.8 2.8125)
(33.8 15.8 2.8125)
(34.2 15.8 2.8125)
(34.6 15.8 2.8125)
(35 15.8 2.8125)
(35.4 15.8 2.8125)
(35.8 15.8 2.8125)
(36.2 15.8 2.8125)
(36.6 15.8 2.8125)
(37 15.8 2.8125)
(37.4 15.8 2.8125)
(37.8 15.8 2.8125)
)
;

boundaryField
{
    inlet
    {
        type            calculated;
        value           nonuniform List<vector> 
80
(
(0 0.2 0.1875)
(0 0.6 0.1875)
(0 1 0.1875)
(0 1.4 0.1875)
(0 1.8 0.1875)
(0 2.2 0.1875)
(0 2.6 0.1875)
(0 3 0.1875)
(0 3.4 0.1875)
(0 3.8 0.1875)
(0 0.2 0.5625)
(0 0.6 0.5625)
(0 1 0.5625)
(0 1.4 0.5625)
(0 1.8 0.5625)
(0 2.2 0.5625)
(0 2.6 0.5625)
(0 3 0.5625)
(0 3.4 0.5625)
(0 3.8 0.5625)
(0 0.2 0.9375)
(0 0.6 0.9375)
(0 1 0.9375)
(0 1.4 0.9375)
(0 1.8 0.9375)
(0 2.2 0.9375)
(0 2.6 0.9375)
(0 3 0.9375)
(0 3.4 0.9375)
(0 3.8 0.9375)
(0 0.2 1.3125)
(0 0.6 1.3125)
(0 1 1.3125)
(0 1.4 1.3125)
(0 1.8 1.3125)
(0 2.2 1.3125)
(0 2.6 1.3125)
(0 3 1.3125)
(0 3.4 1.3125)
(0 3.8 1.3125)
(0 0.2 1.6875)
(0 0.6 1.6875)
(0 1 1.6875)
(0 1.4 1.6875)
(0 1.8 1.6875)
(0 2.2 1.6875)
(0 2.6 1.6875)
(0 3 1.6875)
(0 3.4 1.6875)
(0 3.8 1.6875)
(0 0.2 2.0625)
(0 0.6 2.0625)
(0 1 2.0625)
(0 1.4 2.0625)
(0 1.8 2.0625)
(0 2.2 2.0625)
(0 2.6 2.0625)
(0 3 2.0625)
(0 3.4 2.0625)
(0 3.8 2.0625)
(0 0.2 2.4375)
(0 0.6 2.4375)
(0 1 2.4375)
(0 1.4 2.4375)
(0 1.8 2.4375)
(0 2.2 2.4375)
(0 2.6 2.4375)
(0 3 2.4375)
(0 3.4 2.4375)
(0 3.8 2.4375)
(0 0.2 2.8125)
(0 0.6 2.8125)
(0 1 2.8125)
(0 1.4 2.8125)
(0 1.8 2.8125)
(0 2.2 2.8125)
(0 2.6 2.8125)
(0 3 2.8125)
(0 3.4 2.8125)
(0 3.8 2.8125)
)
;
    }
    outlet
    {
        type            calculated;
        value           nonuniform List<vector> 
80
(
(60 0.2 0.1875)
(60 0.6 0.1875)
(60 1 0.1875)
(60 1.4 0.1875)
(60 1.8 0.1875)
(60 2.2 0.1875)
(60 2.6 0.1875)
(60 3 0.1875)
(60 3.4 0.1875)
(60 3.8 0.1875)
(60 0.2 0.5625)
(60 0.6 0.5625)
(60 1 0.5625)
(60 1.4 0.5625)
(60 1.8 0.5625)
(60 2.2 0.5625)
(60 2.6 0.5625)
(60 3 0.5625)
(60 3.4 0.5625)
(60 3.8 0.5625)
(60 0.2 0.9375)
(60 0.6 0.9375)
(60 1 0.9375)
(60 1.4 0.9375)
(60 1.8 0.9375)
(60 2.2 0.9375)
(60 2.6 0.9375)
(60 3 0.9375)
(60 3.4 0.9375)
(60 3.8 0.9375)
(60 0.2 1.3125)
(60 0.6 1.3125)
(60 1 1.3125)
(60 1.4 1.3125)
(60 1.8 1.3125)
(60 2.2 1.3125)
(60 2.6 1.3125)
(60 3 1.3125)
(60 3.4 1.3125)
(60 3.8 1.3125)
(60 0.2 1.6875)
(60 0.6 1.6875)
(60 1 1.6875)
(60 1.4 1.6875)
(60 1.8 1.6875)
(60 2.2 1.6875)
(60 2.6 1.6875)
(60 3 1.6875)
(60 3.4 1.6875)
(60 3.8 1.6875)
(60 0.2 2.0625)
(60 0.6 2.0625)
(60 1 2.0625)
(60 1.4 2.0625)
(60 1.8 2.0625)
(60 2.2 2.0625)
(60 2.6 2.0625)
(60 3 2.0625)
(60 3.4 2.0625)
(60 3.8 2.0625)
(60 0.2 2.4375)
(60 0.6 2.4375)
(60 1 2.4375)
(60 1.4 2.4375)
(60 1.8 2.4375)
(60 2.2 2.4375)
(60 2.6 2.4375)
(60 3 2.4375)
(60 3.4 2.4375)
(60 3.8 2.4375)
(60 0.2 2.8125)
(60 0.6 2.8125)
(60 1 2.8125)
(60 1.4 2.8125)
(60 1.8 2.8125)
(60 2.2 2.8125)
(60 2.6 2.8125)
(60 3 2.8125)
(60 3.4 2.8125)
(60 3.8 2.8125)
)
;
    }
    walls
    {
        type            calculated;
        value           nonuniform List<vector> 
7380
(
(0.2 0 0.1875)
(0.2 0 0.5625)
(0.2 0 0.9375)
(0.2 0 1.3125)
(0.2 0 1.6875)
(0.2 0 2.0625)
(0.2 0 2.4375)
(0.2 0 2.8125)
(0.6 0 0.1875)
(0.6 0 0.5625)
(0.6 0 0.9375)
(0.6 0 1.3125)
(0.6 0 1.6875)
(0.6 0 2.0625)
(0.6 0 2.4375)
(0.6 0 2.8125)
(1 0 0.1875)
(1 0 0.5625)
(1 0 0.9375)
(1 0 1.3125)
(1 0 1.6875)
(1 0 2.0625)
(1 0 2.4375)
(1 0 2.8125)
(1.4 0 0.1875)
(1.4 0 0.5625)
(1.4 0 0.9375)
(1.4 0 1.3125)
(1.4 0 1.6875)
(1.4 0 2.0625)
(1.4 0 2.4375)
(1.4 0 2.8125)
(1.8 0 0.1875)
(1.8 0 0.5625)
(1.8 0 0.9375)
(1.8 0 1.3125)
(1.8 0 1.6875)
(1.8 0 2.0625)
(1.8 0 2.4375)
(1.8 0 2.8125)
(2.2 0 0.1875)
(2.2 0 0.5625)
(2.2 0 0.9375)
(2.2 0 1.3125)
(2.2 0 1.6875)
(2.2 0 2.0625)
(2.2 0 2.4375)
(2.2 0 2.8125)
(2.6 0 0.1875)
(2.6 0 0.5625)
(2.6 0 0.9375)
(2.6 0 1.3125)
(2.6 0 1.6875)
(2.6 0 2.0625)
(2.6 0 2.4375)
(2.6 0 2.8125)
(3 0 0.1875)
(3 0 0.5625)
(3 0 0.9375)
(3 0 1.3125)
(3 0 1.6875)
(3 0 2.0625)
(3 0 2.4375)
(3 0 2.8125)
(3.4 0 0.1875)
(3.4 0 0.5625)
(3.4 0 0.9375)
(3.4 0 1.3125)
(3.4 0 1.6875)
(3.4 0 2.0625)
(3.4 0 2.4375)
(3.4 0 2.8125)
(3.8 0 0.1875)
(3.8 0 0.5625)
(3.8 0 0.9375)
(3.8 0 1.3125)
(3.8 0 1.6875)
(3.8 0 2.0625)
(3.8 0 2.4375)
(3.8 0 2.8125)
(4.2 0 0.1875)
(4.2 0 0.5625)
(4.2 0 0.9375)
(4.2 0 1.3125)
(4.2 0 1.6875)
(4.2 0 2.0625)
(4.2 0 2.4375)
(4.2 0 2.8125)
(4.6 0 0.1875)
(4.6 0 0.5625)
(4.6 0 0.9375)
(4.6 0 1.3125)
(4.6 0 1.6875)
(4.6 0 2.0625)
(4.6 0 2.4375)
(4.6 0 2.8125)
(5 0 0.1875)
(5 0 0.5625)
(5 0 0.9375)
(5 0 1.3125)
(5 0 1.6875)
(5 0 2.0625)
(5 0 2.4375)
(5 0 2.8125)
(5.4 0 0.1875)
(5.4 0 0.5625)
(5.4 0 0.9375)
(5.4 0 1.3125)
(5.4 0 1.6875)
(5.4 0 2.0625)
(5.4 0 2.4375)
(5.4 0 2.8125)
(5.8 0 0.1875)
(5.8 0 0.5625)
(5.8 0 0.9375)
(5.8 0 1.3125)
(5.8 0 1.6875)
(5.8 0 2.0625)
(5.8 0 2.4375)
(5.8 0 2.8125)
(6.2 0 0.1875)
(6.2 0 0.5625)
(6.2 0 0.9375)
(6.2 0 1.3125)
(6.2 0 1.6875)
(6.2 0 2.0625)
(6.2 0 2.4375)
(6.2 0 2.8125)
(6.6 0 0.1875)
(6.6 0 0.5625)
(6.6 0 0.9375)
(6.6 0 1.3125)
(6.6 0 1.6875)
(6.6 0 2.0625)
(6.6 0 2.4375)
(6.6 0 2.8125)
(7 0 0.1875)
(7 0 0.5625)
(7 0 0.9375)
(7 0 1.3125)
(7 0 1.6875)
(7 0 2.0625)
(7 0 2.4375)
(7 0 2.8125)
(7.4 0 0.1875)
(7.4 0 0.5625)
(7.4 0 0.9375)
(7.4 0 1.3125)
(7.4 0 1.6875)
(7.4 0 2.0625)
(7.4 0 2.4375)
(7.4 0 2.8125)
(7.8 0 0.1875)
(7.8 0 0.5625)
(7.8 0 0.9375)
(7.8 0 1.3125)
(7.8 0 1.6875)
(7.8 0 2.0625)
(7.8 0 2.4375)
(7.8 0 2.8125)
(8.2 0 0.1875)
(8.2 0 0.5625)
(8.2 0 0.9375)
(8.2 0 1.3125)
(8.2 0 1.6875)
(8.2 0 2.0625)
(8.2 0 2.4375)
(8.2 0 2.8125)
(8.6 0 0.1875)
(8.6 0 0.5625)
(8.6 0 0.9375)
(8.6 0 1.3125)
(8.6 0 1.6875)
(8.6 0 2.0625)
(8.6 0 2.4375)
(8.6 0 2.8125)
(9 0 0.1875)
(9 0 0.5625)
(9 0 0.9375)
(9 0 1.3125)
(9 0 1.6875)
(9 0 2.0625)
(9 0 2.4375)
(9 0 2.8125)
(9.4 0 0.1875)
(9.4 0 0.5625)
(9.4 0 0.9375)
(9.4 0 1.3125)
(9.4 0 1.6875)
(9.4 0 2.0625)
(9.4 0 2.4375)
(9.4 0 2.8125)
(9.8 0 0.1875)
(9.8 0 0.5625)
(9.8 0 0.9375)
(9.8 0 1.3125)
(9.8 0 1.6875)
(9.8 0 2.0625)
(9.8 0 2.4375)
(9.8 0 2.8125)
(10.2 0 0.1875)
(10.2 0 0.5625)
(10.2 0 0.9375)
(10.2 0 1.3125)
(10.2 0 1.6875)
(10.2 0 2.0625)
(10.2 0 2.4375)
(10.2 0 2.8125)
(10.6 0 0.1875)
(10.6 0 0.5625)
(10.6 0 0.9375)
(10.6 0 1.3125)
(10.6 0 1.6875)
(10.6 0 2.0625)
(10.6 0 2.4375)
(10.6 0 2.8125)
(11 0 0.1875)
(11 0 0.5625)
(11 0 0.9375)
(11 0 1.3125)
(11 0 1.6875)
(11 0 2.0625)
(11 0 2.4375)
(11 0 2.8125)
(11.4 0 0.1875)
(11.4 0 0.5625)
(11.4 0 0.9375)
(11.4 0 1.3125)
(11.4 0 1.6875)
(11.4 0 2.0625)
(11.4 0 2.4375)
(11.4 0 2.8125)
(11.8 0 0.1875)
(11.8 0 0.5625)
(11.8 0 0.9375)
(11.8 0 1.3125)
(11.8 0 1.6875)
(11.8 0 2.0625)
(11.8 0 2.4375)
(11.8 0 2.8125)
(12.2 0 0.1875)
(12.2 0 0.5625)
(12.2 0 0.9375)
(12.2 0 1.3125)
(12.2 0 1.6875)
(12.2 0 2.0625)
(12.2 0 2.4375)
(12.2 0 2.8125)
(12.6 0 0.1875)
(12.6 0 0.5625)
(12.6 0 0.9375)
(12.6 0 1.3125)
(12.6 0 1.6875)
(12.6 0 2.0625)
(12.6 0 2.4375)
(12.6 0 2.8125)
(13 0 0.1875)
(13 0 0.5625)
(13 0 0.9375)
(13 0 1.3125)
(13 0 1.6875)
(13 0 2.0625)
(13 0 2.4375)
(13 0 2.8125)
(13.4 0 0.1875)
(13.4 0 0.5625)
(13.4 0 0.9375)
(13.4 0 1.3125)
(13.4 0 1.6875)
(13.4 0 2.0625)
(13.4 0 2.4375)
(13.4 0 2.8125)
(13.8 0 0.1875)
(13.8 0 0.5625)
(13.8 0 0.9375)
(13.8 0 1.3125)
(13.8 0 1.6875)
(13.8 0 2.0625)
(13.8 0 2.4375)
(13.8 0 2.8125)
(14.2 0 0.1875)
(14.2 0 0.5625)
(14.2 0 0.9375)
(14.2 0 1.3125)
(14.2 0 1.6875)
(14.2 0 2.0625)
(14.2 0 2.4375)
(14.2 0 2.8125)
(14.6 0 0.1875)
(14.6 0 0.5625)
(14.6 0 0.9375)
(14.6 0 1.3125)
(14.6 0 1.6875)
(14.6 0 2.0625)
(14.6 0 2.4375)
(14.6 0 2.8125)
(15 0 0.1875)
(15 0 0.5625)
(15 0 0.9375)
(15 0 1.3125)
(15 0 1.6875)
(15 0 2.0625)
(15 0 2.4375)
(15 0 2.8125)
(15.4 0 0.1875)
(15.4 0 0.5625)
(15.4 0 0.9375)
(15.4 0 1.3125)
(15.4 0 1.6875)
(15.4 0 2.0625)
(15.4 0 2.4375)
(15.4 0 2.8125)
(15.8 0 0.1875)
(15.8 0 0.5625)
(15.8 0 0.9375)
(15.8 0 1.3125)
(15.8 0 1.6875)
(15.8 0 2.0625)
(15.8 0 2.4375)
(15.8 0 2.8125)
(16.2 0 0.1875)
(16.2 0 0.5625)
(16.2 0 0.9375)
(16.2 0 1.3125)
(16.2 0 1.6875)
(16.2 0 2.0625)
(16.2 0 2.4375)
(16.2 0 2.8125)
(16.6 0 0.1875)
(16.6 0 0.5625)
(16.6 0 0.9375)
(16.6 0 1.3125)
(16.6 0 1.6875)
(16.6 0 2.0625)
(16.6 0 2.4375)
(16.6 0 2.8125)
(17 0 0.1875)
(17 0 0.5625)
(17 0 0.9375)
(17 0 1.3125)
(17 0 1.6875)
(17 0 2.0625)
(17 0 2.4375)
(17 0 2.8125)
(17.4 0 0.1875)
(17.4 0 0.5625)
(17.4 0 0.9375)
(17.4 0 1.3125)
(17.4 0 1.6875)
(17.4 0 2.0625)
(17.4 0 2.4375)
(17.4 0 2.8125)
(17.8 0 0.1875)
(17.8 0 0.5625)
(17.8 0 0.9375)
(17.8 0 1.3125)
(17.8 0 1.6875)
(17.8 0 2.0625)
(17.8 0 2.4375)
(17.8 0 2.8125)
(18.2 0 0.1875)
(18.2 0 0.5625)
(18.2 0 0.9375)
(18.2 0 1.3125)
(18.2 0 1.6875)
(18.2 0 2.0625)
(18.2 0 2.4375)
(18.2 0 2.8125)
(18.6 0 0.1875)
(18.6 0 0.5625)
(18.6 0 0.9375)
(18.6 0 1.3125)
(18.6 0 1.6875)
(18.6 0 2.0625)
(18.6 0 2.4375)
(18.6 0 2.8125)
(19 0 0.1875)
(19 0 0.5625)
(19 0 0.9375)
(19 0 1.3125)
(19 0 1.6875)
(19 0 2.0625)
(19 0 2.4375)
(19 0 2.8125)
(19.4 0 0.1875)
(19.4 0 0.5625)
(19.4 0 0.9375)
(19.4 0 1.3125)
(19.4 0 1.6875)
(19.4 0 2.0625)
(19.4 0 2.4375)
(19.4 0 2.8125)
(19.8 0 0.1875)
(19.8 0 0.5625)
(19.8 0 0.9375)
(19.8 0 1.3125)
(19.8 0 1.6875)
(19.8 0 2.0625)
(19.8 0 2.4375)
(19.8 0 2.8125)
(20.2 0 0.1875)
(20.2 0 0.5625)
(20.2 0 0.9375)
(20.2 0 1.3125)
(20.2 0 1.6875)
(20.2 0 2.0625)
(20.2 0 2.4375)
(20.2 0 2.8125)
(20.6 0 0.1875)
(20.6 0 0.5625)
(20.6 0 0.9375)
(20.6 0 1.3125)
(20.6 0 1.6875)
(20.6 0 2.0625)
(20.6 0 2.4375)
(20.6 0 2.8125)
(21 0 0.1875)
(21 0 0.5625)
(21 0 0.9375)
(21 0 1.3125)
(21 0 1.6875)
(21 0 2.0625)
(21 0 2.4375)
(21 0 2.8125)
(21.4 0 0.1875)
(21.4 0 0.5625)
(21.4 0 0.9375)
(21.4 0 1.3125)
(21.4 0 1.6875)
(21.4 0 2.0625)
(21.4 0 2.4375)
(21.4 0 2.8125)
(21.8 0 0.1875)
(21.8 0 0.5625)
(21.8 0 0.9375)
(21.8 0 1.3125)
(21.8 0 1.6875)
(21.8 0 2.0625)
(21.8 0 2.4375)
(21.8 0 2.8125)
(22.2 0 0.1875)
(22.2 0 0.5625)
(22.2 0 0.9375)
(22.2 0 1.3125)
(22.2 0 1.6875)
(22.2 0 2.0625)
(22.2 0 2.4375)
(22.2 0 2.8125)
(22.6 0 0.1875)
(22.6 0 0.5625)
(22.6 0 0.9375)
(22.6 0 1.3125)
(22.6 0 1.6875)
(22.6 0 2.0625)
(22.6 0 2.4375)
(22.6 0 2.8125)
(23 0 0.1875)
(23 0 0.5625)
(23 0 0.9375)
(23 0 1.3125)
(23 0 1.6875)
(23 0 2.0625)
(23 0 2.4375)
(23 0 2.8125)
(23.4 0 0.1875)
(23.4 0 0.5625)
(23.4 0 0.9375)
(23.4 0 1.3125)
(23.4 0 1.6875)
(23.4 0 2.0625)
(23.4 0 2.4375)
(23.4 0 2.8125)
(23.8 0 0.1875)
(23.8 0 0.5625)
(23.8 0 0.9375)
(23.8 0 1.3125)
(23.8 0 1.6875)
(23.8 0 2.0625)
(23.8 0 2.4375)
(23.8 0 2.8125)
(24.2 0 0.1875)
(24.2 0 0.5625)
(24.2 0 0.9375)
(24.2 0 1.3125)
(24.2 0 1.6875)
(24.2 0 2.0625)
(24.2 0 2.4375)
(24.2 0 2.8125)
(24.6 0 0.1875)
(24.6 0 0.5625)
(24.6 0 0.9375)
(24.6 0 1.3125)
(24.6 0 1.6875)
(24.6 0 2.0625)
(24.6 0 2.4375)
(24.6 0 2.8125)
(25 0 0.1875)
(25 0 0.5625)
(25 0 0.9375)
(25 0 1.3125)
(25 0 1.6875)
(25 0 2.0625)
(25 0 2.4375)
(25 0 2.8125)
(25.4 0 0.1875)
(25.4 0 0.5625)
(25.4 0 0.9375)
(25.4 0 1.3125)
(25.4 0 1.6875)
(25.4 0 2.0625)
(25.4 0 2.4375)
(25.4 0 2.8125)
(25.8 0 0.1875)
(25.8 0 0.5625)
(25.8 0 0.9375)
(25.8 0 1.3125)
(25.8 0 1.6875)
(25.8 0 2.0625)
(25.8 0 2.4375)
(25.8 0 2.8125)
(26.2 0 0.1875)
(26.2 0 0.5625)
(26.2 0 0.9375)
(26.2 0 1.3125)
(26.2 0 1.6875)
(26.2 0 2.0625)
(26.2 0 2.4375)
(26.2 0 2.8125)
(26.6 0 0.1875)
(26.6 0 0.5625)
(26.6 0 0.9375)
(26.6 0 1.3125)
(26.6 0 1.6875)
(26.6 0 2.0625)
(26.6 0 2.4375)
(26.6 0 2.8125)
(27 0 0.1875)
(27 0 0.5625)
(27 0 0.9375)
(27 0 1.3125)
(27 0 1.6875)
(27 0 2.0625)
(27 0 2.4375)
(27 0 2.8125)
(27.4 0 0.1875)
(27.4 0 0.5625)
(27.4 0 0.9375)
(27.4 0 1.3125)
(27.4 0 1.6875)
(27.4 0 2.0625)
(27.4 0 2.4375)
(27.4 0 2.8125)
(27.8 0 0.1875)
(27.8 0 0.5625)
(27.8 0 0.9375)
(27.8 0 1.3125)
(27.8 0 1.6875)
(27.8 0 2.0625)
(27.8 0 2.4375)
(27.8 0 2.8125)
(0.2 4 0.1875)
(0.2 4 0.5625)
(0.2 4 0.9375)
(0.2 4 1.3125)
(0.2 4 1.6875)
(0.2 4 2.0625)
(0.2 4 2.4375)
(0.2 4 2.8125)
(0.6 4 0.1875)
(0.6 4 0.5625)
(0.6 4 0.9375)
(0.6 4 1.3125)
(0.6 4 1.6875)
(0.6 4 2.0625)
(0.6 4 2.4375)
(0.6 4 2.8125)
(1 4 0.1875)
(1 4 0.5625)
(1 4 0.9375)
(1 4 1.3125)
(1 4 1.6875)
(1 4 2.0625)
(1 4 2.4375)
(1 4 2.8125)
(1.4 4 0.1875)
(1.4 4 0.5625)
(1.4 4 0.9375)
(1.4 4 1.3125)
(1.4 4 1.6875)
(1.4 4 2.0625)
(1.4 4 2.4375)
(1.4 4 2.8125)
(1.8 4 0.1875)
(1.8 4 0.5625)
(1.8 4 0.9375)
(1.8 4 1.3125)
(1.8 4 1.6875)
(1.8 4 2.0625)
(1.8 4 2.4375)
(1.8 4 2.8125)
(2.2 4 0.1875)
(2.2 4 0.5625)
(2.2 4 0.9375)
(2.2 4 1.3125)
(2.2 4 1.6875)
(2.2 4 2.0625)
(2.2 4 2.4375)
(2.2 4 2.8125)
(2.6 4 0.1875)
(2.6 4 0.5625)
(2.6 4 0.9375)
(2.6 4 1.3125)
(2.6 4 1.6875)
(2.6 4 2.0625)
(2.6 4 2.4375)
(2.6 4 2.8125)
(3 4 0.1875)
(3 4 0.5625)
(3 4 0.9375)
(3 4 1.3125)
(3 4 1.6875)
(3 4 2.0625)
(3 4 2.4375)
(3 4 2.8125)
(3.4 4 0.1875)
(3.4 4 0.5625)
(3.4 4 0.9375)
(3.4 4 1.3125)
(3.4 4 1.6875)
(3.4 4 2.0625)
(3.4 4 2.4375)
(3.4 4 2.8125)
(3.8 4 0.1875)
(3.8 4 0.5625)
(3.8 4 0.9375)
(3.8 4 1.3125)
(3.8 4 1.6875)
(3.8 4 2.0625)
(3.8 4 2.4375)
(3.8 4 2.8125)
(4.2 4 0.1875)
(4.2 4 0.5625)
(4.2 4 0.9375)
(4.2 4 1.3125)
(4.2 4 1.6875)
(4.2 4 2.0625)
(4.2 4 2.4375)
(4.2 4 2.8125)
(4.6 4 0.1875)
(4.6 4 0.5625)
(4.6 4 0.9375)
(4.6 4 1.3125)
(4.6 4 1.6875)
(4.6 4 2.0625)
(4.6 4 2.4375)
(4.6 4 2.8125)
(5 4 0.1875)
(5 4 0.5625)
(5 4 0.9375)
(5 4 1.3125)
(5 4 1.6875)
(5 4 2.0625)
(5 4 2.4375)
(5 4 2.8125)
(5.4 4 0.1875)
(5.4 4 0.5625)
(5.4 4 0.9375)
(5.4 4 1.3125)
(5.4 4 1.6875)
(5.4 4 2.0625)
(5.4 4 2.4375)
(5.4 4 2.8125)
(5.8 4 0.1875)
(5.8 4 0.5625)
(5.8 4 0.9375)
(5.8 4 1.3125)
(5.8 4 1.6875)
(5.8 4 2.0625)
(5.8 4 2.4375)
(5.8 4 2.8125)
(6.2 4 0.1875)
(6.2 4 0.5625)
(6.2 4 0.9375)
(6.2 4 1.3125)
(6.2 4 1.6875)
(6.2 4 2.0625)
(6.2 4 2.4375)
(6.2 4 2.8125)
(6.6 4 0.1875)
(6.6 4 0.5625)
(6.6 4 0.9375)
(6.6 4 1.3125)
(6.6 4 1.6875)
(6.6 4 2.0625)
(6.6 4 2.4375)
(6.6 4 2.8125)
(7 4 0.1875)
(7 4 0.5625)
(7 4 0.9375)
(7 4 1.3125)
(7 4 1.6875)
(7 4 2.0625)
(7 4 2.4375)
(7 4 2.8125)
(7.4 4 0.1875)
(7.4 4 0.5625)
(7.4 4 0.9375)
(7.4 4 1.3125)
(7.4 4 1.6875)
(7.4 4 2.0625)
(7.4 4 2.4375)
(7.4 4 2.8125)
(7.8 4 0.1875)
(7.8 4 0.5625)
(7.8 4 0.9375)
(7.8 4 1.3125)
(7.8 4 1.6875)
(7.8 4 2.0625)
(7.8 4 2.4375)
(7.8 4 2.8125)
(8.2 4 0.1875)
(8.2 4 0.5625)
(8.2 4 0.9375)
(8.2 4 1.3125)
(8.2 4 1.6875)
(8.2 4 2.0625)
(8.2 4 2.4375)
(8.2 4 2.8125)
(8.6 4 0.1875)
(8.6 4 0.5625)
(8.6 4 0.9375)
(8.6 4 1.3125)
(8.6 4 1.6875)
(8.6 4 2.0625)
(8.6 4 2.4375)
(8.6 4 2.8125)
(9 4 0.1875)
(9 4 0.5625)
(9 4 0.9375)
(9 4 1.3125)
(9 4 1.6875)
(9 4 2.0625)
(9 4 2.4375)
(9 4 2.8125)
(9.4 4 0.1875)
(9.4 4 0.5625)
(9.4 4 0.9375)
(9.4 4 1.3125)
(9.4 4 1.6875)
(9.4 4 2.0625)
(9.4 4 2.4375)
(9.4 4 2.8125)
(9.8 4 0.1875)
(9.8 4 0.5625)
(9.8 4 0.9375)
(9.8 4 1.3125)
(9.8 4 1.6875)
(9.8 4 2.0625)
(9.8 4 2.4375)
(9.8 4 2.8125)
(10.2 4 0.1875)
(10.2 4 0.5625)
(10.2 4 0.9375)
(10.2 4 1.3125)
(10.2 4 1.6875)
(10.2 4 2.0625)
(10.2 4 2.4375)
(10.2 4 2.8125)
(10.6 4 0.1875)
(10.6 4 0.5625)
(10.6 4 0.9375)
(10.6 4 1.3125)
(10.6 4 1.6875)
(10.6 4 2.0625)
(10.6 4 2.4375)
(10.6 4 2.8125)
(11 4 0.1875)
(11 4 0.5625)
(11 4 0.9375)
(11 4 1.3125)
(11 4 1.6875)
(11 4 2.0625)
(11 4 2.4375)
(11 4 2.8125)
(11.4 4 0.1875)
(11.4 4 0.5625)
(11.4 4 0.9375)
(11.4 4 1.3125)
(11.4 4 1.6875)
(11.4 4 2.0625)
(11.4 4 2.4375)
(11.4 4 2.8125)
(11.8 4 0.1875)
(11.8 4 0.5625)
(11.8 4 0.9375)
(11.8 4 1.3125)
(11.8 4 1.6875)
(11.8 4 2.0625)
(11.8 4 2.4375)
(11.8 4 2.8125)
(12.2 4 0.1875)
(12.2 4 0.5625)
(12.2 4 0.9375)
(12.2 4 1.3125)
(12.2 4 1.6875)
(12.2 4 2.0625)
(12.2 4 2.4375)
(12.2 4 2.8125)
(12.6 4 0.1875)
(12.6 4 0.5625)
(12.6 4 0.9375)
(12.6 4 1.3125)
(12.6 4 1.6875)
(12.6 4 2.0625)
(12.6 4 2.4375)
(12.6 4 2.8125)
(13 4 0.1875)
(13 4 0.5625)
(13 4 0.9375)
(13 4 1.3125)
(13 4 1.6875)
(13 4 2.0625)
(13 4 2.4375)
(13 4 2.8125)
(13.4 4 0.1875)
(13.4 4 0.5625)
(13.4 4 0.9375)
(13.4 4 1.3125)
(13.4 4 1.6875)
(13.4 4 2.0625)
(13.4 4 2.4375)
(13.4 4 2.8125)
(13.8 4 0.1875)
(13.8 4 0.5625)
(13.8 4 0.9375)
(13.8 4 1.3125)
(13.8 4 1.6875)
(13.8 4 2.0625)
(13.8 4 2.4375)
(13.8 4 2.8125)
(14.2 4 0.1875)
(14.2 4 0.5625)
(14.2 4 0.9375)
(14.2 4 1.3125)
(14.2 4 1.6875)
(14.2 4 2.0625)
(14.2 4 2.4375)
(14.2 4 2.8125)
(14.6 4 0.1875)
(14.6 4 0.5625)
(14.6 4 0.9375)
(14.6 4 1.3125)
(14.6 4 1.6875)
(14.6 4 2.0625)
(14.6 4 2.4375)
(14.6 4 2.8125)
(15 4 0.1875)
(15 4 0.5625)
(15 4 0.9375)
(15 4 1.3125)
(15 4 1.6875)
(15 4 2.0625)
(15 4 2.4375)
(15 4 2.8125)
(15.4 4 0.1875)
(15.4 4 0.5625)
(15.4 4 0.9375)
(15.4 4 1.3125)
(15.4 4 1.6875)
(15.4 4 2.0625)
(15.4 4 2.4375)
(15.4 4 2.8125)
(15.8 4 0.1875)
(15.8 4 0.5625)
(15.8 4 0.9375)
(15.8 4 1.3125)
(15.8 4 1.6875)
(15.8 4 2.0625)
(15.8 4 2.4375)
(15.8 4 2.8125)
(16.2 4 0.1875)
(16.2 4 0.5625)
(16.2 4 0.9375)
(16.2 4 1.3125)
(16.2 4 1.6875)
(16.2 4 2.0625)
(16.2 4 2.4375)
(16.2 4 2.8125)
(16.6 4 0.1875)
(16.6 4 0.5625)
(16.6 4 0.9375)
(16.6 4 1.3125)
(16.6 4 1.6875)
(16.6 4 2.0625)
(16.6 4 2.4375)
(16.6 4 2.8125)
(17 4 0.1875)
(17 4 0.5625)
(17 4 0.9375)
(17 4 1.3125)
(17 4 1.6875)
(17 4 2.0625)
(17 4 2.4375)
(17 4 2.8125)
(17.4 4 0.1875)
(17.4 4 0.5625)
(17.4 4 0.9375)
(17.4 4 1.3125)
(17.4 4 1.6875)
(17.4 4 2.0625)
(17.4 4 2.4375)
(17.4 4 2.8125)
(17.8 4 0.1875)
(17.8 4 0.5625)
(17.8 4 0.9375)
(17.8 4 1.3125)
(17.8 4 1.6875)
(17.8 4 2.0625)
(17.8 4 2.4375)
(17.8 4 2.8125)
(18.2 4 0.1875)
(18.2 4 0.5625)
(18.2 4 0.9375)
(18.2 4 1.3125)
(18.2 4 1.6875)
(18.2 4 2.0625)
(18.2 4 2.4375)
(18.2 4 2.8125)
(18.6 4 0.1875)
(18.6 4 0.5625)
(18.6 4 0.9375)
(18.6 4 1.3125)
(18.6 4 1.6875)
(18.6 4 2.0625)
(18.6 4 2.4375)
(18.6 4 2.8125)
(19 4 0.1875)
(19 4 0.5625)
(19 4 0.9375)
(19 4 1.3125)
(19 4 1.6875)
(19 4 2.0625)
(19 4 2.4375)
(19 4 2.8125)
(19.4 4 0.1875)
(19.4 4 0.5625)
(19.4 4 0.9375)
(19.4 4 1.3125)
(19.4 4 1.6875)
(19.4 4 2.0625)
(19.4 4 2.4375)
(19.4 4 2.8125)
(19.8 4 0.1875)
(19.8 4 0.5625)
(19.8 4 0.9375)
(19.8 4 1.3125)
(19.8 4 1.6875)
(19.8 4 2.0625)
(19.8 4 2.4375)
(19.8 4 2.8125)
(20.2 4 0.1875)
(20.2 4 0.5625)
(20.2 4 0.9375)
(20.2 4 1.3125)
(20.2 4 1.6875)
(20.2 4 2.0625)
(20.2 4 2.4375)
(20.2 4 2.8125)
(20.6 4 0.1875)
(20.6 4 0.5625)
(20.6 4 0.9375)
(20.6 4 1.3125)
(20.6 4 1.6875)
(20.6 4 2.0625)
(20.6 4 2.4375)
(20.6 4 2.8125)
(21 4 0.1875)
(21 4 0.5625)
(21 4 0.9375)
(21 4 1.3125)
(21 4 1.6875)
(21 4 2.0625)
(21 4 2.4375)
(21 4 2.8125)
(21.4 4 0.1875)
(21.4 4 0.5625)
(21.4 4 0.9375)
(21.4 4 1.3125)
(21.4 4 1.6875)
(21.4 4 2.0625)
(21.4 4 2.4375)
(21.4 4 2.8125)
(21.8 4 0.1875)
(21.8 4 0.5625)
(21.8 4 0.9375)
(21.8 4 1.3125)
(21.8 4 1.6875)
(21.8 4 2.0625)
(21.8 4 2.4375)
(21.8 4 2.8125)
(22.2 4 0.1875)
(22.2 4 0.5625)
(22.2 4 0.9375)
(22.2 4 1.3125)
(22.2 4 1.6875)
(22.2 4 2.0625)
(22.2 4 2.4375)
(22.2 4 2.8125)
(22.6 4 0.1875)
(22.6 4 0.5625)
(22.6 4 0.9375)
(22.6 4 1.3125)
(22.6 4 1.6875)
(22.6 4 2.0625)
(22.6 4 2.4375)
(22.6 4 2.8125)
(23 4 0.1875)
(23 4 0.5625)
(23 4 0.9375)
(23 4 1.3125)
(23 4 1.6875)
(23 4 2.0625)
(23 4 2.4375)
(23 4 2.8125)
(23.4 4 0.1875)
(23.4 4 0.5625)
(23.4 4 0.9375)
(23.4 4 1.3125)
(23.4 4 1.6875)
(23.4 4 2.0625)
(23.4 4 2.4375)
(23.4 4 2.8125)
(23.8 4 0.1875)
(23.8 4 0.5625)
(23.8 4 0.9375)
(23.8 4 1.3125)
(23.8 4 1.6875)
(23.8 4 2.0625)
(23.8 4 2.4375)
(23.8 4 2.8125)
(24.2 4 0.1875)
(24.2 4 0.5625)
(24.2 4 0.9375)
(24.2 4 1.3125)
(24.2 4 1.6875)
(24.2 4 2.0625)
(24.2 4 2.4375)
(24.2 4 2.8125)
(24.6 4 0.1875)
(24.6 4 0.5625)
(24.6 4 0.9375)
(24.6 4 1.3125)
(24.6 4 1.6875)
(24.6 4 2.0625)
(24.6 4 2.4375)
(24.6 4 2.8125)
(25 4 0.1875)
(25 4 0.5625)
(25 4 0.9375)
(25 4 1.3125)
(25 4 1.6875)
(25 4 2.0625)
(25 4 2.4375)
(25 4 2.8125)
(25.4 4 0.1875)
(25.4 4 0.5625)
(25.4 4 0.9375)
(25.4 4 1.3125)
(25.4 4 1.6875)
(25.4 4 2.0625)
(25.4 4 2.4375)
(25.4 4 2.8125)
(25.8 4 0.1875)
(25.8 4 0.5625)
(25.8 4 0.9375)
(25.8 4 1.3125)
(25.8 4 1.6875)
(25.8 4 2.0625)
(25.8 4 2.4375)
(25.8 4 2.8125)
(26.2 4 0.1875)
(26.2 4 0.5625)
(26.2 4 0.9375)
(26.2 4 1.3125)
(26.2 4 1.6875)
(26.2 4 2.0625)
(26.2 4 2.4375)
(26.2 4 2.8125)
(26.6 4 0.1875)
(26.6 4 0.5625)
(26.6 4 0.9375)
(26.6 4 1.3125)
(26.6 4 1.6875)
(26.6 4 2.0625)
(26.6 4 2.4375)
(26.6 4 2.8125)
(27 4 0.1875)
(27 4 0.5625)
(27 4 0.9375)
(27 4 1.3125)
(27 4 1.6875)
(27 4 2.0625)
(27 4 2.4375)
(27 4 2.8125)
(27.4 4 0.1875)
(27.4 4 0.5625)
(27.4 4 0.9375)
(27.4 4 1.3125)
(27.4 4 1.6875)
(27.4 4 2.0625)
(27.4 4 2.4375)
(27.4 4 2.8125)
(27.8 4 0.1875)
(27.8 4 0.5625)
(27.8 4 0.9375)
(27.8 4 1.3125)
(27.8 4 1.6875)
(27.8 4 2.0625)
(27.8 4 2.4375)
(27.8 4 2.8125)
(0.2 0.2 0)
(0.2 0.6 0)
(0.2 1 0)
(0.2 1.4 0)
(0.2 1.8 0)
(0.2 2.2 0)
(0.2 2.6 0)
(0.2 3 0)
(0.2 3.4 0)
(0.2 3.8 0)
(0.6 0.2 0)
(0.6 0.6 0)
(0.6 1 0)
(0.6 1.4 0)
(0.6 1.8 0)
(0.6 2.2 0)
(0.6 2.6 0)
(0.6 3 0)
(0.6 3.4 0)
(0.6 3.8 0)
(1 0.2 0)
(1 0.6 0)
(1 1 0)
(1 1.4 0)
(1 1.8 0)
(1 2.2 0)
(1 2.6 0)
(1 3 0)
(1 3.4 0)
(1 3.8 0)
(1.4 0.2 0)
(1.4 0.6 0)
(1.4 1 0)
(1.4 1.4 0)
(1.4 1.8 0)
(1.4 2.2 0)
(1.4 2.6 0)
(1.4 3 0)
(1.4 3.4 0)
(1.4 3.8 0)
(1.8 0.2 0)
(1.8 0.6 0)
(1.8 1 0)
(1.8 1.4 0)
(1.8 1.8 0)
(1.8 2.2 0)
(1.8 2.6 0)
(1.8 3 0)
(1.8 3.4 0)
(1.8 3.8 0)
(2.2 0.2 0)
(2.2 0.6 0)
(2.2 1 0)
(2.2 1.4 0)
(2.2 1.8 0)
(2.2 2.2 0)
(2.2 2.6 0)
(2.2 3 0)
(2.2 3.4 0)
(2.2 3.8 0)
(2.6 0.2 0)
(2.6 0.6 0)
(2.6 1 0)
(2.6 1.4 0)
(2.6 1.8 0)
(2.6 2.2 0)
(2.6 2.6 0)
(2.6 3 0)
(2.6 3.4 0)
(2.6 3.8 0)
(3 0.2 0)
(3 0.6 0)
(3 1 0)
(3 1.4 0)
(3 1.8 0)
(3 2.2 0)
(3 2.6 0)
(3 3 0)
(3 3.4 0)
(3 3.8 0)
(3.4 0.2 0)
(3.4 0.6 0)
(3.4 1 0)
(3.4 1.4 0)
(3.4 1.8 0)
(3.4 2.2 0)
(3.4 2.6 0)
(3.4 3 0)
(3.4 3.4 0)
(3.4 3.8 0)
(3.8 0.2 0)
(3.8 0.6 0)
(3.8 1 0)
(3.8 1.4 0)
(3.8 1.8 0)
(3.8 2.2 0)
(3.8 2.6 0)
(3.8 3 0)
(3.8 3.4 0)
(3.8 3.8 0)
(4.2 0.2 0)
(4.2 0.6 0)
(4.2 1 0)
(4.2 1.4 0)
(4.2 1.8 0)
(4.2 2.2 0)
(4.2 2.6 0)
(4.2 3 0)
(4.2 3.4 0)
(4.2 3.8 0)
(4.6 0.2 0)
(4.6 0.6 0)
(4.6 1 0)
(4.6 1.4 0)
(4.6 1.8 0)
(4.6 2.2 0)
(4.6 2.6 0)
(4.6 3 0)
(4.6 3.4 0)
(4.6 3.8 0)
(5 0.2 0)
(5 0.6 0)
(5 1 0)
(5 1.4 0)
(5 1.8 0)
(5 2.2 0)
(5 2.6 0)
(5 3 0)
(5 3.4 0)
(5 3.8 0)
(5.4 0.2 0)
(5.4 0.6 0)
(5.4 1 0)
(5.4 1.4 0)
(5.4 1.8 0)
(5.4 2.2 0)
(5.4 2.6 0)
(5.4 3 0)
(5.4 3.4 0)
(5.4 3.8 0)
(5.8 0.2 0)
(5.8 0.6 0)
(5.8 1 0)
(5.8 1.4 0)
(5.8 1.8 0)
(5.8 2.2 0)
(5.8 2.6 0)
(5.8 3 0)
(5.8 3.4 0)
(5.8 3.8 0)
(6.2 0.2 0)
(6.2 0.6 0)
(6.2 1 0)
(6.2 1.4 0)
(6.2 1.8 0)
(6.2 2.2 0)
(6.2 2.6 0)
(6.2 3 0)
(6.2 3.4 0)
(6.2 3.8 0)
(6.6 0.2 0)
(6.6 0.6 0)
(6.6 1 0)
(6.6 1.4 0)
(6.6 1.8 0)
(6.6 2.2 0)
(6.6 2.6 0)
(6.6 3 0)
(6.6 3.4 0)
(6.6 3.8 0)
(7 0.2 0)
(7 0.6 0)
(7 1 0)
(7 1.4 0)
(7 1.8 0)
(7 2.2 0)
(7 2.6 0)
(7 3 0)
(7 3.4 0)
(7 3.8 0)
(7.4 0.2 0)
(7.4 0.6 0)
(7.4 1 0)
(7.4 1.4 0)
(7.4 1.8 0)
(7.4 2.2 0)
(7.4 2.6 0)
(7.4 3 0)
(7.4 3.4 0)
(7.4 3.8 0)
(7.8 0.2 0)
(7.8 0.6 0)
(7.8 1 0)
(7.8 1.4 0)
(7.8 1.8 0)
(7.8 2.2 0)
(7.8 2.6 0)
(7.8 3 0)
(7.8 3.4 0)
(7.8 3.8 0)
(8.2 0.2 0)
(8.2 0.6 0)
(8.2 1 0)
(8.2 1.4 0)
(8.2 1.8 0)
(8.2 2.2 0)
(8.2 2.6 0)
(8.2 3 0)
(8.2 3.4 0)
(8.2 3.8 0)
(8.6 0.2 0)
(8.6 0.6 0)
(8.6 1 0)
(8.6 1.4 0)
(8.6 1.8 0)
(8.6 2.2 0)
(8.6 2.6 0)
(8.6 3 0)
(8.6 3.4 0)
(8.6 3.8 0)
(9 0.2 0)
(9 0.6 0)
(9 1 0)
(9 1.4 0)
(9 1.8 0)
(9 2.2 0)
(9 2.6 0)
(9 3 0)
(9 3.4 0)
(9 3.8 0)
(9.4 0.2 0)
(9.4 0.6 0)
(9.4 1 0)
(9.4 1.4 0)
(9.4 1.8 0)
(9.4 2.2 0)
(9.4 2.6 0)
(9.4 3 0)
(9.4 3.4 0)
(9.4 3.8 0)
(9.8 0.2 0)
(9.8 0.6 0)
(9.8 1 0)
(9.8 1.4 0)
(9.8 1.8 0)
(9.8 2.2 0)
(9.8 2.6 0)
(9.8 3 0)
(9.8 3.4 0)
(9.8 3.8 0)
(10.2 0.2 0)
(10.2 0.6 0)
(10.2 1 0)
(10.2 1.4 0)
(10.2 1.8 0)
(10.2 2.2 0)
(10.2 2.6 0)
(10.2 3 0)
(10.2 3.4 0)
(10.2 3.8 0)
(10.6 0.2 0)
(10.6 0.6 0)
(10.6 1 0)
(10.6 1.4 0)
(10.6 1.8 0)
(10.6 2.2 0)
(10.6 2.6 0)
(10.6 3 0)
(10.6 3.4 0)
(10.6 3.8 0)
(11 0.2 0)
(11 0.6 0)
(11 1 0)
(11 1.4 0)
(11 1.8 0)
(11 2.2 0)
(11 2.6 0)
(11 3 0)
(11 3.4 0)
(11 3.8 0)
(11.4 0.2 0)
(11.4 0.6 0)
(11.4 1 0)
(11.4 1.4 0)
(11.4 1.8 0)
(11.4 2.2 0)
(11.4 2.6 0)
(11.4 3 0)
(11.4 3.4 0)
(11.4 3.8 0)
(11.8 0.2 0)
(11.8 0.6 0)
(11.8 1 0)
(11.8 1.4 0)
(11.8 1.8 0)
(11.8 2.2 0)
(11.8 2.6 0)
(11.8 3 0)
(11.8 3.4 0)
(11.8 3.8 0)
(12.2 0.2 0)
(12.2 0.6 0)
(12.2 1 0)
(12.2 1.4 0)
(12.2 1.8 0)
(12.2 2.2 0)
(12.2 2.6 0)
(12.2 3 0)
(12.2 3.4 0)
(12.2 3.8 0)
(12.6 0.2 0)
(12.6 0.6 0)
(12.6 1 0)
(12.6 1.4 0)
(12.6 1.8 0)
(12.6 2.2 0)
(12.6 2.6 0)
(12.6 3 0)
(12.6 3.4 0)
(12.6 3.8 0)
(13 0.2 0)
(13 0.6 0)
(13 1 0)
(13 1.4 0)
(13 1.8 0)
(13 2.2 0)
(13 2.6 0)
(13 3 0)
(13 3.4 0)
(13 3.8 0)
(13.4 0.2 0)
(13.4 0.6 0)
(13.4 1 0)
(13.4 1.4 0)
(13.4 1.8 0)
(13.4 2.2 0)
(13.4 2.6 0)
(13.4 3 0)
(13.4 3.4 0)
(13.4 3.8 0)
(13.8 0.2 0)
(13.8 0.6 0)
(13.8 1 0)
(13.8 1.4 0)
(13.8 1.8 0)
(13.8 2.2 0)
(13.8 2.6 0)
(13.8 3 0)
(13.8 3.4 0)
(13.8 3.8 0)
(14.2 0.2 0)
(14.2 0.6 0)
(14.2 1 0)
(14.2 1.4 0)
(14.2 1.8 0)
(14.2 2.2 0)
(14.2 2.6 0)
(14.2 3 0)
(14.2 3.4 0)
(14.2 3.8 0)
(14.6 0.2 0)
(14.6 0.6 0)
(14.6 1 0)
(14.6 1.4 0)
(14.6 1.8 0)
(14.6 2.2 0)
(14.6 2.6 0)
(14.6 3 0)
(14.6 3.4 0)
(14.6 3.8 0)
(15 0.2 0)
(15 0.6 0)
(15 1 0)
(15 1.4 0)
(15 1.8 0)
(15 2.2 0)
(15 2.6 0)
(15 3 0)
(15 3.4 0)
(15 3.8 0)
(15.4 0.2 0)
(15.4 0.6 0)
(15.4 1 0)
(15.4 1.4 0)
(15.4 1.8 0)
(15.4 2.2 0)
(15.4 2.6 0)
(15.4 3 0)
(15.4 3.4 0)
(15.4 3.8 0)
(15.8 0.2 0)
(15.8 0.6 0)
(15.8 1 0)
(15.8 1.4 0)
(15.8 1.8 0)
(15.8 2.2 0)
(15.8 2.6 0)
(15.8 3 0)
(15.8 3.4 0)
(15.8 3.8 0)
(16.2 0.2 0)
(16.2 0.6 0)
(16.2 1 0)
(16.2 1.4 0)
(16.2 1.8 0)
(16.2 2.2 0)
(16.2 2.6 0)
(16.2 3 0)
(16.2 3.4 0)
(16.2 3.8 0)
(16.6 0.2 0)
(16.6 0.6 0)
(16.6 1 0)
(16.6 1.4 0)
(16.6 1.8 0)
(16.6 2.2 0)
(16.6 2.6 0)
(16.6 3 0)
(16.6 3.4 0)
(16.6 3.8 0)
(17 0.2 0)
(17 0.6 0)
(17 1 0)
(17 1.4 0)
(17 1.8 0)
(17 2.2 0)
(17 2.6 0)
(17 3 0)
(17 3.4 0)
(17 3.8 0)
(17.4 0.2 0)
(17.4 0.6 0)
(17.4 1 0)
(17.4 1.4 0)
(17.4 1.8 0)
(17.4 2.2 0)
(17.4 2.6 0)
(17.4 3 0)
(17.4 3.4 0)
(17.4 3.8 0)
(17.8 0.2 0)
(17.8 0.6 0)
(17.8 1 0)
(17.8 1.4 0)
(17.8 1.8 0)
(17.8 2.2 0)
(17.8 2.6 0)
(17.8 3 0)
(17.8 3.4 0)
(17.8 3.8 0)
(18.2 0.2 0)
(18.2 0.6 0)
(18.2 1 0)
(18.2 1.4 0)
(18.2 1.8 0)
(18.2 2.2 0)
(18.2 2.6 0)
(18.2 3 0)
(18.2 3.4 0)
(18.2 3.8 0)
(18.6 0.2 0)
(18.6 0.6 0)
(18.6 1 0)
(18.6 1.4 0)
(18.6 1.8 0)
(18.6 2.2 0)
(18.6 2.6 0)
(18.6 3 0)
(18.6 3.4 0)
(18.6 3.8 0)
(19 0.2 0)
(19 0.6 0)
(19 1 0)
(19 1.4 0)
(19 1.8 0)
(19 2.2 0)
(19 2.6 0)
(19 3 0)
(19 3.4 0)
(19 3.8 0)
(19.4 0.2 0)
(19.4 0.6 0)
(19.4 1 0)
(19.4 1.4 0)
(19.4 1.8 0)
(19.4 2.2 0)
(19.4 2.6 0)
(19.4 3 0)
(19.4 3.4 0)
(19.4 3.8 0)
(19.8 0.2 0)
(19.8 0.6 0)
(19.8 1 0)
(19.8 1.4 0)
(19.8 1.8 0)
(19.8 2.2 0)
(19.8 2.6 0)
(19.8 3 0)
(19.8 3.4 0)
(19.8 3.8 0)
(20.2 0.2 0)
(20.2 0.6 0)
(20.2 1 0)
(20.2 1.4 0)
(20.2 1.8 0)
(20.2 2.2 0)
(20.2 2.6 0)
(20.2 3 0)
(20.2 3.4 0)
(20.2 3.8 0)
(20.6 0.2 0)
(20.6 0.6 0)
(20.6 1 0)
(20.6 1.4 0)
(20.6 1.8 0)
(20.6 2.2 0)
(20.6 2.6 0)
(20.6 3 0)
(20.6 3.4 0)
(20.6 3.8 0)
(21 0.2 0)
(21 0.6 0)
(21 1 0)
(21 1.4 0)
(21 1.8 0)
(21 2.2 0)
(21 2.6 0)
(21 3 0)
(21 3.4 0)
(21 3.8 0)
(21.4 0.2 0)
(21.4 0.6 0)
(21.4 1 0)
(21.4 1.4 0)
(21.4 1.8 0)
(21.4 2.2 0)
(21.4 2.6 0)
(21.4 3 0)
(21.4 3.4 0)
(21.4 3.8 0)
(21.8 0.2 0)
(21.8 0.6 0)
(21.8 1 0)
(21.8 1.4 0)
(21.8 1.8 0)
(21.8 2.2 0)
(21.8 2.6 0)
(21.8 3 0)
(21.8 3.4 0)
(21.8 3.8 0)
(22.2 0.2 0)
(22.2 0.6 0)
(22.2 1 0)
(22.2 1.4 0)
(22.2 1.8 0)
(22.2 2.2 0)
(22.2 2.6 0)
(22.2 3 0)
(22.2 3.4 0)
(22.2 3.8 0)
(22.6 0.2 0)
(22.6 0.6 0)
(22.6 1 0)
(22.6 1.4 0)
(22.6 1.8 0)
(22.6 2.2 0)
(22.6 2.6 0)
(22.6 3 0)
(22.6 3.4 0)
(22.6 3.8 0)
(23 0.2 0)
(23 0.6 0)
(23 1 0)
(23 1.4 0)
(23 1.8 0)
(23 2.2 0)
(23 2.6 0)
(23 3 0)
(23 3.4 0)
(23 3.8 0)
(23.4 0.2 0)
(23.4 0.6 0)
(23.4 1 0)
(23.4 1.4 0)
(23.4 1.8 0)
(23.4 2.2 0)
(23.4 2.6 0)
(23.4 3 0)
(23.4 3.4 0)
(23.4 3.8 0)
(23.8 0.2 0)
(23.8 0.6 0)
(23.8 1 0)
(23.8 1.4 0)
(23.8 1.8 0)
(23.8 2.2 0)
(23.8 2.6 0)
(23.8 3 0)
(23.8 3.4 0)
(23.8 3.8 0)
(24.2 0.2 0)
(24.2 0.6 0)
(24.2 1 0)
(24.2 1.4 0)
(24.2 1.8 0)
(24.2 2.2 0)
(24.2 2.6 0)
(24.2 3 0)
(24.2 3.4 0)
(24.2 3.8 0)
(24.6 0.2 0)
(24.6 0.6 0)
(24.6 1 0)
(24.6 1.4 0)
(24.6 1.8 0)
(24.6 2.2 0)
(24.6 2.6 0)
(24.6 3 0)
(24.6 3.4 0)
(24.6 3.8 0)
(25 0.2 0)
(25 0.6 0)
(25 1 0)
(25 1.4 0)
(25 1.8 0)
(25 2.2 0)
(25 2.6 0)
(25 3 0)
(25 3.4 0)
(25 3.8 0)
(25.4 0.2 0)
(25.4 0.6 0)
(25.4 1 0)
(25.4 1.4 0)
(25.4 1.8 0)
(25.4 2.2 0)
(25.4 2.6 0)
(25.4 3 0)
(25.4 3.4 0)
(25.4 3.8 0)
(25.8 0.2 0)
(25.8 0.6 0)
(25.8 1 0)
(25.8 1.4 0)
(25.8 1.8 0)
(25.8 2.2 0)
(25.8 2.6 0)
(25.8 3 0)
(25.8 3.4 0)
(25.8 3.8 0)
(26.2 0.2 0)
(26.2 0.6 0)
(26.2 1 0)
(26.2 1.4 0)
(26.2 1.8 0)
(26.2 2.2 0)
(26.2 2.6 0)
(26.2 3 0)
(26.2 3.4 0)
(26.2 3.8 0)
(26.6 0.2 0)
(26.6 0.6 0)
(26.6 1 0)
(26.6 1.4 0)
(26.6 1.8 0)
(26.6 2.2 0)
(26.6 2.6 0)
(26.6 3 0)
(26.6 3.4 0)
(26.6 3.8 0)
(27 0.2 0)
(27 0.6 0)
(27 1 0)
(27 1.4 0)
(27 1.8 0)
(27 2.2 0)
(27 2.6 0)
(27 3 0)
(27 3.4 0)
(27 3.8 0)
(27.4 0.2 0)
(27.4 0.6 0)
(27.4 1 0)
(27.4 1.4 0)
(27.4 1.8 0)
(27.4 2.2 0)
(27.4 2.6 0)
(27.4 3 0)
(27.4 3.4 0)
(27.4 3.8 0)
(27.8 0.2 0)
(27.8 0.6 0)
(27.8 1 0)
(27.8 1.4 0)
(27.8 1.8 0)
(27.8 2.2 0)
(27.8 2.6 0)
(27.8 3 0)
(27.8 3.4 0)
(27.8 3.8 0)
(0.2 0.2 3)
(0.2 0.6 3)
(0.2 1 3)
(0.2 1.4 3)
(0.2 1.8 3)
(0.2 2.2 3)
(0.2 2.6 3)
(0.2 3 3)
(0.2 3.4 3)
(0.2 3.8 3)
(0.6 0.2 3)
(0.6 0.6 3)
(0.6 1 3)
(0.6 1.4 3)
(0.6 1.8 3)
(0.6 2.2 3)
(0.6 2.6 3)
(0.6 3 3)
(0.6 3.4 3)
(0.6 3.8 3)
(1 0.2 3)
(1 0.6 3)
(1 1 3)
(1 1.4 3)
(1 1.8 3)
(1 2.2 3)
(1 2.6 3)
(1 3 3)
(1 3.4 3)
(1 3.8 3)
(1.4 0.2 3)
(1.4 0.6 3)
(1.4 1 3)
(1.4 1.4 3)
(1.4 1.8 3)
(1.4 2.2 3)
(1.4 2.6 3)
(1.4 3 3)
(1.4 3.4 3)
(1.4 3.8 3)
(1.8 0.2 3)
(1.8 0.6 3)
(1.8 1 3)
(1.8 1.4 3)
(1.8 1.8 3)
(1.8 2.2 3)
(1.8 2.6 3)
(1.8 3 3)
(1.8 3.4 3)
(1.8 3.8 3)
(2.2 0.2 3)
(2.2 0.6 3)
(2.2 1 3)
(2.2 1.4 3)
(2.2 1.8 3)
(2.2 2.2 3)
(2.2 2.6 3)
(2.2 3 3)
(2.2 3.4 3)
(2.2 3.8 3)
(2.6 0.2 3)
(2.6 0.6 3)
(2.6 1 3)
(2.6 1.4 3)
(2.6 1.8 3)
(2.6 2.2 3)
(2.6 2.6 3)
(2.6 3 3)
(2.6 3.4 3)
(2.6 3.8 3)
(3 0.2 3)
(3 0.6 3)
(3 1 3)
(3 1.4 3)
(3 1.8 3)
(3 2.2 3)
(3 2.6 3)
(3 3 3)
(3 3.4 3)
(3 3.8 3)
(3.4 0.2 3)
(3.4 0.6 3)
(3.4 1 3)
(3.4 1.4 3)
(3.4 1.8 3)
(3.4 2.2 3)
(3.4 2.6 3)
(3.4 3 3)
(3.4 3.4 3)
(3.4 3.8 3)
(3.8 0.2 3)
(3.8 0.6 3)
(3.8 1 3)
(3.8 1.4 3)
(3.8 1.8 3)
(3.8 2.2 3)
(3.8 2.6 3)
(3.8 3 3)
(3.8 3.4 3)
(3.8 3.8 3)
(4.2 0.2 3)
(4.2 0.6 3)
(4.2 1 3)
(4.2 1.4 3)
(4.2 1.8 3)
(4.2 2.2 3)
(4.2 2.6 3)
(4.2 3 3)
(4.2 3.4 3)
(4.2 3.8 3)
(4.6 0.2 3)
(4.6 0.6 3)
(4.6 1 3)
(4.6 1.4 3)
(4.6 1.8 3)
(4.6 2.2 3)
(4.6 2.6 3)
(4.6 3 3)
(4.6 3.4 3)
(4.6 3.8 3)
(5 0.2 3)
(5 0.6 3)
(5 1 3)
(5 1.4 3)
(5 1.8 3)
(5 2.2 3)
(5 2.6 3)
(5 3 3)
(5 3.4 3)
(5 3.8 3)
(5.4 0.2 3)
(5.4 0.6 3)
(5.4 1 3)
(5.4 1.4 3)
(5.4 1.8 3)
(5.4 2.2 3)
(5.4 2.6 3)
(5.4 3 3)
(5.4 3.4 3)
(5.4 3.8 3)
(5.8 0.2 3)
(5.8 0.6 3)
(5.8 1 3)
(5.8 1.4 3)
(5.8 1.8 3)
(5.8 2.2 3)
(5.8 2.6 3)
(5.8 3 3)
(5.8 3.4 3)
(5.8 3.8 3)
(6.2 0.2 3)
(6.2 0.6 3)
(6.2 1 3)
(6.2 1.4 3)
(6.2 1.8 3)
(6.2 2.2 3)
(6.2 2.6 3)
(6.2 3 3)
(6.2 3.4 3)
(6.2 3.8 3)
(6.6 0.2 3)
(6.6 0.6 3)
(6.6 1 3)
(6.6 1.4 3)
(6.6 1.8 3)
(6.6 2.2 3)
(6.6 2.6 3)
(6.6 3 3)
(6.6 3.4 3)
(6.6 3.8 3)
(7 0.2 3)
(7 0.6 3)
(7 1 3)
(7 1.4 3)
(7 1.8 3)
(7 2.2 3)
(7 2.6 3)
(7 3 3)
(7 3.4 3)
(7 3.8 3)
(7.4 0.2 3)
(7.4 0.6 3)
(7.4 1 3)
(7.4 1.4 3)
(7.4 1.8 3)
(7.4 2.2 3)
(7.4 2.6 3)
(7.4 3 3)
(7.4 3.4 3)
(7.4 3.8 3)
(7.8 0.2 3)
(7.8 0.6 3)
(7.8 1 3)
(7.8 1.4 3)
(7.8 1.8 3)
(7.8 2.2 3)
(7.8 2.6 3)
(7.8 3 3)
(7.8 3.4 3)
(7.8 3.8 3)
(8.2 0.2 3)
(8.2 0.6 3)
(8.2 1 3)
(8.2 1.4 3)
(8.2 1.8 3)
(8.2 2.2 3)
(8.2 2.6 3)
(8.2 3 3)
(8.2 3.4 3)
(8.2 3.8 3)
(8.6 0.2 3)
(8.6 0.6 3)
(8.6 1 3)
(8.6 1.4 3)
(8.6 1.8 3)
(8.6 2.2 3)
(8.6 2.6 3)
(8.6 3 3)
(8.6 3.4 3)
(8.6 3.8 3)
(9 0.2 3)
(9 0.6 3)
(9 1 3)
(9 1.4 3)
(9 1.8 3)
(9 2.2 3)
(9 2.6 3)
(9 3 3)
(9 3.4 3)
(9 3.8 3)
(9.4 0.2 3)
(9.4 0.6 3)
(9.4 1 3)
(9.4 1.4 3)
(9.4 1.8 3)
(9.4 2.2 3)
(9.4 2.6 3)
(9.4 3 3)
(9.4 3.4 3)
(9.4 3.8 3)
(9.8 0.2 3)
(9.8 0.6 3)
(9.8 1 3)
(9.8 1.4 3)
(9.8 1.8 3)
(9.8 2.2 3)
(9.8 2.6 3)
(9.8 3 3)
(9.8 3.4 3)
(9.8 3.8 3)
(10.2 0.2 3)
(10.2 0.6 3)
(10.2 1 3)
(10.2 1.4 3)
(10.2 1.8 3)
(10.2 2.2 3)
(10.2 2.6 3)
(10.2 3 3)
(10.2 3.4 3)
(10.2 3.8 3)
(10.6 0.2 3)
(10.6 0.6 3)
(10.6 1 3)
(10.6 1.4 3)
(10.6 1.8 3)
(10.6 2.2 3)
(10.6 2.6 3)
(10.6 3 3)
(10.6 3.4 3)
(10.6 3.8 3)
(11 0.2 3)
(11 0.6 3)
(11 1 3)
(11 1.4 3)
(11 1.8 3)
(11 2.2 3)
(11 2.6 3)
(11 3 3)
(11 3.4 3)
(11 3.8 3)
(11.4 0.2 3)
(11.4 0.6 3)
(11.4 1 3)
(11.4 1.4 3)
(11.4 1.8 3)
(11.4 2.2 3)
(11.4 2.6 3)
(11.4 3 3)
(11.4 3.4 3)
(11.4 3.8 3)
(11.8 0.2 3)
(11.8 0.6 3)
(11.8 1 3)
(11.8 1.4 3)
(11.8 1.8 3)
(11.8 2.2 3)
(11.8 2.6 3)
(11.8 3 3)
(11.8 3.4 3)
(11.8 3.8 3)
(12.2 0.2 3)
(12.2 0.6 3)
(12.2 1 3)
(12.2 1.4 3)
(12.2 1.8 3)
(12.2 2.2 3)
(12.2 2.6 3)
(12.2 3 3)
(12.2 3.4 3)
(12.2 3.8 3)
(12.6 0.2 3)
(12.6 0.6 3)
(12.6 1 3)
(12.6 1.4 3)
(12.6 1.8 3)
(12.6 2.2 3)
(12.6 2.6 3)
(12.6 3 3)
(12.6 3.4 3)
(12.6 3.8 3)
(13 0.2 3)
(13 0.6 3)
(13 1 3)
(13 1.4 3)
(13 1.8 3)
(13 2.2 3)
(13 2.6 3)
(13 3 3)
(13 3.4 3)
(13 3.8 3)
(13.4 0.2 3)
(13.4 0.6 3)
(13.4 1 3)
(13.4 1.4 3)
(13.4 1.8 3)
(13.4 2.2 3)
(13.4 2.6 3)
(13.4 3 3)
(13.4 3.4 3)
(13.4 3.8 3)
(13.8 0.2 3)
(13.8 0.6 3)
(13.8 1 3)
(13.8 1.4 3)
(13.8 1.8 3)
(13.8 2.2 3)
(13.8 2.6 3)
(13.8 3 3)
(13.8 3.4 3)
(13.8 3.8 3)
(14.2 0.2 3)
(14.2 0.6 3)
(14.2 1 3)
(14.2 1.4 3)
(14.2 1.8 3)
(14.2 2.2 3)
(14.2 2.6 3)
(14.2 3 3)
(14.2 3.4 3)
(14.2 3.8 3)
(14.6 0.2 3)
(14.6 0.6 3)
(14.6 1 3)
(14.6 1.4 3)
(14.6 1.8 3)
(14.6 2.2 3)
(14.6 2.6 3)
(14.6 3 3)
(14.6 3.4 3)
(14.6 3.8 3)
(15 0.2 3)
(15 0.6 3)
(15 1 3)
(15 1.4 3)
(15 1.8 3)
(15 2.2 3)
(15 2.6 3)
(15 3 3)
(15 3.4 3)
(15 3.8 3)
(15.4 0.2 3)
(15.4 0.6 3)
(15.4 1 3)
(15.4 1.4 3)
(15.4 1.8 3)
(15.4 2.2 3)
(15.4 2.6 3)
(15.4 3 3)
(15.4 3.4 3)
(15.4 3.8 3)
(15.8 0.2 3)
(15.8 0.6 3)
(15.8 1 3)
(15.8 1.4 3)
(15.8 1.8 3)
(15.8 2.2 3)
(15.8 2.6 3)
(15.8 3 3)
(15.8 3.4 3)
(15.8 3.8 3)
(16.2 0.2 3)
(16.2 0.6 3)
(16.2 1 3)
(16.2 1.4 3)
(16.2 1.8 3)
(16.2 2.2 3)
(16.2 2.6 3)
(16.2 3 3)
(16.2 3.4 3)
(16.2 3.8 3)
(16.6 0.2 3)
(16.6 0.6 3)
(16.6 1 3)
(16.6 1.4 3)
(16.6 1.8 3)
(16.6 2.2 3)
(16.6 2.6 3)
(16.6 3 3)
(16.6 3.4 3)
(16.6 3.8 3)
(17 0.2 3)
(17 0.6 3)
(17 1 3)
(17 1.4 3)
(17 1.8 3)
(17 2.2 3)
(17 2.6 3)
(17 3 3)
(17 3.4 3)
(17 3.8 3)
(17.4 0.2 3)
(17.4 0.6 3)
(17.4 1 3)
(17.4 1.4 3)
(17.4 1.8 3)
(17.4 2.2 3)
(17.4 2.6 3)
(17.4 3 3)
(17.4 3.4 3)
(17.4 3.8 3)
(17.8 0.2 3)
(17.8 0.6 3)
(17.8 1 3)
(17.8 1.4 3)
(17.8 1.8 3)
(17.8 2.2 3)
(17.8 2.6 3)
(17.8 3 3)
(17.8 3.4 3)
(17.8 3.8 3)
(18.2 0.2 3)
(18.2 0.6 3)
(18.2 1 3)
(18.2 1.4 3)
(18.2 1.8 3)
(18.2 2.2 3)
(18.2 2.6 3)
(18.2 3 3)
(18.2 3.4 3)
(18.2 3.8 3)
(18.6 0.2 3)
(18.6 0.6 3)
(18.6 1 3)
(18.6 1.4 3)
(18.6 1.8 3)
(18.6 2.2 3)
(18.6 2.6 3)
(18.6 3 3)
(18.6 3.4 3)
(18.6 3.8 3)
(19 0.2 3)
(19 0.6 3)
(19 1 3)
(19 1.4 3)
(19 1.8 3)
(19 2.2 3)
(19 2.6 3)
(19 3 3)
(19 3.4 3)
(19 3.8 3)
(19.4 0.2 3)
(19.4 0.6 3)
(19.4 1 3)
(19.4 1.4 3)
(19.4 1.8 3)
(19.4 2.2 3)
(19.4 2.6 3)
(19.4 3 3)
(19.4 3.4 3)
(19.4 3.8 3)
(19.8 0.2 3)
(19.8 0.6 3)
(19.8 1 3)
(19.8 1.4 3)
(19.8 1.8 3)
(19.8 2.2 3)
(19.8 2.6 3)
(19.8 3 3)
(19.8 3.4 3)
(19.8 3.8 3)
(20.2 0.2 3)
(20.2 0.6 3)
(20.2 1 3)
(20.2 1.4 3)
(20.2 1.8 3)
(20.2 2.2 3)
(20.2 2.6 3)
(20.2 3 3)
(20.2 3.4 3)
(20.2 3.8 3)
(20.6 0.2 3)
(20.6 0.6 3)
(20.6 1 3)
(20.6 1.4 3)
(20.6 1.8 3)
(20.6 2.2 3)
(20.6 2.6 3)
(20.6 3 3)
(20.6 3.4 3)
(20.6 3.8 3)
(21 0.2 3)
(21 0.6 3)
(21 1 3)
(21 1.4 3)
(21 1.8 3)
(21 2.2 3)
(21 2.6 3)
(21 3 3)
(21 3.4 3)
(21 3.8 3)
(21.4 0.2 3)
(21.4 0.6 3)
(21.4 1 3)
(21.4 1.4 3)
(21.4 1.8 3)
(21.4 2.2 3)
(21.4 2.6 3)
(21.4 3 3)
(21.4 3.4 3)
(21.4 3.8 3)
(21.8 0.2 3)
(21.8 0.6 3)
(21.8 1 3)
(21.8 1.4 3)
(21.8 1.8 3)
(21.8 2.2 3)
(21.8 2.6 3)
(21.8 3 3)
(21.8 3.4 3)
(21.8 3.8 3)
(22.2 0.2 3)
(22.2 0.6 3)
(22.2 1 3)
(22.2 1.4 3)
(22.2 1.8 3)
(22.2 2.2 3)
(22.2 2.6 3)
(22.2 3 3)
(22.2 3.4 3)
(22.2 3.8 3)
(22.6 0.2 3)
(22.6 0.6 3)
(22.6 1 3)
(22.6 1.4 3)
(22.6 1.8 3)
(22.6 2.2 3)
(22.6 2.6 3)
(22.6 3 3)
(22.6 3.4 3)
(22.6 3.8 3)
(23 0.2 3)
(23 0.6 3)
(23 1 3)
(23 1.4 3)
(23 1.8 3)
(23 2.2 3)
(23 2.6 3)
(23 3 3)
(23 3.4 3)
(23 3.8 3)
(23.4 0.2 3)
(23.4 0.6 3)
(23.4 1 3)
(23.4 1.4 3)
(23.4 1.8 3)
(23.4 2.2 3)
(23.4 2.6 3)
(23.4 3 3)
(23.4 3.4 3)
(23.4 3.8 3)
(23.8 0.2 3)
(23.8 0.6 3)
(23.8 1 3)
(23.8 1.4 3)
(23.8 1.8 3)
(23.8 2.2 3)
(23.8 2.6 3)
(23.8 3 3)
(23.8 3.4 3)
(23.8 3.8 3)
(24.2 0.2 3)
(24.2 0.6 3)
(24.2 1 3)
(24.2 1.4 3)
(24.2 1.8 3)
(24.2 2.2 3)
(24.2 2.6 3)
(24.2 3 3)
(24.2 3.4 3)
(24.2 3.8 3)
(24.6 0.2 3)
(24.6 0.6 3)
(24.6 1 3)
(24.6 1.4 3)
(24.6 1.8 3)
(24.6 2.2 3)
(24.6 2.6 3)
(24.6 3 3)
(24.6 3.4 3)
(24.6 3.8 3)
(25 0.2 3)
(25 0.6 3)
(25 1 3)
(25 1.4 3)
(25 1.8 3)
(25 2.2 3)
(25 2.6 3)
(25 3 3)
(25 3.4 3)
(25 3.8 3)
(25.4 0.2 3)
(25.4 0.6 3)
(25.4 1 3)
(25.4 1.4 3)
(25.4 1.8 3)
(25.4 2.2 3)
(25.4 2.6 3)
(25.4 3 3)
(25.4 3.4 3)
(25.4 3.8 3)
(25.8 0.2 3)
(25.8 0.6 3)
(25.8 1 3)
(25.8 1.4 3)
(25.8 1.8 3)
(25.8 2.2 3)
(25.8 2.6 3)
(25.8 3 3)
(25.8 3.4 3)
(25.8 3.8 3)
(26.2 0.2 3)
(26.2 0.6 3)
(26.2 1 3)
(26.2 1.4 3)
(26.2 1.8 3)
(26.2 2.2 3)
(26.2 2.6 3)
(26.2 3 3)
(26.2 3.4 3)
(26.2 3.8 3)
(26.6 0.2 3)
(26.6 0.6 3)
(26.6 1 3)
(26.6 1.4 3)
(26.6 1.8 3)
(26.6 2.2 3)
(26.6 2.6 3)
(26.6 3 3)
(26.6 3.4 3)
(26.6 3.8 3)
(27 0.2 3)
(27 0.6 3)
(27 1 3)
(27 1.4 3)
(27 1.8 3)
(27 2.2 3)
(27 2.6 3)
(27 3 3)
(27 3.4 3)
(27 3.8 3)
(27.4 0.2 3)
(27.4 0.6 3)
(27.4 1 3)
(27.4 1.4 3)
(27.4 1.8 3)
(27.4 2.2 3)
(27.4 2.6 3)
(27.4 3 3)
(27.4 3.4 3)
(27.4 3.8 3)
(27.8 0.2 3)
(27.8 0.6 3)
(27.8 1 3)
(27.8 1.4 3)
(27.8 1.8 3)
(27.8 2.2 3)
(27.8 2.6 3)
(27.8 3 3)
(27.8 3.4 3)
(27.8 3.8 3)
(28.2 0 0.1875)
(28.2 0 0.5625)
(28.2 0 0.9375)
(28.2 0 1.3125)
(28.2 0 1.6875)
(28.2 0 2.0625)
(28.2 0 2.4375)
(28.2 0 2.8125)
(28.6 0 0.1875)
(28.6 0 0.5625)
(28.6 0 0.9375)
(28.6 0 1.3125)
(28.6 0 1.6875)
(28.6 0 2.0625)
(28.6 0 2.4375)
(28.6 0 2.8125)
(29 0 0.1875)
(29 0 0.5625)
(29 0 0.9375)
(29 0 1.3125)
(29 0 1.6875)
(29 0 2.0625)
(29 0 2.4375)
(29 0 2.8125)
(29.4 0 0.1875)
(29.4 0 0.5625)
(29.4 0 0.9375)
(29.4 0 1.3125)
(29.4 0 1.6875)
(29.4 0 2.0625)
(29.4 0 2.4375)
(29.4 0 2.8125)
(29.8 0 0.1875)
(29.8 0 0.5625)
(29.8 0 0.9375)
(29.8 0 1.3125)
(29.8 0 1.6875)
(29.8 0 2.0625)
(29.8 0 2.4375)
(29.8 0 2.8125)
(30.2 0 0.1875)
(30.2 0 0.5625)
(30.2 0 0.9375)
(30.2 0 1.3125)
(30.2 0 1.6875)
(30.2 0 2.0625)
(30.2 0 2.4375)
(30.2 0 2.8125)
(30.6 0 0.1875)
(30.6 0 0.5625)
(30.6 0 0.9375)
(30.6 0 1.3125)
(30.6 0 1.6875)
(30.6 0 2.0625)
(30.6 0 2.4375)
(30.6 0 2.8125)
(31 0 0.1875)
(31 0 0.5625)
(31 0 0.9375)
(31 0 1.3125)
(31 0 1.6875)
(31 0 2.0625)
(31 0 2.4375)
(31 0 2.8125)
(31.4 0 0.1875)
(31.4 0 0.5625)
(31.4 0 0.9375)
(31.4 0 1.3125)
(31.4 0 1.6875)
(31.4 0 2.0625)
(31.4 0 2.4375)
(31.4 0 2.8125)
(31.8 0 0.1875)
(31.8 0 0.5625)
(31.8 0 0.9375)
(31.8 0 1.3125)
(31.8 0 1.6875)
(31.8 0 2.0625)
(31.8 0 2.4375)
(31.8 0 2.8125)
(32.2 0 0.1875)
(32.2 0 0.5625)
(32.2 0 0.9375)
(32.2 0 1.3125)
(32.2 0 1.6875)
(32.2 0 2.0625)
(32.2 0 2.4375)
(32.2 0 2.8125)
(32.6 0 0.1875)
(32.6 0 0.5625)
(32.6 0 0.9375)
(32.6 0 1.3125)
(32.6 0 1.6875)
(32.6 0 2.0625)
(32.6 0 2.4375)
(32.6 0 2.8125)
(33 0 0.1875)
(33 0 0.5625)
(33 0 0.9375)
(33 0 1.3125)
(33 0 1.6875)
(33 0 2.0625)
(33 0 2.4375)
(33 0 2.8125)
(33.4 0 0.1875)
(33.4 0 0.5625)
(33.4 0 0.9375)
(33.4 0 1.3125)
(33.4 0 1.6875)
(33.4 0 2.0625)
(33.4 0 2.4375)
(33.4 0 2.8125)
(33.8 0 0.1875)
(33.8 0 0.5625)
(33.8 0 0.9375)
(33.8 0 1.3125)
(33.8 0 1.6875)
(33.8 0 2.0625)
(33.8 0 2.4375)
(33.8 0 2.8125)
(34.2 0 0.1875)
(34.2 0 0.5625)
(34.2 0 0.9375)
(34.2 0 1.3125)
(34.2 0 1.6875)
(34.2 0 2.0625)
(34.2 0 2.4375)
(34.2 0 2.8125)
(34.6 0 0.1875)
(34.6 0 0.5625)
(34.6 0 0.9375)
(34.6 0 1.3125)
(34.6 0 1.6875)
(34.6 0 2.0625)
(34.6 0 2.4375)
(34.6 0 2.8125)
(35 0 0.1875)
(35 0 0.5625)
(35 0 0.9375)
(35 0 1.3125)
(35 0 1.6875)
(35 0 2.0625)
(35 0 2.4375)
(35 0 2.8125)
(35.4 0 0.1875)
(35.4 0 0.5625)
(35.4 0 0.9375)
(35.4 0 1.3125)
(35.4 0 1.6875)
(35.4 0 2.0625)
(35.4 0 2.4375)
(35.4 0 2.8125)
(35.8 0 0.1875)
(35.8 0 0.5625)
(35.8 0 0.9375)
(35.8 0 1.3125)
(35.8 0 1.6875)
(35.8 0 2.0625)
(35.8 0 2.4375)
(35.8 0 2.8125)
(36.2 0 0.1875)
(36.2 0 0.5625)
(36.2 0 0.9375)
(36.2 0 1.3125)
(36.2 0 1.6875)
(36.2 0 2.0625)
(36.2 0 2.4375)
(36.2 0 2.8125)
(36.6 0 0.1875)
(36.6 0 0.5625)
(36.6 0 0.9375)
(36.6 0 1.3125)
(36.6 0 1.6875)
(36.6 0 2.0625)
(36.6 0 2.4375)
(36.6 0 2.8125)
(37 0 0.1875)
(37 0 0.5625)
(37 0 0.9375)
(37 0 1.3125)
(37 0 1.6875)
(37 0 2.0625)
(37 0 2.4375)
(37 0 2.8125)
(37.4 0 0.1875)
(37.4 0 0.5625)
(37.4 0 0.9375)
(37.4 0 1.3125)
(37.4 0 1.6875)
(37.4 0 2.0625)
(37.4 0 2.4375)
(37.4 0 2.8125)
(37.8 0 0.1875)
(37.8 0 0.5625)
(37.8 0 0.9375)
(37.8 0 1.3125)
(37.8 0 1.6875)
(37.8 0 2.0625)
(37.8 0 2.4375)
(37.8 0 2.8125)
(28.2 0.2 0)
(28.2 0.6 0)
(28.2 1 0)
(28.2 1.4 0)
(28.2 1.8 0)
(28.2 2.2 0)
(28.2 2.6 0)
(28.2 3 0)
(28.2 3.4 0)
(28.2 3.8 0)
(28.6 0.2 0)
(28.6 0.6 0)
(28.6 1 0)
(28.6 1.4 0)
(28.6 1.8 0)
(28.6 2.2 0)
(28.6 2.6 0)
(28.6 3 0)
(28.6 3.4 0)
(28.6 3.8 0)
(29 0.2 0)
(29 0.6 0)
(29 1 0)
(29 1.4 0)
(29 1.8 0)
(29 2.2 0)
(29 2.6 0)
(29 3 0)
(29 3.4 0)
(29 3.8 0)
(29.4 0.2 0)
(29.4 0.6 0)
(29.4 1 0)
(29.4 1.4 0)
(29.4 1.8 0)
(29.4 2.2 0)
(29.4 2.6 0)
(29.4 3 0)
(29.4 3.4 0)
(29.4 3.8 0)
(29.8 0.2 0)
(29.8 0.6 0)
(29.8 1 0)
(29.8 1.4 0)
(29.8 1.8 0)
(29.8 2.2 0)
(29.8 2.6 0)
(29.8 3 0)
(29.8 3.4 0)
(29.8 3.8 0)
(30.2 0.2 0)
(30.2 0.6 0)
(30.2 1 0)
(30.2 1.4 0)
(30.2 1.8 0)
(30.2 2.2 0)
(30.2 2.6 0)
(30.2 3 0)
(30.2 3.4 0)
(30.2 3.8 0)
(30.6 0.2 0)
(30.6 0.6 0)
(30.6 1 0)
(30.6 1.4 0)
(30.6 1.8 0)
(30.6 2.2 0)
(30.6 2.6 0)
(30.6 3 0)
(30.6 3.4 0)
(30.6 3.8 0)
(31 0.2 0)
(31 0.6 0)
(31 1 0)
(31 1.4 0)
(31 1.8 0)
(31 2.2 0)
(31 2.6 0)
(31 3 0)
(31 3.4 0)
(31 3.8 0)
(31.4 0.2 0)
(31.4 0.6 0)
(31.4 1 0)
(31.4 1.4 0)
(31.4 1.8 0)
(31.4 2.2 0)
(31.4 2.6 0)
(31.4 3 0)
(31.4 3.4 0)
(31.4 3.8 0)
(31.8 0.2 0)
(31.8 0.6 0)
(31.8 1 0)
(31.8 1.4 0)
(31.8 1.8 0)
(31.8 2.2 0)
(31.8 2.6 0)
(31.8 3 0)
(31.8 3.4 0)
(31.8 3.8 0)
(32.2 0.2 0)
(32.2 0.6 0)
(32.2 1 0)
(32.2 1.4 0)
(32.2 1.8 0)
(32.2 2.2 0)
(32.2 2.6 0)
(32.2 3 0)
(32.2 3.4 0)
(32.2 3.8 0)
(32.6 0.2 0)
(32.6 0.6 0)
(32.6 1 0)
(32.6 1.4 0)
(32.6 1.8 0)
(32.6 2.2 0)
(32.6 2.6 0)
(32.6 3 0)
(32.6 3.4 0)
(32.6 3.8 0)
(33 0.2 0)
(33 0.6 0)
(33 1 0)
(33 1.4 0)
(33 1.8 0)
(33 2.2 0)
(33 2.6 0)
(33 3 0)
(33 3.4 0)
(33 3.8 0)
(33.4 0.2 0)
(33.4 0.6 0)
(33.4 1 0)
(33.4 1.4 0)
(33.4 1.8 0)
(33.4 2.2 0)
(33.4 2.6 0)
(33.4 3 0)
(33.4 3.4 0)
(33.4 3.8 0)
(33.8 0.2 0)
(33.8 0.6 0)
(33.8 1 0)
(33.8 1.4 0)
(33.8 1.8 0)
(33.8 2.2 0)
(33.8 2.6 0)
(33.8 3 0)
(33.8 3.4 0)
(33.8 3.8 0)
(34.2 0.2 0)
(34.2 0.6 0)
(34.2 1 0)
(34.2 1.4 0)
(34.2 1.8 0)
(34.2 2.2 0)
(34.2 2.6 0)
(34.2 3 0)
(34.2 3.4 0)
(34.2 3.8 0)
(34.6 0.2 0)
(34.6 0.6 0)
(34.6 1 0)
(34.6 1.4 0)
(34.6 1.8 0)
(34.6 2.2 0)
(34.6 2.6 0)
(34.6 3 0)
(34.6 3.4 0)
(34.6 3.8 0)
(35 0.2 0)
(35 0.6 0)
(35 1 0)
(35 1.4 0)
(35 1.8 0)
(35 2.2 0)
(35 2.6 0)
(35 3 0)
(35 3.4 0)
(35 3.8 0)
(35.4 0.2 0)
(35.4 0.6 0)
(35.4 1 0)
(35.4 1.4 0)
(35.4 1.8 0)
(35.4 2.2 0)
(35.4 2.6 0)
(35.4 3 0)
(35.4 3.4 0)
(35.4 3.8 0)
(35.8 0.2 0)
(35.8 0.6 0)
(35.8 1 0)
(35.8 1.4 0)
(35.8 1.8 0)
(35.8 2.2 0)
(35.8 2.6 0)
(35.8 3 0)
(35.8 3.4 0)
(35.8 3.8 0)
(36.2 0.2 0)
(36.2 0.6 0)
(36.2 1 0)
(36.2 1.4 0)
(36.2 1.8 0)
(36.2 2.2 0)
(36.2 2.6 0)
(36.2 3 0)
(36.2 3.4 0)
(36.2 3.8 0)
(36.6 0.2 0)
(36.6 0.6 0)
(36.6 1 0)
(36.6 1.4 0)
(36.6 1.8 0)
(36.6 2.2 0)
(36.6 2.6 0)
(36.6 3 0)
(36.6 3.4 0)
(36.6 3.8 0)
(37 0.2 0)
(37 0.6 0)
(37 1 0)
(37 1.4 0)
(37 1.8 0)
(37 2.2 0)
(37 2.6 0)
(37 3 0)
(37 3.4 0)
(37 3.8 0)
(37.4 0.2 0)
(37.4 0.6 0)
(37.4 1 0)
(37.4 1.4 0)
(37.4 1.8 0)
(37.4 2.2 0)
(37.4 2.6 0)
(37.4 3 0)
(37.4 3.4 0)
(37.4 3.8 0)
(37.8 0.2 0)
(37.8 0.6 0)
(37.8 1 0)
(37.8 1.4 0)
(37.8 1.8 0)
(37.8 2.2 0)
(37.8 2.6 0)
(37.8 3 0)
(37.8 3.4 0)
(37.8 3.8 0)
(28.2 0.2 3)
(28.2 0.6 3)
(28.2 1 3)
(28.2 1.4 3)
(28.2 1.8 3)
(28.2 2.2 3)
(28.2 2.6 3)
(28.2 3 3)
(28.2 3.4 3)
(28.2 3.8 3)
(28.6 0.2 3)
(28.6 0.6 3)
(28.6 1 3)
(28.6 1.4 3)
(28.6 1.8 3)
(28.6 2.2 3)
(28.6 2.6 3)
(28.6 3 3)
(28.6 3.4 3)
(28.6 3.8 3)
(29 0.2 3)
(29 0.6 3)
(29 1 3)
(29 1.4 3)
(29 1.8 3)
(29 2.2 3)
(29 2.6 3)
(29 3 3)
(29 3.4 3)
(29 3.8 3)
(29.4 0.2 3)
(29.4 0.6 3)
(29.4 1 3)
(29.4 1.4 3)
(29.4 1.8 3)
(29.4 2.2 3)
(29.4 2.6 3)
(29.4 3 3)
(29.4 3.4 3)
(29.4 3.8 3)
(29.8 0.2 3)
(29.8 0.6 3)
(29.8 1 3)
(29.8 1.4 3)
(29.8 1.8 3)
(29.8 2.2 3)
(29.8 2.6 3)
(29.8 3 3)
(29.8 3.4 3)
(29.8 3.8 3)
(30.2 0.2 3)
(30.2 0.6 3)
(30.2 1 3)
(30.2 1.4 3)
(30.2 1.8 3)
(30.2 2.2 3)
(30.2 2.6 3)
(30.2 3 3)
(30.2 3.4 3)
(30.2 3.8 3)
(30.6 0.2 3)
(30.6 0.6 3)
(30.6 1 3)
(30.6 1.4 3)
(30.6 1.8 3)
(30.6 2.2 3)
(30.6 2.6 3)
(30.6 3 3)
(30.6 3.4 3)
(30.6 3.8 3)
(31 0.2 3)
(31 0.6 3)
(31 1 3)
(31 1.4 3)
(31 1.8 3)
(31 2.2 3)
(31 2.6 3)
(31 3 3)
(31 3.4 3)
(31 3.8 3)
(31.4 0.2 3)
(31.4 0.6 3)
(31.4 1 3)
(31.4 1.4 3)
(31.4 1.8 3)
(31.4 2.2 3)
(31.4 2.6 3)
(31.4 3 3)
(31.4 3.4 3)
(31.4 3.8 3)
(31.8 0.2 3)
(31.8 0.6 3)
(31.8 1 3)
(31.8 1.4 3)
(31.8 1.8 3)
(31.8 2.2 3)
(31.8 2.6 3)
(31.8 3 3)
(31.8 3.4 3)
(31.8 3.8 3)
(32.2 0.2 3)
(32.2 0.6 3)
(32.2 1 3)
(32.2 1.4 3)
(32.2 1.8 3)
(32.2 2.2 3)
(32.2 2.6 3)
(32.2 3 3)
(32.2 3.4 3)
(32.2 3.8 3)
(32.6 0.2 3)
(32.6 0.6 3)
(32.6 1 3)
(32.6 1.4 3)
(32.6 1.8 3)
(32.6 2.2 3)
(32.6 2.6 3)
(32.6 3 3)
(32.6 3.4 3)
(32.6 3.8 3)
(33 0.2 3)
(33 0.6 3)
(33 1 3)
(33 1.4 3)
(33 1.8 3)
(33 2.2 3)
(33 2.6 3)
(33 3 3)
(33 3.4 3)
(33 3.8 3)
(33.4 0.2 3)
(33.4 0.6 3)
(33.4 1 3)
(33.4 1.4 3)
(33.4 1.8 3)
(33.4 2.2 3)
(33.4 2.6 3)
(33.4 3 3)
(33.4 3.4 3)
(33.4 3.8 3)
(33.8 0.2 3)
(33.8 0.6 3)
(33.8 1 3)
(33.8 1.4 3)
(33.8 1.8 3)
(33.8 2.2 3)
(33.8 2.6 3)
(33.8 3 3)
(33.8 3.4 3)
(33.8 3.8 3)
(34.2 0.2 3)
(34.2 0.6 3)
(34.2 1 3)
(34.2 1.4 3)
(34.2 1.8 3)
(34.2 2.2 3)
(34.2 2.6 3)
(34.2 3 3)
(34.2 3.4 3)
(34.2 3.8 3)
(34.6 0.2 3)
(34.6 0.6 3)
(34.6 1 3)
(34.6 1.4 3)
(34.6 1.8 3)
(34.6 2.2 3)
(34.6 2.6 3)
(34.6 3 3)
(34.6 3.4 3)
(34.6 3.8 3)
(35 0.2 3)
(35 0.6 3)
(35 1 3)
(35 1.4 3)
(35 1.8 3)
(35 2.2 3)
(35 2.6 3)
(35 3 3)
(35 3.4 3)
(35 3.8 3)
(35.4 0.2 3)
(35.4 0.6 3)
(35.4 1 3)
(35.4 1.4 3)
(35.4 1.8 3)
(35.4 2.2 3)
(35.4 2.6 3)
(35.4 3 3)
(35.4 3.4 3)
(35.4 3.8 3)
(35.8 0.2 3)
(35.8 0.6 3)
(35.8 1 3)
(35.8 1.4 3)
(35.8 1.8 3)
(35.8 2.2 3)
(35.8 2.6 3)
(35.8 3 3)
(35.8 3.4 3)
(35.8 3.8 3)
(36.2 0.2 3)
(36.2 0.6 3)
(36.2 1 3)
(36.2 1.4 3)
(36.2 1.8 3)
(36.2 2.2 3)
(36.2 2.6 3)
(36.2 3 3)
(36.2 3.4 3)
(36.2 3.8 3)
(36.6 0.2 3)
(36.6 0.6 3)
(36.6 1 3)
(36.6 1.4 3)
(36.6 1.8 3)
(36.6 2.2 3)
(36.6 2.6 3)
(36.6 3 3)
(36.6 3.4 3)
(36.6 3.8 3)
(37 0.2 3)
(37 0.6 3)
(37 1 3)
(37 1.4 3)
(37 1.8 3)
(37 2.2 3)
(37 2.6 3)
(37 3 3)
(37 3.4 3)
(37 3.8 3)
(37.4 0.2 3)
(37.4 0.6 3)
(37.4 1 3)
(37.4 1.4 3)
(37.4 1.8 3)
(37.4 2.2 3)
(37.4 2.6 3)
(37.4 3 3)
(37.4 3.4 3)
(37.4 3.8 3)
(37.8 0.2 3)
(37.8 0.6 3)
(37.8 1 3)
(37.8 1.4 3)
(37.8 1.8 3)
(37.8 2.2 3)
(37.8 2.6 3)
(37.8 3 3)
(37.8 3.4 3)
(37.8 3.8 3)
(38.2 0 0.1875)
(38.2 0 0.5625)
(38.2 0 0.9375)
(38.2 0 1.3125)
(38.2 0 1.6875)
(38.2 0 2.0625)
(38.2 0 2.4375)
(38.2 0 2.8125)
(38.6 0 0.1875)
(38.6 0 0.5625)
(38.6 0 0.9375)
(38.6 0 1.3125)
(38.6 0 1.6875)
(38.6 0 2.0625)
(38.6 0 2.4375)
(38.6 0 2.8125)
(39 0 0.1875)
(39 0 0.5625)
(39 0 0.9375)
(39 0 1.3125)
(39 0 1.6875)
(39 0 2.0625)
(39 0 2.4375)
(39 0 2.8125)
(39.4 0 0.1875)
(39.4 0 0.5625)
(39.4 0 0.9375)
(39.4 0 1.3125)
(39.4 0 1.6875)
(39.4 0 2.0625)
(39.4 0 2.4375)
(39.4 0 2.8125)
(39.8 0 0.1875)
(39.8 0 0.5625)
(39.8 0 0.9375)
(39.8 0 1.3125)
(39.8 0 1.6875)
(39.8 0 2.0625)
(39.8 0 2.4375)
(39.8 0 2.8125)
(40.2 0 0.1875)
(40.2 0 0.5625)
(40.2 0 0.9375)
(40.2 0 1.3125)
(40.2 0 1.6875)
(40.2 0 2.0625)
(40.2 0 2.4375)
(40.2 0 2.8125)
(40.6 0 0.1875)
(40.6 0 0.5625)
(40.6 0 0.9375)
(40.6 0 1.3125)
(40.6 0 1.6875)
(40.6 0 2.0625)
(40.6 0 2.4375)
(40.6 0 2.8125)
(41 0 0.1875)
(41 0 0.5625)
(41 0 0.9375)
(41 0 1.3125)
(41 0 1.6875)
(41 0 2.0625)
(41 0 2.4375)
(41 0 2.8125)
(41.4 0 0.1875)
(41.4 0 0.5625)
(41.4 0 0.9375)
(41.4 0 1.3125)
(41.4 0 1.6875)
(41.4 0 2.0625)
(41.4 0 2.4375)
(41.4 0 2.8125)
(41.8 0 0.1875)
(41.8 0 0.5625)
(41.8 0 0.9375)
(41.8 0 1.3125)
(41.8 0 1.6875)
(41.8 0 2.0625)
(41.8 0 2.4375)
(41.8 0 2.8125)
(42.2 0 0.1875)
(42.2 0 0.5625)
(42.2 0 0.9375)
(42.2 0 1.3125)
(42.2 0 1.6875)
(42.2 0 2.0625)
(42.2 0 2.4375)
(42.2 0 2.8125)
(42.6 0 0.1875)
(42.6 0 0.5625)
(42.6 0 0.9375)
(42.6 0 1.3125)
(42.6 0 1.6875)
(42.6 0 2.0625)
(42.6 0 2.4375)
(42.6 0 2.8125)
(43 0 0.1875)
(43 0 0.5625)
(43 0 0.9375)
(43 0 1.3125)
(43 0 1.6875)
(43 0 2.0625)
(43 0 2.4375)
(43 0 2.8125)
(43.4 0 0.1875)
(43.4 0 0.5625)
(43.4 0 0.9375)
(43.4 0 1.3125)
(43.4 0 1.6875)
(43.4 0 2.0625)
(43.4 0 2.4375)
(43.4 0 2.8125)
(43.8 0 0.1875)
(43.8 0 0.5625)
(43.8 0 0.9375)
(43.8 0 1.3125)
(43.8 0 1.6875)
(43.8 0 2.0625)
(43.8 0 2.4375)
(43.8 0 2.8125)
(44.2 0 0.1875)
(44.2 0 0.5625)
(44.2 0 0.9375)
(44.2 0 1.3125)
(44.2 0 1.6875)
(44.2 0 2.0625)
(44.2 0 2.4375)
(44.2 0 2.8125)
(44.6 0 0.1875)
(44.6 0 0.5625)
(44.6 0 0.9375)
(44.6 0 1.3125)
(44.6 0 1.6875)
(44.6 0 2.0625)
(44.6 0 2.4375)
(44.6 0 2.8125)
(45 0 0.1875)
(45 0 0.5625)
(45 0 0.9375)
(45 0 1.3125)
(45 0 1.6875)
(45 0 2.0625)
(45 0 2.4375)
(45 0 2.8125)
(45.4 0 0.1875)
(45.4 0 0.5625)
(45.4 0 0.9375)
(45.4 0 1.3125)
(45.4 0 1.6875)
(45.4 0 2.0625)
(45.4 0 2.4375)
(45.4 0 2.8125)
(45.8 0 0.1875)
(45.8 0 0.5625)
(45.8 0 0.9375)
(45.8 0 1.3125)
(45.8 0 1.6875)
(45.8 0 2.0625)
(45.8 0 2.4375)
(45.8 0 2.8125)
(46.2 0 0.1875)
(46.2 0 0.5625)
(46.2 0 0.9375)
(46.2 0 1.3125)
(46.2 0 1.6875)
(46.2 0 2.0625)
(46.2 0 2.4375)
(46.2 0 2.8125)
(46.6 0 0.1875)
(46.6 0 0.5625)
(46.6 0 0.9375)
(46.6 0 1.3125)
(46.6 0 1.6875)
(46.6 0 2.0625)
(46.6 0 2.4375)
(46.6 0 2.8125)
(47 0 0.1875)
(47 0 0.5625)
(47 0 0.9375)
(47 0 1.3125)
(47 0 1.6875)
(47 0 2.0625)
(47 0 2.4375)
(47 0 2.8125)
(47.4 0 0.1875)
(47.4 0 0.5625)
(47.4 0 0.9375)
(47.4 0 1.3125)
(47.4 0 1.6875)
(47.4 0 2.0625)
(47.4 0 2.4375)
(47.4 0 2.8125)
(47.8 0 0.1875)
(47.8 0 0.5625)
(47.8 0 0.9375)
(47.8 0 1.3125)
(47.8 0 1.6875)
(47.8 0 2.0625)
(47.8 0 2.4375)
(47.8 0 2.8125)
(48.2 0 0.1875)
(48.2 0 0.5625)
(48.2 0 0.9375)
(48.2 0 1.3125)
(48.2 0 1.6875)
(48.2 0 2.0625)
(48.2 0 2.4375)
(48.2 0 2.8125)
(48.6 0 0.1875)
(48.6 0 0.5625)
(48.6 0 0.9375)
(48.6 0 1.3125)
(48.6 0 1.6875)
(48.6 0 2.0625)
(48.6 0 2.4375)
(48.6 0 2.8125)
(49 0 0.1875)
(49 0 0.5625)
(49 0 0.9375)
(49 0 1.3125)
(49 0 1.6875)
(49 0 2.0625)
(49 0 2.4375)
(49 0 2.8125)
(49.4 0 0.1875)
(49.4 0 0.5625)
(49.4 0 0.9375)
(49.4 0 1.3125)
(49.4 0 1.6875)
(49.4 0 2.0625)
(49.4 0 2.4375)
(49.4 0 2.8125)
(49.8 0 0.1875)
(49.8 0 0.5625)
(49.8 0 0.9375)
(49.8 0 1.3125)
(49.8 0 1.6875)
(49.8 0 2.0625)
(49.8 0 2.4375)
(49.8 0 2.8125)
(50.2 0 0.1875)
(50.2 0 0.5625)
(50.2 0 0.9375)
(50.2 0 1.3125)
(50.2 0 1.6875)
(50.2 0 2.0625)
(50.2 0 2.4375)
(50.2 0 2.8125)
(50.6 0 0.1875)
(50.6 0 0.5625)
(50.6 0 0.9375)
(50.6 0 1.3125)
(50.6 0 1.6875)
(50.6 0 2.0625)
(50.6 0 2.4375)
(50.6 0 2.8125)
(51 0 0.1875)
(51 0 0.5625)
(51 0 0.9375)
(51 0 1.3125)
(51 0 1.6875)
(51 0 2.0625)
(51 0 2.4375)
(51 0 2.8125)
(51.4 0 0.1875)
(51.4 0 0.5625)
(51.4 0 0.9375)
(51.4 0 1.3125)
(51.4 0 1.6875)
(51.4 0 2.0625)
(51.4 0 2.4375)
(51.4 0 2.8125)
(51.8 0 0.1875)
(51.8 0 0.5625)
(51.8 0 0.9375)
(51.8 0 1.3125)
(51.8 0 1.6875)
(51.8 0 2.0625)
(51.8 0 2.4375)
(51.8 0 2.8125)
(52.2 0 0.1875)
(52.2 0 0.5625)
(52.2 0 0.9375)
(52.2 0 1.3125)
(52.2 0 1.6875)
(52.2 0 2.0625)
(52.2 0 2.4375)
(52.2 0 2.8125)
(52.6 0 0.1875)
(52.6 0 0.5625)
(52.6 0 0.9375)
(52.6 0 1.3125)
(52.6 0 1.6875)
(52.6 0 2.0625)
(52.6 0 2.4375)
(52.6 0 2.8125)
(53 0 0.1875)
(53 0 0.5625)
(53 0 0.9375)
(53 0 1.3125)
(53 0 1.6875)
(53 0 2.0625)
(53 0 2.4375)
(53 0 2.8125)
(53.4 0 0.1875)
(53.4 0 0.5625)
(53.4 0 0.9375)
(53.4 0 1.3125)
(53.4 0 1.6875)
(53.4 0 2.0625)
(53.4 0 2.4375)
(53.4 0 2.8125)
(53.8 0 0.1875)
(53.8 0 0.5625)
(53.8 0 0.9375)
(53.8 0 1.3125)
(53.8 0 1.6875)
(53.8 0 2.0625)
(53.8 0 2.4375)
(53.8 0 2.8125)
(54.2 0 0.1875)
(54.2 0 0.5625)
(54.2 0 0.9375)
(54.2 0 1.3125)
(54.2 0 1.6875)
(54.2 0 2.0625)
(54.2 0 2.4375)
(54.2 0 2.8125)
(54.6 0 0.1875)
(54.6 0 0.5625)
(54.6 0 0.9375)
(54.6 0 1.3125)
(54.6 0 1.6875)
(54.6 0 2.0625)
(54.6 0 2.4375)
(54.6 0 2.8125)
(55 0 0.1875)
(55 0 0.5625)
(55 0 0.9375)
(55 0 1.3125)
(55 0 1.6875)
(55 0 2.0625)
(55 0 2.4375)
(55 0 2.8125)
(55.4 0 0.1875)
(55.4 0 0.5625)
(55.4 0 0.9375)
(55.4 0 1.3125)
(55.4 0 1.6875)
(55.4 0 2.0625)
(55.4 0 2.4375)
(55.4 0 2.8125)
(55.8 0 0.1875)
(55.8 0 0.5625)
(55.8 0 0.9375)
(55.8 0 1.3125)
(55.8 0 1.6875)
(55.8 0 2.0625)
(55.8 0 2.4375)
(55.8 0 2.8125)
(56.2 0 0.1875)
(56.2 0 0.5625)
(56.2 0 0.9375)
(56.2 0 1.3125)
(56.2 0 1.6875)
(56.2 0 2.0625)
(56.2 0 2.4375)
(56.2 0 2.8125)
(56.6 0 0.1875)
(56.6 0 0.5625)
(56.6 0 0.9375)
(56.6 0 1.3125)
(56.6 0 1.6875)
(56.6 0 2.0625)
(56.6 0 2.4375)
(56.6 0 2.8125)
(57 0 0.1875)
(57 0 0.5625)
(57 0 0.9375)
(57 0 1.3125)
(57 0 1.6875)
(57 0 2.0625)
(57 0 2.4375)
(57 0 2.8125)
(57.4 0 0.1875)
(57.4 0 0.5625)
(57.4 0 0.9375)
(57.4 0 1.3125)
(57.4 0 1.6875)
(57.4 0 2.0625)
(57.4 0 2.4375)
(57.4 0 2.8125)
(57.8 0 0.1875)
(57.8 0 0.5625)
(57.8 0 0.9375)
(57.8 0 1.3125)
(57.8 0 1.6875)
(57.8 0 2.0625)
(57.8 0 2.4375)
(57.8 0 2.8125)
(58.2 0 0.1875)
(58.2 0 0.5625)
(58.2 0 0.9375)
(58.2 0 1.3125)
(58.2 0 1.6875)
(58.2 0 2.0625)
(58.2 0 2.4375)
(58.2 0 2.8125)
(58.6 0 0.1875)
(58.6 0 0.5625)
(58.6 0 0.9375)
(58.6 0 1.3125)
(58.6 0 1.6875)
(58.6 0 2.0625)
(58.6 0 2.4375)
(58.6 0 2.8125)
(59 0 0.1875)
(59 0 0.5625)
(59 0 0.9375)
(59 0 1.3125)
(59 0 1.6875)
(59 0 2.0625)
(59 0 2.4375)
(59 0 2.8125)
(59.4 0 0.1875)
(59.4 0 0.5625)
(59.4 0 0.9375)
(59.4 0 1.3125)
(59.4 0 1.6875)
(59.4 0 2.0625)
(59.4 0 2.4375)
(59.4 0 2.8125)
(59.8 0 0.1875)
(59.8 0 0.5625)
(59.8 0 0.9375)
(59.8 0 1.3125)
(59.8 0 1.6875)
(59.8 0 2.0625)
(59.8 0 2.4375)
(59.8 0 2.8125)
(38.2 4 0.1875)
(38.2 4 0.5625)
(38.2 4 0.9375)
(38.2 4 1.3125)
(38.2 4 1.6875)
(38.2 4 2.0625)
(38.2 4 2.4375)
(38.2 4 2.8125)
(38.6 4 0.1875)
(38.6 4 0.5625)
(38.6 4 0.9375)
(38.6 4 1.3125)
(38.6 4 1.6875)
(38.6 4 2.0625)
(38.6 4 2.4375)
(38.6 4 2.8125)
(39 4 0.1875)
(39 4 0.5625)
(39 4 0.9375)
(39 4 1.3125)
(39 4 1.6875)
(39 4 2.0625)
(39 4 2.4375)
(39 4 2.8125)
(39.4 4 0.1875)
(39.4 4 0.5625)
(39.4 4 0.9375)
(39.4 4 1.3125)
(39.4 4 1.6875)
(39.4 4 2.0625)
(39.4 4 2.4375)
(39.4 4 2.8125)
(39.8 4 0.1875)
(39.8 4 0.5625)
(39.8 4 0.9375)
(39.8 4 1.3125)
(39.8 4 1.6875)
(39.8 4 2.0625)
(39.8 4 2.4375)
(39.8 4 2.8125)
(40.2 4 0.1875)
(40.2 4 0.5625)
(40.2 4 0.9375)
(40.2 4 1.3125)
(40.2 4 1.6875)
(40.2 4 2.0625)
(40.2 4 2.4375)
(40.2 4 2.8125)
(40.6 4 0.1875)
(40.6 4 0.5625)
(40.6 4 0.9375)
(40.6 4 1.3125)
(40.6 4 1.6875)
(40.6 4 2.0625)
(40.6 4 2.4375)
(40.6 4 2.8125)
(41 4 0.1875)
(41 4 0.5625)
(41 4 0.9375)
(41 4 1.3125)
(41 4 1.6875)
(41 4 2.0625)
(41 4 2.4375)
(41 4 2.8125)
(41.4 4 0.1875)
(41.4 4 0.5625)
(41.4 4 0.9375)
(41.4 4 1.3125)
(41.4 4 1.6875)
(41.4 4 2.0625)
(41.4 4 2.4375)
(41.4 4 2.8125)
(41.8 4 0.1875)
(41.8 4 0.5625)
(41.8 4 0.9375)
(41.8 4 1.3125)
(41.8 4 1.6875)
(41.8 4 2.0625)
(41.8 4 2.4375)
(41.8 4 2.8125)
(42.2 4 0.1875)
(42.2 4 0.5625)
(42.2 4 0.9375)
(42.2 4 1.3125)
(42.2 4 1.6875)
(42.2 4 2.0625)
(42.2 4 2.4375)
(42.2 4 2.8125)
(42.6 4 0.1875)
(42.6 4 0.5625)
(42.6 4 0.9375)
(42.6 4 1.3125)
(42.6 4 1.6875)
(42.6 4 2.0625)
(42.6 4 2.4375)
(42.6 4 2.8125)
(43 4 0.1875)
(43 4 0.5625)
(43 4 0.9375)
(43 4 1.3125)
(43 4 1.6875)
(43 4 2.0625)
(43 4 2.4375)
(43 4 2.8125)
(43.4 4 0.1875)
(43.4 4 0.5625)
(43.4 4 0.9375)
(43.4 4 1.3125)
(43.4 4 1.6875)
(43.4 4 2.0625)
(43.4 4 2.4375)
(43.4 4 2.8125)
(43.8 4 0.1875)
(43.8 4 0.5625)
(43.8 4 0.9375)
(43.8 4 1.3125)
(43.8 4 1.6875)
(43.8 4 2.0625)
(43.8 4 2.4375)
(43.8 4 2.8125)
(44.2 4 0.1875)
(44.2 4 0.5625)
(44.2 4 0.9375)
(44.2 4 1.3125)
(44.2 4 1.6875)
(44.2 4 2.0625)
(44.2 4 2.4375)
(44.2 4 2.8125)
(44.6 4 0.1875)
(44.6 4 0.5625)
(44.6 4 0.9375)
(44.6 4 1.3125)
(44.6 4 1.6875)
(44.6 4 2.0625)
(44.6 4 2.4375)
(44.6 4 2.8125)
(45 4 0.1875)
(45 4 0.5625)
(45 4 0.9375)
(45 4 1.3125)
(45 4 1.6875)
(45 4 2.0625)
(45 4 2.4375)
(45 4 2.8125)
(45.4 4 0.1875)
(45.4 4 0.5625)
(45.4 4 0.9375)
(45.4 4 1.3125)
(45.4 4 1.6875)
(45.4 4 2.0625)
(45.4 4 2.4375)
(45.4 4 2.8125)
(45.8 4 0.1875)
(45.8 4 0.5625)
(45.8 4 0.9375)
(45.8 4 1.3125)
(45.8 4 1.6875)
(45.8 4 2.0625)
(45.8 4 2.4375)
(45.8 4 2.8125)
(46.2 4 0.1875)
(46.2 4 0.5625)
(46.2 4 0.9375)
(46.2 4 1.3125)
(46.2 4 1.6875)
(46.2 4 2.0625)
(46.2 4 2.4375)
(46.2 4 2.8125)
(46.6 4 0.1875)
(46.6 4 0.5625)
(46.6 4 0.9375)
(46.6 4 1.3125)
(46.6 4 1.6875)
(46.6 4 2.0625)
(46.6 4 2.4375)
(46.6 4 2.8125)
(47 4 0.1875)
(47 4 0.5625)
(47 4 0.9375)
(47 4 1.3125)
(47 4 1.6875)
(47 4 2.0625)
(47 4 2.4375)
(47 4 2.8125)
(47.4 4 0.1875)
(47.4 4 0.5625)
(47.4 4 0.9375)
(47.4 4 1.3125)
(47.4 4 1.6875)
(47.4 4 2.0625)
(47.4 4 2.4375)
(47.4 4 2.8125)
(47.8 4 0.1875)
(47.8 4 0.5625)
(47.8 4 0.9375)
(47.8 4 1.3125)
(47.8 4 1.6875)
(47.8 4 2.0625)
(47.8 4 2.4375)
(47.8 4 2.8125)
(48.2 4 0.1875)
(48.2 4 0.5625)
(48.2 4 0.9375)
(48.2 4 1.3125)
(48.2 4 1.6875)
(48.2 4 2.0625)
(48.2 4 2.4375)
(48.2 4 2.8125)
(48.6 4 0.1875)
(48.6 4 0.5625)
(48.6 4 0.9375)
(48.6 4 1.3125)
(48.6 4 1.6875)
(48.6 4 2.0625)
(48.6 4 2.4375)
(48.6 4 2.8125)
(49 4 0.1875)
(49 4 0.5625)
(49 4 0.9375)
(49 4 1.3125)
(49 4 1.6875)
(49 4 2.0625)
(49 4 2.4375)
(49 4 2.8125)
(49.4 4 0.1875)
(49.4 4 0.5625)
(49.4 4 0.9375)
(49.4 4 1.3125)
(49.4 4 1.6875)
(49.4 4 2.0625)
(49.4 4 2.4375)
(49.4 4 2.8125)
(49.8 4 0.1875)
(49.8 4 0.5625)
(49.8 4 0.9375)
(49.8 4 1.3125)
(49.8 4 1.6875)
(49.8 4 2.0625)
(49.8 4 2.4375)
(49.8 4 2.8125)
(50.2 4 0.1875)
(50.2 4 0.5625)
(50.2 4 0.9375)
(50.2 4 1.3125)
(50.2 4 1.6875)
(50.2 4 2.0625)
(50.2 4 2.4375)
(50.2 4 2.8125)
(50.6 4 0.1875)
(50.6 4 0.5625)
(50.6 4 0.9375)
(50.6 4 1.3125)
(50.6 4 1.6875)
(50.6 4 2.0625)
(50.6 4 2.4375)
(50.6 4 2.8125)
(51 4 0.1875)
(51 4 0.5625)
(51 4 0.9375)
(51 4 1.3125)
(51 4 1.6875)
(51 4 2.0625)
(51 4 2.4375)
(51 4 2.8125)
(51.4 4 0.1875)
(51.4 4 0.5625)
(51.4 4 0.9375)
(51.4 4 1.3125)
(51.4 4 1.6875)
(51.4 4 2.0625)
(51.4 4 2.4375)
(51.4 4 2.8125)
(51.8 4 0.1875)
(51.8 4 0.5625)
(51.8 4 0.9375)
(51.8 4 1.3125)
(51.8 4 1.6875)
(51.8 4 2.0625)
(51.8 4 2.4375)
(51.8 4 2.8125)
(52.2 4 0.1875)
(52.2 4 0.5625)
(52.2 4 0.9375)
(52.2 4 1.3125)
(52.2 4 1.6875)
(52.2 4 2.0625)
(52.2 4 2.4375)
(52.2 4 2.8125)
(52.6 4 0.1875)
(52.6 4 0.5625)
(52.6 4 0.9375)
(52.6 4 1.3125)
(52.6 4 1.6875)
(52.6 4 2.0625)
(52.6 4 2.4375)
(52.6 4 2.8125)
(53 4 0.1875)
(53 4 0.5625)
(53 4 0.9375)
(53 4 1.3125)
(53 4 1.6875)
(53 4 2.0625)
(53 4 2.4375)
(53 4 2.8125)
(53.4 4 0.1875)
(53.4 4 0.5625)
(53.4 4 0.9375)
(53.4 4 1.3125)
(53.4 4 1.6875)
(53.4 4 2.0625)
(53.4 4 2.4375)
(53.4 4 2.8125)
(53.8 4 0.1875)
(53.8 4 0.5625)
(53.8 4 0.9375)
(53.8 4 1.3125)
(53.8 4 1.6875)
(53.8 4 2.0625)
(53.8 4 2.4375)
(53.8 4 2.8125)
(54.2 4 0.1875)
(54.2 4 0.5625)
(54.2 4 0.9375)
(54.2 4 1.3125)
(54.2 4 1.6875)
(54.2 4 2.0625)
(54.2 4 2.4375)
(54.2 4 2.8125)
(54.6 4 0.1875)
(54.6 4 0.5625)
(54.6 4 0.9375)
(54.6 4 1.3125)
(54.6 4 1.6875)
(54.6 4 2.0625)
(54.6 4 2.4375)
(54.6 4 2.8125)
(55 4 0.1875)
(55 4 0.5625)
(55 4 0.9375)
(55 4 1.3125)
(55 4 1.6875)
(55 4 2.0625)
(55 4 2.4375)
(55 4 2.8125)
(55.4 4 0.1875)
(55.4 4 0.5625)
(55.4 4 0.9375)
(55.4 4 1.3125)
(55.4 4 1.6875)
(55.4 4 2.0625)
(55.4 4 2.4375)
(55.4 4 2.8125)
(55.8 4 0.1875)
(55.8 4 0.5625)
(55.8 4 0.9375)
(55.8 4 1.3125)
(55.8 4 1.6875)
(55.8 4 2.0625)
(55.8 4 2.4375)
(55.8 4 2.8125)
(56.2 4 0.1875)
(56.2 4 0.5625)
(56.2 4 0.9375)
(56.2 4 1.3125)
(56.2 4 1.6875)
(56.2 4 2.0625)
(56.2 4 2.4375)
(56.2 4 2.8125)
(56.6 4 0.1875)
(56.6 4 0.5625)
(56.6 4 0.9375)
(56.6 4 1.3125)
(56.6 4 1.6875)
(56.6 4 2.0625)
(56.6 4 2.4375)
(56.6 4 2.8125)
(57 4 0.1875)
(57 4 0.5625)
(57 4 0.9375)
(57 4 1.3125)
(57 4 1.6875)
(57 4 2.0625)
(57 4 2.4375)
(57 4 2.8125)
(57.4 4 0.1875)
(57.4 4 0.5625)
(57.4 4 0.9375)
(57.4 4 1.3125)
(57.4 4 1.6875)
(57.4 4 2.0625)
(57.4 4 2.4375)
(57.4 4 2.8125)
(57.8 4 0.1875)
(57.8 4 0.5625)
(57.8 4 0.9375)
(57.8 4 1.3125)
(57.8 4 1.6875)
(57.8 4 2.0625)
(57.8 4 2.4375)
(57.8 4 2.8125)
(58.2 4 0.1875)
(58.2 4 0.5625)
(58.2 4 0.9375)
(58.2 4 1.3125)
(58.2 4 1.6875)
(58.2 4 2.0625)
(58.2 4 2.4375)
(58.2 4 2.8125)
(58.6 4 0.1875)
(58.6 4 0.5625)
(58.6 4 0.9375)
(58.6 4 1.3125)
(58.6 4 1.6875)
(58.6 4 2.0625)
(58.6 4 2.4375)
(58.6 4 2.8125)
(59 4 0.1875)
(59 4 0.5625)
(59 4 0.9375)
(59 4 1.3125)
(59 4 1.6875)
(59 4 2.0625)
(59 4 2.4375)
(59 4 2.8125)
(59.4 4 0.1875)
(59.4 4 0.5625)
(59.4 4 0.9375)
(59.4 4 1.3125)
(59.4 4 1.6875)
(59.4 4 2.0625)
(59.4 4 2.4375)
(59.4 4 2.8125)
(59.8 4 0.1875)
(59.8 4 0.5625)
(59.8 4 0.9375)
(59.8 4 1.3125)
(59.8 4 1.6875)
(59.8 4 2.0625)
(59.8 4 2.4375)
(59.8 4 2.8125)
(38.2 0.2 0)
(38.2 0.6 0)
(38.2 1 0)
(38.2 1.4 0)
(38.2 1.8 0)
(38.2 2.2 0)
(38.2 2.6 0)
(38.2 3 0)
(38.2 3.4 0)
(38.2 3.8 0)
(38.6 0.2 0)
(38.6 0.6 0)
(38.6 1 0)
(38.6 1.4 0)
(38.6 1.8 0)
(38.6 2.2 0)
(38.6 2.6 0)
(38.6 3 0)
(38.6 3.4 0)
(38.6 3.8 0)
(39 0.2 0)
(39 0.6 0)
(39 1 0)
(39 1.4 0)
(39 1.8 0)
(39 2.2 0)
(39 2.6 0)
(39 3 0)
(39 3.4 0)
(39 3.8 0)
(39.4 0.2 0)
(39.4 0.6 0)
(39.4 1 0)
(39.4 1.4 0)
(39.4 1.8 0)
(39.4 2.2 0)
(39.4 2.6 0)
(39.4 3 0)
(39.4 3.4 0)
(39.4 3.8 0)
(39.8 0.2 0)
(39.8 0.6 0)
(39.8 1 0)
(39.8 1.4 0)
(39.8 1.8 0)
(39.8 2.2 0)
(39.8 2.6 0)
(39.8 3 0)
(39.8 3.4 0)
(39.8 3.8 0)
(40.2 0.2 0)
(40.2 0.6 0)
(40.2 1 0)
(40.2 1.4 0)
(40.2 1.8 0)
(40.2 2.2 0)
(40.2 2.6 0)
(40.2 3 0)
(40.2 3.4 0)
(40.2 3.8 0)
(40.6 0.2 0)
(40.6 0.6 0)
(40.6 1 0)
(40.6 1.4 0)
(40.6 1.8 0)
(40.6 2.2 0)
(40.6 2.6 0)
(40.6 3 0)
(40.6 3.4 0)
(40.6 3.8 0)
(41 0.2 0)
(41 0.6 0)
(41 1 0)
(41 1.4 0)
(41 1.8 0)
(41 2.2 0)
(41 2.6 0)
(41 3 0)
(41 3.4 0)
(41 3.8 0)
(41.4 0.2 0)
(41.4 0.6 0)
(41.4 1 0)
(41.4 1.4 0)
(41.4 1.8 0)
(41.4 2.2 0)
(41.4 2.6 0)
(41.4 3 0)
(41.4 3.4 0)
(41.4 3.8 0)
(41.8 0.2 0)
(41.8 0.6 0)
(41.8 1 0)
(41.8 1.4 0)
(41.8 1.8 0)
(41.8 2.2 0)
(41.8 2.6 0)
(41.8 3 0)
(41.8 3.4 0)
(41.8 3.8 0)
(42.2 0.2 0)
(42.2 0.6 0)
(42.2 1 0)
(42.2 1.4 0)
(42.2 1.8 0)
(42.2 2.2 0)
(42.2 2.6 0)
(42.2 3 0)
(42.2 3.4 0)
(42.2 3.8 0)
(42.6 0.2 0)
(42.6 0.6 0)
(42.6 1 0)
(42.6 1.4 0)
(42.6 1.8 0)
(42.6 2.2 0)
(42.6 2.6 0)
(42.6 3 0)
(42.6 3.4 0)
(42.6 3.8 0)
(43 0.2 0)
(43 0.6 0)
(43 1 0)
(43 1.4 0)
(43 1.8 0)
(43 2.2 0)
(43 2.6 0)
(43 3 0)
(43 3.4 0)
(43 3.8 0)
(43.4 0.2 0)
(43.4 0.6 0)
(43.4 1 0)
(43.4 1.4 0)
(43.4 1.8 0)
(43.4 2.2 0)
(43.4 2.6 0)
(43.4 3 0)
(43.4 3.4 0)
(43.4 3.8 0)
(43.8 0.2 0)
(43.8 0.6 0)
(43.8 1 0)
(43.8 1.4 0)
(43.8 1.8 0)
(43.8 2.2 0)
(43.8 2.6 0)
(43.8 3 0)
(43.8 3.4 0)
(43.8 3.8 0)
(44.2 0.2 0)
(44.2 0.6 0)
(44.2 1 0)
(44.2 1.4 0)
(44.2 1.8 0)
(44.2 2.2 0)
(44.2 2.6 0)
(44.2 3 0)
(44.2 3.4 0)
(44.2 3.8 0)
(44.6 0.2 0)
(44.6 0.6 0)
(44.6 1 0)
(44.6 1.4 0)
(44.6 1.8 0)
(44.6 2.2 0)
(44.6 2.6 0)
(44.6 3 0)
(44.6 3.4 0)
(44.6 3.8 0)
(45 0.2 0)
(45 0.6 0)
(45 1 0)
(45 1.4 0)
(45 1.8 0)
(45 2.2 0)
(45 2.6 0)
(45 3 0)
(45 3.4 0)
(45 3.8 0)
(45.4 0.2 0)
(45.4 0.6 0)
(45.4 1 0)
(45.4 1.4 0)
(45.4 1.8 0)
(45.4 2.2 0)
(45.4 2.6 0)
(45.4 3 0)
(45.4 3.4 0)
(45.4 3.8 0)
(45.8 0.2 0)
(45.8 0.6 0)
(45.8 1 0)
(45.8 1.4 0)
(45.8 1.8 0)
(45.8 2.2 0)
(45.8 2.6 0)
(45.8 3 0)
(45.8 3.4 0)
(45.8 3.8 0)
(46.2 0.2 0)
(46.2 0.6 0)
(46.2 1 0)
(46.2 1.4 0)
(46.2 1.8 0)
(46.2 2.2 0)
(46.2 2.6 0)
(46.2 3 0)
(46.2 3.4 0)
(46.2 3.8 0)
(46.6 0.2 0)
(46.6 0.6 0)
(46.6 1 0)
(46.6 1.4 0)
(46.6 1.8 0)
(46.6 2.2 0)
(46.6 2.6 0)
(46.6 3 0)
(46.6 3.4 0)
(46.6 3.8 0)
(47 0.2 0)
(47 0.6 0)
(47 1 0)
(47 1.4 0)
(47 1.8 0)
(47 2.2 0)
(47 2.6 0)
(47 3 0)
(47 3.4 0)
(47 3.8 0)
(47.4 0.2 0)
(47.4 0.6 0)
(47.4 1 0)
(47.4 1.4 0)
(47.4 1.8 0)
(47.4 2.2 0)
(47.4 2.6 0)
(47.4 3 0)
(47.4 3.4 0)
(47.4 3.8 0)
(47.8 0.2 0)
(47.8 0.6 0)
(47.8 1 0)
(47.8 1.4 0)
(47.8 1.8 0)
(47.8 2.2 0)
(47.8 2.6 0)
(47.8 3 0)
(47.8 3.4 0)
(47.8 3.8 0)
(48.2 0.2 0)
(48.2 0.6 0)
(48.2 1 0)
(48.2 1.4 0)
(48.2 1.8 0)
(48.2 2.2 0)
(48.2 2.6 0)
(48.2 3 0)
(48.2 3.4 0)
(48.2 3.8 0)
(48.6 0.2 0)
(48.6 0.6 0)
(48.6 1 0)
(48.6 1.4 0)
(48.6 1.8 0)
(48.6 2.2 0)
(48.6 2.6 0)
(48.6 3 0)
(48.6 3.4 0)
(48.6 3.8 0)
(49 0.2 0)
(49 0.6 0)
(49 1 0)
(49 1.4 0)
(49 1.8 0)
(49 2.2 0)
(49 2.6 0)
(49 3 0)
(49 3.4 0)
(49 3.8 0)
(49.4 0.2 0)
(49.4 0.6 0)
(49.4 1 0)
(49.4 1.4 0)
(49.4 1.8 0)
(49.4 2.2 0)
(49.4 2.6 0)
(49.4 3 0)
(49.4 3.4 0)
(49.4 3.8 0)
(49.8 0.2 0)
(49.8 0.6 0)
(49.8 1 0)
(49.8 1.4 0)
(49.8 1.8 0)
(49.8 2.2 0)
(49.8 2.6 0)
(49.8 3 0)
(49.8 3.4 0)
(49.8 3.8 0)
(50.2 0.2 0)
(50.2 0.6 0)
(50.2 1 0)
(50.2 1.4 0)
(50.2 1.8 0)
(50.2 2.2 0)
(50.2 2.6 0)
(50.2 3 0)
(50.2 3.4 0)
(50.2 3.8 0)
(50.6 0.2 0)
(50.6 0.6 0)
(50.6 1 0)
(50.6 1.4 0)
(50.6 1.8 0)
(50.6 2.2 0)
(50.6 2.6 0)
(50.6 3 0)
(50.6 3.4 0)
(50.6 3.8 0)
(51 0.2 0)
(51 0.6 0)
(51 1 0)
(51 1.4 0)
(51 1.8 0)
(51 2.2 0)
(51 2.6 0)
(51 3 0)
(51 3.4 0)
(51 3.8 0)
(51.4 0.2 0)
(51.4 0.6 0)
(51.4 1 0)
(51.4 1.4 0)
(51.4 1.8 0)
(51.4 2.2 0)
(51.4 2.6 0)
(51.4 3 0)
(51.4 3.4 0)
(51.4 3.8 0)
(51.8 0.2 0)
(51.8 0.6 0)
(51.8 1 0)
(51.8 1.4 0)
(51.8 1.8 0)
(51.8 2.2 0)
(51.8 2.6 0)
(51.8 3 0)
(51.8 3.4 0)
(51.8 3.8 0)
(52.2 0.2 0)
(52.2 0.6 0)
(52.2 1 0)
(52.2 1.4 0)
(52.2 1.8 0)
(52.2 2.2 0)
(52.2 2.6 0)
(52.2 3 0)
(52.2 3.4 0)
(52.2 3.8 0)
(52.6 0.2 0)
(52.6 0.6 0)
(52.6 1 0)
(52.6 1.4 0)
(52.6 1.8 0)
(52.6 2.2 0)
(52.6 2.6 0)
(52.6 3 0)
(52.6 3.4 0)
(52.6 3.8 0)
(53 0.2 0)
(53 0.6 0)
(53 1 0)
(53 1.4 0)
(53 1.8 0)
(53 2.2 0)
(53 2.6 0)
(53 3 0)
(53 3.4 0)
(53 3.8 0)
(53.4 0.2 0)
(53.4 0.6 0)
(53.4 1 0)
(53.4 1.4 0)
(53.4 1.8 0)
(53.4 2.2 0)
(53.4 2.6 0)
(53.4 3 0)
(53.4 3.4 0)
(53.4 3.8 0)
(53.8 0.2 0)
(53.8 0.6 0)
(53.8 1 0)
(53.8 1.4 0)
(53.8 1.8 0)
(53.8 2.2 0)
(53.8 2.6 0)
(53.8 3 0)
(53.8 3.4 0)
(53.8 3.8 0)
(54.2 0.2 0)
(54.2 0.6 0)
(54.2 1 0)
(54.2 1.4 0)
(54.2 1.8 0)
(54.2 2.2 0)
(54.2 2.6 0)
(54.2 3 0)
(54.2 3.4 0)
(54.2 3.8 0)
(54.6 0.2 0)
(54.6 0.6 0)
(54.6 1 0)
(54.6 1.4 0)
(54.6 1.8 0)
(54.6 2.2 0)
(54.6 2.6 0)
(54.6 3 0)
(54.6 3.4 0)
(54.6 3.8 0)
(55 0.2 0)
(55 0.6 0)
(55 1 0)
(55 1.4 0)
(55 1.8 0)
(55 2.2 0)
(55 2.6 0)
(55 3 0)
(55 3.4 0)
(55 3.8 0)
(55.4 0.2 0)
(55.4 0.6 0)
(55.4 1 0)
(55.4 1.4 0)
(55.4 1.8 0)
(55.4 2.2 0)
(55.4 2.6 0)
(55.4 3 0)
(55.4 3.4 0)
(55.4 3.8 0)
(55.8 0.2 0)
(55.8 0.6 0)
(55.8 1 0)
(55.8 1.4 0)
(55.8 1.8 0)
(55.8 2.2 0)
(55.8 2.6 0)
(55.8 3 0)
(55.8 3.4 0)
(55.8 3.8 0)
(56.2 0.2 0)
(56.2 0.6 0)
(56.2 1 0)
(56.2 1.4 0)
(56.2 1.8 0)
(56.2 2.2 0)
(56.2 2.6 0)
(56.2 3 0)
(56.2 3.4 0)
(56.2 3.8 0)
(56.6 0.2 0)
(56.6 0.6 0)
(56.6 1 0)
(56.6 1.4 0)
(56.6 1.8 0)
(56.6 2.2 0)
(56.6 2.6 0)
(56.6 3 0)
(56.6 3.4 0)
(56.6 3.8 0)
(57 0.2 0)
(57 0.6 0)
(57 1 0)
(57 1.4 0)
(57 1.8 0)
(57 2.2 0)
(57 2.6 0)
(57 3 0)
(57 3.4 0)
(57 3.8 0)
(57.4 0.2 0)
(57.4 0.6 0)
(57.4 1 0)
(57.4 1.4 0)
(57.4 1.8 0)
(57.4 2.2 0)
(57.4 2.6 0)
(57.4 3 0)
(57.4 3.4 0)
(57.4 3.8 0)
(57.8 0.2 0)
(57.8 0.6 0)
(57.8 1 0)
(57.8 1.4 0)
(57.8 1.8 0)
(57.8 2.2 0)
(57.8 2.6 0)
(57.8 3 0)
(57.8 3.4 0)
(57.8 3.8 0)
(58.2 0.2 0)
(58.2 0.6 0)
(58.2 1 0)
(58.2 1.4 0)
(58.2 1.8 0)
(58.2 2.2 0)
(58.2 2.6 0)
(58.2 3 0)
(58.2 3.4 0)
(58.2 3.8 0)
(58.6 0.2 0)
(58.6 0.6 0)
(58.6 1 0)
(58.6 1.4 0)
(58.6 1.8 0)
(58.6 2.2 0)
(58.6 2.6 0)
(58.6 3 0)
(58.6 3.4 0)
(58.6 3.8 0)
(59 0.2 0)
(59 0.6 0)
(59 1 0)
(59 1.4 0)
(59 1.8 0)
(59 2.2 0)
(59 2.6 0)
(59 3 0)
(59 3.4 0)
(59 3.8 0)
(59.4 0.2 0)
(59.4 0.6 0)
(59.4 1 0)
(59.4 1.4 0)
(59.4 1.8 0)
(59.4 2.2 0)
(59.4 2.6 0)
(59.4 3 0)
(59.4 3.4 0)
(59.4 3.8 0)
(59.8 0.2 0)
(59.8 0.6 0)
(59.8 1 0)
(59.8 1.4 0)
(59.8 1.8 0)
(59.8 2.2 0)
(59.8 2.6 0)
(59.8 3 0)
(59.8 3.4 0)
(59.8 3.8 0)
(38.2 0.2 3)
(38.2 0.6 3)
(38.2 1 3)
(38.2 1.4 3)
(38.2 1.8 3)
(38.2 2.2 3)
(38.2 2.6 3)
(38.2 3 3)
(38.2 3.4 3)
(38.2 3.8 3)
(38.6 0.2 3)
(38.6 0.6 3)
(38.6 1 3)
(38.6 1.4 3)
(38.6 1.8 3)
(38.6 2.2 3)
(38.6 2.6 3)
(38.6 3 3)
(38.6 3.4 3)
(38.6 3.8 3)
(39 0.2 3)
(39 0.6 3)
(39 1 3)
(39 1.4 3)
(39 1.8 3)
(39 2.2 3)
(39 2.6 3)
(39 3 3)
(39 3.4 3)
(39 3.8 3)
(39.4 0.2 3)
(39.4 0.6 3)
(39.4 1 3)
(39.4 1.4 3)
(39.4 1.8 3)
(39.4 2.2 3)
(39.4 2.6 3)
(39.4 3 3)
(39.4 3.4 3)
(39.4 3.8 3)
(39.8 0.2 3)
(39.8 0.6 3)
(39.8 1 3)
(39.8 1.4 3)
(39.8 1.8 3)
(39.8 2.2 3)
(39.8 2.6 3)
(39.8 3 3)
(39.8 3.4 3)
(39.8 3.8 3)
(40.2 0.2 3)
(40.2 0.6 3)
(40.2 1 3)
(40.2 1.4 3)
(40.2 1.8 3)
(40.2 2.2 3)
(40.2 2.6 3)
(40.2 3 3)
(40.2 3.4 3)
(40.2 3.8 3)
(40.6 0.2 3)
(40.6 0.6 3)
(40.6 1 3)
(40.6 1.4 3)
(40.6 1.8 3)
(40.6 2.2 3)
(40.6 2.6 3)
(40.6 3 3)
(40.6 3.4 3)
(40.6 3.8 3)
(41 0.2 3)
(41 0.6 3)
(41 1 3)
(41 1.4 3)
(41 1.8 3)
(41 2.2 3)
(41 2.6 3)
(41 3 3)
(41 3.4 3)
(41 3.8 3)
(41.4 0.2 3)
(41.4 0.6 3)
(41.4 1 3)
(41.4 1.4 3)
(41.4 1.8 3)
(41.4 2.2 3)
(41.4 2.6 3)
(41.4 3 3)
(41.4 3.4 3)
(41.4 3.8 3)
(41.8 0.2 3)
(41.8 0.6 3)
(41.8 1 3)
(41.8 1.4 3)
(41.8 1.8 3)
(41.8 2.2 3)
(41.8 2.6 3)
(41.8 3 3)
(41.8 3.4 3)
(41.8 3.8 3)
(42.2 0.2 3)
(42.2 0.6 3)
(42.2 1 3)
(42.2 1.4 3)
(42.2 1.8 3)
(42.2 2.2 3)
(42.2 2.6 3)
(42.2 3 3)
(42.2 3.4 3)
(42.2 3.8 3)
(42.6 0.2 3)
(42.6 0.6 3)
(42.6 1 3)
(42.6 1.4 3)
(42.6 1.8 3)
(42.6 2.2 3)
(42.6 2.6 3)
(42.6 3 3)
(42.6 3.4 3)
(42.6 3.8 3)
(43 0.2 3)
(43 0.6 3)
(43 1 3)
(43 1.4 3)
(43 1.8 3)
(43 2.2 3)
(43 2.6 3)
(43 3 3)
(43 3.4 3)
(43 3.8 3)
(43.4 0.2 3)
(43.4 0.6 3)
(43.4 1 3)
(43.4 1.4 3)
(43.4 1.8 3)
(43.4 2.2 3)
(43.4 2.6 3)
(43.4 3 3)
(43.4 3.4 3)
(43.4 3.8 3)
(43.8 0.2 3)
(43.8 0.6 3)
(43.8 1 3)
(43.8 1.4 3)
(43.8 1.8 3)
(43.8 2.2 3)
(43.8 2.6 3)
(43.8 3 3)
(43.8 3.4 3)
(43.8 3.8 3)
(44.2 0.2 3)
(44.2 0.6 3)
(44.2 1 3)
(44.2 1.4 3)
(44.2 1.8 3)
(44.2 2.2 3)
(44.2 2.6 3)
(44.2 3 3)
(44.2 3.4 3)
(44.2 3.8 3)
(44.6 0.2 3)
(44.6 0.6 3)
(44.6 1 3)
(44.6 1.4 3)
(44.6 1.8 3)
(44.6 2.2 3)
(44.6 2.6 3)
(44.6 3 3)
(44.6 3.4 3)
(44.6 3.8 3)
(45 0.2 3)
(45 0.6 3)
(45 1 3)
(45 1.4 3)
(45 1.8 3)
(45 2.2 3)
(45 2.6 3)
(45 3 3)
(45 3.4 3)
(45 3.8 3)
(45.4 0.2 3)
(45.4 0.6 3)
(45.4 1 3)
(45.4 1.4 3)
(45.4 1.8 3)
(45.4 2.2 3)
(45.4 2.6 3)
(45.4 3 3)
(45.4 3.4 3)
(45.4 3.8 3)
(45.8 0.2 3)
(45.8 0.6 3)
(45.8 1 3)
(45.8 1.4 3)
(45.8 1.8 3)
(45.8 2.2 3)
(45.8 2.6 3)
(45.8 3 3)
(45.8 3.4 3)
(45.8 3.8 3)
(46.2 0.2 3)
(46.2 0.6 3)
(46.2 1 3)
(46.2 1.4 3)
(46.2 1.8 3)
(46.2 2.2 3)
(46.2 2.6 3)
(46.2 3 3)
(46.2 3.4 3)
(46.2 3.8 3)
(46.6 0.2 3)
(46.6 0.6 3)
(46.6 1 3)
(46.6 1.4 3)
(46.6 1.8 3)
(46.6 2.2 3)
(46.6 2.6 3)
(46.6 3 3)
(46.6 3.4 3)
(46.6 3.8 3)
(47 0.2 3)
(47 0.6 3)
(47 1 3)
(47 1.4 3)
(47 1.8 3)
(47 2.2 3)
(47 2.6 3)
(47 3 3)
(47 3.4 3)
(47 3.8 3)
(47.4 0.2 3)
(47.4 0.6 3)
(47.4 1 3)
(47.4 1.4 3)
(47.4 1.8 3)
(47.4 2.2 3)
(47.4 2.6 3)
(47.4 3 3)
(47.4 3.4 3)
(47.4 3.8 3)
(47.8 0.2 3)
(47.8 0.6 3)
(47.8 1 3)
(47.8 1.4 3)
(47.8 1.8 3)
(47.8 2.2 3)
(47.8 2.6 3)
(47.8 3 3)
(47.8 3.4 3)
(47.8 3.8 3)
(48.2 0.2 3)
(48.2 0.6 3)
(48.2 1 3)
(48.2 1.4 3)
(48.2 1.8 3)
(48.2 2.2 3)
(48.2 2.6 3)
(48.2 3 3)
(48.2 3.4 3)
(48.2 3.8 3)
(48.6 0.2 3)
(48.6 0.6 3)
(48.6 1 3)
(48.6 1.4 3)
(48.6 1.8 3)
(48.6 2.2 3)
(48.6 2.6 3)
(48.6 3 3)
(48.6 3.4 3)
(48.6 3.8 3)
(49 0.2 3)
(49 0.6 3)
(49 1 3)
(49 1.4 3)
(49 1.8 3)
(49 2.2 3)
(49 2.6 3)
(49 3 3)
(49 3.4 3)
(49 3.8 3)
(49.4 0.2 3)
(49.4 0.6 3)
(49.4 1 3)
(49.4 1.4 3)
(49.4 1.8 3)
(49.4 2.2 3)
(49.4 2.6 3)
(49.4 3 3)
(49.4 3.4 3)
(49.4 3.8 3)
(49.8 0.2 3)
(49.8 0.6 3)
(49.8 1 3)
(49.8 1.4 3)
(49.8 1.8 3)
(49.8 2.2 3)
(49.8 2.6 3)
(49.8 3 3)
(49.8 3.4 3)
(49.8 3.8 3)
(50.2 0.2 3)
(50.2 0.6 3)
(50.2 1 3)
(50.2 1.4 3)
(50.2 1.8 3)
(50.2 2.2 3)
(50.2 2.6 3)
(50.2 3 3)
(50.2 3.4 3)
(50.2 3.8 3)
(50.6 0.2 3)
(50.6 0.6 3)
(50.6 1 3)
(50.6 1.4 3)
(50.6 1.8 3)
(50.6 2.2 3)
(50.6 2.6 3)
(50.6 3 3)
(50.6 3.4 3)
(50.6 3.8 3)
(51 0.2 3)
(51 0.6 3)
(51 1 3)
(51 1.4 3)
(51 1.8 3)
(51 2.2 3)
(51 2.6 3)
(51 3 3)
(51 3.4 3)
(51 3.8 3)
(51.4 0.2 3)
(51.4 0.6 3)
(51.4 1 3)
(51.4 1.4 3)
(51.4 1.8 3)
(51.4 2.2 3)
(51.4 2.6 3)
(51.4 3 3)
(51.4 3.4 3)
(51.4 3.8 3)
(51.8 0.2 3)
(51.8 0.6 3)
(51.8 1 3)
(51.8 1.4 3)
(51.8 1.8 3)
(51.8 2.2 3)
(51.8 2.6 3)
(51.8 3 3)
(51.8 3.4 3)
(51.8 3.8 3)
(52.2 0.2 3)
(52.2 0.6 3)
(52.2 1 3)
(52.2 1.4 3)
(52.2 1.8 3)
(52.2 2.2 3)
(52.2 2.6 3)
(52.2 3 3)
(52.2 3.4 3)
(52.2 3.8 3)
(52.6 0.2 3)
(52.6 0.6 3)
(52.6 1 3)
(52.6 1.4 3)
(52.6 1.8 3)
(52.6 2.2 3)
(52.6 2.6 3)
(52.6 3 3)
(52.6 3.4 3)
(52.6 3.8 3)
(53 0.2 3)
(53 0.6 3)
(53 1 3)
(53 1.4 3)
(53 1.8 3)
(53 2.2 3)
(53 2.6 3)
(53 3 3)
(53 3.4 3)
(53 3.8 3)
(53.4 0.2 3)
(53.4 0.6 3)
(53.4 1 3)
(53.4 1.4 3)
(53.4 1.8 3)
(53.4 2.2 3)
(53.4 2.6 3)
(53.4 3 3)
(53.4 3.4 3)
(53.4 3.8 3)
(53.8 0.2 3)
(53.8 0.6 3)
(53.8 1 3)
(53.8 1.4 3)
(53.8 1.8 3)
(53.8 2.2 3)
(53.8 2.6 3)
(53.8 3 3)
(53.8 3.4 3)
(53.8 3.8 3)
(54.2 0.2 3)
(54.2 0.6 3)
(54.2 1 3)
(54.2 1.4 3)
(54.2 1.8 3)
(54.2 2.2 3)
(54.2 2.6 3)
(54.2 3 3)
(54.2 3.4 3)
(54.2 3.8 3)
(54.6 0.2 3)
(54.6 0.6 3)
(54.6 1 3)
(54.6 1.4 3)
(54.6 1.8 3)
(54.6 2.2 3)
(54.6 2.6 3)
(54.6 3 3)
(54.6 3.4 3)
(54.6 3.8 3)
(55 0.2 3)
(55 0.6 3)
(55 1 3)
(55 1.4 3)
(55 1.8 3)
(55 2.2 3)
(55 2.6 3)
(55 3 3)
(55 3.4 3)
(55 3.8 3)
(55.4 0.2 3)
(55.4 0.6 3)
(55.4 1 3)
(55.4 1.4 3)
(55.4 1.8 3)
(55.4 2.2 3)
(55.4 2.6 3)
(55.4 3 3)
(55.4 3.4 3)
(55.4 3.8 3)
(55.8 0.2 3)
(55.8 0.6 3)
(55.8 1 3)
(55.8 1.4 3)
(55.8 1.8 3)
(55.8 2.2 3)
(55.8 2.6 3)
(55.8 3 3)
(55.8 3.4 3)
(55.8 3.8 3)
(56.2 0.2 3)
(56.2 0.6 3)
(56.2 1 3)
(56.2 1.4 3)
(56.2 1.8 3)
(56.2 2.2 3)
(56.2 2.6 3)
(56.2 3 3)
(56.2 3.4 3)
(56.2 3.8 3)
(56.6 0.2 3)
(56.6 0.6 3)
(56.6 1 3)
(56.6 1.4 3)
(56.6 1.8 3)
(56.6 2.2 3)
(56.6 2.6 3)
(56.6 3 3)
(56.6 3.4 3)
(56.6 3.8 3)
(57 0.2 3)
(57 0.6 3)
(57 1 3)
(57 1.4 3)
(57 1.8 3)
(57 2.2 3)
(57 2.6 3)
(57 3 3)
(57 3.4 3)
(57 3.8 3)
(57.4 0.2 3)
(57.4 0.6 3)
(57.4 1 3)
(57.4 1.4 3)
(57.4 1.8 3)
(57.4 2.2 3)
(57.4 2.6 3)
(57.4 3 3)
(57.4 3.4 3)
(57.4 3.8 3)
(57.8 0.2 3)
(57.8 0.6 3)
(57.8 1 3)
(57.8 1.4 3)
(57.8 1.8 3)
(57.8 2.2 3)
(57.8 2.6 3)
(57.8 3 3)
(57.8 3.4 3)
(57.8 3.8 3)
(58.2 0.2 3)
(58.2 0.6 3)
(58.2 1 3)
(58.2 1.4 3)
(58.2 1.8 3)
(58.2 2.2 3)
(58.2 2.6 3)
(58.2 3 3)
(58.2 3.4 3)
(58.2 3.8 3)
(58.6 0.2 3)
(58.6 0.6 3)
(58.6 1 3)
(58.6 1.4 3)
(58.6 1.8 3)
(58.6 2.2 3)
(58.6 2.6 3)
(58.6 3 3)
(58.6 3.4 3)
(58.6 3.8 3)
(59 0.2 3)
(59 0.6 3)
(59 1 3)
(59 1.4 3)
(59 1.8 3)
(59 2.2 3)
(59 2.6 3)
(59 3 3)
(59 3.4 3)
(59 3.8 3)
(59.4 0.2 3)
(59.4 0.6 3)
(59.4 1 3)
(59.4 1.4 3)
(59.4 1.8 3)
(59.4 2.2 3)
(59.4 2.6 3)
(59.4 3 3)
(59.4 3.4 3)
(59.4 3.8 3)
(59.8 0.2 3)
(59.8 0.6 3)
(59.8 1 3)
(59.8 1.4 3)
(59.8 1.8 3)
(59.8 2.2 3)
(59.8 2.6 3)
(59.8 3 3)
(59.8 3.4 3)
(59.8 3.8 3)
(28 4.2 0.1875)
(28 4.6 0.1875)
(28 5 0.1875)
(28 5.4 0.1875)
(28 5.8 0.1875)
(28 6.2 0.1875)
(28 6.6 0.1875)
(28 7 0.1875)
(28 7.4 0.1875)
(28 7.8 0.1875)
(28 8.2 0.1875)
(28 8.6 0.1875)
(28 9 0.1875)
(28 9.4 0.1875)
(28 9.8 0.1875)
(28 10.2 0.1875)
(28 10.6 0.1875)
(28 11 0.1875)
(28 11.4 0.1875)
(28 11.8 0.1875)
(28 12.2 0.1875)
(28 12.6 0.1875)
(28 13 0.1875)
(28 13.4 0.1875)
(28 13.8 0.1875)
(28 14.2 0.1875)
(28 14.6 0.1875)
(28 15 0.1875)
(28 15.4 0.1875)
(28 15.8 0.1875)
(28 4.2 0.5625)
(28 4.6 0.5625)
(28 5 0.5625)
(28 5.4 0.5625)
(28 5.8 0.5625)
(28 6.2 0.5625)
(28 6.6 0.5625)
(28 7 0.5625)
(28 7.4 0.5625)
(28 7.8 0.5625)
(28 8.2 0.5625)
(28 8.6 0.5625)
(28 9 0.5625)
(28 9.4 0.5625)
(28 9.8 0.5625)
(28 10.2 0.5625)
(28 10.6 0.5625)
(28 11 0.5625)
(28 11.4 0.5625)
(28 11.8 0.5625)
(28 12.2 0.5625)
(28 12.6 0.5625)
(28 13 0.5625)
(28 13.4 0.5625)
(28 13.8 0.5625)
(28 14.2 0.5625)
(28 14.6 0.5625)
(28 15 0.5625)
(28 15.4 0.5625)
(28 15.8 0.5625)
(28 4.2 0.9375)
(28 4.6 0.9375)
(28 5 0.9375)
(28 5.4 0.9375)
(28 5.8 0.9375)
(28 6.2 0.9375)
(28 6.6 0.9375)
(28 7 0.9375)
(28 7.4 0.9375)
(28 7.8 0.9375)
(28 8.2 0.9375)
(28 8.6 0.9375)
(28 9 0.9375)
(28 9.4 0.9375)
(28 9.8 0.9375)
(28 10.2 0.9375)
(28 10.6 0.9375)
(28 11 0.9375)
(28 11.4 0.9375)
(28 11.8 0.9375)
(28 12.2 0.9375)
(28 12.6 0.9375)
(28 13 0.9375)
(28 13.4 0.9375)
(28 13.8 0.9375)
(28 14.2 0.9375)
(28 14.6 0.9375)
(28 15 0.9375)
(28 15.4 0.9375)
(28 15.8 0.9375)
(28 4.2 1.3125)
(28 4.6 1.3125)
(28 5 1.3125)
(28 5.4 1.3125)
(28 5.8 1.3125)
(28 6.2 1.3125)
(28 6.6 1.3125)
(28 7 1.3125)
(28 7.4 1.3125)
(28 7.8 1.3125)
(28 8.2 1.3125)
(28 8.6 1.3125)
(28 9 1.3125)
(28 9.4 1.3125)
(28 9.8 1.3125)
(28 10.2 1.3125)
(28 10.6 1.3125)
(28 11 1.3125)
(28 11.4 1.3125)
(28 11.8 1.3125)
(28 12.2 1.3125)
(28 12.6 1.3125)
(28 13 1.3125)
(28 13.4 1.3125)
(28 13.8 1.3125)
(28 14.2 1.3125)
(28 14.6 1.3125)
(28 15 1.3125)
(28 15.4 1.3125)
(28 15.8 1.3125)
(28 4.2 1.6875)
(28 4.6 1.6875)
(28 5 1.6875)
(28 5.4 1.6875)
(28 5.8 1.6875)
(28 6.2 1.6875)
(28 6.6 1.6875)
(28 7 1.6875)
(28 7.4 1.6875)
(28 7.8 1.6875)
(28 8.2 1.6875)
(28 8.6 1.6875)
(28 9 1.6875)
(28 9.4 1.6875)
(28 9.8 1.6875)
(28 10.2 1.6875)
(28 10.6 1.6875)
(28 11 1.6875)
(28 11.4 1.6875)
(28 11.8 1.6875)
(28 12.2 1.6875)
(28 12.6 1.6875)
(28 13 1.6875)
(28 13.4 1.6875)
(28 13.8 1.6875)
(28 14.2 1.6875)
(28 14.6 1.6875)
(28 15 1.6875)
(28 15.4 1.6875)
(28 15.8 1.6875)
(28 4.2 2.0625)
(28 4.6 2.0625)
(28 5 2.0625)
(28 5.4 2.0625)
(28 5.8 2.0625)
(28 6.2 2.0625)
(28 6.6 2.0625)
(28 7 2.0625)
(28 7.4 2.0625)
(28 7.8 2.0625)
(28 8.2 2.0625)
(28 8.6 2.0625)
(28 9 2.0625)
(28 9.4 2.0625)
(28 9.8 2.0625)
(28 10.2 2.0625)
(28 10.6 2.0625)
(28 11 2.0625)
(28 11.4 2.0625)
(28 11.8 2.0625)
(28 12.2 2.0625)
(28 12.6 2.0625)
(28 13 2.0625)
(28 13.4 2.0625)
(28 13.8 2.0625)
(28 14.2 2.0625)
(28 14.6 2.0625)
(28 15 2.0625)
(28 15.4 2.0625)
(28 15.8 2.0625)
(28 4.2 2.4375)
(28 4.6 2.4375)
(28 5 2.4375)
(28 5.4 2.4375)
(28 5.8 2.4375)
(28 6.2 2.4375)
(28 6.6 2.4375)
(28 7 2.4375)
(28 7.4 2.4375)
(28 7.8 2.4375)
(28 8.2 2.4375)
(28 8.6 2.4375)
(28 9 2.4375)
(28 9.4 2.4375)
(28 9.8 2.4375)
(28 10.2 2.4375)
(28 10.6 2.4375)
(28 11 2.4375)
(28 11.4 2.4375)
(28 11.8 2.4375)
(28 12.2 2.4375)
(28 12.6 2.4375)
(28 13 2.4375)
(28 13.4 2.4375)
(28 13.8 2.4375)
(28 14.2 2.4375)
(28 14.6 2.4375)
(28 15 2.4375)
(28 15.4 2.4375)
(28 15.8 2.4375)
(28 4.2 2.8125)
(28 4.6 2.8125)
(28 5 2.8125)
(28 5.4 2.8125)
(28 5.8 2.8125)
(28 6.2 2.8125)
(28 6.6 2.8125)
(28 7 2.8125)
(28 7.4 2.8125)
(28 7.8 2.8125)
(28 8.2 2.8125)
(28 8.6 2.8125)
(28 9 2.8125)
(28 9.4 2.8125)
(28 9.8 2.8125)
(28 10.2 2.8125)
(28 10.6 2.8125)
(28 11 2.8125)
(28 11.4 2.8125)
(28 11.8 2.8125)
(28 12.2 2.8125)
(28 12.6 2.8125)
(28 13 2.8125)
(28 13.4 2.8125)
(28 13.8 2.8125)
(28 14.2 2.8125)
(28 14.6 2.8125)
(28 15 2.8125)
(28 15.4 2.8125)
(28 15.8 2.8125)
(38 4.2 0.1875)
(38 4.6 0.1875)
(38 5 0.1875)
(38 5.4 0.1875)
(38 5.8 0.1875)
(38 6.2 0.1875)
(38 6.6 0.1875)
(38 7 0.1875)
(38 7.4 0.1875)
(38 7.8 0.1875)
(38 8.2 0.1875)
(38 8.6 0.1875)
(38 9 0.1875)
(38 9.4 0.1875)
(38 9.8 0.1875)
(38 10.2 0.1875)
(38 10.6 0.1875)
(38 11 0.1875)
(38 11.4 0.1875)
(38 11.8 0.1875)
(38 12.2 0.1875)
(38 12.6 0.1875)
(38 13 0.1875)
(38 13.4 0.1875)
(38 13.8 0.1875)
(38 14.2 0.1875)
(38 14.6 0.1875)
(38 15 0.1875)
(38 15.4 0.1875)
(38 15.8 0.1875)
(38 4.2 0.5625)
(38 4.6 0.5625)
(38 5 0.5625)
(38 5.4 0.5625)
(38 5.8 0.5625)
(38 6.2 0.5625)
(38 6.6 0.5625)
(38 7 0.5625)
(38 7.4 0.5625)
(38 7.8 0.5625)
(38 8.2 0.5625)
(38 8.6 0.5625)
(38 9 0.5625)
(38 9.4 0.5625)
(38 9.8 0.5625)
(38 10.2 0.5625)
(38 10.6 0.5625)
(38 11 0.5625)
(38 11.4 0.5625)
(38 11.8 0.5625)
(38 12.2 0.5625)
(38 12.6 0.5625)
(38 13 0.5625)
(38 13.4 0.5625)
(38 13.8 0.5625)
(38 14.2 0.5625)
(38 14.6 0.5625)
(38 15 0.5625)
(38 15.4 0.5625)
(38 15.8 0.5625)
(38 4.2 0.9375)
(38 4.6 0.9375)
(38 5 0.9375)
(38 5.4 0.9375)
(38 5.8 0.9375)
(38 6.2 0.9375)
(38 6.6 0.9375)
(38 7 0.9375)
(38 7.4 0.9375)
(38 7.8 0.9375)
(38 8.2 0.9375)
(38 8.6 0.9375)
(38 9 0.9375)
(38 9.4 0.9375)
(38 9.8 0.9375)
(38 10.2 0.9375)
(38 10.6 0.9375)
(38 11 0.9375)
(38 11.4 0.9375)
(38 11.8 0.9375)
(38 12.2 0.9375)
(38 12.6 0.9375)
(38 13 0.9375)
(38 13.4 0.9375)
(38 13.8 0.9375)
(38 14.2 0.9375)
(38 14.6 0.9375)
(38 15 0.9375)
(38 15.4 0.9375)
(38 15.8 0.9375)
(38 4.2 1.3125)
(38 4.6 1.3125)
(38 5 1.3125)
(38 5.4 1.3125)
(38 5.8 1.3125)
(38 6.2 1.3125)
(38 6.6 1.3125)
(38 7 1.3125)
(38 7.4 1.3125)
(38 7.8 1.3125)
(38 8.2 1.3125)
(38 8.6 1.3125)
(38 9 1.3125)
(38 9.4 1.3125)
(38 9.8 1.3125)
(38 10.2 1.3125)
(38 10.6 1.3125)
(38 11 1.3125)
(38 11.4 1.3125)
(38 11.8 1.3125)
(38 12.2 1.3125)
(38 12.6 1.3125)
(38 13 1.3125)
(38 13.4 1.3125)
(38 13.8 1.3125)
(38 14.2 1.3125)
(38 14.6 1.3125)
(38 15 1.3125)
(38 15.4 1.3125)
(38 15.8 1.3125)
(38 4.2 1.6875)
(38 4.6 1.6875)
(38 5 1.6875)
(38 5.4 1.6875)
(38 5.8 1.6875)
(38 6.2 1.6875)
(38 6.6 1.6875)
(38 7 1.6875)
(38 7.4 1.6875)
(38 7.8 1.6875)
(38 8.2 1.6875)
(38 8.6 1.6875)
(38 9 1.6875)
(38 9.4 1.6875)
(38 9.8 1.6875)
(38 10.2 1.6875)
(38 10.6 1.6875)
(38 11 1.6875)
(38 11.4 1.6875)
(38 11.8 1.6875)
(38 12.2 1.6875)
(38 12.6 1.6875)
(38 13 1.6875)
(38 13.4 1.6875)
(38 13.8 1.6875)
(38 14.2 1.6875)
(38 14.6 1.6875)
(38 15 1.6875)
(38 15.4 1.6875)
(38 15.8 1.6875)
(38 4.2 2.0625)
(38 4.6 2.0625)
(38 5 2.0625)
(38 5.4 2.0625)
(38 5.8 2.0625)
(38 6.2 2.0625)
(38 6.6 2.0625)
(38 7 2.0625)
(38 7.4 2.0625)
(38 7.8 2.0625)
(38 8.2 2.0625)
(38 8.6 2.0625)
(38 9 2.0625)
(38 9.4 2.0625)
(38 9.8 2.0625)
(38 10.2 2.0625)
(38 10.6 2.0625)
(38 11 2.0625)
(38 11.4 2.0625)
(38 11.8 2.0625)
(38 12.2 2.0625)
(38 12.6 2.0625)
(38 13 2.0625)
(38 13.4 2.0625)
(38 13.8 2.0625)
(38 14.2 2.0625)
(38 14.6 2.0625)
(38 15 2.0625)
(38 15.4 2.0625)
(38 15.8 2.0625)
(38 4.2 2.4375)
(38 4.6 2.4375)
(38 5 2.4375)
(38 5.4 2.4375)
(38 5.8 2.4375)
(38 6.2 2.4375)
(38 6.6 2.4375)
(38 7 2.4375)
(38 7.4 2.4375)
(38 7.8 2.4375)
(38 8.2 2.4375)
(38 8.6 2.4375)
(38 9 2.4375)
(38 9.4 2.4375)
(38 9.8 2.4375)
(38 10.2 2.4375)
(38 10.6 2.4375)
(38 11 2.4375)
(38 11.4 2.4375)
(38 11.8 2.4375)
(38 12.2 2.4375)
(38 12.6 2.4375)
(38 13 2.4375)
(38 13.4 2.4375)
(38 13.8 2.4375)
(38 14.2 2.4375)
(38 14.6 2.4375)
(38 15 2.4375)
(38 15.4 2.4375)
(38 15.8 2.4375)
(38 4.2 2.8125)
(38 4.6 2.8125)
(38 5 2.8125)
(38 5.4 2.8125)
(38 5.8 2.8125)
(38 6.2 2.8125)
(38 6.6 2.8125)
(38 7 2.8125)
(38 7.4 2.8125)
(38 7.8 2.8125)
(38 8.2 2.8125)
(38 8.6 2.8125)
(38 9 2.8125)
(38 9.4 2.8125)
(38 9.8 2.8125)
(38 10.2 2.8125)
(38 10.6 2.8125)
(38 11 2.8125)
(38 11.4 2.8125)
(38 11.8 2.8125)
(38 12.2 2.8125)
(38 12.6 2.8125)
(38 13 2.8125)
(38 13.4 2.8125)
(38 13.8 2.8125)
(38 14.2 2.8125)
(38 14.6 2.8125)
(38 15 2.8125)
(38 15.4 2.8125)
(38 15.8 2.8125)
(28.2 16 0.1875)
(28.2 16 0.5625)
(28.2 16 0.9375)
(28.2 16 1.3125)
(28.2 16 1.6875)
(28.2 16 2.0625)
(28.2 16 2.4375)
(28.2 16 2.8125)
(28.6 16 0.1875)
(28.6 16 0.5625)
(28.6 16 0.9375)
(28.6 16 1.3125)
(28.6 16 1.6875)
(28.6 16 2.0625)
(28.6 16 2.4375)
(28.6 16 2.8125)
(29 16 0.1875)
(29 16 0.5625)
(29 16 0.9375)
(29 16 1.3125)
(29 16 1.6875)
(29 16 2.0625)
(29 16 2.4375)
(29 16 2.8125)
(29.4 16 0.1875)
(29.4 16 0.5625)
(29.4 16 0.9375)
(29.4 16 1.3125)
(29.4 16 1.6875)
(29.4 16 2.0625)
(29.4 16 2.4375)
(29.4 16 2.8125)
(29.8 16 0.1875)
(29.8 16 0.5625)
(29.8 16 0.9375)
(29.8 16 1.3125)
(29.8 16 1.6875)
(29.8 16 2.0625)
(29.8 16 2.4375)
(29.8 16 2.8125)
(30.2 16 0.1875)
(30.2 16 0.5625)
(30.2 16 0.9375)
(30.2 16 1.3125)
(30.2 16 1.6875)
(30.2 16 2.0625)
(30.2 16 2.4375)
(30.2 16 2.8125)
(30.6 16 0.1875)
(30.6 16 0.5625)
(30.6 16 0.9375)
(30.6 16 1.3125)
(30.6 16 1.6875)
(30.6 16 2.0625)
(30.6 16 2.4375)
(30.6 16 2.8125)
(31 16 0.1875)
(31 16 0.5625)
(31 16 0.9375)
(31 16 1.3125)
(31 16 1.6875)
(31 16 2.0625)
(31 16 2.4375)
(31 16 2.8125)
(31.4 16 0.1875)
(31.4 16 0.5625)
(31.4 16 0.9375)
(31.4 16 1.3125)
(31.4 16 1.6875)
(31.4 16 2.0625)
(31.4 16 2.4375)
(31.4 16 2.8125)
(31.8 16 0.1875)
(31.8 16 0.5625)
(31.8 16 0.9375)
(31.8 16 1.3125)
(31.8 16 1.6875)
(31.8 16 2.0625)
(31.8 16 2.4375)
(31.8 16 2.8125)
(32.2 16 0.1875)
(32.2 16 0.5625)
(32.2 16 0.9375)
(32.2 16 1.3125)
(32.2 16 1.6875)
(32.2 16 2.0625)
(32.2 16 2.4375)
(32.2 16 2.8125)
(32.6 16 0.1875)
(32.6 16 0.5625)
(32.6 16 0.9375)
(32.6 16 1.3125)
(32.6 16 1.6875)
(32.6 16 2.0625)
(32.6 16 2.4375)
(32.6 16 2.8125)
(33 16 0.1875)
(33 16 0.5625)
(33 16 0.9375)
(33 16 1.3125)
(33 16 1.6875)
(33 16 2.0625)
(33 16 2.4375)
(33 16 2.8125)
(33.4 16 0.1875)
(33.4 16 0.5625)
(33.4 16 0.9375)
(33.4 16 1.3125)
(33.4 16 1.6875)
(33.4 16 2.0625)
(33.4 16 2.4375)
(33.4 16 2.8125)
(33.8 16 0.1875)
(33.8 16 0.5625)
(33.8 16 0.9375)
(33.8 16 1.3125)
(33.8 16 1.6875)
(33.8 16 2.0625)
(33.8 16 2.4375)
(33.8 16 2.8125)
(34.2 16 0.1875)
(34.2 16 0.5625)
(34.2 16 0.9375)
(34.2 16 1.3125)
(34.2 16 1.6875)
(34.2 16 2.0625)
(34.2 16 2.4375)
(34.2 16 2.8125)
(34.6 16 0.1875)
(34.6 16 0.5625)
(34.6 16 0.9375)
(34.6 16 1.3125)
(34.6 16 1.6875)
(34.6 16 2.0625)
(34.6 16 2.4375)
(34.6 16 2.8125)
(35 16 0.1875)
(35 16 0.5625)
(35 16 0.9375)
(35 16 1.3125)
(35 16 1.6875)
(35 16 2.0625)
(35 16 2.4375)
(35 16 2.8125)
(35.4 16 0.1875)
(35.4 16 0.5625)
(35.4 16 0.9375)
(35.4 16 1.3125)
(35.4 16 1.6875)
(35.4 16 2.0625)
(35.4 16 2.4375)
(35.4 16 2.8125)
(35.8 16 0.1875)
(35.8 16 0.5625)
(35.8 16 0.9375)
(35.8 16 1.3125)
(35.8 16 1.6875)
(35.8 16 2.0625)
(35.8 16 2.4375)
(35.8 16 2.8125)
(36.2 16 0.1875)
(36.2 16 0.5625)
(36.2 16 0.9375)
(36.2 16 1.3125)
(36.2 16 1.6875)
(36.2 16 2.0625)
(36.2 16 2.4375)
(36.2 16 2.8125)
(36.6 16 0.1875)
(36.6 16 0.5625)
(36.6 16 0.9375)
(36.6 16 1.3125)
(36.6 16 1.6875)
(36.6 16 2.0625)
(36.6 16 2.4375)
(36.6 16 2.8125)
(37 16 0.1875)
(37 16 0.5625)
(37 16 0.9375)
(37 16 1.3125)
(37 16 1.6875)
(37 16 2.0625)
(37 16 2.4375)
(37 16 2.8125)
(37.4 16 0.1875)
(37.4 16 0.5625)
(37.4 16 0.9375)
(37.4 16 1.3125)
(37.4 16 1.6875)
(37.4 16 2.0625)
(37.4 16 2.4375)
(37.4 16 2.8125)
(37.8 16 0.1875)
(37.8 16 0.5625)
(37.8 16 0.9375)
(37.8 16 1.3125)
(37.8 16 1.6875)
(37.8 16 2.0625)
(37.8 16 2.4375)
(37.8 16 2.8125)
(28.2 4.2 0)
(28.2 4.6 0)
(28.2 5 0)
(28.2 5.4 0)
(28.2 5.8 0)
(28.2 6.2 0)
(28.2 6.6 0)
(28.2 7 0)
(28.2 7.4 0)
(28.2 7.8 0)
(28.2 8.2 0)
(28.2 8.6 0)
(28.2 9 0)
(28.2 9.4 0)
(28.2 9.8 0)
(28.2 10.2 0)
(28.2 10.6 0)
(28.2 11 0)
(28.2 11.4 0)
(28.2 11.8 0)
(28.2 12.2 0)
(28.2 12.6 0)
(28.2 13 0)
(28.2 13.4 0)
(28.2 13.8 0)
(28.2 14.2 0)
(28.2 14.6 0)
(28.2 15 0)
(28.2 15.4 0)
(28.2 15.8 0)
(28.6 4.2 0)
(28.6 4.6 0)
(28.6 5 0)
(28.6 5.4 0)
(28.6 5.8 0)
(28.6 6.2 0)
(28.6 6.6 0)
(28.6 7 0)
(28.6 7.4 0)
(28.6 7.8 0)
(28.6 8.2 0)
(28.6 8.6 0)
(28.6 9 0)
(28.6 9.4 0)
(28.6 9.8 0)
(28.6 10.2 0)
(28.6 10.6 0)
(28.6 11 0)
(28.6 11.4 0)
(28.6 11.8 0)
(28.6 12.2 0)
(28.6 12.6 0)
(28.6 13 0)
(28.6 13.4 0)
(28.6 13.8 0)
(28.6 14.2 0)
(28.6 14.6 0)
(28.6 15 0)
(28.6 15.4 0)
(28.6 15.8 0)
(29 4.2 0)
(29 4.6 0)
(29 5 0)
(29 5.4 0)
(29 5.8 0)
(29 6.2 0)
(29 6.6 0)
(29 7 0)
(29 7.4 0)
(29 7.8 0)
(29 8.2 0)
(29 8.6 0)
(29 9 0)
(29 9.4 0)
(29 9.8 0)
(29 10.2 0)
(29 10.6 0)
(29 11 0)
(29 11.4 0)
(29 11.8 0)
(29 12.2 0)
(29 12.6 0)
(29 13 0)
(29 13.4 0)
(29 13.8 0)
(29 14.2 0)
(29 14.6 0)
(29 15 0)
(29 15.4 0)
(29 15.8 0)
(29.4 4.2 0)
(29.4 4.6 0)
(29.4 5 0)
(29.4 5.4 0)
(29.4 5.8 0)
(29.4 6.2 0)
(29.4 6.6 0)
(29.4 7 0)
(29.4 7.4 0)
(29.4 7.8 0)
(29.4 8.2 0)
(29.4 8.6 0)
(29.4 9 0)
(29.4 9.4 0)
(29.4 9.8 0)
(29.4 10.2 0)
(29.4 10.6 0)
(29.4 11 0)
(29.4 11.4 0)
(29.4 11.8 0)
(29.4 12.2 0)
(29.4 12.6 0)
(29.4 13 0)
(29.4 13.4 0)
(29.4 13.8 0)
(29.4 14.2 0)
(29.4 14.6 0)
(29.4 15 0)
(29.4 15.4 0)
(29.4 15.8 0)
(29.8 4.2 0)
(29.8 4.6 0)
(29.8 5 0)
(29.8 5.4 0)
(29.8 5.8 0)
(29.8 6.2 0)
(29.8 6.6 0)
(29.8 7 0)
(29.8 7.4 0)
(29.8 7.8 0)
(29.8 8.2 0)
(29.8 8.6 0)
(29.8 9 0)
(29.8 9.4 0)
(29.8 9.8 0)
(29.8 10.2 0)
(29.8 10.6 0)
(29.8 11 0)
(29.8 11.4 0)
(29.8 11.8 0)
(29.8 12.2 0)
(29.8 12.6 0)
(29.8 13 0)
(29.8 13.4 0)
(29.8 13.8 0)
(29.8 14.2 0)
(29.8 14.6 0)
(29.8 15 0)
(29.8 15.4 0)
(29.8 15.8 0)
(30.2 4.2 0)
(30.2 4.6 0)
(30.2 5 0)
(30.2 5.4 0)
(30.2 5.8 0)
(30.2 6.2 0)
(30.2 6.6 0)
(30.2 7 0)
(30.2 7.4 0)
(30.2 7.8 0)
(30.2 8.2 0)
(30.2 8.6 0)
(30.2 9 0)
(30.2 9.4 0)
(30.2 9.8 0)
(30.2 10.2 0)
(30.2 10.6 0)
(30.2 11 0)
(30.2 11.4 0)
(30.2 11.8 0)
(30.2 12.2 0)
(30.2 12.6 0)
(30.2 13 0)
(30.2 13.4 0)
(30.2 13.8 0)
(30.2 14.2 0)
(30.2 14.6 0)
(30.2 15 0)
(30.2 15.4 0)
(30.2 15.8 0)
(30.6 4.2 0)
(30.6 4.6 0)
(30.6 5 0)
(30.6 5.4 0)
(30.6 5.8 0)
(30.6 6.2 0)
(30.6 6.6 0)
(30.6 7 0)
(30.6 7.4 0)
(30.6 7.8 0)
(30.6 8.2 0)
(30.6 8.6 0)
(30.6 9 0)
(30.6 9.4 0)
(30.6 9.8 0)
(30.6 10.2 0)
(30.6 10.6 0)
(30.6 11 0)
(30.6 11.4 0)
(30.6 11.8 0)
(30.6 12.2 0)
(30.6 12.6 0)
(30.6 13 0)
(30.6 13.4 0)
(30.6 13.8 0)
(30.6 14.2 0)
(30.6 14.6 0)
(30.6 15 0)
(30.6 15.4 0)
(30.6 15.8 0)
(31 4.2 0)
(31 4.6 0)
(31 5 0)
(31 5.4 0)
(31 5.8 0)
(31 6.2 0)
(31 6.6 0)
(31 7 0)
(31 7.4 0)
(31 7.8 0)
(31 8.2 0)
(31 8.6 0)
(31 9 0)
(31 9.4 0)
(31 9.8 0)
(31 10.2 0)
(31 10.6 0)
(31 11 0)
(31 11.4 0)
(31 11.8 0)
(31 12.2 0)
(31 12.6 0)
(31 13 0)
(31 13.4 0)
(31 13.8 0)
(31 14.2 0)
(31 14.6 0)
(31 15 0)
(31 15.4 0)
(31 15.8 0)
(31.4 4.2 0)
(31.4 4.6 0)
(31.4 5 0)
(31.4 5.4 0)
(31.4 5.8 0)
(31.4 6.2 0)
(31.4 6.6 0)
(31.4 7 0)
(31.4 7.4 0)
(31.4 7.8 0)
(31.4 8.2 0)
(31.4 8.6 0)
(31.4 9 0)
(31.4 9.4 0)
(31.4 9.8 0)
(31.4 10.2 0)
(31.4 10.6 0)
(31.4 11 0)
(31.4 11.4 0)
(31.4 11.8 0)
(31.4 12.2 0)
(31.4 12.6 0)
(31.4 13 0)
(31.4 13.4 0)
(31.4 13.8 0)
(31.4 14.2 0)
(31.4 14.6 0)
(31.4 15 0)
(31.4 15.4 0)
(31.4 15.8 0)
(31.8 4.2 0)
(31.8 4.6 0)
(31.8 5 0)
(31.8 5.4 0)
(31.8 5.8 0)
(31.8 6.2 0)
(31.8 6.6 0)
(31.8 7 0)
(31.8 7.4 0)
(31.8 7.8 0)
(31.8 8.2 0)
(31.8 8.6 0)
(31.8 9 0)
(31.8 9.4 0)
(31.8 9.8 0)
(31.8 10.2 0)
(31.8 10.6 0)
(31.8 11 0)
(31.8 11.4 0)
(31.8 11.8 0)
(31.8 12.2 0)
(31.8 12.6 0)
(31.8 13 0)
(31.8 13.4 0)
(31.8 13.8 0)
(31.8 14.2 0)
(31.8 14.6 0)
(31.8 15 0)
(31.8 15.4 0)
(31.8 15.8 0)
(32.2 4.2 0)
(32.2 4.6 0)
(32.2 5 0)
(32.2 5.4 0)
(32.2 5.8 0)
(32.2 6.2 0)
(32.2 6.6 0)
(32.2 7 0)
(32.2 7.4 0)
(32.2 7.8 0)
(32.2 8.2 0)
(32.2 8.6 0)
(32.2 9 0)
(32.2 9.4 0)
(32.2 9.8 0)
(32.2 10.2 0)
(32.2 10.6 0)
(32.2 11 0)
(32.2 11.4 0)
(32.2 11.8 0)
(32.2 12.2 0)
(32.2 12.6 0)
(32.2 13 0)
(32.2 13.4 0)
(32.2 13.8 0)
(32.2 14.2 0)
(32.2 14.6 0)
(32.2 15 0)
(32.2 15.4 0)
(32.2 15.8 0)
(32.6 4.2 0)
(32.6 4.6 0)
(32.6 5 0)
(32.6 5.4 0)
(32.6 5.8 0)
(32.6 6.2 0)
(32.6 6.6 0)
(32.6 7 0)
(32.6 7.4 0)
(32.6 7.8 0)
(32.6 8.2 0)
(32.6 8.6 0)
(32.6 9 0)
(32.6 9.4 0)
(32.6 9.8 0)
(32.6 10.2 0)
(32.6 10.6 0)
(32.6 11 0)
(32.6 11.4 0)
(32.6 11.8 0)
(32.6 12.2 0)
(32.6 12.6 0)
(32.6 13 0)
(32.6 13.4 0)
(32.6 13.8 0)
(32.6 14.2 0)
(32.6 14.6 0)
(32.6 15 0)
(32.6 15.4 0)
(32.6 15.8 0)
(33 4.2 0)
(33 4.6 0)
(33 5 0)
(33 5.4 0)
(33 5.8 0)
(33 6.2 0)
(33 6.6 0)
(33 7 0)
(33 7.4 0)
(33 7.8 0)
(33 8.2 0)
(33 8.6 0)
(33 9 0)
(33 9.4 0)
(33 9.8 0)
(33 10.2 0)
(33 10.6 0)
(33 11 0)
(33 11.4 0)
(33 11.8 0)
(33 12.2 0)
(33 12.6 0)
(33 13 0)
(33 13.4 0)
(33 13.8 0)
(33 14.2 0)
(33 14.6 0)
(33 15 0)
(33 15.4 0)
(33 15.8 0)
(33.4 4.2 0)
(33.4 4.6 0)
(33.4 5 0)
(33.4 5.4 0)
(33.4 5.8 0)
(33.4 6.2 0)
(33.4 6.6 0)
(33.4 7 0)
(33.4 7.4 0)
(33.4 7.8 0)
(33.4 8.2 0)
(33.4 8.6 0)
(33.4 9 0)
(33.4 9.4 0)
(33.4 9.8 0)
(33.4 10.2 0)
(33.4 10.6 0)
(33.4 11 0)
(33.4 11.4 0)
(33.4 11.8 0)
(33.4 12.2 0)
(33.4 12.6 0)
(33.4 13 0)
(33.4 13.4 0)
(33.4 13.8 0)
(33.4 14.2 0)
(33.4 14.6 0)
(33.4 15 0)
(33.4 15.4 0)
(33.4 15.8 0)
(33.8 4.2 0)
(33.8 4.6 0)
(33.8 5 0)
(33.8 5.4 0)
(33.8 5.8 0)
(33.8 6.2 0)
(33.8 6.6 0)
(33.8 7 0)
(33.8 7.4 0)
(33.8 7.8 0)
(33.8 8.2 0)
(33.8 8.6 0)
(33.8 9 0)
(33.8 9.4 0)
(33.8 9.8 0)
(33.8 10.2 0)
(33.8 10.6 0)
(33.8 11 0)
(33.8 11.4 0)
(33.8 11.8 0)
(33.8 12.2 0)
(33.8 12.6 0)
(33.8 13 0)
(33.8 13.4 0)
(33.8 13.8 0)
(33.8 14.2 0)
(33.8 14.6 0)
(33.8 15 0)
(33.8 15.4 0)
(33.8 15.8 0)
(34.2 4.2 0)
(34.2 4.6 0)
(34.2 5 0)
(34.2 5.4 0)
(34.2 5.8 0)
(34.2 6.2 0)
(34.2 6.6 0)
(34.2 7 0)
(34.2 7.4 0)
(34.2 7.8 0)
(34.2 8.2 0)
(34.2 8.6 0)
(34.2 9 0)
(34.2 9.4 0)
(34.2 9.8 0)
(34.2 10.2 0)
(34.2 10.6 0)
(34.2 11 0)
(34.2 11.4 0)
(34.2 11.8 0)
(34.2 12.2 0)
(34.2 12.6 0)
(34.2 13 0)
(34.2 13.4 0)
(34.2 13.8 0)
(34.2 14.2 0)
(34.2 14.6 0)
(34.2 15 0)
(34.2 15.4 0)
(34.2 15.8 0)
(34.6 4.2 0)
(34.6 4.6 0)
(34.6 5 0)
(34.6 5.4 0)
(34.6 5.8 0)
(34.6 6.2 0)
(34.6 6.6 0)
(34.6 7 0)
(34.6 7.4 0)
(34.6 7.8 0)
(34.6 8.2 0)
(34.6 8.6 0)
(34.6 9 0)
(34.6 9.4 0)
(34.6 9.8 0)
(34.6 10.2 0)
(34.6 10.6 0)
(34.6 11 0)
(34.6 11.4 0)
(34.6 11.8 0)
(34.6 12.2 0)
(34.6 12.6 0)
(34.6 13 0)
(34.6 13.4 0)
(34.6 13.8 0)
(34.6 14.2 0)
(34.6 14.6 0)
(34.6 15 0)
(34.6 15.4 0)
(34.6 15.8 0)
(35 4.2 0)
(35 4.6 0)
(35 5 0)
(35 5.4 0)
(35 5.8 0)
(35 6.2 0)
(35 6.6 0)
(35 7 0)
(35 7.4 0)
(35 7.8 0)
(35 8.2 0)
(35 8.6 0)
(35 9 0)
(35 9.4 0)
(35 9.8 0)
(35 10.2 0)
(35 10.6 0)
(35 11 0)
(35 11.4 0)
(35 11.8 0)
(35 12.2 0)
(35 12.6 0)
(35 13 0)
(35 13.4 0)
(35 13.8 0)
(35 14.2 0)
(35 14.6 0)
(35 15 0)
(35 15.4 0)
(35 15.8 0)
(35.4 4.2 0)
(35.4 4.6 0)
(35.4 5 0)
(35.4 5.4 0)
(35.4 5.8 0)
(35.4 6.2 0)
(35.4 6.6 0)
(35.4 7 0)
(35.4 7.4 0)
(35.4 7.8 0)
(35.4 8.2 0)
(35.4 8.6 0)
(35.4 9 0)
(35.4 9.4 0)
(35.4 9.8 0)
(35.4 10.2 0)
(35.4 10.6 0)
(35.4 11 0)
(35.4 11.4 0)
(35.4 11.8 0)
(35.4 12.2 0)
(35.4 12.6 0)
(35.4 13 0)
(35.4 13.4 0)
(35.4 13.8 0)
(35.4 14.2 0)
(35.4 14.6 0)
(35.4 15 0)
(35.4 15.4 0)
(35.4 15.8 0)
(35.8 4.2 0)
(35.8 4.6 0)
(35.8 5 0)
(35.8 5.4 0)
(35.8 5.8 0)
(35.8 6.2 0)
(35.8 6.6 0)
(35.8 7 0)
(35.8 7.4 0)
(35.8 7.8 0)
(35.8 8.2 0)
(35.8 8.6 0)
(35.8 9 0)
(35.8 9.4 0)
(35.8 9.8 0)
(35.8 10.2 0)
(35.8 10.6 0)
(35.8 11 0)
(35.8 11.4 0)
(35.8 11.8 0)
(35.8 12.2 0)
(35.8 12.6 0)
(35.8 13 0)
(35.8 13.4 0)
(35.8 13.8 0)
(35.8 14.2 0)
(35.8 14.6 0)
(35.8 15 0)
(35.8 15.4 0)
(35.8 15.8 0)
(36.2 4.2 0)
(36.2 4.6 0)
(36.2 5 0)
(36.2 5.4 0)
(36.2 5.8 0)
(36.2 6.2 0)
(36.2 6.6 0)
(36.2 7 0)
(36.2 7.4 0)
(36.2 7.8 0)
(36.2 8.2 0)
(36.2 8.6 0)
(36.2 9 0)
(36.2 9.4 0)
(36.2 9.8 0)
(36.2 10.2 0)
(36.2 10.6 0)
(36.2 11 0)
(36.2 11.4 0)
(36.2 11.8 0)
(36.2 12.2 0)
(36.2 12.6 0)
(36.2 13 0)
(36.2 13.4 0)
(36.2 13.8 0)
(36.2 14.2 0)
(36.2 14.6 0)
(36.2 15 0)
(36.2 15.4 0)
(36.2 15.8 0)
(36.6 4.2 0)
(36.6 4.6 0)
(36.6 5 0)
(36.6 5.4 0)
(36.6 5.8 0)
(36.6 6.2 0)
(36.6 6.6 0)
(36.6 7 0)
(36.6 7.4 0)
(36.6 7.8 0)
(36.6 8.2 0)
(36.6 8.6 0)
(36.6 9 0)
(36.6 9.4 0)
(36.6 9.8 0)
(36.6 10.2 0)
(36.6 10.6 0)
(36.6 11 0)
(36.6 11.4 0)
(36.6 11.8 0)
(36.6 12.2 0)
(36.6 12.6 0)
(36.6 13 0)
(36.6 13.4 0)
(36.6 13.8 0)
(36.6 14.2 0)
(36.6 14.6 0)
(36.6 15 0)
(36.6 15.4 0)
(36.6 15.8 0)
(37 4.2 0)
(37 4.6 0)
(37 5 0)
(37 5.4 0)
(37 5.8 0)
(37 6.2 0)
(37 6.6 0)
(37 7 0)
(37 7.4 0)
(37 7.8 0)
(37 8.2 0)
(37 8.6 0)
(37 9 0)
(37 9.4 0)
(37 9.8 0)
(37 10.2 0)
(37 10.6 0)
(37 11 0)
(37 11.4 0)
(37 11.8 0)
(37 12.2 0)
(37 12.6 0)
(37 13 0)
(37 13.4 0)
(37 13.8 0)
(37 14.2 0)
(37 14.6 0)
(37 15 0)
(37 15.4 0)
(37 15.8 0)
(37.4 4.2 0)
(37.4 4.6 0)
(37.4 5 0)
(37.4 5.4 0)
(37.4 5.8 0)
(37.4 6.2 0)
(37.4 6.6 0)
(37.4 7 0)
(37.4 7.4 0)
(37.4 7.8 0)
(37.4 8.2 0)
(37.4 8.6 0)
(37.4 9 0)
(37.4 9.4 0)
(37.4 9.8 0)
(37.4 10.2 0)
(37.4 10.6 0)
(37.4 11 0)
(37.4 11.4 0)
(37.4 11.8 0)
(37.4 12.2 0)
(37.4 12.6 0)
(37.4 13 0)
(37.4 13.4 0)
(37.4 13.8 0)
(37.4 14.2 0)
(37.4 14.6 0)
(37.4 15 0)
(37.4 15.4 0)
(37.4 15.8 0)
(37.8 4.2 0)
(37.8 4.6 0)
(37.8 5 0)
(37.8 5.4 0)
(37.8 5.8 0)
(37.8 6.2 0)
(37.8 6.6 0)
(37.8 7 0)
(37.8 7.4 0)
(37.8 7.8 0)
(37.8 8.2 0)
(37.8 8.6 0)
(37.8 9 0)
(37.8 9.4 0)
(37.8 9.8 0)
(37.8 10.2 0)
(37.8 10.6 0)
(37.8 11 0)
(37.8 11.4 0)
(37.8 11.8 0)
(37.8 12.2 0)
(37.8 12.6 0)
(37.8 13 0)
(37.8 13.4 0)
(37.8 13.8 0)
(37.8 14.2 0)
(37.8 14.6 0)
(37.8 15 0)
(37.8 15.4 0)
(37.8 15.8 0)
(28.2 4.2 3)
(28.2 4.6 3)
(28.2 5 3)
(28.2 5.4 3)
(28.2 5.8 3)
(28.2 6.2 3)
(28.2 6.6 3)
(28.2 7 3)
(28.2 7.4 3)
(28.2 7.8 3)
(28.2 8.2 3)
(28.2 8.6 3)
(28.2 9 3)
(28.2 9.4 3)
(28.2 9.8 3)
(28.2 10.2 3)
(28.2 10.6 3)
(28.2 11 3)
(28.2 11.4 3)
(28.2 11.8 3)
(28.2 12.2 3)
(28.2 12.6 3)
(28.2 13 3)
(28.2 13.4 3)
(28.2 13.8 3)
(28.2 14.2 3)
(28.2 14.6 3)
(28.2 15 3)
(28.2 15.4 3)
(28.2 15.8 3)
(28.6 4.2 3)
(28.6 4.6 3)
(28.6 5 3)
(28.6 5.4 3)
(28.6 5.8 3)
(28.6 6.2 3)
(28.6 6.6 3)
(28.6 7 3)
(28.6 7.4 3)
(28.6 7.8 3)
(28.6 8.2 3)
(28.6 8.6 3)
(28.6 9 3)
(28.6 9.4 3)
(28.6 9.8 3)
(28.6 10.2 3)
(28.6 10.6 3)
(28.6 11 3)
(28.6 11.4 3)
(28.6 11.8 3)
(28.6 12.2 3)
(28.6 12.6 3)
(28.6 13 3)
(28.6 13.4 3)
(28.6 13.8 3)
(28.6 14.2 3)
(28.6 14.6 3)
(28.6 15 3)
(28.6 15.4 3)
(28.6 15.8 3)
(29 4.2 3)
(29 4.6 3)
(29 5 3)
(29 5.4 3)
(29 5.8 3)
(29 6.2 3)
(29 6.6 3)
(29 7 3)
(29 7.4 3)
(29 7.8 3)
(29 8.2 3)
(29 8.6 3)
(29 9 3)
(29 9.4 3)
(29 9.8 3)
(29 10.2 3)
(29 10.6 3)
(29 11 3)
(29 11.4 3)
(29 11.8 3)
(29 12.2 3)
(29 12.6 3)
(29 13 3)
(29 13.4 3)
(29 13.8 3)
(29 14.2 3)
(29 14.6 3)
(29 15 3)
(29 15.4 3)
(29 15.8 3)
(29.4 4.2 3)
(29.4 4.6 3)
(29.4 5 3)
(29.4 5.4 3)
(29.4 5.8 3)
(29.4 6.2 3)
(29.4 6.6 3)
(29.4 7 3)
(29.4 7.4 3)
(29.4 7.8 3)
(29.4 8.2 3)
(29.4 8.6 3)
(29.4 9 3)
(29.4 9.4 3)
(29.4 9.8 3)
(29.4 10.2 3)
(29.4 10.6 3)
(29.4 11 3)
(29.4 11.4 3)
(29.4 11.8 3)
(29.4 12.2 3)
(29.4 12.6 3)
(29.4 13 3)
(29.4 13.4 3)
(29.4 13.8 3)
(29.4 14.2 3)
(29.4 14.6 3)
(29.4 15 3)
(29.4 15.4 3)
(29.4 15.8 3)
(29.8 4.2 3)
(29.8 4.6 3)
(29.8 5 3)
(29.8 5.4 3)
(29.8 5.8 3)
(29.8 6.2 3)
(29.8 6.6 3)
(29.8 7 3)
(29.8 7.4 3)
(29.8 7.8 3)
(29.8 8.2 3)
(29.8 8.6 3)
(29.8 9 3)
(29.8 9.4 3)
(29.8 9.8 3)
(29.8 10.2 3)
(29.8 10.6 3)
(29.8 11 3)
(29.8 11.4 3)
(29.8 11.8 3)
(29.8 12.2 3)
(29.8 12.6 3)
(29.8 13 3)
(29.8 13.4 3)
(29.8 13.8 3)
(29.8 14.2 3)
(29.8 14.6 3)
(29.8 15 3)
(29.8 15.4 3)
(29.8 15.8 3)
(30.2 4.2 3)
(30.2 4.6 3)
(30.2 5 3)
(30.2 5.4 3)
(30.2 5.8 3)
(30.2 6.2 3)
(30.2 6.6 3)
(30.2 7 3)
(30.2 7.4 3)
(30.2 7.8 3)
(30.2 8.2 3)
(30.2 8.6 3)
(30.2 9 3)
(30.2 9.4 3)
(30.2 9.8 3)
(30.2 10.2 3)
(30.2 10.6 3)
(30.2 11 3)
(30.2 11.4 3)
(30.2 11.8 3)
(30.2 12.2 3)
(30.2 12.6 3)
(30.2 13 3)
(30.2 13.4 3)
(30.2 13.8 3)
(30.2 14.2 3)
(30.2 14.6 3)
(30.2 15 3)
(30.2 15.4 3)
(30.2 15.8 3)
(30.6 4.2 3)
(30.6 4.6 3)
(30.6 5 3)
(30.6 5.4 3)
(30.6 5.8 3)
(30.6 6.2 3)
(30.6 6.6 3)
(30.6 7 3)
(30.6 7.4 3)
(30.6 7.8 3)
(30.6 8.2 3)
(30.6 8.6 3)
(30.6 9 3)
(30.6 9.4 3)
(30.6 9.8 3)
(30.6 10.2 3)
(30.6 10.6 3)
(30.6 11 3)
(30.6 11.4 3)
(30.6 11.8 3)
(30.6 12.2 3)
(30.6 12.6 3)
(30.6 13 3)
(30.6 13.4 3)
(30.6 13.8 3)
(30.6 14.2 3)
(30.6 14.6 3)
(30.6 15 3)
(30.6 15.4 3)
(30.6 15.8 3)
(31 4.2 3)
(31 4.6 3)
(31 5 3)
(31 5.4 3)
(31 5.8 3)
(31 6.2 3)
(31 6.6 3)
(31 7 3)
(31 7.4 3)
(31 7.8 3)
(31 8.2 3)
(31 8.6 3)
(31 9 3)
(31 9.4 3)
(31 9.8 3)
(31 10.2 3)
(31 10.6 3)
(31 11 3)
(31 11.4 3)
(31 11.8 3)
(31 12.2 3)
(31 12.6 3)
(31 13 3)
(31 13.4 3)
(31 13.8 3)
(31 14.2 3)
(31 14.6 3)
(31 15 3)
(31 15.4 3)
(31 15.8 3)
(31.4 4.2 3)
(31.4 4.6 3)
(31.4 5 3)
(31.4 5.4 3)
(31.4 5.8 3)
(31.4 6.2 3)
(31.4 6.6 3)
(31.4 7 3)
(31.4 7.4 3)
(31.4 7.8 3)
(31.4 8.2 3)
(31.4 8.6 3)
(31.4 9 3)
(31.4 9.4 3)
(31.4 9.8 3)
(31.4 10.2 3)
(31.4 10.6 3)
(31.4 11 3)
(31.4 11.4 3)
(31.4 11.8 3)
(31.4 12.2 3)
(31.4 12.6 3)
(31.4 13 3)
(31.4 13.4 3)
(31.4 13.8 3)
(31.4 14.2 3)
(31.4 14.6 3)
(31.4 15 3)
(31.4 15.4 3)
(31.4 15.8 3)
(31.8 4.2 3)
(31.8 4.6 3)
(31.8 5 3)
(31.8 5.4 3)
(31.8 5.8 3)
(31.8 6.2 3)
(31.8 6.6 3)
(31.8 7 3)
(31.8 7.4 3)
(31.8 7.8 3)
(31.8 8.2 3)
(31.8 8.6 3)
(31.8 9 3)
(31.8 9.4 3)
(31.8 9.8 3)
(31.8 10.2 3)
(31.8 10.6 3)
(31.8 11 3)
(31.8 11.4 3)
(31.8 11.8 3)
(31.8 12.2 3)
(31.8 12.6 3)
(31.8 13 3)
(31.8 13.4 3)
(31.8 13.8 3)
(31.8 14.2 3)
(31.8 14.6 3)
(31.8 15 3)
(31.8 15.4 3)
(31.8 15.8 3)
(32.2 4.2 3)
(32.2 4.6 3)
(32.2 5 3)
(32.2 5.4 3)
(32.2 5.8 3)
(32.2 6.2 3)
(32.2 6.6 3)
(32.2 7 3)
(32.2 7.4 3)
(32.2 7.8 3)
(32.2 8.2 3)
(32.2 8.6 3)
(32.2 9 3)
(32.2 9.4 3)
(32.2 9.8 3)
(32.2 10.2 3)
(32.2 10.6 3)
(32.2 11 3)
(32.2 11.4 3)
(32.2 11.8 3)
(32.2 12.2 3)
(32.2 12.6 3)
(32.2 13 3)
(32.2 13.4 3)
(32.2 13.8 3)
(32.2 14.2 3)
(32.2 14.6 3)
(32.2 15 3)
(32.2 15.4 3)
(32.2 15.8 3)
(32.6 4.2 3)
(32.6 4.6 3)
(32.6 5 3)
(32.6 5.4 3)
(32.6 5.8 3)
(32.6 6.2 3)
(32.6 6.6 3)
(32.6 7 3)
(32.6 7.4 3)
(32.6 7.8 3)
(32.6 8.2 3)
(32.6 8.6 3)
(32.6 9 3)
(32.6 9.4 3)
(32.6 9.8 3)
(32.6 10.2 3)
(32.6 10.6 3)
(32.6 11 3)
(32.6 11.4 3)
(32.6 11.8 3)
(32.6 12.2 3)
(32.6 12.6 3)
(32.6 13 3)
(32.6 13.4 3)
(32.6 13.8 3)
(32.6 14.2 3)
(32.6 14.6 3)
(32.6 15 3)
(32.6 15.4 3)
(32.6 15.8 3)
(33 4.2 3)
(33 4.6 3)
(33 5 3)
(33 5.4 3)
(33 5.8 3)
(33 6.2 3)
(33 6.6 3)
(33 7 3)
(33 7.4 3)
(33 7.8 3)
(33 8.2 3)
(33 8.6 3)
(33 9 3)
(33 9.4 3)
(33 9.8 3)
(33 10.2 3)
(33 10.6 3)
(33 11 3)
(33 11.4 3)
(33 11.8 3)
(33 12.2 3)
(33 12.6 3)
(33 13 3)
(33 13.4 3)
(33 13.8 3)
(33 14.2 3)
(33 14.6 3)
(33 15 3)
(33 15.4 3)
(33 15.8 3)
(33.4 4.2 3)
(33.4 4.6 3)
(33.4 5 3)
(33.4 5.4 3)
(33.4 5.8 3)
(33.4 6.2 3)
(33.4 6.6 3)
(33.4 7 3)
(33.4 7.4 3)
(33.4 7.8 3)
(33.4 8.2 3)
(33.4 8.6 3)
(33.4 9 3)
(33.4 9.4 3)
(33.4 9.8 3)
(33.4 10.2 3)
(33.4 10.6 3)
(33.4 11 3)
(33.4 11.4 3)
(33.4 11.8 3)
(33.4 12.2 3)
(33.4 12.6 3)
(33.4 13 3)
(33.4 13.4 3)
(33.4 13.8 3)
(33.4 14.2 3)
(33.4 14.6 3)
(33.4 15 3)
(33.4 15.4 3)
(33.4 15.8 3)
(33.8 4.2 3)
(33.8 4.6 3)
(33.8 5 3)
(33.8 5.4 3)
(33.8 5.8 3)
(33.8 6.2 3)
(33.8 6.6 3)
(33.8 7 3)
(33.8 7.4 3)
(33.8 7.8 3)
(33.8 8.2 3)
(33.8 8.6 3)
(33.8 9 3)
(33.8 9.4 3)
(33.8 9.8 3)
(33.8 10.2 3)
(33.8 10.6 3)
(33.8 11 3)
(33.8 11.4 3)
(33.8 11.8 3)
(33.8 12.2 3)
(33.8 12.6 3)
(33.8 13 3)
(33.8 13.4 3)
(33.8 13.8 3)
(33.8 14.2 3)
(33.8 14.6 3)
(33.8 15 3)
(33.8 15.4 3)
(33.8 15.8 3)
(34.2 4.2 3)
(34.2 4.6 3)
(34.2 5 3)
(34.2 5.4 3)
(34.2 5.8 3)
(34.2 6.2 3)
(34.2 6.6 3)
(34.2 7 3)
(34.2 7.4 3)
(34.2 7.8 3)
(34.2 8.2 3)
(34.2 8.6 3)
(34.2 9 3)
(34.2 9.4 3)
(34.2 9.8 3)
(34.2 10.2 3)
(34.2 10.6 3)
(34.2 11 3)
(34.2 11.4 3)
(34.2 11.8 3)
(34.2 12.2 3)
(34.2 12.6 3)
(34.2 13 3)
(34.2 13.4 3)
(34.2 13.8 3)
(34.2 14.2 3)
(34.2 14.6 3)
(34.2 15 3)
(34.2 15.4 3)
(34.2 15.8 3)
(34.6 4.2 3)
(34.6 4.6 3)
(34.6 5 3)
(34.6 5.4 3)
(34.6 5.8 3)
(34.6 6.2 3)
(34.6 6.6 3)
(34.6 7 3)
(34.6 7.4 3)
(34.6 7.8 3)
(34.6 8.2 3)
(34.6 8.6 3)
(34.6 9 3)
(34.6 9.4 3)
(34.6 9.8 3)
(34.6 10.2 3)
(34.6 10.6 3)
(34.6 11 3)
(34.6 11.4 3)
(34.6 11.8 3)
(34.6 12.2 3)
(34.6 12.6 3)
(34.6 13 3)
(34.6 13.4 3)
(34.6 13.8 3)
(34.6 14.2 3)
(34.6 14.6 3)
(34.6 15 3)
(34.6 15.4 3)
(34.6 15.8 3)
(35 4.2 3)
(35 4.6 3)
(35 5 3)
(35 5.4 3)
(35 5.8 3)
(35 6.2 3)
(35 6.6 3)
(35 7 3)
(35 7.4 3)
(35 7.8 3)
(35 8.2 3)
(35 8.6 3)
(35 9 3)
(35 9.4 3)
(35 9.8 3)
(35 10.2 3)
(35 10.6 3)
(35 11 3)
(35 11.4 3)
(35 11.8 3)
(35 12.2 3)
(35 12.6 3)
(35 13 3)
(35 13.4 3)
(35 13.8 3)
(35 14.2 3)
(35 14.6 3)
(35 15 3)
(35 15.4 3)
(35 15.8 3)
(35.4 4.2 3)
(35.4 4.6 3)
(35.4 5 3)
(35.4 5.4 3)
(35.4 5.8 3)
(35.4 6.2 3)
(35.4 6.6 3)
(35.4 7 3)
(35.4 7.4 3)
(35.4 7.8 3)
(35.4 8.2 3)
(35.4 8.6 3)
(35.4 9 3)
(35.4 9.4 3)
(35.4 9.8 3)
(35.4 10.2 3)
(35.4 10.6 3)
(35.4 11 3)
(35.4 11.4 3)
(35.4 11.8 3)
(35.4 12.2 3)
(35.4 12.6 3)
(35.4 13 3)
(35.4 13.4 3)
(35.4 13.8 3)
(35.4 14.2 3)
(35.4 14.6 3)
(35.4 15 3)
(35.4 15.4 3)
(35.4 15.8 3)
(35.8 4.2 3)
(35.8 4.6 3)
(35.8 5 3)
(35.8 5.4 3)
(35.8 5.8 3)
(35.8 6.2 3)
(35.8 6.6 3)
(35.8 7 3)
(35.8 7.4 3)
(35.8 7.8 3)
(35.8 8.2 3)
(35.8 8.6 3)
(35.8 9 3)
(35.8 9.4 3)
(35.8 9.8 3)
(35.8 10.2 3)
(35.8 10.6 3)
(35.8 11 3)
(35.8 11.4 3)
(35.8 11.8 3)
(35.8 12.2 3)
(35.8 12.6 3)
(35.8 13 3)
(35.8 13.4 3)
(35.8 13.8 3)
(35.8 14.2 3)
(35.8 14.6 3)
(35.8 15 3)
(35.8 15.4 3)
(35.8 15.8 3)
(36.2 4.2 3)
(36.2 4.6 3)
(36.2 5 3)
(36.2 5.4 3)
(36.2 5.8 3)
(36.2 6.2 3)
(36.2 6.6 3)
(36.2 7 3)
(36.2 7.4 3)
(36.2 7.8 3)
(36.2 8.2 3)
(36.2 8.6 3)
(36.2 9 3)
(36.2 9.4 3)
(36.2 9.8 3)
(36.2 10.2 3)
(36.2 10.6 3)
(36.2 11 3)
(36.2 11.4 3)
(36.2 11.8 3)
(36.2 12.2 3)
(36.2 12.6 3)
(36.2 13 3)
(36.2 13.4 3)
(36.2 13.8 3)
(36.2 14.2 3)
(36.2 14.6 3)
(36.2 15 3)
(36.2 15.4 3)
(36.2 15.8 3)
(36.6 4.2 3)
(36.6 4.6 3)
(36.6 5 3)
(36.6 5.4 3)
(36.6 5.8 3)
(36.6 6.2 3)
(36.6 6.6 3)
(36.6 7 3)
(36.6 7.4 3)
(36.6 7.8 3)
(36.6 8.2 3)
(36.6 8.6 3)
(36.6 9 3)
(36.6 9.4 3)
(36.6 9.8 3)
(36.6 10.2 3)
(36.6 10.6 3)
(36.6 11 3)
(36.6 11.4 3)
(36.6 11.8 3)
(36.6 12.2 3)
(36.6 12.6 3)
(36.6 13 3)
(36.6 13.4 3)
(36.6 13.8 3)
(36.6 14.2 3)
(36.6 14.6 3)
(36.6 15 3)
(36.6 15.4 3)
(36.6 15.8 3)
(37 4.2 3)
(37 4.6 3)
(37 5 3)
(37 5.4 3)
(37 5.8 3)
(37 6.2 3)
(37 6.6 3)
(37 7 3)
(37 7.4 3)
(37 7.8 3)
(37 8.2 3)
(37 8.6 3)
(37 9 3)
(37 9.4 3)
(37 9.8 3)
(37 10.2 3)
(37 10.6 3)
(37 11 3)
(37 11.4 3)
(37 11.8 3)
(37 12.2 3)
(37 12.6 3)
(37 13 3)
(37 13.4 3)
(37 13.8 3)
(37 14.2 3)
(37 14.6 3)
(37 15 3)
(37 15.4 3)
(37 15.8 3)
(37.4 4.2 3)
(37.4 4.6 3)
(37.4 5 3)
(37.4 5.4 3)
(37.4 5.8 3)
(37.4 6.2 3)
(37.4 6.6 3)
(37.4 7 3)
(37.4 7.4 3)
(37.4 7.8 3)
(37.4 8.2 3)
(37.4 8.6 3)
(37.4 9 3)
(37.4 9.4 3)
(37.4 9.8 3)
(37.4 10.2 3)
(37.4 10.6 3)
(37.4 11 3)
(37.4 11.4 3)
(37.4 11.8 3)
(37.4 12.2 3)
(37.4 12.6 3)
(37.4 13 3)
(37.4 13.4 3)
(37.4 13.8 3)
(37.4 14.2 3)
(37.4 14.6 3)
(37.4 15 3)
(37.4 15.4 3)
(37.4 15.8 3)
(37.8 4.2 3)
(37.8 4.6 3)
(37.8 5 3)
(37.8 5.4 3)
(37.8 5.8 3)
(37.8 6.2 3)
(37.8 6.6 3)
(37.8 7 3)
(37.8 7.4 3)
(37.8 7.8 3)
(37.8 8.2 3)
(37.8 8.6 3)
(37.8 9 3)
(37.8 9.4 3)
(37.8 9.8 3)
(37.8 10.2 3)
(37.8 10.6 3)
(37.8 11 3)
(37.8 11.4 3)
(37.8 11.8 3)
(37.8 12.2 3)
(37.8 12.6 3)
(37.8 13 3)
(37.8 13.4 3)
(37.8 13.8 3)
(37.8 14.2 3)
(37.8 14.6 3)
(37.8 15 3)
(37.8 15.4 3)
(37.8 15.8 3)
)
;
    }
}


// ************************************************************************* //
