/*--------------------------------*- C++ -*----------------------------------*\
  =========                 |
  \\      /  F ield         | OpenFOAM: The Open Source CFD Toolbox
   \\    /   O peration     | Website:  https://openfoam.org
    \\  /    A nd           | Version:  13
     \\/     M anipulation  |
\*---------------------------------------------------------------------------*/
FoamFile
{
    format      ascii;
    class       labelList;
    note        "nPoints: 21969 nCells: 18000 nFaces: 57770 nInternalFaces: 50230";
    location    "constant/polyMesh";
    object      neighbour;
}
// * * * * * * * * * * * * * * * * * * * * * * * * * * * * * * * * * * * * * //


50230
(
1
70
700
2
71
701
3
72
702
4
73
703
5
74
704
6
75
705
7
76
706
8
77
707
9
78
708
10
79
709
11
80
710
12
81
711
13
82
712
14
83
713
15
84
714
16
85
715
17
86
716
18
87
717
19
88
718
20
89
719
21
90
720
22
91
721
23
92
722
24
93
723
25
94
724
26
95
725
27
96
726
28
97
727
29
98
728
30
99
729
31
100
730
32
101
731
33
102
732
34
103
733
35
104
734
36
105
735
37
106
736
38
107
737
39
108
738
40
109
739
41
110
740
42
111
741
43
112
742
44
113
743
45
114
744
46
115
745
47
116
746
48
117
747
49
118
748
50
119
749
51
120
750
52
121
751
53
122
752
54
123
753
55
124
754
56
125
755
57
126
756
58
127
757
59
128
758
60
129
759
61
130
760
62
131
761
63
132
762
64
133
763
65
134
764
66
135
765
67
136
766
68
137
767
69
138
768
139
769
5600
71
140
770
72
141
771
73
142
772
74
143
773
75
144
774
76
145
775
77
146
776
78
147
777
79
148
778
80
149
779
81
150
780
82
151
781
83
152
782
84
153
783
85
154
784
86
155
785
87
156
786
88
157
787
89
158
788
90
159
789
91
160
790
92
161
791
93
162
792
94
163
793
95
164
794
96
165
795
97
166
796
98
167
797
99
168
798
100
169
799
101
170
800
102
171
801
103
172
802
104
173
803
105
174
804
106
175
805
107
176
806
108
177
807
109
178
808
110
179
809
111
180
810
112
181
811
113
182
812
114
183
813
115
184
814
116
185
815
117
186
816
118
187
817
119
188
818
120
189
819
121
190
820
122
191
821
123
192
822
124
193
823
125
194
824
126
195
825
127
196
826
128
197
827
129
198
828
130
199
829
131
200
830
132
201
831
133
202
832
134
203
833
135
204
834
136
205
835
137
206
836
138
207
837
139
208
838
209
839
5625
141
210
840
142
211
841
143
212
842
144
213
843
145
214
844
146
215
845
147
216
846
148
217
847
149
218
848
150
219
849
151
220
850
152
221
851
153
222
852
154
223
853
155
224
854
156
225
855
157
226
856
158
227
857
159
228
858
160
229
859
161
230
860
162
231
861
163
232
862
164
233
863
165
234
864
166
235
865
167
236
866
168
237
867
169
238
868
170
239
869
171
240
870
172
241
871
173
242
872
174
243
873
175
244
874
176
245
875
177
246
876
178
247
877
179
248
878
180
249
879
181
250
880
182
251
881
183
252
882
184
253
883
185
254
884
186
255
885
187
256
886
188
257
887
189
258
888
190
259
889
191
260
890
192
261
891
193
262
892
194
263
893
195
264
894
196
265
895
197
266
896
198
267
897
199
268
898
200
269
899
201
270
900
202
271
901
203
272
902
204
273
903
205
274
904
206
275
905
207
276
906
208
277
907
209
278
908
279
909
5650
211
280
910
212
281
911
213
282
912
214
283
913
215
284
914
216
285
915
217
286
916
218
287
917
219
288
918
220
289
919
221
290
920
222
291
921
223
292
922
224
293
923
225
294
924
226
295
925
227
296
926
228
297
927
229
298
928
230
299
929
231
300
930
232
301
931
233
302
932
234
303
933
235
304
934
236
305
935
237
306
936
238
307
937
239
308
938
240
309
939
241
310
940
242
311
941
243
312
942
244
313
943
245
314
944
246
315
945
247
316
946
248
317
947
249
318
948
250
319
949
251
320
950
252
321
951
253
322
952
254
323
953
255
324
954
256
325
955
257
326
956
258
327
957
259
328
958
260
329
959
261
330
960
262
331
961
263
332
962
264
333
963
265
334
964
266
335
965
267
336
966
268
337
967
269
338
968
270
339
969
271
340
970
272
341
971
273
342
972
274
343
973
275
344
974
276
345
975
277
346
976
278
347
977
279
348
978
349
979
5675
281
350
980
282
351
981
283
352
982
284
353
983
285
354
984
286
355
985
287
356
986
288
357
987
289
358
988
290
359
989
291
360
990
292
361
991
293
362
992
294
363
993
295
364
994
296
365
995
297
366
996
298
367
997
299
368
998
300
369
999
301
370
1000
302
371
1001
303
372
1002
304
373
1003
305
374
1004
306
375
1005
307
376
1006
308
377
1007
309
378
1008
310
379
1009
311
380
1010
312
381
1011
313
382
1012
314
383
1013
315
384
1014
316
385
1015
317
386
1016
318
387
1017
319
388
1018
320
389
1019
321
390
1020
322
391
1021
323
392
1022
324
393
1023
325
394
1024
326
395
1025
327
396
1026
328
397
1027
329
398
1028
330
399
1029
331
400
1030
332
401
1031
333
402
1032
334
403
1033
335
404
1034
336
405
1035
337
406
1036
338
407
1037
339
408
1038
340
409
1039
341
410
1040
342
411
1041
343
412
1042
344
413
1043
345
414
1044
346
415
1045
347
416
1046
348
417
1047
349
418
1048
419
1049
5700
351
420
1050
352
421
1051
353
422
1052
354
423
1053
355
424
1054
356
425
1055
357
426
1056
358
427
1057
359
428
1058
360
429
1059
361
430
1060
362
431
1061
363
432
1062
364
433
1063
365
434
1064
366
435
1065
367
436
1066
368
437
1067
369
438
1068
370
439
1069
371
440
1070
372
441
1071
373
442
1072
374
443
1073
375
444
1074
376
445
1075
377
446
1076
378
447
1077
379
448
1078
380
449
1079
381
450
1080
382
451
1081
383
452
1082
384
453
1083
385
454
1084
386
455
1085
387
456
1086
388
457
1087
389
458
1088
390
459
1089
391
460
1090
392
461
1091
393
462
1092
394
463
1093
395
464
1094
396
465
1095
397
466
1096
398
467
1097
399
468
1098
400
469
1099
401
470
1100
402
471
1101
403
472
1102
404
473
1103
405
474
1104
406
475
1105
407
476
1106
408
477
1107
409
478
1108
410
479
1109
411
480
1110
412
481
1111
413
482
1112
414
483
1113
415
484
1114
416
485
1115
417
486
1116
418
487
1117
419
488
1118
489
1119
5725
421
490
1120
422
491
1121
423
492
1122
424
493
1123
425
494
1124
426
495
1125
427
496
1126
428
497
1127
429
498
1128
430
499
1129
431
500
1130
432
501
1131
433
502
1132
434
503
1133
435
504
1134
436
505
1135
437
506
1136
438
507
1137
439
508
1138
440
509
1139
441
510
1140
442
511
1141
443
512
1142
444
513
1143
445
514
1144
446
515
1145
447
516
1146
448
517
1147
449
518
1148
450
519
1149
451
520
1150
452
521
1151
453
522
1152
454
523
1153
455
524
1154
456
525
1155
457
526
1156
458
527
1157
459
528
1158
460
529
1159
461
530
1160
462
531
1161
463
532
1162
464
533
1163
465
534
1164
466
535
1165
467
536
1166
468
537
1167
469
538
1168
470
539
1169
471
540
1170
472
541
1171
473
542
1172
474
543
1173
475
544
1174
476
545
1175
477
546
1176
478
547
1177
479
548
1178
480
549
1179
481
550
1180
482
551
1181
483
552
1182
484
553
1183
485
554
1184
486
555
1185
487
556
1186
488
557
1187
489
558
1188
559
1189
5750
491
560
1190
492
561
1191
493
562
1192
494
563
1193
495
564
1194
496
565
1195
497
566
1196
498
567
1197
499
568
1198
500
569
1199
501
570
1200
502
571
1201
503
572
1202
504
573
1203
505
574
1204
506
575
1205
507
576
1206
508
577
1207
509
578
1208
510
579
1209
511
580
1210
512
581
1211
513
582
1212
514
583
1213
515
584
1214
516
585
1215
517
586
1216
518
587
1217
519
588
1218
520
589
1219
521
590
1220
522
591
1221
523
592
1222
524
593
1223
525
594
1224
526
595
1225
527
596
1226
528
597
1227
529
598
1228
530
599
1229
531
600
1230
532
601
1231
533
602
1232
534
603
1233
535
604
1234
536
605
1235
537
606
1236
538
607
1237
539
608
1238
540
609
1239
541
610
1240
542
611
1241
543
612
1242
544
613
1243
545
614
1244
546
615
1245
547
616
1246
548
617
1247
549
618
1248
550
619
1249
551
620
1250
552
621
1251
553
622
1252
554
623
1253
555
624
1254
556
625
1255
557
626
1256
558
627
1257
559
628
1258
629
1259
5775
561
630
1260
562
631
1261
563
632
1262
564
633
1263
565
634
1264
566
635
1265
567
636
1266
568
637
1267
569
638
1268
570
639
1269
571
640
1270
572
641
1271
573
642
1272
574
643
1273
575
644
1274
576
645
1275
577
646
1276
578
647
1277
579
648
1278
580
649
1279
581
650
1280
582
651
1281
583
652
1282
584
653
1283
585
654
1284
586
655
1285
587
656
1286
588
657
1287
589
658
1288
590
659
1289
591
660
1290
592
661
1291
593
662
1292
594
663
1293
595
664
1294
596
665
1295
597
666
1296
598
667
1297
599
668
1298
600
669
1299
601
670
1300
602
671
1301
603
672
1302
604
673
1303
605
674
1304
606
675
1305
607
676
1306
608
677
1307
609
678
1308
610
679
1309
611
680
1310
612
681
1311
613
682
1312
614
683
1313
615
684
1314
616
685
1315
617
686
1316
618
687
1317
619
688
1318
620
689
1319
621
690
1320
622
691
1321
623
692
1322
624
693
1323
625
694
1324
626
695
1325
627
696
1326
628
697
1327
629
698
1328
699
1329
5800
631
1330
632
1331
633
1332
634
1333
635
1334
636
1335
637
1336
638
1337
639
1338
640
1339
641
1340
642
1341
643
1342
644
1343
645
1344
646
1345
647
1346
648
1347
649
1348
650
1349
651
1350
652
1351
653
1352
654
1353
655
1354
656
1355
657
1356
658
1357
659
1358
660
1359
661
1360
662
1361
663
1362
664
1363
665
1364
666
1365
667
1366
668
1367
669
1368
670
1369
671
1370
672
1371
673
1372
674
1373
675
1374
676
1375
677
1376
678
1377
679
1378
680
1379
681
1380
682
1381
683
1382
684
1383
685
1384
686
1385
687
1386
688
1387
689
1388
690
1389
691
1390
692
1391
693
1392
694
1393
695
1394
696
1395
697
1396
698
1397
699
1398
1399
5825
701
770
1400
702
771
1401
703
772
1402
704
773
1403
705
774
1404
706
775
1405
707
776
1406
708
777
1407
709
778
1408
710
779
1409
711
780
1410
712
781
1411
713
782
1412
714
783
1413
715
784
1414
716
785
1415
717
786
1416
718
787
1417
719
788
1418
720
789
1419
721
790
1420
722
791
1421
723
792
1422
724
793
1423
725
794
1424
726
795
1425
727
796
1426
728
797
1427
729
798
1428
730
799
1429
731
800
1430
732
801
1431
733
802
1432
734
803
1433
735
804
1434
736
805
1435
737
806
1436
738
807
1437
739
808
1438
740
809
1439
741
810
1440
742
811
1441
743
812
1442
744
813
1443
745
814
1444
746
815
1445
747
816
1446
748
817
1447
749
818
1448
750
819
1449
751
820
1450
752
821
1451
753
822
1452
754
823
1453
755
824
1454
756
825
1455
757
826
1456
758
827
1457
759
828
1458
760
829
1459
761
830
1460
762
831
1461
763
832
1462
764
833
1463
765
834
1464
766
835
1465
767
836
1466
768
837
1467
769
838
1468
839
1469
5850
771
840
1470
772
841
1471
773
842
1472
774
843
1473
775
844
1474
776
845
1475
777
846
1476
778
847
1477
779
848
1478
780
849
1479
781
850
1480
782
851
1481
783
852
1482
784
853
1483
785
854
1484
786
855
1485
787
856
1486
788
857
1487
789
858
1488
790
859
1489
791
860
1490
792
861
1491
793
862
1492
794
863
1493
795
864
1494
796
865
1495
797
866
1496
798
867
1497
799
868
1498
800
869
1499
801
870
1500
802
871
1501
803
872
1502
804
873
1503
805
874
1504
806
875
1505
807
876
1506
808
877
1507
809
878
1508
810
879
1509
811
880
1510
812
881
1511
813
882
1512
814
883
1513
815
884
1514
816
885
1515
817
886
1516
818
887
1517
819
888
1518
820
889
1519
821
890
1520
822
891
1521
823
892
1522
824
893
1523
825
894
1524
826
895
1525
827
896
1526
828
897
1527
829
898
1528
830
899
1529
831
900
1530
832
901
1531
833
902
1532
834
903
1533
835
904
1534
836
905
1535
837
906
1536
838
907
1537
839
908
1538
909
1539
5875
841
910
1540
842
911
1541
843
912
1542
844
913
1543
845
914
1544
846
915
1545
847
916
1546
848
917
1547
849
918
1548
850
919
1549
851
920
1550
852
921
1551
853
922
1552
854
923
1553
855
924
1554
856
925
1555
857
926
1556
858
927
1557
859
928
1558
860
929
1559
861
930
1560
862
931
1561
863
932
1562
864
933
1563
865
934
1564
866
935
1565
867
936
1566
868
937
1567
869
938
1568
870
939
1569
871
940
1570
872
941
1571
873
942
1572
874
943
1573
875
944
1574
876
945
1575
877
946
1576
878
947
1577
879
948
1578
880
949
1579
881
950
1580
882
951
1581
883
952
1582
884
953
1583
885
954
1584
886
955
1585
887
956
1586
888
957
1587
889
958
1588
890
959
1589
891
960
1590
892
961
1591
893
962
1592
894
963
1593
895
964
1594
896
965
1595
897
966
1596
898
967
1597
899
968
1598
900
969
1599
901
970
1600
902
971
1601
903
972
1602
904
973
1603
905
974
1604
906
975
1605
907
976
1606
908
977
1607
909
978
1608
979
1609
5900
911
980
1610
912
981
1611
913
982
1612
914
983
1613
915
984
1614
916
985
1615
917
986
1616
918
987
1617
919
988
1618
920
989
1619
921
990
1620
922
991
1621
923
992
1622
924
993
1623
925
994
1624
926
995
1625
927
996
1626
928
997
1627
929
998
1628
930
999
1629
931
1000
1630
932
1001
1631
933
1002
1632
934
1003
1633
935
1004
1634
936
1005
1635
937
1006
1636
938
1007
1637
939
1008
1638
940
1009
1639
941
1010
1640
942
1011
1641
943
1012
1642
944
1013
1643
945
1014
1644
946
1015
1645
947
1016
1646
948
1017
1647
949
1018
1648
950
1019
1649
951
1020
1650
952
1021
1651
953
1022
1652
954
1023
1653
955
1024
1654
956
1025
1655
957
1026
1656
958
1027
1657
959
1028
1658
960
1029
1659
961
1030
1660
962
1031
1661
963
1032
1662
964
1033
1663
965
1034
1664
966
1035
1665
967
1036
1666
968
1037
1667
969
1038
1668
970
1039
1669
971
1040
1670
972
1041
1671
973
1042
1672
974
1043
1673
975
1044
1674
976
1045
1675
977
1046
1676
978
1047
1677
979
1048
1678
1049
1679
5925
981
1050
1680
982
1051
1681
983
1052
1682
984
1053
1683
985
1054
1684
986
1055
1685
987
1056
1686
988
1057
1687
989
1058
1688
990
1059
1689
991
1060
1690
992
1061
1691
993
1062
1692
994
1063
1693
995
1064
1694
996
1065
1695
997
1066
1696
998
1067
1697
999
1068
1698
1000
1069
1699
1001
1070
1700
1002
1071
1701
1003
1072
1702
1004
1073
1703
1005
1074
1704
1006
1075
1705
1007
1076
1706
1008
1077
1707
1009
1078
1708
1010
1079
1709
1011
1080
1710
1012
1081
1711
1013
1082
1712
1014
1083
1713
1015
1084
1714
1016
1085
1715
1017
1086
1716
1018
1087
1717
1019
1088
1718
1020
1089
1719
1021
1090
1720
1022
1091
1721
1023
1092
1722
1024
1093
1723
1025
1094
1724
1026
1095
1725
1027
1096
1726
1028
1097
1727
1029
1098
1728
1030
1099
1729
1031
1100
1730
1032
1101
1731
1033
1102
1732
1034
1103
1733
1035
1104
1734
1036
1105
1735
1037
1106
1736
1038
1107
1737
1039
1108
1738
1040
1109
1739
1041
1110
1740
1042
1111
1741
1043
1112
1742
1044
1113
1743
1045
1114
1744
1046
1115
1745
1047
1116
1746
1048
1117
1747
1049
1118
1748
1119
1749
5950
1051
1120
1750
1052
1121
1751
1053
1122
1752
1054
1123
1753
1055
1124
1754
1056
1125
1755
1057
1126
1756
1058
1127
1757
1059
1128
1758
1060
1129
1759
1061
1130
1760
1062
1131
1761
1063
1132
1762
1064
1133
1763
1065
1134
1764
1066
1135
1765
1067
1136
1766
1068
1137
1767
1069
1138
1768
1070
1139
1769
1071
1140
1770
1072
1141
1771
1073
1142
1772
1074
1143
1773
1075
1144
1774
1076
1145
1775
1077
1146
1776
1078
1147
1777
1079
1148
1778
1080
1149
1779
1081
1150
1780
1082
1151
1781
1083
1152
1782
1084
1153
1783
1085
1154
1784
1086
1155
1785
1087
1156
1786
1088
1157
1787
1089
1158
1788
1090
1159
1789
1091
1160
1790
1092
1161
1791
1093
1162
1792
1094
1163
1793
1095
1164
1794
1096
1165
1795
1097
1166
1796
1098
1167
1797
1099
1168
1798
1100
1169
1799
1101
1170
1800
1102
1171
1801
1103
1172
1802
1104
1173
1803
1105
1174
1804
1106
1175
1805
1107
1176
1806
1108
1177
1807
1109
1178
1808
1110
1179
1809
1111
1180
1810
1112
1181
1811
1113
1182
1812
1114
1183
1813
1115
1184
1814
1116
1185
1815
1117
1186
1816
1118
1187
1817
1119
1188
1818
1189
1819
5975
1121
1190
1820
1122
1191
1821
1123
1192
1822
1124
1193
1823
1125
1194
1824
1126
1195
1825
1127
1196
1826
1128
1197
1827
1129
1198
1828
1130
1199
1829
1131
1200
1830
1132
1201
1831
1133
1202
1832
1134
1203
1833
1135
1204
1834
1136
1205
1835
1137
1206
1836
1138
1207
1837
1139
1208
1838
1140
1209
1839
1141
1210
1840
1142
1211
1841
1143
1212
1842
1144
1213
1843
1145
1214
1844
1146
1215
1845
1147
1216
1846
1148
1217
1847
1149
1218
1848
1150
1219
1849
1151
1220
1850
1152
1221
1851
1153
1222
1852
1154
1223
1853
1155
1224
1854
1156
1225
1855
1157
1226
1856
1158
1227
1857
1159
1228
1858
1160
1229
1859
1161
1230
1860
1162
1231
1861
1163
1232
1862
1164
1233
1863
1165
1234
1864
1166
1235
1865
1167
1236
1866
1168
1237
1867
1169
1238
1868
1170
1239
1869
1171
1240
1870
1172
1241
1871
1173
1242
1872
1174
1243
1873
1175
1244
1874
1176
1245
1875
1177
1246
1876
1178
1247
1877
1179
1248
1878
1180
1249
1879
1181
1250
1880
1182
1251
1881
1183
1252
1882
1184
1253
1883
1185
1254
1884
1186
1255
1885
1187
1256
1886
1188
1257
1887
1189
1258
1888
1259
1889
6000
1191
1260
1890
1192
1261
1891
1193
1262
1892
1194
1263
1893
1195
1264
1894
1196
1265
1895
1197
1266
1896
1198
1267
1897
1199
1268
1898
1200
1269
1899
1201
1270
1900
1202
1271
1901
1203
1272
1902
1204
1273
1903
1205
1274
1904
1206
1275
1905
1207
1276
1906
1208
1277
1907
1209
1278
1908
1210
1279
1909
1211
1280
1910
1212
1281
1911
1213
1282
1912
1214
1283
1913
1215
1284
1914
1216
1285
1915
1217
1286
1916
1218
1287
1917
1219
1288
1918
1220
1289
1919
1221
1290
1920
1222
1291
1921
1223
1292
1922
1224
1293
1923
1225
1294
1924
1226
1295
1925
1227
1296
1926
1228
1297
1927
1229
1298
1928
1230
1299
1929
1231
1300
1930
1232
1301
1931
1233
1302
1932
1234
1303
1933
1235
1304
1934
1236
1305
1935
1237
1306
1936
1238
1307
1937
1239
1308
1938
1240
1309
1939
1241
1310
1940
1242
1311
1941
1243
1312
1942
1244
1313
1943
1245
1314
1944
1246
1315
1945
1247
1316
1946
1248
1317
1947
1249
1318
1948
1250
1319
1949
1251
1320
1950
1252
1321
1951
1253
1322
1952
1254
1323
1953
1255
1324
1954
1256
1325
1955
1257
1326
1956
1258
1327
1957
1259
1328
1958
1329
1959
6025
1261
1330
1960
1262
1331
1961
1263
1332
1962
1264
1333
1963
1265
1334
1964
1266
1335
1965
1267
1336
1966
1268
1337
1967
1269
1338
1968
1270
1339
1969
1271
1340
1970
1272
1341
1971
1273
1342
1972
1274
1343
1973
1275
1344
1974
1276
1345
1975
1277
1346
1976
1278
1347
1977
1279
1348
1978
1280
1349
1979
1281
1350
1980
1282
1351
1981
1283
1352
1982
1284
1353
1983
1285
1354
1984
1286
1355
1985
1287
1356
1986
1288
1357
1987
1289
1358
1988
1290
1359
1989
1291
1360
1990
1292
1361
1991
1293
1362
1992
1294
1363
1993
1295
1364
1994
1296
1365
1995
1297
1366
1996
1298
1367
1997
1299
1368
1998
1300
1369
1999
1301
1370
2000
1302
1371
2001
1303
1372
2002
1304
1373
2003
1305
1374
2004
1306
1375
2005
1307
1376
2006
1308
1377
2007
1309
1378
2008
1310
1379
2009
1311
1380
2010
1312
1381
2011
1313
1382
2012
1314
1383
2013
1315
1384
2014
1316
1385
2015
1317
1386
2016
1318
1387
2017
1319
1388
2018
1320
1389
2019
1321
1390
2020
1322
1391
2021
1323
1392
2022
1324
1393
2023
1325
1394
2024
1326
1395
2025
1327
1396
2026
1328
1397
2027
1329
1398
2028
1399
2029
6050
1331
2030
1332
2031
1333
2032
1334
2033
1335
2034
1336
2035
1337
2036
1338
2037
1339
2038
1340
2039
1341
2040
1342
2041
1343
2042
1344
2043
1345
2044
1346
2045
1347
2046
1348
2047
1349
2048
1350
2049
1351
2050
1352
2051
1353
2052
1354
2053
1355
2054
1356
2055
1357
2056
1358
2057
1359
2058
1360
2059
1361
2060
1362
2061
1363
2062
1364
2063
1365
2064
1366
2065
1367
2066
1368
2067
1369
2068
1370
2069
1371
2070
1372
2071
1373
2072
1374
2073
1375
2074
1376
2075
1377
2076
1378
2077
1379
2078
1380
2079
1381
2080
1382
2081
1383
2082
1384
2083
1385
2084
1386
2085
1387
2086
1388
2087
1389
2088
1390
2089
1391
2090
1392
2091
1393
2092
1394
2093
1395
2094
1396
2095
1397
2096
1398
2097
1399
2098
2099
6075
1401
1470
2100
1402
1471
2101
1403
1472
2102
1404
1473
2103
1405
1474
2104
1406
1475
2105
1407
1476
2106
1408
1477
2107
1409
1478
2108
1410
1479
2109
1411
1480
2110
1412
1481
2111
1413
1482
2112
1414
1483
2113
1415
1484
2114
1416
1485
2115
1417
1486
2116
1418
1487
2117
1419
1488
2118
1420
1489
2119
1421
1490
2120
1422
1491
2121
1423
1492
2122
1424
1493
2123
1425
1494
2124
1426
1495
2125
1427
1496
2126
1428
1497
2127
1429
1498
2128
1430
1499
2129
1431
1500
2130
1432
1501
2131
1433
1502
2132
1434
1503
2133
1435
1504
2134
1436
1505
2135
1437
1506
2136
1438
1507
2137
1439
1508
2138
1440
1509
2139
1441
1510
2140
1442
1511
2141
1443
1512
2142
1444
1513
2143
1445
1514
2144
1446
1515
2145
1447
1516
2146
1448
1517
2147
1449
1518
2148
1450
1519
2149
1451
1520
2150
1452
1521
2151
1453
1522
2152
1454
1523
2153
1455
1524
2154
1456
1525
2155
1457
1526
2156
1458
1527
2157
1459
1528
2158
1460
1529
2159
1461
1530
2160
1462
1531
2161
1463
1532
2162
1464
1533
2163
1465
1534
2164
1466
1535
2165
1467
1536
2166
1468
1537
2167
1469
1538
2168
1539
2169
6100
1471
1540
2170
1472
1541
2171
1473
1542
2172
1474
1543
2173
1475
1544
2174
1476
1545
2175
1477
1546
2176
1478
1547
2177
1479
1548
2178
1480
1549
2179
1481
1550
2180
1482
1551
2181
1483
1552
2182
1484
1553
2183
1485
1554
2184
1486
1555
2185
1487
1556
2186
1488
1557
2187
1489
1558
2188
1490
1559
2189
1491
1560
2190
1492
1561
2191
1493
1562
2192
1494
1563
2193
1495
1564
2194
1496
1565
2195
1497
1566
2196
1498
1567
2197
1499
1568
2198
1500
1569
2199
1501
1570
2200
1502
1571
2201
1503
1572
2202
1504
1573
2203
1505
1574
2204
1506
1575
2205
1507
1576
2206
1508
1577
2207
1509
1578
2208
1510
1579
2209
1511
1580
2210
1512
1581
2211
1513
1582
2212
1514
1583
2213
1515
1584
2214
1516
1585
2215
1517
1586
2216
1518
1587
2217
1519
1588
2218
1520
1589
2219
1521
1590
2220
1522
1591
2221
1523
1592
2222
1524
1593
2223
1525
1594
2224
1526
1595
2225
1527
1596
2226
1528
1597
2227
1529
1598
2228
1530
1599
2229
1531
1600
2230
1532
1601
2231
1533
1602
2232
1534
1603
2233
1535
1604
2234
1536
1605
2235
1537
1606
2236
1538
1607
2237
1539
1608
2238
1609
2239
6125
1541
1610
2240
1542
1611
2241
1543
1612
2242
1544
1613
2243
1545
1614
2244
1546
1615
2245
1547
1616
2246
1548
1617
2247
1549
1618
2248
1550
1619
2249
1551
1620
2250
1552
1621
2251
1553
1622
2252
1554
1623
2253
1555
1624
2254
1556
1625
2255
1557
1626
2256
1558
1627
2257
1559
1628
2258
1560
1629
2259
1561
1630
2260
1562
1631
2261
1563
1632
2262
1564
1633
2263
1565
1634
2264
1566
1635
2265
1567
1636
2266
1568
1637
2267
1569
1638
2268
1570
1639
2269
1571
1640
2270
1572
1641
2271
1573
1642
2272
1574
1643
2273
1575
1644
2274
1576
1645
2275
1577
1646
2276
1578
1647
2277
1579
1648
2278
1580
1649
2279
1581
1650
2280
1582
1651
2281
1583
1652
2282
1584
1653
2283
1585
1654
2284
1586
1655
2285
1587
1656
2286
1588
1657
2287
1589
1658
2288
1590
1659
2289
1591
1660
2290
1592
1661
2291
1593
1662
2292
1594
1663
2293
1595
1664
2294
1596
1665
2295
1597
1666
2296
1598
1667
2297
1599
1668
2298
1600
1669
2299
1601
1670
2300
1602
1671
2301
1603
1672
2302
1604
1673
2303
1605
1674
2304
1606
1675
2305
1607
1676
2306
1608
1677
2307
1609
1678
2308
1679
2309
6150
1611
1680
2310
1612
1681
2311
1613
1682
2312
1614
1683
2313
1615
1684
2314
1616
1685
2315
1617
1686
2316
1618
1687
2317
1619
1688
2318
1620
1689
2319
1621
1690
2320
1622
1691
2321
1623
1692
2322
1624
1693
2323
1625
1694
2324
1626
1695
2325
1627
1696
2326
1628
1697
2327
1629
1698
2328
1630
1699
2329
1631
1700
2330
1632
1701
2331
1633
1702
2332
1634
1703
2333
1635
1704
2334
1636
1705
2335
1637
1706
2336
1638
1707
2337
1639
1708
2338
1640
1709
2339
1641
1710
2340
1642
1711
2341
1643
1712
2342
1644
1713
2343
1645
1714
2344
1646
1715
2345
1647
1716
2346
1648
1717
2347
1649
1718
2348
1650
1719
2349
1651
1720
2350
1652
1721
2351
1653
1722
2352
1654
1723
2353
1655
1724
2354
1656
1725
2355
1657
1726
2356
1658
1727
2357
1659
1728
2358
1660
1729
2359
1661
1730
2360
1662
1731
2361
1663
1732
2362
1664
1733
2363
1665
1734
2364
1666
1735
2365
1667
1736
2366
1668
1737
2367
1669
1738
2368
1670
1739
2369
1671
1740
2370
1672
1741
2371
1673
1742
2372
1674
1743
2373
1675
1744
2374
1676
1745
2375
1677
1746
2376
1678
1747
2377
1679
1748
2378
1749
2379
6175
1681
1750
2380
1682
1751
2381
1683
1752
2382
1684
1753
2383
1685
1754
2384
1686
1755
2385
1687
1756
2386
1688
1757
2387
1689
1758
2388
1690
1759
2389
1691
1760
2390
1692
1761
2391
1693
1762
2392
1694
1763
2393
1695
1764
2394
1696
1765
2395
1697
1766
2396
1698
1767
2397
1699
1768
2398
1700
1769
2399
1701
1770
2400
1702
1771
2401
1703
1772
2402
1704
1773
2403
1705
1774
2404
1706
1775
2405
1707
1776
2406
1708
1777
2407
1709
1778
2408
1710
1779
2409
1711
1780
2410
1712
1781
2411
1713
1782
2412
1714
1783
2413
1715
1784
2414
1716
1785
2415
1717
1786
2416
1718
1787
2417
1719
1788
2418
1720
1789
2419
1721
1790
2420
1722
1791
2421
1723
1792
2422
1724
1793
2423
1725
1794
2424
1726
1795
2425
1727
1796
2426
1728
1797
2427
1729
1798
2428
1730
1799
2429
1731
1800
2430
1732
1801
2431
1733
1802
2432
1734
1803
2433
1735
1804
2434
1736
1805
2435
1737
1806
2436
1738
1807
2437
1739
1808
2438
1740
1809
2439
1741
1810
2440
1742
1811
2441
1743
1812
2442
1744
1813
2443
1745
1814
2444
1746
1815
2445
1747
1816
2446
1748
1817
2447
1749
1818
2448
1819
2449
6200
1751
1820
2450
1752
1821
2451
1753
1822
2452
1754
1823
2453
1755
1824
2454
1756
1825
2455
1757
1826
2456
1758
1827
2457
1759
1828
2458
1760
1829
2459
1761
1830
2460
1762
1831
2461
1763
1832
2462
1764
1833
2463
1765
1834
2464
1766
1835
2465
1767
1836
2466
1768
1837
2467
1769
1838
2468
1770
1839
2469
1771
1840
2470
1772
1841
2471
1773
1842
2472
1774
1843
2473
1775
1844
2474
1776
1845
2475
1777
1846
2476
1778
1847
2477
1779
1848
2478
1780
1849
2479
1781
1850
2480
1782
1851
2481
1783
1852
2482
1784
1853
2483
1785
1854
2484
1786
1855
2485
1787
1856
2486
1788
1857
2487
1789
1858
2488
1790
1859
2489
1791
1860
2490
1792
1861
2491
1793
1862
2492
1794
1863
2493
1795
1864
2494
1796
1865
2495
1797
1866
2496
1798
1867
2497
1799
1868
2498
1800
1869
2499
1801
1870
2500
1802
1871
2501
1803
1872
2502
1804
1873
2503
1805
1874
2504
1806
1875
2505
1807
1876
2506
1808
1877
2507
1809
1878
2508
1810
1879
2509
1811
1880
2510
1812
1881
2511
1813
1882
2512
1814
1883
2513
1815
1884
2514
1816
1885
2515
1817
1886
2516
1818
1887
2517
1819
1888
2518
1889
2519
6225
1821
1890
2520
1822
1891
2521
1823
1892
2522
1824
1893
2523
1825
1894
2524
1826
1895
2525
1827
1896
2526
1828
1897
2527
1829
1898
2528
1830
1899
2529
1831
1900
2530
1832
1901
2531
1833
1902
2532
1834
1903
2533
1835
1904
2534
1836
1905
2535
1837
1906
2536
1838
1907
2537
1839
1908
2538
1840
1909
2539
1841
1910
2540
1842
1911
2541
1843
1912
2542
1844
1913
2543
1845
1914
2544
1846
1915
2545
1847
1916
2546
1848
1917
2547
1849
1918
2548
1850
1919
2549
1851
1920
2550
1852
1921
2551
1853
1922
2552
1854
1923
2553
1855
1924
2554
1856
1925
2555
1857
1926
2556
1858
1927
2557
1859
1928
2558
1860
1929
2559
1861
1930
2560
1862
1931
2561
1863
1932
2562
1864
1933
2563
1865
1934
2564
1866
1935
2565
1867
1936
2566
1868
1937
2567
1869
1938
2568
1870
1939
2569
1871
1940
2570
1872
1941
2571
1873
1942
2572
1874
1943
2573
1875
1944
2574
1876
1945
2575
1877
1946
2576
1878
1947
2577
1879
1948
2578
1880
1949
2579
1881
1950
2580
1882
1951
2581
1883
1952
2582
1884
1953
2583
1885
1954
2584
1886
1955
2585
1887
1956
2586
1888
1957
2587
1889
1958
2588
1959
2589
6250
1891
1960
2590
1892
1961
2591
1893
1962
2592
1894
1963
2593
1895
1964
2594
1896
1965
2595
1897
1966
2596
1898
1967
2597
1899
1968
2598
1900
1969
2599
1901
1970
2600
1902
1971
2601
1903
1972
2602
1904
1973
2603
1905
1974
2604
1906
1975
2605
1907
1976
2606
1908
1977
2607
1909
1978
2608
1910
1979
2609
1911
1980
2610
1912
1981
2611
1913
1982
2612
1914
1983
2613
1915
1984
2614
1916
1985
2615
1917
1986
2616
1918
1987
2617
1919
1988
2618
1920
1989
2619
1921
1990
2620
1922
1991
2621
1923
1992
2622
1924
1993
2623
1925
1994
2624
1926
1995
2625
1927
1996
2626
1928
1997
2627
1929
1998
2628
1930
1999
2629
1931
2000
2630
1932
2001
2631
1933
2002
2632
1934
2003
2633
1935
2004
2634
1936
2005
2635
1937
2006
2636
1938
2007
2637
1939
2008
2638
1940
2009
2639
1941
2010
2640
1942
2011
2641
1943
2012
2642
1944
2013
2643
1945
2014
2644
1946
2015
2645
1947
2016
2646
1948
2017
2647
1949
2018
2648
1950
2019
2649
1951
2020
2650
1952
2021
2651
1953
2022
2652
1954
2023
2653
1955
2024
2654
1956
2025
2655
1957
2026
2656
1958
2027
2657
1959
2028
2658
2029
2659
6275
1961
2030
2660
1962
2031
2661
1963
2032
2662
1964
2033
2663
1965
2034
2664
1966
2035
2665
1967
2036
2666
1968
2037
2667
1969
2038
2668
1970
2039
2669
1971
2040
2670
1972
2041
2671
1973
2042
2672
1974
2043
2673
1975
2044
2674
1976
2045
2675
1977
2046
2676
1978
2047
2677
1979
2048
2678
1980
2049
2679
1981
2050
2680
1982
2051
2681
1983
2052
2682
1984
2053
2683
1985
2054
2684
1986
2055
2685
1987
2056
2686
1988
2057
2687
1989
2058
2688
1990
2059
2689
1991
2060
2690
1992
2061
2691
1993
2062
2692
1994
2063
2693
1995
2064
2694
1996
2065
2695
1997
2066
2696
1998
2067
2697
1999
2068
2698
2000
2069
2699
2001
2070
2700
2002
2071
2701
2003
2072
2702
2004
2073
2703
2005
2074
2704
2006
2075
2705
2007
2076
2706
2008
2077
2707
2009
2078
2708
2010
2079
2709
2011
2080
2710
2012
2081
2711
2013
2082
2712
2014
2083
2713
2015
2084
2714
2016
2085
2715
2017
2086
2716
2018
2087
2717
2019
2088
2718
2020
2089
2719
2021
2090
2720
2022
2091
2721
2023
2092
2722
2024
2093
2723
2025
2094
2724
2026
2095
2725
2027
2096
2726
2028
2097
2727
2029
2098
2728
2099
2729
6300
2031
2730
2032
2731
2033
2732
2034
2733
2035
2734
2036
2735
2037
2736
2038
2737
2039
2738
2040
2739
2041
2740
2042
2741
2043
2742
2044
2743
2045
2744
2046
2745
2047
2746
2048
2747
2049
2748
2050
2749
2051
2750
2052
2751
2053
2752
2054
2753
2055
2754
2056
2755
2057
2756
2058
2757
2059
2758
2060
2759
2061
2760
2062
2761
2063
2762
2064
2763
2065
2764
2066
2765
2067
2766
2068
2767
2069
2768
2070
2769
2071
2770
2072
2771
2073
2772
2074
2773
2075
2774
2076
2775
2077
2776
2078
2777
2079
2778
2080
2779
2081
2780
2082
2781
2083
2782
2084
2783
2085
2784
2086
2785
2087
2786
2088
2787
2089
2788
2090
2789
2091
2790
2092
2791
2093
2792
2094
2793
2095
2794
2096
2795
2097
2796
2098
2797
2099
2798
2799
6325
2101
2170
2800
2102
2171
2801
2103
2172
2802
2104
2173
2803
2105
2174
2804
2106
2175
2805
2107
2176
2806
2108
2177
2807
2109
2178
2808
2110
2179
2809
2111
2180
2810
2112
2181
2811
2113
2182
2812
2114
2183
2813
2115
2184
2814
2116
2185
2815
2117
2186
2816
2118
2187
2817
2119
2188
2818
2120
2189
2819
2121
2190
2820
2122
2191
2821
2123
2192
2822
2124
2193
2823
2125
2194
2824
2126
2195
2825
2127
2196
2826
2128
2197
2827
2129
2198
2828
2130
2199
2829
2131
2200
2830
2132
2201
2831
2133
2202
2832
2134
2203
2833
2135
2204
2834
2136
2205
2835
2137
2206
2836
2138
2207
2837
2139
2208
2838
2140
2209
2839
2141
2210
2840
2142
2211
2841
2143
2212
2842
2144
2213
2843
2145
2214
2844
2146
2215
2845
2147
2216
2846
2148
2217
2847
2149
2218
2848
2150
2219
2849
2151
2220
2850
2152
2221
2851
2153
2222
2852
2154
2223
2853
2155
2224
2854
2156
2225
2855
2157
2226
2856
2158
2227
2857
2159
2228
2858
2160
2229
2859
2161
2230
2860
2162
2231
2861
2163
2232
2862
2164
2233
2863
2165
2234
2864
2166
2235
2865
2167
2236
2866
2168
2237
2867
2169
2238
2868
2239
2869
6350
2171
2240
2870
2172
2241
2871
2173
2242
2872
2174
2243
2873
2175
2244
2874
2176
2245
2875
2177
2246
2876
2178
2247
2877
2179
2248
2878
2180
2249
2879
2181
2250
2880
2182
2251
2881
2183
2252
2882
2184
2253
2883
2185
2254
2884
2186
2255
2885
2187
2256
2886
2188
2257
2887
2189
2258
2888
2190
2259
2889
2191
2260
2890
2192
2261
2891
2193
2262
2892
2194
2263
2893
2195
2264
2894
2196
2265
2895
2197
2266
2896
2198
2267
2897
2199
2268
2898
2200
2269
2899
2201
2270
2900
2202
2271
2901
2203
2272
2902
2204
2273
2903
2205
2274
2904
2206
2275
2905
2207
2276
2906
2208
2277
2907
2209
2278
2908
2210
2279
2909
2211
2280
2910
2212
2281
2911
2213
2282
2912
2214
2283
2913
2215
2284
2914
2216
2285
2915
2217
2286
2916
2218
2287
2917
2219
2288
2918
2220
2289
2919
2221
2290
2920
2222
2291
2921
2223
2292
2922
2224
2293
2923
2225
2294
2924
2226
2295
2925
2227
2296
2926
2228
2297
2927
2229
2298
2928
2230
2299
2929
2231
2300
2930
2232
2301
2931
2233
2302
2932
2234
2303
2933
2235
2304
2934
2236
2305
2935
2237
2306
2936
2238
2307
2937
2239
2308
2938
2309
2939
6375
2241
2310
2940
2242
2311
2941
2243
2312
2942
2244
2313
2943
2245
2314
2944
2246
2315
2945
2247
2316
2946
2248
2317
2947
2249
2318
2948
2250
2319
2949
2251
2320
2950
2252
2321
2951
2253
2322
2952
2254
2323
2953
2255
2324
2954
2256
2325
2955
2257
2326
2956
2258
2327
2957
2259
2328
2958
2260
2329
2959
2261
2330
2960
2262
2331
2961
2263
2332
2962
2264
2333
2963
2265
2334
2964
2266
2335
2965
2267
2336
2966
2268
2337
2967
2269
2338
2968
2270
2339
2969
2271
2340
2970
2272
2341
2971
2273
2342
2972
2274
2343
2973
2275
2344
2974
2276
2345
2975
2277
2346
2976
2278
2347
2977
2279
2348
2978
2280
2349
2979
2281
2350
2980
2282
2351
2981
2283
2352
2982
2284
2353
2983
2285
2354
2984
2286
2355
2985
2287
2356
2986
2288
2357
2987
2289
2358
2988
2290
2359
2989
2291
2360
2990
2292
2361
2991
2293
2362
2992
2294
2363
2993
2295
2364
2994
2296
2365
2995
2297
2366
2996
2298
2367
2997
2299
2368
2998
2300
2369
2999
2301
2370
3000
2302
2371
3001
2303
2372
3002
2304
2373
3003
2305
2374
3004
2306
2375
3005
2307
2376
3006
2308
2377
3007
2309
2378
3008
2379
3009
6400
2311
2380
3010
2312
2381
3011
2313
2382
3012
2314
2383
3013
2315
2384
3014
2316
2385
3015
2317
2386
3016
2318
2387
3017
2319
2388
3018
2320
2389
3019
2321
2390
3020
2322
2391
3021
2323
2392
3022
2324
2393
3023
2325
2394
3024
2326
2395
3025
2327
2396
3026
2328
2397
3027
2329
2398
3028
2330
2399
3029
2331
2400
3030
2332
2401
3031
2333
2402
3032
2334
2403
3033
2335
2404
3034
2336
2405
3035
2337
2406
3036
2338
2407
3037
2339
2408
3038
2340
2409
3039
2341
2410
3040
2342
2411
3041
2343
2412
3042
2344
2413
3043
2345
2414
3044
2346
2415
3045
2347
2416
3046
2348
2417
3047
2349
2418
3048
2350
2419
3049
2351
2420
3050
2352
2421
3051
2353
2422
3052
2354
2423
3053
2355
2424
3054
2356
2425
3055
2357
2426
3056
2358
2427
3057
2359
2428
3058
2360
2429
3059
2361
2430
3060
2362
2431
3061
2363
2432
3062
2364
2433
3063
2365
2434
3064
2366
2435
3065
2367
2436
3066
2368
2437
3067
2369
2438
3068
2370
2439
3069
2371
2440
3070
2372
2441
3071
2373
2442
3072
2374
2443
3073
2375
2444
3074
2376
2445
3075
2377
2446
3076
2378
2447
3077
2379
2448
3078
2449
3079
6425
2381
2450
3080
2382
2451
3081
2383
2452
3082
2384
2453
3083
2385
2454
3084
2386
2455
3085
2387
2456
3086
2388
2457
3087
2389
2458
3088
2390
2459
3089
2391
2460
3090
2392
2461
3091
2393
2462
3092
2394
2463
3093
2395
2464
3094
2396
2465
3095
2397
2466
3096
2398
2467
3097
2399
2468
3098
2400
2469
3099
2401
2470
3100
2402
2471
3101
2403
2472
3102
2404
2473
3103
2405
2474
3104
2406
2475
3105
2407
2476
3106
2408
2477
3107
2409
2478
3108
2410
2479
3109
2411
2480
3110
2412
2481
3111
2413
2482
3112
2414
2483
3113
2415
2484
3114
2416
2485
3115
2417
2486
3116
2418
2487
3117
2419
2488
3118
2420
2489
3119
2421
2490
3120
2422
2491
3121
2423
2492
3122
2424
2493
3123
2425
2494
3124
2426
2495
3125
2427
2496
3126
2428
2497
3127
2429
2498
3128
2430
2499
3129
2431
2500
3130
2432
2501
3131
2433
2502
3132
2434
2503
3133
2435
2504
3134
2436
2505
3135
2437
2506
3136
2438
2507
3137
2439
2508
3138
2440
2509
3139
2441
2510
3140
2442
2511
3141
2443
2512
3142
2444
2513
3143
2445
2514
3144
2446
2515
3145
2447
2516
3146
2448
2517
3147
2449
2518
3148
2519
3149
6450
2451
2520
3150
2452
2521
3151
2453
2522
3152
2454
2523
3153
2455
2524
3154
2456
2525
3155
2457
2526
3156
2458
2527
3157
2459
2528
3158
2460
2529
3159
2461
2530
3160
2462
2531
3161
2463
2532
3162
2464
2533
3163
2465
2534
3164
2466
2535
3165
2467
2536
3166
2468
2537
3167
2469
2538
3168
2470
2539
3169
2471
2540
3170
2472
2541
3171
2473
2542
3172
2474
2543
3173
2475
2544
3174
2476
2545
3175
2477
2546
3176
2478
2547
3177
2479
2548
3178
2480
2549
3179
2481
2550
3180
2482
2551
3181
2483
2552
3182
2484
2553
3183
2485
2554
3184
2486
2555
3185
2487
2556
3186
2488
2557
3187
2489
2558
3188
2490
2559
3189
2491
2560
3190
2492
2561
3191
2493
2562
3192
2494
2563
3193
2495
2564
3194
2496
2565
3195
2497
2566
3196
2498
2567
3197
2499
2568
3198
2500
2569
3199
2501
2570
3200
2502
2571
3201
2503
2572
3202
2504
2573
3203
2505
2574
3204
2506
2575
3205
2507
2576
3206
2508
2577
3207
2509
2578
3208
2510
2579
3209
2511
2580
3210
2512
2581
3211
2513
2582
3212
2514
2583
3213
2515
2584
3214
2516
2585
3215
2517
2586
3216
2518
2587
3217
2519
2588
3218
2589
3219
6475
2521
2590
3220
2522
2591
3221
2523
2592
3222
2524
2593
3223
2525
2594
3224
2526
2595
3225
2527
2596
3226
2528
2597
3227
2529
2598
3228
2530
2599
3229
2531
2600
3230
2532
2601
3231
2533
2602
3232
2534
2603
3233
2535
2604
3234
2536
2605
3235
2537
2606
3236
2538
2607
3237
2539
2608
3238
2540
2609
3239
2541
2610
3240
2542
2611
3241
2543
2612
3242
2544
2613
3243
2545
2614
3244
2546
2615
3245
2547
2616
3246
2548
2617
3247
2549
2618
3248
2550
2619
3249
2551
2620
3250
2552
2621
3251
2553
2622
3252
2554
2623
3253
2555
2624
3254
2556
2625
3255
2557
2626
3256
2558
2627
3257
2559
2628
3258
2560
2629
3259
2561
2630
3260
2562
2631
3261
2563
2632
3262
2564
2633
3263
2565
2634
3264
2566
2635
3265
2567
2636
3266
2568
2637
3267
2569
2638
3268
2570
2639
3269
2571
2640
3270
2572
2641
3271
2573
2642
3272
2574
2643
3273
2575
2644
3274
2576
2645
3275
2577
2646
3276
2578
2647
3277
2579
2648
3278
2580
2649
3279
2581
2650
3280
2582
2651
3281
2583
2652
3282
2584
2653
3283
2585
2654
3284
2586
2655
3285
2587
2656
3286
2588
2657
3287
2589
2658
3288
2659
3289
6500
2591
2660
3290
2592
2661
3291
2593
2662
3292
2594
2663
3293
2595
2664
3294
2596
2665
3295
2597
2666
3296
2598
2667
3297
2599
2668
3298
2600
2669
3299
2601
2670
3300
2602
2671
3301
2603
2672
3302
2604
2673
3303
2605
2674
3304
2606
2675
3305
2607
2676
3306
2608
2677
3307
2609
2678
3308
2610
2679
3309
2611
2680
3310
2612
2681
3311
2613
2682
3312
2614
2683
3313
2615
2684
3314
2616
2685
3315
2617
2686
3316
2618
2687
3317
2619
2688
3318
2620
2689
3319
2621
2690
3320
2622
2691
3321
2623
2692
3322
2624
2693
3323
2625
2694
3324
2626
2695
3325
2627
2696
3326
2628
2697
3327
2629
2698
3328
2630
2699
3329
2631
2700
3330
2632
2701
3331
2633
2702
3332
2634
2703
3333
2635
2704
3334
2636
2705
3335
2637
2706
3336
2638
2707
3337
2639
2708
3338
2640
2709
3339
2641
2710
3340
2642
2711
3341
2643
2712
3342
2644
2713
3343
2645
2714
3344
2646
2715
3345
2647
2716
3346
2648
2717
3347
2649
2718
3348
2650
2719
3349
2651
2720
3350
2652
2721
3351
2653
2722
3352
2654
2723
3353
2655
2724
3354
2656
2725
3355
2657
2726
3356
2658
2727
3357
2659
2728
3358
2729
3359
6525
2661
2730
3360
2662
2731
3361
2663
2732
3362
2664
2733
3363
2665
2734
3364
2666
2735
3365
2667
2736
3366
2668
2737
3367
2669
2738
3368
2670
2739
3369
2671
2740
3370
2672
2741
3371
2673
2742
3372
2674
2743
3373
2675
2744
3374
2676
2745
3375
2677
2746
3376
2678
2747
3377
2679
2748
3378
2680
2749
3379
2681
2750
3380
2682
2751
3381
2683
2752
3382
2684
2753
3383
2685
2754
3384
2686
2755
3385
2687
2756
3386
2688
2757
3387
2689
2758
3388
2690
2759
3389
2691
2760
3390
2692
2761
3391
2693
2762
3392
2694
2763
3393
2695
2764
3394
2696
2765
3395
2697
2766
3396
2698
2767
3397
2699
2768
3398
2700
2769
3399
2701
2770
3400
2702
2771
3401
2703
2772
3402
2704
2773
3403
2705
2774
3404
2706
2775
3405
2707
2776
3406
2708
2777
3407
2709
2778
3408
2710
2779
3409
2711
2780
3410
2712
2781
3411
2713
2782
3412
2714
2783
3413
2715
2784
3414
2716
2785
3415
2717
2786
3416
2718
2787
3417
2719
2788
3418
2720
2789
3419
2721
2790
3420
2722
2791
3421
2723
2792
3422
2724
2793
3423
2725
2794
3424
2726
2795
3425
2727
2796
3426
2728
2797
3427
2729
2798
3428
2799
3429
6550
2731
3430
2732
3431
2733
3432
2734
3433
2735
3434
2736
3435
2737
3436
2738
3437
2739
3438
2740
3439
2741
3440
2742
3441
2743
3442
2744
3443
2745
3444
2746
3445
2747
3446
2748
3447
2749
3448
2750
3449
2751
3450
2752
3451
2753
3452
2754
3453
2755
3454
2756
3455
2757
3456
2758
3457
2759
3458
2760
3459
2761
3460
2762
3461
2763
3462
2764
3463
2765
3464
2766
3465
2767
3466
2768
3467
2769
3468
2770
3469
2771
3470
2772
3471
2773
3472
2774
3473
2775
3474
2776
3475
2777
3476
2778
3477
2779
3478
2780
3479
2781
3480
2782
3481
2783
3482
2784
3483
2785
3484
2786
3485
2787
3486
2788
3487
2789
3488
2790
3489
2791
3490
2792
3491
2793
3492
2794
3493
2795
3494
2796
3495
2797
3496
2798
3497
2799
3498
3499
6575
2801
2870
3500
2802
2871
3501
2803
2872
3502
2804
2873
3503
2805
2874
3504
2806
2875
3505
2807
2876
3506
2808
2877
3507
2809
2878
3508
2810
2879
3509
2811
2880
3510
2812
2881
3511
2813
2882
3512
2814
2883
3513
2815
2884
3514
2816
2885
3515
2817
2886
3516
2818
2887
3517
2819
2888
3518
2820
2889
3519
2821
2890
3520
2822
2891
3521
2823
2892
3522
2824
2893
3523
2825
2894
3524
2826
2895
3525
2827
2896
3526
2828
2897
3527
2829
2898
3528
2830
2899
3529
2831
2900
3530
2832
2901
3531
2833
2902
3532
2834
2903
3533
2835
2904
3534
2836
2905
3535
2837
2906
3536
2838
2907
3537
2839
2908
3538
2840
2909
3539
2841
2910
3540
2842
2911
3541
2843
2912
3542
2844
2913
3543
2845
2914
3544
2846
2915
3545
2847
2916
3546
2848
2917
3547
2849
2918
3548
2850
2919
3549
2851
2920
3550
2852
2921
3551
2853
2922
3552
2854
2923
3553
2855
2924
3554
2856
2925
3555
2857
2926
3556
2858
2927
3557
2859
2928
3558
2860
2929
3559
2861
2930
3560
2862
2931
3561
2863
2932
3562
2864
2933
3563
2865
2934
3564
2866
2935
3565
2867
2936
3566
2868
2937
3567
2869
2938
3568
2939
3569
6600
2871
2940
3570
2872
2941
3571
2873
2942
3572
2874
2943
3573
2875
2944
3574
2876
2945
3575
2877
2946
3576
2878
2947
3577
2879
2948
3578
2880
2949
3579
2881
2950
3580
2882
2951
3581
2883
2952
3582
2884
2953
3583
2885
2954
3584
2886
2955
3585
2887
2956
3586
2888
2957
3587
2889
2958
3588
2890
2959
3589
2891
2960
3590
2892
2961
3591
2893
2962
3592
2894
2963
3593
2895
2964
3594
2896
2965
3595
2897
2966
3596
2898
2967
3597
2899
2968
3598
2900
2969
3599
2901
2970
3600
2902
2971
3601
2903
2972
3602
2904
2973
3603
2905
2974
3604
2906
2975
3605
2907
2976
3606
2908
2977
3607
2909
2978
3608
2910
2979
3609
2911
2980
3610
2912
2981
3611
2913
2982
3612
2914
2983
3613
2915
2984
3614
2916
2985
3615
2917
2986
3616
2918
2987
3617
2919
2988
3618
2920
2989
3619
2921
2990
3620
2922
2991
3621
2923
2992
3622
2924
2993
3623
2925
2994
3624
2926
2995
3625
2927
2996
3626
2928
2997
3627
2929
2998
3628
2930
2999
3629
2931
3000
3630
2932
3001
3631
2933
3002
3632
2934
3003
3633
2935
3004
3634
2936
3005
3635
2937
3006
3636
2938
3007
3637
2939
3008
3638
3009
3639
6625
2941
3010
3640
2942
3011
3641
2943
3012
3642
2944
3013
3643
2945
3014
3644
2946
3015
3645
2947
3016
3646
2948
3017
3647
2949
3018
3648
2950
3019
3649
2951
3020
3650
2952
3021
3651
2953
3022
3652
2954
3023
3653
2955
3024
3654
2956
3025
3655
2957
3026
3656
2958
3027
3657
2959
3028
3658
2960
3029
3659
2961
3030
3660
2962
3031
3661
2963
3032
3662
2964
3033
3663
2965
3034
3664
2966
3035
3665
2967
3036
3666
2968
3037
3667
2969
3038
3668
2970
3039
3669
2971
3040
3670
2972
3041
3671
2973
3042
3672
2974
3043
3673
2975
3044
3674
2976
3045
3675
2977
3046
3676
2978
3047
3677
2979
3048
3678
2980
3049
3679
2981
3050
3680
2982
3051
3681
2983
3052
3682
2984
3053
3683
2985
3054
3684
2986
3055
3685
2987
3056
3686
2988
3057
3687
2989
3058
3688
2990
3059
3689
2991
3060
3690
2992
3061
3691
2993
3062
3692
2994
3063
3693
2995
3064
3694
2996
3065
3695
2997
3066
3696
2998
3067
3697
2999
3068
3698
3000
3069
3699
3001
3070
3700
3002
3071
3701
3003
3072
3702
3004
3073
3703
3005
3074
3704
3006
3075
3705
3007
3076
3706
3008
3077
3707
3009
3078
3708
3079
3709
6650
3011
3080
3710
3012
3081
3711
3013
3082
3712
3014
3083
3713
3015
3084
3714
3016
3085
3715
3017
3086
3716
3018
3087
3717
3019
3088
3718
3020
3089
3719
3021
3090
3720
3022
3091
3721
3023
3092
3722
3024
3093
3723
3025
3094
3724
3026
3095
3725
3027
3096
3726
3028
3097
3727
3029
3098
3728
3030
3099
3729
3031
3100
3730
3032
3101
3731
3033
3102
3732
3034
3103
3733
3035
3104
3734
3036
3105
3735
3037
3106
3736
3038
3107
3737
3039
3108
3738
3040
3109
3739
3041
3110
3740
3042
3111
3741
3043
3112
3742
3044
3113
3743
3045
3114
3744
3046
3115
3745
3047
3116
3746
3048
3117
3747
3049
3118
3748
3050
3119
3749
3051
3120
3750
3052
3121
3751
3053
3122
3752
3054
3123
3753
3055
3124
3754
3056
3125
3755
3057
3126
3756
3058
3127
3757
3059
3128
3758
3060
3129
3759
3061
3130
3760
3062
3131
3761
3063
3132
3762
3064
3133
3763
3065
3134
3764
3066
3135
3765
3067
3136
3766
3068
3137
3767
3069
3138
3768
3070
3139
3769
3071
3140
3770
3072
3141
3771
3073
3142
3772
3074
3143
3773
3075
3144
3774
3076
3145
3775
3077
3146
3776
3078
3147
3777
3079
3148
3778
3149
3779
6675
3081
3150
3780
3082
3151
3781
3083
3152
3782
3084
3153
3783
3085
3154
3784
3086
3155
3785
3087
3156
3786
3088
3157
3787
3089
3158
3788
3090
3159
3789
3091
3160
3790
3092
3161
3791
3093
3162
3792
3094
3163
3793
3095
3164
3794
3096
3165
3795
3097
3166
3796
3098
3167
3797
3099
3168
3798
3100
3169
3799
3101
3170
3800
3102
3171
3801
3103
3172
3802
3104
3173
3803
3105
3174
3804
3106
3175
3805
3107
3176
3806
3108
3177
3807
3109
3178
3808
3110
3179
3809
3111
3180
3810
3112
3181
3811
3113
3182
3812
3114
3183
3813
3115
3184
3814
3116
3185
3815
3117
3186
3816
3118
3187
3817
3119
3188
3818
3120
3189
3819
3121
3190
3820
3122
3191
3821
3123
3192
3822
3124
3193
3823
3125
3194
3824
3126
3195
3825
3127
3196
3826
3128
3197
3827
3129
3198
3828
3130
3199
3829
3131
3200
3830
3132
3201
3831
3133
3202
3832
3134
3203
3833
3135
3204
3834
3136
3205
3835
3137
3206
3836
3138
3207
3837
3139
3208
3838
3140
3209
3839
3141
3210
3840
3142
3211
3841
3143
3212
3842
3144
3213
3843
3145
3214
3844
3146
3215
3845
3147
3216
3846
3148
3217
3847
3149
3218
3848
3219
3849
6700
3151
3220
3850
3152
3221
3851
3153
3222
3852
3154
3223
3853
3155
3224
3854
3156
3225
3855
3157
3226
3856
3158
3227
3857
3159
3228
3858
3160
3229
3859
3161
3230
3860
3162
3231
3861
3163
3232
3862
3164
3233
3863
3165
3234
3864
3166
3235
3865
3167
3236
3866
3168
3237
3867
3169
3238
3868
3170
3239
3869
3171
3240
3870
3172
3241
3871
3173
3242
3872
3174
3243
3873
3175
3244
3874
3176
3245
3875
3177
3246
3876
3178
3247
3877
3179
3248
3878
3180
3249
3879
3181
3250
3880
3182
3251
3881
3183
3252
3882
3184
3253
3883
3185
3254
3884
3186
3255
3885
3187
3256
3886
3188
3257
3887
3189
3258
3888
3190
3259
3889
3191
3260
3890
3192
3261
3891
3193
3262
3892
3194
3263
3893
3195
3264
3894
3196
3265
3895
3197
3266
3896
3198
3267
3897
3199
3268
3898
3200
3269
3899
3201
3270
3900
3202
3271
3901
3203
3272
3902
3204
3273
3903
3205
3274
3904
3206
3275
3905
3207
3276
3906
3208
3277
3907
3209
3278
3908
3210
3279
3909
3211
3280
3910
3212
3281
3911
3213
3282
3912
3214
3283
3913
3215
3284
3914
3216
3285
3915
3217
3286
3916
3218
3287
3917
3219
3288
3918
3289
3919
6725
3221
3290
3920
3222
3291
3921
3223
3292
3922
3224
3293
3923
3225
3294
3924
3226
3295
3925
3227
3296
3926
3228
3297
3927
3229
3298
3928
3230
3299
3929
3231
3300
3930
3232
3301
3931
3233
3302
3932
3234
3303
3933
3235
3304
3934
3236
3305
3935
3237
3306
3936
3238
3307
3937
3239
3308
3938
3240
3309
3939
3241
3310
3940
3242
3311
3941
3243
3312
3942
3244
3313
3943
3245
3314
3944
3246
3315
3945
3247
3316
3946
3248
3317
3947
3249
3318
3948
3250
3319
3949
3251
3320
3950
3252
3321
3951
3253
3322
3952
3254
3323
3953
3255
3324
3954
3256
3325
3955
3257
3326
3956
3258
3327
3957
3259
3328
3958
3260
3329
3959
3261
3330
3960
3262
3331
3961
3263
3332
3962
3264
3333
3963
3265
3334
3964
3266
3335
3965
3267
3336
3966
3268
3337
3967
3269
3338
3968
3270
3339
3969
3271
3340
3970
3272
3341
3971
3273
3342
3972
3274
3343
3973
3275
3344
3974
3276
3345
3975
3277
3346
3976
3278
3347
3977
3279
3348
3978
3280
3349
3979
3281
3350
3980
3282
3351
3981
3283
3352
3982
3284
3353
3983
3285
3354
3984
3286
3355
3985
3287
3356
3986
3288
3357
3987
3289
3358
3988
3359
3989
6750
3291
3360
3990
3292
3361
3991
3293
3362
3992
3294
3363
3993
3295
3364
3994
3296
3365
3995
3297
3366
3996
3298
3367
3997
3299
3368
3998
3300
3369
3999
3301
3370
4000
3302
3371
4001
3303
3372
4002
3304
3373
4003
3305
3374
4004
3306
3375
4005
3307
3376
4006
3308
3377
4007
3309
3378
4008
3310
3379
4009
3311
3380
4010
3312
3381
4011
3313
3382
4012
3314
3383
4013
3315
3384
4014
3316
3385
4015
3317
3386
4016
3318
3387
4017
3319
3388
4018
3320
3389
4019
3321
3390
4020
3322
3391
4021
3323
3392
4022
3324
3393
4023
3325
3394
4024
3326
3395
4025
3327
3396
4026
3328
3397
4027
3329
3398
4028
3330
3399
4029
3331
3400
4030
3332
3401
4031
3333
3402
4032
3334
3403
4033
3335
3404
4034
3336
3405
4035
3337
3406
4036
3338
3407
4037
3339
3408
4038
3340
3409
4039
3341
3410
4040
3342
3411
4041
3343
3412
4042
3344
3413
4043
3345
3414
4044
3346
3415
4045
3347
3416
4046
3348
3417
4047
3349
3418
4048
3350
3419
4049
3351
3420
4050
3352
3421
4051
3353
3422
4052
3354
3423
4053
3355
3424
4054
3356
3425
4055
3357
3426
4056
3358
3427
4057
3359
3428
4058
3429
4059
6775
3361
3430
4060
3362
3431
4061
3363
3432
4062
3364
3433
4063
3365
3434
4064
3366
3435
4065
3367
3436
4066
3368
3437
4067
3369
3438
4068
3370
3439
4069
3371
3440
4070
3372
3441
4071
3373
3442
4072
3374
3443
4073
3375
3444
4074
3376
3445
4075
3377
3446
4076
3378
3447
4077
3379
3448
4078
3380
3449
4079
3381
3450
4080
3382
3451
4081
3383
3452
4082
3384
3453
4083
3385
3454
4084
3386
3455
4085
3387
3456
4086
3388
3457
4087
3389
3458
4088
3390
3459
4089
3391
3460
4090
3392
3461
4091
3393
3462
4092
3394
3463
4093
3395
3464
4094
3396
3465
4095
3397
3466
4096
3398
3467
4097
3399
3468
4098
3400
3469
4099
3401
3470
4100
3402
3471
4101
3403
3472
4102
3404
3473
4103
3405
3474
4104
3406
3475
4105
3407
3476
4106
3408
3477
4107
3409
3478
4108
3410
3479
4109
3411
3480
4110
3412
3481
4111
3413
3482
4112
3414
3483
4113
3415
3484
4114
3416
3485
4115
3417
3486
4116
3418
3487
4117
3419
3488
4118
3420
3489
4119
3421
3490
4120
3422
3491
4121
3423
3492
4122
3424
3493
4123
3425
3494
4124
3426
3495
4125
3427
3496
4126
3428
3497
4127
3429
3498
4128
3499
4129
6800
3431
4130
3432
4131
3433
4132
3434
4133
3435
4134
3436
4135
3437
4136
3438
4137
3439
4138
3440
4139
3441
4140
3442
4141
3443
4142
3444
4143
3445
4144
3446
4145
3447
4146
3448
4147
3449
4148
3450
4149
3451
4150
3452
4151
3453
4152
3454
4153
3455
4154
3456
4155
3457
4156
3458
4157
3459
4158
3460
4159
3461
4160
3462
4161
3463
4162
3464
4163
3465
4164
3466
4165
3467
4166
3468
4167
3469
4168
3470
4169
3471
4170
3472
4171
3473
4172
3474
4173
3475
4174
3476
4175
3477
4176
3478
4177
3479
4178
3480
4179
3481
4180
3482
4181
3483
4182
3484
4183
3485
4184
3486
4185
3487
4186
3488
4187
3489
4188
3490
4189
3491
4190
3492
4191
3493
4192
3494
4193
3495
4194
3496
4195
3497
4196
3498
4197
3499
4198
4199
6825
3501
3570
4200
3502
3571
4201
3503
3572
4202
3504
3573
4203
3505
3574
4204
3506
3575
4205
3507
3576
4206
3508
3577
4207
3509
3578
4208
3510
3579
4209
3511
3580
4210
3512
3581
4211
3513
3582
4212
3514
3583
4213
3515
3584
4214
3516
3585
4215
3517
3586
4216
3518
3587
4217
3519
3588
4218
3520
3589
4219
3521
3590
4220
3522
3591
4221
3523
3592
4222
3524
3593
4223
3525
3594
4224
3526
3595
4225
3527
3596
4226
3528
3597
4227
3529
3598
4228
3530
3599
4229
3531
3600
4230
3532
3601
4231
3533
3602
4232
3534
3603
4233
3535
3604
4234
3536
3605
4235
3537
3606
4236
3538
3607
4237
3539
3608
4238
3540
3609
4239
3541
3610
4240
3542
3611
4241
3543
3612
4242
3544
3613
4243
3545
3614
4244
3546
3615
4245
3547
3616
4246
3548
3617
4247
3549
3618
4248
3550
3619
4249
3551
3620
4250
3552
3621
4251
3553
3622
4252
3554
3623
4253
3555
3624
4254
3556
3625
4255
3557
3626
4256
3558
3627
4257
3559
3628
4258
3560
3629
4259
3561
3630
4260
3562
3631
4261
3563
3632
4262
3564
3633
4263
3565
3634
4264
3566
3635
4265
3567
3636
4266
3568
3637
4267
3569
3638
4268
3639
4269
6850
3571
3640
4270
3572
3641
4271
3573
3642
4272
3574
3643
4273
3575
3644
4274
3576
3645
4275
3577
3646
4276
3578
3647
4277
3579
3648
4278
3580
3649
4279
3581
3650
4280
3582
3651
4281
3583
3652
4282
3584
3653
4283
3585
3654
4284
3586
3655
4285
3587
3656
4286
3588
3657
4287
3589
3658
4288
3590
3659
4289
3591
3660
4290
3592
3661
4291
3593
3662
4292
3594
3663
4293
3595
3664
4294
3596
3665
4295
3597
3666
4296
3598
3667
4297
3599
3668
4298
3600
3669
4299
3601
3670
4300
3602
3671
4301
3603
3672
4302
3604
3673
4303
3605
3674
4304
3606
3675
4305
3607
3676
4306
3608
3677
4307
3609
3678
4308
3610
3679
4309
3611
3680
4310
3612
3681
4311
3613
3682
4312
3614
3683
4313
3615
3684
4314
3616
3685
4315
3617
3686
4316
3618
3687
4317
3619
3688
4318
3620
3689
4319
3621
3690
4320
3622
3691
4321
3623
3692
4322
3624
3693
4323
3625
3694
4324
3626
3695
4325
3627
3696
4326
3628
3697
4327
3629
3698
4328
3630
3699
4329
3631
3700
4330
3632
3701
4331
3633
3702
4332
3634
3703
4333
3635
3704
4334
3636
3705
4335
3637
3706
4336
3638
3707
4337
3639
3708
4338
3709
4339
6875
3641
3710
4340
3642
3711
4341
3643
3712
4342
3644
3713
4343
3645
3714
4344
3646
3715
4345
3647
3716
4346
3648
3717
4347
3649
3718
4348
3650
3719
4349
3651
3720
4350
3652
3721
4351
3653
3722
4352
3654
3723
4353
3655
3724
4354
3656
3725
4355
3657
3726
4356
3658
3727
4357
3659
3728
4358
3660
3729
4359
3661
3730
4360
3662
3731
4361
3663
3732
4362
3664
3733
4363
3665
3734
4364
3666
3735
4365
3667
3736
4366
3668
3737
4367
3669
3738
4368
3670
3739
4369
3671
3740
4370
3672
3741
4371
3673
3742
4372
3674
3743
4373
3675
3744
4374
3676
3745
4375
3677
3746
4376
3678
3747
4377
3679
3748
4378
3680
3749
4379
3681
3750
4380
3682
3751
4381
3683
3752
4382
3684
3753
4383
3685
3754
4384
3686
3755
4385
3687
3756
4386
3688
3757
4387
3689
3758
4388
3690
3759
4389
3691
3760
4390
3692
3761
4391
3693
3762
4392
3694
3763
4393
3695
3764
4394
3696
3765
4395
3697
3766
4396
3698
3767
4397
3699
3768
4398
3700
3769
4399
3701
3770
4400
3702
3771
4401
3703
3772
4402
3704
3773
4403
3705
3774
4404
3706
3775
4405
3707
3776
4406
3708
3777
4407
3709
3778
4408
3779
4409
6900
3711
3780
4410
3712
3781
4411
3713
3782
4412
3714
3783
4413
3715
3784
4414
3716
3785
4415
3717
3786
4416
3718
3787
4417
3719
3788
4418
3720
3789
4419
3721
3790
4420
3722
3791
4421
3723
3792
4422
3724
3793
4423
3725
3794
4424
3726
3795
4425
3727
3796
4426
3728
3797
4427
3729
3798
4428
3730
3799
4429
3731
3800
4430
3732
3801
4431
3733
3802
4432
3734
3803
4433
3735
3804
4434
3736
3805
4435
3737
3806
4436
3738
3807
4437
3739
3808
4438
3740
3809
4439
3741
3810
4440
3742
3811
4441
3743
3812
4442
3744
3813
4443
3745
3814
4444
3746
3815
4445
3747
3816
4446
3748
3817
4447
3749
3818
4448
3750
3819
4449
3751
3820
4450
3752
3821
4451
3753
3822
4452
3754
3823
4453
3755
3824
4454
3756
3825
4455
3757
3826
4456
3758
3827
4457
3759
3828
4458
3760
3829
4459
3761
3830
4460
3762
3831
4461
3763
3832
4462
3764
3833
4463
3765
3834
4464
3766
3835
4465
3767
3836
4466
3768
3837
4467
3769
3838
4468
3770
3839
4469
3771
3840
4470
3772
3841
4471
3773
3842
4472
3774
3843
4473
3775
3844
4474
3776
3845
4475
3777
3846
4476
3778
3847
4477
3779
3848
4478
3849
4479
6925
3781
3850
4480
3782
3851
4481
3783
3852
4482
3784
3853
4483
3785
3854
4484
3786
3855
4485
3787
3856
4486
3788
3857
4487
3789
3858
4488
3790
3859
4489
3791
3860
4490
3792
3861
4491
3793
3862
4492
3794
3863
4493
3795
3864
4494
3796
3865
4495
3797
3866
4496
3798
3867
4497
3799
3868
4498
3800
3869
4499
3801
3870
4500
3802
3871
4501
3803
3872
4502
3804
3873
4503
3805
3874
4504
3806
3875
4505
3807
3876
4506
3808
3877
4507
3809
3878
4508
3810
3879
4509
3811
3880
4510
3812
3881
4511
3813
3882
4512
3814
3883
4513
3815
3884
4514
3816
3885
4515
3817
3886
4516
3818
3887
4517
3819
3888
4518
3820
3889
4519
3821
3890
4520
3822
3891
4521
3823
3892
4522
3824
3893
4523
3825
3894
4524
3826
3895
4525
3827
3896
4526
3828
3897
4527
3829
3898
4528
3830
3899
4529
3831
3900
4530
3832
3901
4531
3833
3902
4532
3834
3903
4533
3835
3904
4534
3836
3905
4535
3837
3906
4536
3838
3907
4537
3839
3908
4538
3840
3909
4539
3841
3910
4540
3842
3911
4541
3843
3912
4542
3844
3913
4543
3845
3914
4544
3846
3915
4545
3847
3916
4546
3848
3917
4547
3849
3918
4548
3919
4549
6950
3851
3920
4550
3852
3921
4551
3853
3922
4552
3854
3923
4553
3855
3924
4554
3856
3925
4555
3857
3926
4556
3858
3927
4557
3859
3928
4558
3860
3929
4559
3861
3930
4560
3862
3931
4561
3863
3932
4562
3864
3933
4563
3865
3934
4564
3866
3935
4565
3867
3936
4566
3868
3937
4567
3869
3938
4568
3870
3939
4569
3871
3940
4570
3872
3941
4571
3873
3942
4572
3874
3943
4573
3875
3944
4574
3876
3945
4575
3877
3946
4576
3878
3947
4577
3879
3948
4578
3880
3949
4579
3881
3950
4580
3882
3951
4581
3883
3952
4582
3884
3953
4583
3885
3954
4584
3886
3955
4585
3887
3956
4586
3888
3957
4587
3889
3958
4588
3890
3959
4589
3891
3960
4590
3892
3961
4591
3893
3962
4592
3894
3963
4593
3895
3964
4594
3896
3965
4595
3897
3966
4596
3898
3967
4597
3899
3968
4598
3900
3969
4599
3901
3970
4600
3902
3971
4601
3903
3972
4602
3904
3973
4603
3905
3974
4604
3906
3975
4605
3907
3976
4606
3908
3977
4607
3909
3978
4608
3910
3979
4609
3911
3980
4610
3912
3981
4611
3913
3982
4612
3914
3983
4613
3915
3984
4614
3916
3985
4615
3917
3986
4616
3918
3987
4617
3919
3988
4618
3989
4619
6975
3921
3990
4620
3922
3991
4621
3923
3992
4622
3924
3993
4623
3925
3994
4624
3926
3995
4625
3927
3996
4626
3928
3997
4627
3929
3998
4628
3930
3999
4629
3931
4000
4630
3932
4001
4631
3933
4002
4632
3934
4003
4633
3935
4004
4634
3936
4005
4635
3937
4006
4636
3938
4007
4637
3939
4008
4638
3940
4009
4639
3941
4010
4640
3942
4011
4641
3943
4012
4642
3944
4013
4643
3945
4014
4644
3946
4015
4645
3947
4016
4646
3948
4017
4647
3949
4018
4648
3950
4019
4649
3951
4020
4650
3952
4021
4651
3953
4022
4652
3954
4023
4653
3955
4024
4654
3956
4025
4655
3957
4026
4656
3958
4027
4657
3959
4028
4658
3960
4029
4659
3961
4030
4660
3962
4031
4661
3963
4032
4662
3964
4033
4663
3965
4034
4664
3966
4035
4665
3967
4036
4666
3968
4037
4667
3969
4038
4668
3970
4039
4669
3971
4040
4670
3972
4041
4671
3973
4042
4672
3974
4043
4673
3975
4044
4674
3976
4045
4675
3977
4046
4676
3978
4047
4677
3979
4048
4678
3980
4049
4679
3981
4050
4680
3982
4051
4681
3983
4052
4682
3984
4053
4683
3985
4054
4684
3986
4055
4685
3987
4056
4686
3988
4057
4687
3989
4058
4688
4059
4689
7000
3991
4060
4690
3992
4061
4691
3993
4062
4692
3994
4063
4693
3995
4064
4694
3996
4065
4695
3997
4066
4696
3998
4067
4697
3999
4068
4698
4000
4069
4699
4001
4070
4700
4002
4071
4701
4003
4072
4702
4004
4073
4703
4005
4074
4704
4006
4075
4705
4007
4076
4706
4008
4077
4707
4009
4078
4708
4010
4079
4709
4011
4080
4710
4012
4081
4711
4013
4082
4712
4014
4083
4713
4015
4084
4714
4016
4085
4715
4017
4086
4716
4018
4087
4717
4019
4088
4718
4020
4089
4719
4021
4090
4720
4022
4091
4721
4023
4092
4722
4024
4093
4723
4025
4094
4724
4026
4095
4725
4027
4096
4726
4028
4097
4727
4029
4098
4728
4030
4099
4729
4031
4100
4730
4032
4101
4731
4033
4102
4732
4034
4103
4733
4035
4104
4734
4036
4105
4735
4037
4106
4736
4038
4107
4737
4039
4108
4738
4040
4109
4739
4041
4110
4740
4042
4111
4741
4043
4112
4742
4044
4113
4743
4045
4114
4744
4046
4115
4745
4047
4116
4746
4048
4117
4747
4049
4118
4748
4050
4119
4749
4051
4120
4750
4052
4121
4751
4053
4122
4752
4054
4123
4753
4055
4124
4754
4056
4125
4755
4057
4126
4756
4058
4127
4757
4059
4128
4758
4129
4759
7025
4061
4130
4760
4062
4131
4761
4063
4132
4762
4064
4133
4763
4065
4134
4764
4066
4135
4765
4067
4136
4766
4068
4137
4767
4069
4138
4768
4070
4139
4769
4071
4140
4770
4072
4141
4771
4073
4142
4772
4074
4143
4773
4075
4144
4774
4076
4145
4775
4077
4146
4776
4078
4147
4777
4079
4148
4778
4080
4149
4779
4081
4150
4780
4082
4151
4781
4083
4152
4782
4084
4153
4783
4085
4154
4784
4086
4155
4785
4087
4156
4786
4088
4157
4787
4089
4158
4788
4090
4159
4789
4091
4160
4790
4092
4161
4791
4093
4162
4792
4094
4163
4793
4095
4164
4794
4096
4165
4795
4097
4166
4796
4098
4167
4797
4099
4168
4798
4100
4169
4799
4101
4170
4800
4102
4171
4801
4103
4172
4802
4104
4173
4803
4105
4174
4804
4106
4175
4805
4107
4176
4806
4108
4177
4807
4109
4178
4808
4110
4179
4809
4111
4180
4810
4112
4181
4811
4113
4182
4812
4114
4183
4813
4115
4184
4814
4116
4185
4815
4117
4186
4816
4118
4187
4817
4119
4188
4818
4120
4189
4819
4121
4190
4820
4122
4191
4821
4123
4192
4822
4124
4193
4823
4125
4194
4824
4126
4195
4825
4127
4196
4826
4128
4197
4827
4129
4198
4828
4199
4829
7050
4131
4830
4132
4831
4133
4832
4134
4833
4135
4834
4136
4835
4137
4836
4138
4837
4139
4838
4140
4839
4141
4840
4142
4841
4143
4842
4144
4843
4145
4844
4146
4845
4147
4846
4148
4847
4149
4848
4150
4849
4151
4850
4152
4851
4153
4852
4154
4853
4155
4854
4156
4855
4157
4856
4158
4857
4159
4858
4160
4859
4161
4860
4162
4861
4163
4862
4164
4863
4165
4864
4166
4865
4167
4866
4168
4867
4169
4868
4170
4869
4171
4870
4172
4871
4173
4872
4174
4873
4175
4874
4176
4875
4177
4876
4178
4877
4179
4878
4180
4879
4181
4880
4182
4881
4183
4882
4184
4883
4185
4884
4186
4885
4187
4886
4188
4887
4189
4888
4190
4889
4191
4890
4192
4891
4193
4892
4194
4893
4195
4894
4196
4895
4197
4896
4198
4897
4199
4898
4899
7075
4201
4270
4900
4202
4271
4901
4203
4272
4902
4204
4273
4903
4205
4274
4904
4206
4275
4905
4207
4276
4906
4208
4277
4907
4209
4278
4908
4210
4279
4909
4211
4280
4910
4212
4281
4911
4213
4282
4912
4214
4283
4913
4215
4284
4914
4216
4285
4915
4217
4286
4916
4218
4287
4917
4219
4288
4918
4220
4289
4919
4221
4290
4920
4222
4291
4921
4223
4292
4922
4224
4293
4923
4225
4294
4924
4226
4295
4925
4227
4296
4926
4228
4297
4927
4229
4298
4928
4230
4299
4929
4231
4300
4930
4232
4301
4931
4233
4302
4932
4234
4303
4933
4235
4304
4934
4236
4305
4935
4237
4306
4936
4238
4307
4937
4239
4308
4938
4240
4309
4939
4241
4310
4940
4242
4311
4941
4243
4312
4942
4244
4313
4943
4245
4314
4944
4246
4315
4945
4247
4316
4946
4248
4317
4947
4249
4318
4948
4250
4319
4949
4251
4320
4950
4252
4321
4951
4253
4322
4952
4254
4323
4953
4255
4324
4954
4256
4325
4955
4257
4326
4956
4258
4327
4957
4259
4328
4958
4260
4329
4959
4261
4330
4960
4262
4331
4961
4263
4332
4962
4264
4333
4963
4265
4334
4964
4266
4335
4965
4267
4336
4966
4268
4337
4967
4269
4338
4968
4339
4969
7100
4271
4340
4970
4272
4341
4971
4273
4342
4972
4274
4343
4973
4275
4344
4974
4276
4345
4975
4277
4346
4976
4278
4347
4977
4279
4348
4978
4280
4349
4979
4281
4350
4980
4282
4351
4981
4283
4352
4982
4284
4353
4983
4285
4354
4984
4286
4355
4985
4287
4356
4986
4288
4357
4987
4289
4358
4988
4290
4359
4989
4291
4360
4990
4292
4361
4991
4293
4362
4992
4294
4363
4993
4295
4364
4994
4296
4365
4995
4297
4366
4996
4298
4367
4997
4299
4368
4998
4300
4369
4999
4301
4370
5000
4302
4371
5001
4303
4372
5002
4304
4373
5003
4305
4374
5004
4306
4375
5005
4307
4376
5006
4308
4377
5007
4309
4378
5008
4310
4379
5009
4311
4380
5010
4312
4381
5011
4313
4382
5012
4314
4383
5013
4315
4384
5014
4316
4385
5015
4317
4386
5016
4318
4387
5017
4319
4388
5018
4320
4389
5019
4321
4390
5020
4322
4391
5021
4323
4392
5022
4324
4393
5023
4325
4394
5024
4326
4395
5025
4327
4396
5026
4328
4397
5027
4329
4398
5028
4330
4399
5029
4331
4400
5030
4332
4401
5031
4333
4402
5032
4334
4403
5033
4335
4404
5034
4336
4405
5035
4337
4406
5036
4338
4407
5037
4339
4408
5038
4409
5039
7125
4341
4410
5040
4342
4411
5041
4343
4412
5042
4344
4413
5043
4345
4414
5044
4346
4415
5045
4347
4416
5046
4348
4417
5047
4349
4418
5048
4350
4419
5049
4351
4420
5050
4352
4421
5051
4353
4422
5052
4354
4423
5053
4355
4424
5054
4356
4425
5055
4357
4426
5056
4358
4427
5057
4359
4428
5058
4360
4429
5059
4361
4430
5060
4362
4431
5061
4363
4432
5062
4364
4433
5063
4365
4434
5064
4366
4435
5065
4367
4436
5066
4368
4437
5067
4369
4438
5068
4370
4439
5069
4371
4440
5070
4372
4441
5071
4373
4442
5072
4374
4443
5073
4375
4444
5074
4376
4445
5075
4377
4446
5076
4378
4447
5077
4379
4448
5078
4380
4449
5079
4381
4450
5080
4382
4451
5081
4383
4452
5082
4384
4453
5083
4385
4454
5084
4386
4455
5085
4387
4456
5086
4388
4457
5087
4389
4458
5088
4390
4459
5089
4391
4460
5090
4392
4461
5091
4393
4462
5092
4394
4463
5093
4395
4464
5094
4396
4465
5095
4397
4466
5096
4398
4467
5097
4399
4468
5098
4400
4469
5099
4401
4470
5100
4402
4471
5101
4403
4472
5102
4404
4473
5103
4405
4474
5104
4406
4475
5105
4407
4476
5106
4408
4477
5107
4409
4478
5108
4479
5109
7150
4411
4480
5110
4412
4481
5111
4413
4482
5112
4414
4483
5113
4415
4484
5114
4416
4485
5115
4417
4486
5116
4418
4487
5117
4419
4488
5118
4420
4489
5119
4421
4490
5120
4422
4491
5121
4423
4492
5122
4424
4493
5123
4425
4494
5124
4426
4495
5125
4427
4496
5126
4428
4497
5127
4429
4498
5128
4430
4499
5129
4431
4500
5130
4432
4501
5131
4433
4502
5132
4434
4503
5133
4435
4504
5134
4436
4505
5135
4437
4506
5136
4438
4507
5137
4439
4508
5138
4440
4509
5139
4441
4510
5140
4442
4511
5141
4443
4512
5142
4444
4513
5143
4445
4514
5144
4446
4515
5145
4447
4516
5146
4448
4517
5147
4449
4518
5148
4450
4519
5149
4451
4520
5150
4452
4521
5151
4453
4522
5152
4454
4523
5153
4455
4524
5154
4456
4525
5155
4457
4526
5156
4458
4527
5157
4459
4528
5158
4460
4529
5159
4461
4530
5160
4462
4531
5161
4463
4532
5162
4464
4533
5163
4465
4534
5164
4466
4535
5165
4467
4536
5166
4468
4537
5167
4469
4538
5168
4470
4539
5169
4471
4540
5170
4472
4541
5171
4473
4542
5172
4474
4543
5173
4475
4544
5174
4476
4545
5175
4477
4546
5176
4478
4547
5177
4479
4548
5178
4549
5179
7175
4481
4550
5180
4482
4551
5181
4483
4552
5182
4484
4553
5183
4485
4554
5184
4486
4555
5185
4487
4556
5186
4488
4557
5187
4489
4558
5188
4490
4559
5189
4491
4560
5190
4492
4561
5191
4493
4562
5192
4494
4563
5193
4495
4564
5194
4496
4565
5195
4497
4566
5196
4498
4567
5197
4499
4568
5198
4500
4569
5199
4501
4570
5200
4502
4571
5201
4503
4572
5202
4504
4573
5203
4505
4574
5204
4506
4575
5205
4507
4576
5206
4508
4577
5207
4509
4578
5208
4510
4579
5209
4511
4580
5210
4512
4581
5211
4513
4582
5212
4514
4583
5213
4515
4584
5214
4516
4585
5215
4517
4586
5216
4518
4587
5217
4519
4588
5218
4520
4589
5219
4521
4590
5220
4522
4591
5221
4523
4592
5222
4524
4593
5223
4525
4594
5224
4526
4595
5225
4527
4596
5226
4528
4597
5227
4529
4598
5228
4530
4599
5229
4531
4600
5230
4532
4601
5231
4533
4602
5232
4534
4603
5233
4535
4604
5234
4536
4605
5235
4537
4606
5236
4538
4607
5237
4539
4608
5238
4540
4609
5239
4541
4610
5240
4542
4611
5241
4543
4612
5242
4544
4613
5243
4545
4614
5244
4546
4615
5245
4547
4616
5246
4548
4617
5247
4549
4618
5248
4619
5249
7200
4551
4620
5250
4552
4621
5251
4553
4622
5252
4554
4623
5253
4555
4624
5254
4556
4625
5255
4557
4626
5256
4558
4627
5257
4559
4628
5258
4560
4629
5259
4561
4630
5260
4562
4631
5261
4563
4632
5262
4564
4633
5263
4565
4634
5264
4566
4635
5265
4567
4636
5266
4568
4637
5267
4569
4638
5268
4570
4639
5269
4571
4640
5270
4572
4641
5271
4573
4642
5272
4574
4643
5273
4575
4644
5274
4576
4645
5275
4577
4646
5276
4578
4647
5277
4579
4648
5278
4580
4649
5279
4581
4650
5280
4582
4651
5281
4583
4652
5282
4584
4653
5283
4585
4654
5284
4586
4655
5285
4587
4656
5286
4588
4657
5287
4589
4658
5288
4590
4659
5289
4591
4660
5290
4592
4661
5291
4593
4662
5292
4594
4663
5293
4595
4664
5294
4596
4665
5295
4597
4666
5296
4598
4667
5297
4599
4668
5298
4600
4669
5299
4601
4670
5300
4602
4671
5301
4603
4672
5302
4604
4673
5303
4605
4674
5304
4606
4675
5305
4607
4676
5306
4608
4677
5307
4609
4678
5308
4610
4679
5309
4611
4680
5310
4612
4681
5311
4613
4682
5312
4614
4683
5313
4615
4684
5314
4616
4685
5315
4617
4686
5316
4618
4687
5317
4619
4688
5318
4689
5319
7225
4621
4690
5320
4622
4691
5321
4623
4692
5322
4624
4693
5323
4625
4694
5324
4626
4695
5325
4627
4696
5326
4628
4697
5327
4629
4698
5328
4630
4699
5329
4631
4700
5330
4632
4701
5331
4633
4702
5332
4634
4703
5333
4635
4704
5334
4636
4705
5335
4637
4706
5336
4638
4707
5337
4639
4708
5338
4640
4709
5339
4641
4710
5340
4642
4711
5341
4643
4712
5342
4644
4713
5343
4645
4714
5344
4646
4715
5345
4647
4716
5346
4648
4717
5347
4649
4718
5348
4650
4719
5349
4651
4720
5350
4652
4721
5351
4653
4722
5352
4654
4723
5353
4655
4724
5354
4656
4725
5355
4657
4726
5356
4658
4727
5357
4659
4728
5358
4660
4729
5359
4661
4730
5360
4662
4731
5361
4663
4732
5362
4664
4733
5363
4665
4734
5364
4666
4735
5365
4667
4736
5366
4668
4737
5367
4669
4738
5368
4670
4739
5369
4671
4740
5370
4672
4741
5371
4673
4742
5372
4674
4743
5373
4675
4744
5374
4676
4745
5375
4677
4746
5376
4678
4747
5377
4679
4748
5378
4680
4749
5379
4681
4750
5380
4682
4751
5381
4683
4752
5382
4684
4753
5383
4685
4754
5384
4686
4755
5385
4687
4756
5386
4688
4757
5387
4689
4758
5388
4759
5389
7250
4691
4760
5390
4692
4761
5391
4693
4762
5392
4694
4763
5393
4695
4764
5394
4696
4765
5395
4697
4766
5396
4698
4767
5397
4699
4768
5398
4700
4769
5399
4701
4770
5400
4702
4771
5401
4703
4772
5402
4704
4773
5403
4705
4774
5404
4706
4775
5405
4707
4776
5406
4708
4777
5407
4709
4778
5408
4710
4779
5409
4711
4780
5410
4712
4781
5411
4713
4782
5412
4714
4783
5413
4715
4784
5414
4716
4785
5415
4717
4786
5416
4718
4787
5417
4719
4788
5418
4720
4789
5419
4721
4790
5420
4722
4791
5421
4723
4792
5422
4724
4793
5423
4725
4794
5424
4726
4795
5425
4727
4796
5426
4728
4797
5427
4729
4798
5428
4730
4799
5429
4731
4800
5430
4732
4801
5431
4733
4802
5432
4734
4803
5433
4735
4804
5434
4736
4805
5435
4737
4806
5436
4738
4807
5437
4739
4808
5438
4740
4809
5439
4741
4810
5440
4742
4811
5441
4743
4812
5442
4744
4813
5443
4745
4814
5444
4746
4815
5445
4747
4816
5446
4748
4817
5447
4749
4818
5448
4750
4819
5449
4751
4820
5450
4752
4821
5451
4753
4822
5452
4754
4823
5453
4755
4824
5454
4756
4825
5455
4757
4826
5456
4758
4827
5457
4759
4828
5458
4829
5459
7275
4761
4830
5460
4762
4831
5461
4763
4832
5462
4764
4833
5463
4765
4834
5464
4766
4835
5465
4767
4836
5466
4768
4837
5467
4769
4838
5468
4770
4839
5469
4771
4840
5470
4772
4841
5471
4773
4842
5472
4774
4843
5473
4775
4844
5474
4776
4845
5475
4777
4846
5476
4778
4847
5477
4779
4848
5478
4780
4849
5479
4781
4850
5480
4782
4851
5481
4783
4852
5482
4784
4853
5483
4785
4854
5484
4786
4855
5485
4787
4856
5486
4788
4857
5487
4789
4858
5488
4790
4859
5489
4791
4860
5490
4792
4861
5491
4793
4862
5492
4794
4863
5493
4795
4864
5494
4796
4865
5495
4797
4866
5496
4798
4867
5497
4799
4868
5498
4800
4869
5499
4801
4870
5500
4802
4871
5501
4803
4872
5502
4804
4873
5503
4805
4874
5504
4806
4875
5505
4807
4876
5506
4808
4877
5507
4809
4878
5508
4810
4879
5509
4811
4880
5510
4812
4881
5511
4813
4882
5512
4814
4883
5513
4815
4884
5514
4816
4885
5515
4817
4886
5516
4818
4887
5517
4819
4888
5518
4820
4889
5519
4821
4890
5520
4822
4891
5521
4823
4892
5522
4824
4893
5523
4825
4894
5524
4826
4895
5525
4827
4896
5526
4828
4897
5527
4829
4898
5528
4899
5529
7300
4831
5530
4832
5531
4833
5532
4834
5533
4835
5534
4836
5535
4837
5536
4838
5537
4839
5538
4840
5539
4841
5540
4842
5541
4843
5542
4844
5543
4845
5544
4846
5545
4847
5546
4848
5547
4849
5548
4850
5549
4851
5550
4852
5551
4853
5552
4854
5553
4855
5554
4856
5555
4857
5556
4858
5557
4859
5558
4860
5559
4861
5560
4862
5561
4863
5562
4864
5563
4865
5564
4866
5565
4867
5566
4868
5567
4869
5568
4870
5569
4871
5570
4872
5571
4873
5572
4874
5573
4875
5574
4876
5575
4877
5576
4878
5577
4879
5578
4880
5579
4881
5580
4882
5581
4883
5582
4884
5583
4885
5584
4886
5585
4887
5586
4888
5587
4889
5588
4890
5589
4891
5590
4892
5591
4893
5592
4894
5593
4895
5594
4896
5595
4897
5596
4898
5597
4899
5598
5599
7325
4901
4970
4902
4971
4903
4972
4904
4973
4905
4974
4906
4975
4907
4976
4908
4977
4909
4978
4910
4979
4911
4980
4912
4981
4913
4982
4914
4983
4915
4984
4916
4985
4917
4986
4918
4987
4919
4988
4920
4989
4921
4990
4922
4991
4923
4992
4924
4993
4925
4994
4926
4995
4927
4996
4928
4997
4929
4998
4930
4999
4931
5000
4932
5001
4933
5002
4934
5003
4935
5004
4936
5005
4937
5006
4938
5007
4939
5008
4940
5009
4941
5010
4942
5011
4943
5012
4944
5013
4945
5014
4946
5015
4947
5016
4948
5017
4949
5018
4950
5019
4951
5020
4952
5021
4953
5022
4954
5023
4955
5024
4956
5025
4957
5026
4958
5027
4959
5028
4960
5029
4961
5030
4962
5031
4963
5032
4964
5033
4965
5034
4966
5035
4967
5036
4968
5037
4969
5038
5039
7350
4971
5040
4972
5041
4973
5042
4974
5043
4975
5044
4976
5045
4977
5046
4978
5047
4979
5048
4980
5049
4981
5050
4982
5051
4983
5052
4984
5053
4985
5054
4986
5055
4987
5056
4988
5057
4989
5058
4990
5059
4991
5060
4992
5061
4993
5062
4994
5063
4995
5064
4996
5065
4997
5066
4998
5067
4999
5068
5000
5069
5001
5070
5002
5071
5003
5072
5004
5073
5005
5074
5006
5075
5007
5076
5008
5077
5009
5078
5010
5079
5011
5080
5012
5081
5013
5082
5014
5083
5015
5084
5016
5085
5017
5086
5018
5087
5019
5088
5020
5089
5021
5090
5022
5091
5023
5092
5024
5093
5025
5094
5026
5095
5027
5096
5028
5097
5029
5098
5030
5099
5031
5100
5032
5101
5033
5102
5034
5103
5035
5104
5036
5105
5037
5106
5038
5107
5039
5108
5109
7375
5041
5110
5042
5111
5043
5112
5044
5113
5045
5114
5046
5115
5047
5116
5048
5117
5049
5118
5050
5119
5051
5120
5052
5121
5053
5122
5054
5123
5055
5124
5056
5125
5057
5126
5058
5127
5059
5128
5060
5129
5061
5130
5062
5131
5063
5132
5064
5133
5065
5134
5066
5135
5067
5136
5068
5137
5069
5138
5070
5139
5071
5140
5072
5141
5073
5142
5074
5143
5075
5144
5076
5145
5077
5146
5078
5147
5079
5148
5080
5149
5081
5150
5082
5151
5083
5152
5084
5153
5085
5154
5086
5155
5087
5156
5088
5157
5089
5158
5090
5159
5091
5160
5092
5161
5093
5162
5094
5163
5095
5164
5096
5165
5097
5166
5098
5167
5099
5168
5100
5169
5101
5170
5102
5171
5103
5172
5104
5173
5105
5174
5106
5175
5107
5176
5108
5177
5109
5178
5179
7400
5111
5180
5112
5181
5113
5182
5114
5183
5115
5184
5116
5185
5117
5186
5118
5187
5119
5188
5120
5189
5121
5190
5122
5191
5123
5192
5124
5193
5125
5194
5126
5195
5127
5196
5128
5197
5129
5198
5130
5199
5131
5200
5132
5201
5133
5202
5134
5203
5135
5204
5136
5205
5137
5206
5138
5207
5139
5208
5140
5209
5141
5210
5142
5211
5143
5212
5144
5213
5145
5214
5146
5215
5147
5216
5148
5217
5149
5218
5150
5219
5151
5220
5152
5221
5153
5222
5154
5223
5155
5224
5156
5225
5157
5226
5158
5227
5159
5228
5160
5229
5161
5230
5162
5231
5163
5232
5164
5233
5165
5234
5166
5235
5167
5236
5168
5237
5169
5238
5170
5239
5171
5240
5172
5241
5173
5242
5174
5243
5175
5244
5176
5245
5177
5246
5178
5247
5179
5248
5249
7425
5181
5250
5182
5251
5183
5252
5184
5253
5185
5254
5186
5255
5187
5256
5188
5257
5189
5258
5190
5259
5191
5260
5192
5261
5193
5262
5194
5263
5195
5264
5196
5265
5197
5266
5198
5267
5199
5268
5200
5269
5201
5270
5202
5271
5203
5272
5204
5273
5205
5274
5206
5275
5207
5276
5208
5277
5209
5278
5210
5279
5211
5280
5212
5281
5213
5282
5214
5283
5215
5284
5216
5285
5217
5286
5218
5287
5219
5288
5220
5289
5221
5290
5222
5291
5223
5292
5224
5293
5225
5294
5226
5295
5227
5296
5228
5297
5229
5298
5230
5299
5231
5300
5232
5301
5233
5302
5234
5303
5235
5304
5236
5305
5237
5306
5238
5307
5239
5308
5240
5309
5241
5310
5242
5311
5243
5312
5244
5313
5245
5314
5246
5315
5247
5316
5248
5317
5249
5318
5319
7450
5251
5320
5252
5321
5253
5322
5254
5323
5255
5324
5256
5325
5257
5326
5258
5327
5259
5328
5260
5329
5261
5330
5262
5331
5263
5332
5264
5333
5265
5334
5266
5335
5267
5336
5268
5337
5269
5338
5270
5339
5271
5340
5272
5341
5273
5342
5274
5343
5275
5344
5276
5345
5277
5346
5278
5347
5279
5348
5280
5349
5281
5350
5282
5351
5283
5352
5284
5353
5285
5354
5286
5355
5287
5356
5288
5357
5289
5358
5290
5359
5291
5360
5292
5361
5293
5362
5294
5363
5295
5364
5296
5365
5297
5366
5298
5367
5299
5368
5300
5369
5301
5370
5302
5371
5303
5372
5304
5373
5305
5374
5306
5375
5307
5376
5308
5377
5309
5378
5310
5379
5311
5380
5312
5381
5313
5382
5314
5383
5315
5384
5316
5385
5317
5386
5318
5387
5319
5388
5389
7475
5321
5390
5322
5391
5323
5392
5324
5393
5325
5394
5326
5395
5327
5396
5328
5397
5329
5398
5330
5399
5331
5400
5332
5401
5333
5402
5334
5403
5335
5404
5336
5405
5337
5406
5338
5407
5339
5408
5340
5409
5341
5410
5342
5411
5343
5412
5344
5413
5345
5414
5346
5415
5347
5416
5348
5417
5349
5418
5350
5419
5351
5420
5352
5421
5353
5422
5354
5423
5355
5424
5356
5425
5357
5426
5358
5427
5359
5428
5360
5429
5361
5430
5362
5431
5363
5432
5364
5433
5365
5434
5366
5435
5367
5436
5368
5437
5369
5438
5370
5439
5371
5440
5372
5441
5373
5442
5374
5443
5375
5444
5376
5445
5377
5446
5378
5447
5379
5448
5380
5449
5381
5450
5382
5451
5383
5452
5384
5453
5385
5454
5386
5455
5387
5456
5388
5457
5389
5458
5459
7500
5391
5460
5392
5461
5393
5462
5394
5463
5395
5464
5396
5465
5397
5466
5398
5467
5399
5468
5400
5469
5401
5470
5402
5471
5403
5472
5404
5473
5405
5474
5406
5475
5407
5476
5408
5477
5409
5478
5410
5479
5411
5480
5412
5481
5413
5482
5414
5483
5415
5484
5416
5485
5417
5486
5418
5487
5419
5488
5420
5489
5421
5490
5422
5491
5423
5492
5424
5493
5425
5494
5426
5495
5427
5496
5428
5497
5429
5498
5430
5499
5431
5500
5432
5501
5433
5502
5434
5503
5435
5504
5436
5505
5437
5506
5438
5507
5439
5508
5440
5509
5441
5510
5442
5511
5443
5512
5444
5513
5445
5514
5446
5515
5447
5516
5448
5517
5449
5518
5450
5519
5451
5520
5452
5521
5453
5522
5454
5523
5455
5524
5456
5525
5457
5526
5458
5527
5459
5528
5529
7525
5461
5530
5462
5531
5463
5532
5464
5533
5465
5534
5466
5535
5467
5536
5468
5537
5469
5538
5470
5539
5471
5540
5472
5541
5473
5542
5474
5543
5475
5544
5476
5545
5477
5546
5478
5547
5479
5548
5480
5549
5481
5550
5482
5551
5483
5552
5484
5553
5485
5554
5486
5555
5487
5556
5488
5557
5489
5558
5490
5559
5491
5560
5492
5561
5493
5562
5494
5563
5495
5564
5496
5565
5497
5566
5498
5567
5499
5568
5500
5569
5501
5570
5502
5571
5503
5572
5504
5573
5505
5574
5506
5575
5507
5576
5508
5577
5509
5578
5510
5579
5511
5580
5512
5581
5513
5582
5514
5583
5515
5584
5516
5585
5517
5586
5518
5587
5519
5588
5520
5589
5521
5590
5522
5591
5523
5592
5524
5593
5525
5594
5526
5595
5527
5596
5528
5597
5529
5598
5599
7550
5531
5532
5533
5534
5535
5536
5537
5538
5539
5540
5541
5542
5543
5544
5545
5546
5547
5548
5549
5550
5551
5552
5553
5554
5555
5556
5557
5558
5559
5560
5561
5562
5563
5564
5565
5566
5567
5568
5569
5570
5571
5572
5573
5574
5575
5576
5577
5578
5579
5580
5581
5582
5583
5584
5585
5586
5587
5588
5589
5590
5591
5592
5593
5594
5595
5596
5597
5598
5599
7575
5601
5625
5850
5602
5626
5851
5603
5627
5852
5604
5628
5853
5605
5629
5854
5606
5630
5855
5607
5631
5856
5608
5632
5857
5609
5633
5858
5610
5634
5859
5611
5635
5860
5612
5636
5861
5613
5637
5862
5614
5638
5863
5615
5639
5864
5616
5640
5865
5617
5641
5866
5618
5642
5867
5619
5643
5868
5620
5644
5869
5621
5645
5870
5622
5646
5871
5623
5647
5872
5624
5648
5873
5649
5874
7600
5626
5650
5875
5627
5651
5876
5628
5652
5877
5629
5653
5878
5630
5654
5879
5631
5655
5880
5632
5656
5881
5633
5657
5882
5634
5658
5883
5635
5659
5884
5636
5660
5885
5637
5661
5886
5638
5662
5887
5639
5663
5888
5640
5664
5889
5641
5665
5890
5642
5666
5891
5643
5667
5892
5644
5668
5893
5645
5669
5894
5646
5670
5895
5647
5671
5896
5648
5672
5897
5649
5673
5898
5674
5899
7655
5651
5675
5900
5652
5676
5901
5653
5677
5902
5654
5678
5903
5655
5679
5904
5656
5680
5905
5657
5681
5906
5658
5682
5907
5659
5683
5908
5660
5684
5909
5661
5685
5910
5662
5686
5911
5663
5687
5912
5664
5688
5913
5665
5689
5914
5666
5690
5915
5667
5691
5916
5668
5692
5917
5669
5693
5918
5670
5694
5919
5671
5695
5920
5672
5696
5921
5673
5697
5922
5674
5698
5923
5699
5924
7710
5676
5700
5925
5677
5701
5926
5678
5702
5927
5679
5703
5928
5680
5704
5929
5681
5705
5930
5682
5706
5931
5683
5707
5932
5684
5708
5933
5685
5709
5934
5686
5710
5935
5687
5711
5936
5688
5712
5937
5689
5713
5938
5690
5714
5939
5691
5715
5940
5692
5716
5941
5693
5717
5942
5694
5718
5943
5695
5719
5944
5696
5720
5945
5697
5721
5946
5698
5722
5947
5699
5723
5948
5724
5949
7765
5701
5725
5950
5702
5726
5951
5703
5727
5952
5704
5728
5953
5705
5729
5954
5706
5730
5955
5707
5731
5956
5708
5732
5957
5709
5733
5958
5710
5734
5959
5711
5735
5960
5712
5736
5961
5713
5737
5962
5714
5738
5963
5715
5739
5964
5716
5740
5965
5717
5741
5966
5718
5742
5967
5719
5743
5968
5720
5744
5969
5721
5745
5970
5722
5746
5971
5723
5747
5972
5724
5748
5973
5749
5974
7820
5726
5750
5975
5727
5751
5976
5728
5752
5977
5729
5753
5978
5730
5754
5979
5731
5755
5980
5732
5756
5981
5733
5757
5982
5734
5758
5983
5735
5759
5984
5736
5760
5985
5737
5761
5986
5738
5762
5987
5739
5763
5988
5740
5764
5989
5741
5765
5990
5742
5766
5991
5743
5767
5992
5744
5768
5993
5745
5769
5994
5746
5770
5995
5747
5771
5996
5748
5772
5997
5749
5773
5998
5774
5999
7875
5751
5775
6000
5752
5776
6001
5753
5777
6002
5754
5778
6003
5755
5779
6004
5756
5780
6005
5757
5781
6006
5758
5782
6007
5759
5783
6008
5760
5784
6009
5761
5785
6010
5762
5786
6011
5763
5787
6012
5764
5788
6013
5765
5789
6014
5766
5790
6015
5767
5791
6016
5768
5792
6017
5769
5793
6018
5770
5794
6019
5771
5795
6020
5772
5796
6021
5773
5797
6022
5774
5798
6023
5799
6024
7930
5776
5800
6025
5777
5801
6026
5778
5802
6027
5779
5803
6028
5780
5804
6029
5781
5805
6030
5782
5806
6031
5783
5807
6032
5784
5808
6033
5785
5809
6034
5786
5810
6035
5787
5811
6036
5788
5812
6037
5789
5813
6038
5790
5814
6039
5791
5815
6040
5792
5816
6041
5793
5817
6042
5794
5818
6043
5795
5819
6044
5796
5820
6045
5797
5821
6046
5798
5822
6047
5799
5823
6048
5824
6049
7985
5801
5825
6050
5802
5826
6051
5803
5827
6052
5804
5828
6053
5805
5829
6054
5806
5830
6055
5807
5831
6056
5808
5832
6057
5809
5833
6058
5810
5834
6059
5811
5835
6060
5812
5836
6061
5813
5837
6062
5814
5838
6063
5815
5839
6064
5816
5840
6065
5817
5841
6066
5818
5842
6067
5819
5843
6068
5820
5844
6069
5821
5845
6070
5822
5846
6071
5823
5847
6072
5824
5848
6073
5849
6074
8040
5826
6075
12000
5827
6076
12001
5828
6077
12002
5829
6078
12003
5830
6079
12004
5831
6080
12005
5832
6081
12006
5833
6082
12007
5834
6083
12008
5835
6084
12009
5836
6085
12010
5837
6086
12011
5838
6087
12012
5839
6088
12013
5840
6089
12014
5841
6090
12015
5842
6091
12016
5843
6092
12017
5844
6093
12018
5845
6094
12019
5846
6095
12020
5847
6096
12021
5848
6097
12022
5849
6098
12023
6099
8095
12024
5851
5875
6100
5852
5876
6101
5853
5877
6102
5854
5878
6103
5855
5879
6104
5856
5880
6105
5857
5881
6106
5858
5882
6107
5859
5883
6108
5860
5884
6109
5861
5885
6110
5862
5886
6111
5863
5887
6112
5864
5888
6113
5865
5889
6114
5866
5890
6115
5867
5891
6116
5868
5892
6117
5869
5893
6118
5870
5894
6119
5871
5895
6120
5872
5896
6121
5873
5897
6122
5874
5898
6123
5899
6124
8150
5876
5900
6125
5877
5901
6126
5878
5902
6127
5879
5903
6128
5880
5904
6129
5881
5905
6130
5882
5906
6131
5883
5907
6132
5884
5908
6133
5885
5909
6134
5886
5910
6135
5887
5911
6136
5888
5912
6137
5889
5913
6138
5890
5914
6139
5891
5915
6140
5892
5916
6141
5893
5917
6142
5894
5918
6143
5895
5919
6144
5896
5920
6145
5897
5921
6146
5898
5922
6147
5899
5923
6148
5924
6149
8205
5901
5925
6150
5902
5926
6151
5903
5927
6152
5904
5928
6153
5905
5929
6154
5906
5930
6155
5907
5931
6156
5908
5932
6157
5909
5933
6158
5910
5934
6159
5911
5935
6160
5912
5936
6161
5913
5937
6162
5914
5938
6163
5915
5939
6164
5916
5940
6165
5917
5941
6166
5918
5942
6167
5919
5943
6168
5920
5944
6169
5921
5945
6170
5922
5946
6171
5923
5947
6172
5924
5948
6173
5949
6174
8260
5926
5950
6175
5927
5951
6176
5928
5952
6177
5929
5953
6178
5930
5954
6179
5931
5955
6180
5932
5956
6181
5933
5957
6182
5934
5958
6183
5935
5959
6184
5936
5960
6185
5937
5961
6186
5938
5962
6187
5939
5963
6188
5940
5964
6189
5941
5965
6190
5942
5966
6191
5943
5967
6192
5944
5968
6193
5945
5969
6194
5946
5970
6195
5947
5971
6196
5948
5972
6197
5949
5973
6198
5974
6199
8315
5951
5975
6200
5952
5976
6201
5953
5977
6202
5954
5978
6203
5955
5979
6204
5956
5980
6205
5957
5981
6206
5958
5982
6207
5959
5983
6208
5960
5984
6209
5961
5985
6210
5962
5986
6211
5963
5987
6212
5964
5988
6213
5965
5989
6214
5966
5990
6215
5967
5991
6216
5968
5992
6217
5969
5993
6218
5970
5994
6219
5971
5995
6220
5972
5996
6221
5973
5997
6222
5974
5998
6223
5999
6224
8370
5976
6000
6225
5977
6001
6226
5978
6002
6227
5979
6003
6228
5980
6004
6229
5981
6005
6230
5982
6006
6231
5983
6007
6232
5984
6008
6233
5985
6009
6234
5986
6010
6235
5987
6011
6236
5988
6012
6237
5989
6013
6238
5990
6014
6239
5991
6015
6240
5992
6016
6241
5993
6017
6242
5994
6018
6243
5995
6019
6244
5996
6020
6245
5997
6021
6246
5998
6022
6247
5999
6023
6248
6024
6249
8425
6001
6025
6250
6002
6026
6251
6003
6027
6252
6004
6028
6253
6005
6029
6254
6006
6030
6255
6007
6031
6256
6008
6032
6257
6009
6033
6258
6010
6034
6259
6011
6035
6260
6012
6036
6261
6013
6037
6262
6014
6038
6263
6015
6039
6264
6016
6040
6265
6017
6041
6266
6018
6042
6267
6019
6043
6268
6020
6044
6269
6021
6045
6270
6022
6046
6271
6023
6047
6272
6024
6048
6273
6049
6274
8480
6026
6050
6275
6027
6051
6276
6028
6052
6277
6029
6053
6278
6030
6054
6279
6031
6055
6280
6032
6056
6281
6033
6057
6282
6034
6058
6283
6035
6059
6284
6036
6060
6285
6037
6061
6286
6038
6062
6287
6039
6063
6288
6040
6064
6289
6041
6065
6290
6042
6066
6291
6043
6067
6292
6044
6068
6293
6045
6069
6294
6046
6070
6295
6047
6071
6296
6048
6072
6297
6049
6073
6298
6074
6299
8535
6051
6075
6300
6052
6076
6301
6053
6077
6302
6054
6078
6303
6055
6079
6304
6056
6080
6305
6057
6081
6306
6058
6082
6307
6059
6083
6308
6060
6084
6309
6061
6085
6310
6062
6086
6311
6063
6087
6312
6064
6088
6313
6065
6089
6314
6066
6090
6315
6067
6091
6316
6068
6092
6317
6069
6093
6318
6070
6094
6319
6071
6095
6320
6072
6096
6321
6073
6097
6322
6074
6098
6323
6099
6324
8590
6076
6325
12750
6077
6326
12751
6078
6327
12752
6079
6328
12753
6080
6329
12754
6081
6330
12755
6082
6331
12756
6083
6332
12757
6084
6333
12758
6085
6334
12759
6086
6335
12760
6087
6336
12761
6088
6337
12762
6089
6338
12763
6090
6339
12764
6091
6340
12765
6092
6341
12766
6093
6342
12767
6094
6343
12768
6095
6344
12769
6096
6345
12770
6097
6346
12771
6098
6347
12772
6099
6348
12773
6349
8645
12774
6101
6125
6350
6102
6126
6351
6103
6127
6352
6104
6128
6353
6105
6129
6354
6106
6130
6355
6107
6131
6356
6108
6132
6357
6109
6133
6358
6110
6134
6359
6111
6135
6360
6112
6136
6361
6113
6137
6362
6114
6138
6363
6115
6139
6364
6116
6140
6365
6117
6141
6366
6118
6142
6367
6119
6143
6368
6120
6144
6369
6121
6145
6370
6122
6146
6371
6123
6147
6372
6124
6148
6373
6149
6374
8700
6126
6150
6375
6127
6151
6376
6128
6152
6377
6129
6153
6378
6130
6154
6379
6131
6155
6380
6132
6156
6381
6133
6157
6382
6134
6158
6383
6135
6159
6384
6136
6160
6385
6137
6161
6386
6138
6162
6387
6139
6163
6388
6140
6164
6389
6141
6165
6390
6142
6166
6391
6143
6167
6392
6144
6168
6393
6145
6169
6394
6146
6170
6395
6147
6171
6396
6148
6172
6397
6149
6173
6398
6174
6399
8755
6151
6175
6400
6152
6176
6401
6153
6177
6402
6154
6178
6403
6155
6179
6404
6156
6180
6405
6157
6181
6406
6158
6182
6407
6159
6183
6408
6160
6184
6409
6161
6185
6410
6162
6186
6411
6163
6187
6412
6164
6188
6413
6165
6189
6414
6166
6190
6415
6167
6191
6416
6168
6192
6417
6169
6193
6418
6170
6194
6419
6171
6195
6420
6172
6196
6421
6173
6197
6422
6174
6198
6423
6199
6424
8810
6176
6200
6425
6177
6201
6426
6178
6202
6427
6179
6203
6428
6180
6204
6429
6181
6205
6430
6182
6206
6431
6183
6207
6432
6184
6208
6433
6185
6209
6434
6186
6210
6435
6187
6211
6436
6188
6212
6437
6189
6213
6438
6190
6214
6439
6191
6215
6440
6192
6216
6441
6193
6217
6442
6194
6218
6443
6195
6219
6444
6196
6220
6445
6197
6221
6446
6198
6222
6447
6199
6223
6448
6224
6449
8865
6201
6225
6450
6202
6226
6451
6203
6227
6452
6204
6228
6453
6205
6229
6454
6206
6230
6455
6207
6231
6456
6208
6232
6457
6209
6233
6458
6210
6234
6459
6211
6235
6460
6212
6236
6461
6213
6237
6462
6214
6238
6463
6215
6239
6464
6216
6240
6465
6217
6241
6466
6218
6242
6467
6219
6243
6468
6220
6244
6469
6221
6245
6470
6222
6246
6471
6223
6247
6472
6224
6248
6473
6249
6474
8920
6226
6250
6475
6227
6251
6476
6228
6252
6477
6229
6253
6478
6230
6254
6479
6231
6255
6480
6232
6256
6481
6233
6257
6482
6234
6258
6483
6235
6259
6484
6236
6260
6485
6237
6261
6486
6238
6262
6487
6239
6263
6488
6240
6264
6489
6241
6265
6490
6242
6266
6491
6243
6267
6492
6244
6268
6493
6245
6269
6494
6246
6270
6495
6247
6271
6496
6248
6272
6497
6249
6273
6498
6274
6499
8975
6251
6275
6500
6252
6276
6501
6253
6277
6502
6254
6278
6503
6255
6279
6504
6256
6280
6505
6257
6281
6506
6258
6282
6507
6259
6283
6508
6260
6284
6509
6261
6285
6510
6262
6286
6511
6263
6287
6512
6264
6288
6513
6265
6289
6514
6266
6290
6515
6267
6291
6516
6268
6292
6517
6269
6293
6518
6270
6294
6519
6271
6295
6520
6272
6296
6521
6273
6297
6522
6274
6298
6523
6299
6524
9030
6276
6300
6525
6277
6301
6526
6278
6302
6527
6279
6303
6528
6280
6304
6529
6281
6305
6530
6282
6306
6531
6283
6307
6532
6284
6308
6533
6285
6309
6534
6286
6310
6535
6287
6311
6536
6288
6312
6537
6289
6313
6538
6290
6314
6539
6291
6315
6540
6292
6316
6541
6293
6317
6542
6294
6318
6543
6295
6319
6544
6296
6320
6545
6297
6321
6546
6298
6322
6547
6299
6323
6548
6324
6549
9085
6301
6325
6550
6302
6326
6551
6303
6327
6552
6304
6328
6553
6305
6329
6554
6306
6330
6555
6307
6331
6556
6308
6332
6557
6309
6333
6558
6310
6334
6559
6311
6335
6560
6312
6336
6561
6313
6337
6562
6314
6338
6563
6315
6339
6564
6316
6340
6565
6317
6341
6566
6318
6342
6567
6319
6343
6568
6320
6344
6569
6321
6345
6570
6322
6346
6571
6323
6347
6572
6324
6348
6573
6349
6574
9140
6326
6575
13500
6327
6576
13501
6328
6577
13502
6329
6578
13503
6330
6579
13504
6331
6580
13505
6332
6581
13506
6333
6582
13507
6334
6583
13508
6335
6584
13509
6336
6585
13510
6337
6586
13511
6338
6587
13512
6339
6588
13513
6340
6589
13514
6341
6590
13515
6342
6591
13516
6343
6592
13517
6344
6593
13518
6345
6594
13519
6346
6595
13520
6347
6596
13521
6348
6597
13522
6349
6598
13523
6599
9195
13524
6351
6375
6600
6352
6376
6601
6353
6377
6602
6354
6378
6603
6355
6379
6604
6356
6380
6605
6357
6381
6606
6358
6382
6607
6359
6383
6608
6360
6384
6609
6361
6385
6610
6362
6386
6611
6363
6387
6612
6364
6388
6613
6365
6389
6614
6366
6390
6615
6367
6391
6616
6368
6392
6617
6369
6393
6618
6370
6394
6619
6371
6395
6620
6372
6396
6621
6373
6397
6622
6374
6398
6623
6399
6624
9250
6376
6400
6625
6377
6401
6626
6378
6402
6627
6379
6403
6628
6380
6404
6629
6381
6405
6630
6382
6406
6631
6383
6407
6632
6384
6408
6633
6385
6409
6634
6386
6410
6635
6387
6411
6636
6388
6412
6637
6389
6413
6638
6390
6414
6639
6391
6415
6640
6392
6416
6641
6393
6417
6642
6394
6418
6643
6395
6419
6644
6396
6420
6645
6397
6421
6646
6398
6422
6647
6399
6423
6648
6424
6649
9305
6401
6425
6650
6402
6426
6651
6403
6427
6652
6404
6428
6653
6405
6429
6654
6406
6430
6655
6407
6431
6656
6408
6432
6657
6409
6433
6658
6410
6434
6659
6411
6435
6660
6412
6436
6661
6413
6437
6662
6414
6438
6663
6415
6439
6664
6416
6440
6665
6417
6441
6666
6418
6442
6667
6419
6443
6668
6420
6444
6669
6421
6445
6670
6422
6446
6671
6423
6447
6672
6424
6448
6673
6449
6674
9360
6426
6450
6675
6427
6451
6676
6428
6452
6677
6429
6453
6678
6430
6454
6679
6431
6455
6680
6432
6456
6681
6433
6457
6682
6434
6458
6683
6435
6459
6684
6436
6460
6685
6437
6461
6686
6438
6462
6687
6439
6463
6688
6440
6464
6689
6441
6465
6690
6442
6466
6691
6443
6467
6692
6444
6468
6693
6445
6469
6694
6446
6470
6695
6447
6471
6696
6448
6472
6697
6449
6473
6698
6474
6699
9415
6451
6475
6700
6452
6476
6701
6453
6477
6702
6454
6478
6703
6455
6479
6704
6456
6480
6705
6457
6481
6706
6458
6482
6707
6459
6483
6708
6460
6484
6709
6461
6485
6710
6462
6486
6711
6463
6487
6712
6464
6488
6713
6465
6489
6714
6466
6490
6715
6467
6491
6716
6468
6492
6717
6469
6493
6718
6470
6494
6719
6471
6495
6720
6472
6496
6721
6473
6497
6722
6474
6498
6723
6499
6724
9470
6476
6500
6725
6477
6501
6726
6478
6502
6727
6479
6503
6728
6480
6504
6729
6481
6505
6730
6482
6506
6731
6483
6507
6732
6484
6508
6733
6485
6509
6734
6486
6510
6735
6487
6511
6736
6488
6512
6737
6489
6513
6738
6490
6514
6739
6491
6515
6740
6492
6516
6741
6493
6517
6742
6494
6518
6743
6495
6519
6744
6496
6520
6745
6497
6521
6746
6498
6522
6747
6499
6523
6748
6524
6749
9525
6501
6525
6750
6502
6526
6751
6503
6527
6752
6504
6528
6753
6505
6529
6754
6506
6530
6755
6507
6531
6756
6508
6532
6757
6509
6533
6758
6510
6534
6759
6511
6535
6760
6512
6536
6761
6513
6537
6762
6514
6538
6763
6515
6539
6764
6516
6540
6765
6517
6541
6766
6518
6542
6767
6519
6543
6768
6520
6544
6769
6521
6545
6770
6522
6546
6771
6523
6547
6772
6524
6548
6773
6549
6774
9580
6526
6550
6775
6527
6551
6776
6528
6552
6777
6529
6553
6778
6530
6554
6779
6531
6555
6780
6532
6556
6781
6533
6557
6782
6534
6558
6783
6535
6559
6784
6536
6560
6785
6537
6561
6786
6538
6562
6787
6539
6563
6788
6540
6564
6789
6541
6565
6790
6542
6566
6791
6543
6567
6792
6544
6568
6793
6545
6569
6794
6546
6570
6795
6547
6571
6796
6548
6572
6797
6549
6573
6798
6574
6799
9635
6551
6575
6800
6552
6576
6801
6553
6577
6802
6554
6578
6803
6555
6579
6804
6556
6580
6805
6557
6581
6806
6558
6582
6807
6559
6583
6808
6560
6584
6809
6561
6585
6810
6562
6586
6811
6563
6587
6812
6564
6588
6813
6565
6589
6814
6566
6590
6815
6567
6591
6816
6568
6592
6817
6569
6593
6818
6570
6594
6819
6571
6595
6820
6572
6596
6821
6573
6597
6822
6574
6598
6823
6599
6824
9690
6576
6825
14250
6577
6826
14251
6578
6827
14252
6579
6828
14253
6580
6829
14254
6581
6830
14255
6582
6831
14256
6583
6832
14257
6584
6833
14258
6585
6834
14259
6586
6835
14260
6587
6836
14261
6588
6837
14262
6589
6838
14263
6590
6839
14264
6591
6840
14265
6592
6841
14266
6593
6842
14267
6594
6843
14268
6595
6844
14269
6596
6845
14270
6597
6846
14271
6598
6847
14272
6599
6848
14273
6849
9745
14274
6601
6625
6850
6602
6626
6851
6603
6627
6852
6604
6628
6853
6605
6629
6854
6606
6630
6855
6607
6631
6856
6608
6632
6857
6609
6633
6858
6610
6634
6859
6611
6635
6860
6612
6636
6861
6613
6637
6862
6614
6638
6863
6615
6639
6864
6616
6640
6865
6617
6641
6866
6618
6642
6867
6619
6643
6868
6620
6644
6869
6621
6645
6870
6622
6646
6871
6623
6647
6872
6624
6648
6873
6649
6874
9800
6626
6650
6875
6627
6651
6876
6628
6652
6877
6629
6653
6878
6630
6654
6879
6631
6655
6880
6632
6656
6881
6633
6657
6882
6634
6658
6883
6635
6659
6884
6636
6660
6885
6637
6661
6886
6638
6662
6887
6639
6663
6888
6640
6664
6889
6641
6665
6890
6642
6666
6891
6643
6667
6892
6644
6668
6893
6645
6669
6894
6646
6670
6895
6647
6671
6896
6648
6672
6897
6649
6673
6898
6674
6899
9855
6651
6675
6900
6652
6676
6901
6653
6677
6902
6654
6678
6903
6655
6679
6904
6656
6680
6905
6657
6681
6906
6658
6682
6907
6659
6683
6908
6660
6684
6909
6661
6685
6910
6662
6686
6911
6663
6687
6912
6664
6688
6913
6665
6689
6914
6666
6690
6915
6667
6691
6916
6668
6692
6917
6669
6693
6918
6670
6694
6919
6671
6695
6920
6672
6696
6921
6673
6697
6922
6674
6698
6923
6699
6924
9910
6676
6700
6925
6677
6701
6926
6678
6702
6927
6679
6703
6928
6680
6704
6929
6681
6705
6930
6682
6706
6931
6683
6707
6932
6684
6708
6933
6685
6709
6934
6686
6710
6935
6687
6711
6936
6688
6712
6937
6689
6713
6938
6690
6714
6939
6691
6715
6940
6692
6716
6941
6693
6717
6942
6694
6718
6943
6695
6719
6944
6696
6720
6945
6697
6721
6946
6698
6722
6947
6699
6723
6948
6724
6949
9965
6701
6725
6950
6702
6726
6951
6703
6727
6952
6704
6728
6953
6705
6729
6954
6706
6730
6955
6707
6731
6956
6708
6732
6957
6709
6733
6958
6710
6734
6959
6711
6735
6960
6712
6736
6961
6713
6737
6962
6714
6738
6963
6715
6739
6964
6716
6740
6965
6717
6741
6966
6718
6742
6967
6719
6743
6968
6720
6744
6969
6721
6745
6970
6722
6746
6971
6723
6747
6972
6724
6748
6973
6749
6974
10020
6726
6750
6975
6727
6751
6976
6728
6752
6977
6729
6753
6978
6730
6754
6979
6731
6755
6980
6732
6756
6981
6733
6757
6982
6734
6758
6983
6735
6759
6984
6736
6760
6985
6737
6761
6986
6738
6762
6987
6739
6763
6988
6740
6764
6989
6741
6765
6990
6742
6766
6991
6743
6767
6992
6744
6768
6993
6745
6769
6994
6746
6770
6995
6747
6771
6996
6748
6772
6997
6749
6773
6998
6774
6999
10075
6751
6775
7000
6752
6776
7001
6753
6777
7002
6754
6778
7003
6755
6779
7004
6756
6780
7005
6757
6781
7006
6758
6782
7007
6759
6783
7008
6760
6784
7009
6761
6785
7010
6762
6786
7011
6763
6787
7012
6764
6788
7013
6765
6789
7014
6766
6790
7015
6767
6791
7016
6768
6792
7017
6769
6793
7018
6770
6794
7019
6771
6795
7020
6772
6796
7021
6773
6797
7022
6774
6798
7023
6799
7024
10130
6776
6800
7025
6777
6801
7026
6778
6802
7027
6779
6803
7028
6780
6804
7029
6781
6805
7030
6782
6806
7031
6783
6807
7032
6784
6808
7033
6785
6809
7034
6786
6810
7035
6787
6811
7036
6788
6812
7037
6789
6813
7038
6790
6814
7039
6791
6815
7040
6792
6816
7041
6793
6817
7042
6794
6818
7043
6795
6819
7044
6796
6820
7045
6797
6821
7046
6798
6822
7047
6799
6823
7048
6824
7049
10185
6801
6825
7050
6802
6826
7051
6803
6827
7052
6804
6828
7053
6805
6829
7054
6806
6830
7055
6807
6831
7056
6808
6832
7057
6809
6833
7058
6810
6834
7059
6811
6835
7060
6812
6836
7061
6813
6837
7062
6814
6838
7063
6815
6839
7064
6816
6840
7065
6817
6841
7066
6818
6842
7067
6819
6843
7068
6820
6844
7069
6821
6845
7070
6822
6846
7071
6823
6847
7072
6824
6848
7073
6849
7074
10240
6826
7075
15000
6827
7076
15001
6828
7077
15002
6829
7078
15003
6830
7079
15004
6831
7080
15005
6832
7081
15006
6833
7082
15007
6834
7083
15008
6835
7084
15009
6836
7085
15010
6837
7086
15011
6838
7087
15012
6839
7088
15013
6840
7089
15014
6841
7090
15015
6842
7091
15016
6843
7092
15017
6844
7093
15018
6845
7094
15019
6846
7095
15020
6847
7096
15021
6848
7097
15022
6849
7098
15023
7099
10295
15024
6851
6875
7100
6852
6876
7101
6853
6877
7102
6854
6878
7103
6855
6879
7104
6856
6880
7105
6857
6881
7106
6858
6882
7107
6859
6883
7108
6860
6884
7109
6861
6885
7110
6862
6886
7111
6863
6887
7112
6864
6888
7113
6865
6889
7114
6866
6890
7115
6867
6891
7116
6868
6892
7117
6869
6893
7118
6870
6894
7119
6871
6895
7120
6872
6896
7121
6873
6897
7122
6874
6898
7123
6899
7124
10350
6876
6900
7125
6877
6901
7126
6878
6902
7127
6879
6903
7128
6880
6904
7129
6881
6905
7130
6882
6906
7131
6883
6907
7132
6884
6908
7133
6885
6909
7134
6886
6910
7135
6887
6911
7136
6888
6912
7137
6889
6913
7138
6890
6914
7139
6891
6915
7140
6892
6916
7141
6893
6917
7142
6894
6918
7143
6895
6919
7144
6896
6920
7145
6897
6921
7146
6898
6922
7147
6899
6923
7148
6924
7149
10405
6901
6925
7150
6902
6926
7151
6903
6927
7152
6904
6928
7153
6905
6929
7154
6906
6930
7155
6907
6931
7156
6908
6932
7157
6909
6933
7158
6910
6934
7159
6911
6935
7160
6912
6936
7161
6913
6937
7162
6914
6938
7163
6915
6939
7164
6916
6940
7165
6917
6941
7166
6918
6942
7167
6919
6943
7168
6920
6944
7169
6921
6945
7170
6922
6946
7171
6923
6947
7172
6924
6948
7173
6949
7174
10460
6926
6950
7175
6927
6951
7176
6928
6952
7177
6929
6953
7178
6930
6954
7179
6931
6955
7180
6932
6956
7181
6933
6957
7182
6934
6958
7183
6935
6959
7184
6936
6960
7185
6937
6961
7186
6938
6962
7187
6939
6963
7188
6940
6964
7189
6941
6965
7190
6942
6966
7191
6943
6967
7192
6944
6968
7193
6945
6969
7194
6946
6970
7195
6947
6971
7196
6948
6972
7197
6949
6973
7198
6974
7199
10515
6951
6975
7200
6952
6976
7201
6953
6977
7202
6954
6978
7203
6955
6979
7204
6956
6980
7205
6957
6981
7206
6958
6982
7207
6959
6983
7208
6960
6984
7209
6961
6985
7210
6962
6986
7211
6963
6987
7212
6964
6988
7213
6965
6989
7214
6966
6990
7215
6967
6991
7216
6968
6992
7217
6969
6993
7218
6970
6994
7219
6971
6995
7220
6972
6996
7221
6973
6997
7222
6974
6998
7223
6999
7224
10570
6976
7000
7225
6977
7001
7226
6978
7002
7227
6979
7003
7228
6980
7004
7229
6981
7005
7230
6982
7006
7231
6983
7007
7232
6984
7008
7233
6985
7009
7234
6986
7010
7235
6987
7011
7236
6988
7012
7237
6989
7013
7238
6990
7014
7239
6991
7015
7240
6992
7016
7241
6993
7017
7242
6994
7018
7243
6995
7019
7244
6996
7020
7245
6997
7021
7246
6998
7022
7247
6999
7023
7248
7024
7249
10625
7001
7025
7250
7002
7026
7251
7003
7027
7252
7004
7028
7253
7005
7029
7254
7006
7030
7255
7007
7031
7256
7008
7032
7257
7009
7033
7258
7010
7034
7259
7011
7035
7260
7012
7036
7261
7013
7037
7262
7014
7038
7263
7015
7039
7264
7016
7040
7265
7017
7041
7266
7018
7042
7267
7019
7043
7268
7020
7044
7269
7021
7045
7270
7022
7046
7271
7023
7047
7272
7024
7048
7273
7049
7274
10680
7026
7050
7275
7027
7051
7276
7028
7052
7277
7029
7053
7278
7030
7054
7279
7031
7055
7280
7032
7056
7281
7033
7057
7282
7034
7058
7283
7035
7059
7284
7036
7060
7285
7037
7061
7286
7038
7062
7287
7039
7063
7288
7040
7064
7289
7041
7065
7290
7042
7066
7291
7043
7067
7292
7044
7068
7293
7045
7069
7294
7046
7070
7295
7047
7071
7296
7048
7072
7297
7049
7073
7298
7074
7299
10735
7051
7075
7300
7052
7076
7301
7053
7077
7302
7054
7078
7303
7055
7079
7304
7056
7080
7305
7057
7081
7306
7058
7082
7307
7059
7083
7308
7060
7084
7309
7061
7085
7310
7062
7086
7311
7063
7087
7312
7064
7088
7313
7065
7089
7314
7066
7090
7315
7067
7091
7316
7068
7092
7317
7069
7093
7318
7070
7094
7319
7071
7095
7320
7072
7096
7321
7073
7097
7322
7074
7098
7323
7099
7324
10790
7076
7325
15750
7077
7326
15751
7078
7327
15752
7079
7328
15753
7080
7329
15754
7081
7330
15755
7082
7331
15756
7083
7332
15757
7084
7333
15758
7085
7334
15759
7086
7335
15760
7087
7336
15761
7088
7337
15762
7089
7338
15763
7090
7339
15764
7091
7340
15765
7092
7341
15766
7093
7342
15767
7094
7343
15768
7095
7344
15769
7096
7345
15770
7097
7346
15771
7098
7347
15772
7099
7348
15773
7349
10845
15774
7101
7125
7350
7102
7126
7351
7103
7127
7352
7104
7128
7353
7105
7129
7354
7106
7130
7355
7107
7131
7356
7108
7132
7357
7109
7133
7358
7110
7134
7359
7111
7135
7360
7112
7136
7361
7113
7137
7362
7114
7138
7363
7115
7139
7364
7116
7140
7365
7117
7141
7366
7118
7142
7367
7119
7143
7368
7120
7144
7369
7121
7145
7370
7122
7146
7371
7123
7147
7372
7124
7148
7373
7149
7374
10900
7126
7150
7375
7127
7151
7376
7128
7152
7377
7129
7153
7378
7130
7154
7379
7131
7155
7380
7132
7156
7381
7133
7157
7382
7134
7158
7383
7135
7159
7384
7136
7160
7385
7137
7161
7386
7138
7162
7387
7139
7163
7388
7140
7164
7389
7141
7165
7390
7142
7166
7391
7143
7167
7392
7144
7168
7393
7145
7169
7394
7146
7170
7395
7147
7171
7396
7148
7172
7397
7149
7173
7398
7174
7399
10955
7151
7175
7400
7152
7176
7401
7153
7177
7402
7154
7178
7403
7155
7179
7404
7156
7180
7405
7157
7181
7406
7158
7182
7407
7159
7183
7408
7160
7184
7409
7161
7185
7410
7162
7186
7411
7163
7187
7412
7164
7188
7413
7165
7189
7414
7166
7190
7415
7167
7191
7416
7168
7192
7417
7169
7193
7418
7170
7194
7419
7171
7195
7420
7172
7196
7421
7173
7197
7422
7174
7198
7423
7199
7424
11010
7176
7200
7425
7177
7201
7426
7178
7202
7427
7179
7203
7428
7180
7204
7429
7181
7205
7430
7182
7206
7431
7183
7207
7432
7184
7208
7433
7185
7209
7434
7186
7210
7435
7187
7211
7436
7188
7212
7437
7189
7213
7438
7190
7214
7439
7191
7215
7440
7192
7216
7441
7193
7217
7442
7194
7218
7443
7195
7219
7444
7196
7220
7445
7197
7221
7446
7198
7222
7447
7199
7223
7448
7224
7449
11065
7201
7225
7450
7202
7226
7451
7203
7227
7452
7204
7228
7453
7205
7229
7454
7206
7230
7455
7207
7231
7456
7208
7232
7457
7209
7233
7458
7210
7234
7459
7211
7235
7460
7212
7236
7461
7213
7237
7462
7214
7238
7463
7215
7239
7464
7216
7240
7465
7217
7241
7466
7218
7242
7467
7219
7243
7468
7220
7244
7469
7221
7245
7470
7222
7246
7471
7223
7247
7472
7224
7248
7473
7249
7474
11120
7226
7250
7475
7227
7251
7476
7228
7252
7477
7229
7253
7478
7230
7254
7479
7231
7255
7480
7232
7256
7481
7233
7257
7482
7234
7258
7483
7235
7259
7484
7236
7260
7485
7237
7261
7486
7238
7262
7487
7239
7263
7488
7240
7264
7489
7241
7265
7490
7242
7266
7491
7243
7267
7492
7244
7268
7493
7245
7269
7494
7246
7270
7495
7247
7271
7496
7248
7272
7497
7249
7273
7498
7274
7499
11175
7251
7275
7500
7252
7276
7501
7253
7277
7502
7254
7278
7503
7255
7279
7504
7256
7280
7505
7257
7281
7506
7258
7282
7507
7259
7283
7508
7260
7284
7509
7261
7285
7510
7262
7286
7511
7263
7287
7512
7264
7288
7513
7265
7289
7514
7266
7290
7515
7267
7291
7516
7268
7292
7517
7269
7293
7518
7270
7294
7519
7271
7295
7520
7272
7296
7521
7273
7297
7522
7274
7298
7523
7299
7524
11230
7276
7300
7525
7277
7301
7526
7278
7302
7527
7279
7303
7528
7280
7304
7529
7281
7305
7530
7282
7306
7531
7283
7307
7532
7284
7308
7533
7285
7309
7534
7286
7310
7535
7287
7311
7536
7288
7312
7537
7289
7313
7538
7290
7314
7539
7291
7315
7540
7292
7316
7541
7293
7317
7542
7294
7318
7543
7295
7319
7544
7296
7320
7545
7297
7321
7546
7298
7322
7547
7299
7323
7548
7324
7549
11285
7301
7325
7550
7302
7326
7551
7303
7327
7552
7304
7328
7553
7305
7329
7554
7306
7330
7555
7307
7331
7556
7308
7332
7557
7309
7333
7558
7310
7334
7559
7311
7335
7560
7312
7336
7561
7313
7337
7562
7314
7338
7563
7315
7339
7564
7316
7340
7565
7317
7341
7566
7318
7342
7567
7319
7343
7568
7320
7344
7569
7321
7345
7570
7322
7346
7571
7323
7347
7572
7324
7348
7573
7349
7574
11340
7326
7575
16500
7327
7576
16501
7328
7577
16502
7329
7578
16503
7330
7579
16504
7331
7580
16505
7332
7581
16506
7333
7582
16507
7334
7583
16508
7335
7584
16509
7336
7585
16510
7337
7586
16511
7338
7587
16512
7339
7588
16513
7340
7589
16514
7341
7590
16515
7342
7591
16516
7343
7592
16517
7344
7593
16518
7345
7594
16519
7346
7595
16520
7347
7596
16521
7348
7597
16522
7349
7598
16523
7599
11395
16524
7351
7375
7352
7376
7353
7377
7354
7378
7355
7379
7356
7380
7357
7381
7358
7382
7359
7383
7360
7384
7361
7385
7362
7386
7363
7387
7364
7388
7365
7389
7366
7390
7367
7391
7368
7392
7369
7393
7370
7394
7371
7395
7372
7396
7373
7397
7374
7398
7399
11450
7376
7400
7377
7401
7378
7402
7379
7403
7380
7404
7381
7405
7382
7406
7383
7407
7384
7408
7385
7409
7386
7410
7387
7411
7388
7412
7389
7413
7390
7414
7391
7415
7392
7416
7393
7417
7394
7418
7395
7419
7396
7420
7397
7421
7398
7422
7399
7423
7424
11505
7401
7425
7402
7426
7403
7427
7404
7428
7405
7429
7406
7430
7407
7431
7408
7432
7409
7433
7410
7434
7411
7435
7412
7436
7413
7437
7414
7438
7415
7439
7416
7440
7417
7441
7418
7442
7419
7443
7420
7444
7421
7445
7422
7446
7423
7447
7424
7448
7449
11560
7426
7450
7427
7451
7428
7452
7429
7453
7430
7454
7431
7455
7432
7456
7433
7457
7434
7458
7435
7459
7436
7460
7437
7461
7438
7462
7439
7463
7440
7464
7441
7465
7442
7466
7443
7467
7444
7468
7445
7469
7446
7470
7447
7471
7448
7472
7449
7473
7474
11615
7451
7475
7452
7476
7453
7477
7454
7478
7455
7479
7456
7480
7457
7481
7458
7482
7459
7483
7460
7484
7461
7485
7462
7486
7463
7487
7464
7488
7465
7489
7466
7490
7467
7491
7468
7492
7469
7493
7470
7494
7471
7495
7472
7496
7473
7497
7474
7498
7499
11670
7476
7500
7477
7501
7478
7502
7479
7503
7480
7504
7481
7505
7482
7506
7483
7507
7484
7508
7485
7509
7486
7510
7487
7511
7488
7512
7489
7513
7490
7514
7491
7515
7492
7516
7493
7517
7494
7518
7495
7519
7496
7520
7497
7521
7498
7522
7499
7523
7524
11725
7501
7525
7502
7526
7503
7527
7504
7528
7505
7529
7506
7530
7507
7531
7508
7532
7509
7533
7510
7534
7511
7535
7512
7536
7513
7537
7514
7538
7515
7539
7516
7540
7517
7541
7518
7542
7519
7543
7520
7544
7521
7545
7522
7546
7523
7547
7524
7548
7549
11780
7526
7550
7527
7551
7528
7552
7529
7553
7530
7554
7531
7555
7532
7556
7533
7557
7534
7558
7535
7559
7536
7560
7537
7561
7538
7562
7539
7563
7540
7564
7541
7565
7542
7566
7543
7567
7544
7568
7545
7569
7546
7570
7547
7571
7548
7572
7549
7573
7574
11835
7551
7575
7552
7576
7553
7577
7554
7578
7555
7579
7556
7580
7557
7581
7558
7582
7559
7583
7560
7584
7561
7585
7562
7586
7563
7587
7564
7588
7565
7589
7566
7590
7567
7591
7568
7592
7569
7593
7570
7594
7571
7595
7572
7596
7573
7597
7574
7598
7599
11890
7576
17250
7577
17251
7578
17252
7579
17253
7580
17254
7581
17255
7582
17256
7583
17257
7584
17258
7585
17259
7586
17260
7587
17261
7588
17262
7589
17263
7590
17264
7591
17265
7592
17266
7593
17267
7594
17268
7595
17269
7596
17270
7597
17271
7598
17272
7599
17273
11945
17274
7601
7655
8150
7602
7656
8151
7603
7657
8152
7604
7658
8153
7605
7659
8154
7606
7660
8155
7607
7661
8156
7608
7662
8157
7609
7663
8158
7610
7664
8159
7611
7665
8160
7612
7666
8161
7613
7667
8162
7614
7668
8163
7615
7669
8164
7616
7670
8165
7617
7671
8166
7618
7672
8167
7619
7673
8168
7620
7674
8169
7621
7675
8170
7622
7676
8171
7623
7677
8172
7624
7678
8173
7625
7679
8174
7626
7680
8175
7627
7681
8176
7628
7682
8177
7629
7683
8178
7630
7684
8179
7631
7685
8180
7632
7686
8181
7633
7687
8182
7634
7688
8183
7635
7689
8184
7636
7690
8185
7637
7691
8186
7638
7692
8187
7639
7693
8188
7640
7694
8189
7641
7695
8190
7642
7696
8191
7643
7697
8192
7644
7698
8193
7645
7699
8194
7646
7700
8195
7647
7701
8196
7648
7702
8197
7649
7703
8198
7650
7704
8199
7651
7705
8200
7652
7706
8201
7653
7707
8202
7654
7708
8203
7709
8204
7656
7710
8205
7657
7711
8206
7658
7712
8207
7659
7713
8208
7660
7714
8209
7661
7715
8210
7662
7716
8211
7663
7717
8212
7664
7718
8213
7665
7719
8214
7666
7720
8215
7667
7721
8216
7668
7722
8217
7669
7723
8218
7670
7724
8219
7671
7725
8220
7672
7726
8221
7673
7727
8222
7674
7728
8223
7675
7729
8224
7676
7730
8225
7677
7731
8226
7678
7732
8227
7679
7733
8228
7680
7734
8229
7681
7735
8230
7682
7736
8231
7683
7737
8232
7684
7738
8233
7685
7739
8234
7686
7740
8235
7687
7741
8236
7688
7742
8237
7689
7743
8238
7690
7744
8239
7691
7745
8240
7692
7746
8241
7693
7747
8242
7694
7748
8243
7695
7749
8244
7696
7750
8245
7697
7751
8246
7698
7752
8247
7699
7753
8248
7700
7754
8249
7701
7755
8250
7702
7756
8251
7703
7757
8252
7704
7758
8253
7705
7759
8254
7706
7760
8255
7707
7761
8256
7708
7762
8257
7709
7763
8258
7764
8259
7711
7765
8260
7712
7766
8261
7713
7767
8262
7714
7768
8263
7715
7769
8264
7716
7770
8265
7717
7771
8266
7718
7772
8267
7719
7773
8268
7720
7774
8269
7721
7775
8270
7722
7776
8271
7723
7777
8272
7724
7778
8273
7725
7779
8274
7726
7780
8275
7727
7781
8276
7728
7782
8277
7729
7783
8278
7730
7784
8279
7731
7785
8280
7732
7786
8281
7733
7787
8282
7734
7788
8283
7735
7789
8284
7736
7790
8285
7737
7791
8286
7738
7792
8287
7739
7793
8288
7740
7794
8289
7741
7795
8290
7742
7796
8291
7743
7797
8292
7744
7798
8293
7745
7799
8294
7746
7800
8295
7747
7801
8296
7748
7802
8297
7749
7803
8298
7750
7804
8299
7751
7805
8300
7752
7806
8301
7753
7807
8302
7754
7808
8303
7755
7809
8304
7756
7810
8305
7757
7811
8306
7758
7812
8307
7759
7813
8308
7760
7814
8309
7761
7815
8310
7762
7816
8311
7763
7817
8312
7764
7818
8313
7819
8314
7766
7820
8315
7767
7821
8316
7768
7822
8317
7769
7823
8318
7770
7824
8319
7771
7825
8320
7772
7826
8321
7773
7827
8322
7774
7828
8323
7775
7829
8324
7776
7830
8325
7777
7831
8326
7778
7832
8327
7779
7833
8328
7780
7834
8329
7781
7835
8330
7782
7836
8331
7783
7837
8332
7784
7838
8333
7785
7839
8334
7786
7840
8335
7787
7841
8336
7788
7842
8337
7789
7843
8338
7790
7844
8339
7791
7845
8340
7792
7846
8341
7793
7847
8342
7794
7848
8343
7795
7849
8344
7796
7850
8345
7797
7851
8346
7798
7852
8347
7799
7853
8348
7800
7854
8349
7801
7855
8350
7802
7856
8351
7803
7857
8352
7804
7858
8353
7805
7859
8354
7806
7860
8355
7807
7861
8356
7808
7862
8357
7809
7863
8358
7810
7864
8359
7811
7865
8360
7812
7866
8361
7813
7867
8362
7814
7868
8363
7815
7869
8364
7816
7870
8365
7817
7871
8366
7818
7872
8367
7819
7873
8368
7874
8369
7821
7875
8370
7822
7876
8371
7823
7877
8372
7824
7878
8373
7825
7879
8374
7826
7880
8375
7827
7881
8376
7828
7882
8377
7829
7883
8378
7830
7884
8379
7831
7885
8380
7832
7886
8381
7833
7887
8382
7834
7888
8383
7835
7889
8384
7836
7890
8385
7837
7891
8386
7838
7892
8387
7839
7893
8388
7840
7894
8389
7841
7895
8390
7842
7896
8391
7843
7897
8392
7844
7898
8393
7845
7899
8394
7846
7900
8395
7847
7901
8396
7848
7902
8397
7849
7903
8398
7850
7904
8399
7851
7905
8400
7852
7906
8401
7853
7907
8402
7854
7908
8403
7855
7909
8404
7856
7910
8405
7857
7911
8406
7858
7912
8407
7859
7913
8408
7860
7914
8409
7861
7915
8410
7862
7916
8411
7863
7917
8412
7864
7918
8413
7865
7919
8414
7866
7920
8415
7867
7921
8416
7868
7922
8417
7869
7923
8418
7870
7924
8419
7871
7925
8420
7872
7926
8421
7873
7927
8422
7874
7928
8423
7929
8424
7876
7930
8425
7877
7931
8426
7878
7932
8427
7879
7933
8428
7880
7934
8429
7881
7935
8430
7882
7936
8431
7883
7937
8432
7884
7938
8433
7885
7939
8434
7886
7940
8435
7887
7941
8436
7888
7942
8437
7889
7943
8438
7890
7944
8439
7891
7945
8440
7892
7946
8441
7893
7947
8442
7894
7948
8443
7895
7949
8444
7896
7950
8445
7897
7951
8446
7898
7952
8447
7899
7953
8448
7900
7954
8449
7901
7955
8450
7902
7956
8451
7903
7957
8452
7904
7958
8453
7905
7959
8454
7906
7960
8455
7907
7961
8456
7908
7962
8457
7909
7963
8458
7910
7964
8459
7911
7965
8460
7912
7966
8461
7913
7967
8462
7914
7968
8463
7915
7969
8464
7916
7970
8465
7917
7971
8466
7918
7972
8467
7919
7973
8468
7920
7974
8469
7921
7975
8470
7922
7976
8471
7923
7977
8472
7924
7978
8473
7925
7979
8474
7926
7980
8475
7927
7981
8476
7928
7982
8477
7929
7983
8478
7984
8479
7931
7985
8480
7932
7986
8481
7933
7987
8482
7934
7988
8483
7935
7989
8484
7936
7990
8485
7937
7991
8486
7938
7992
8487
7939
7993
8488
7940
7994
8489
7941
7995
8490
7942
7996
8491
7943
7997
8492
7944
7998
8493
7945
7999
8494
7946
8000
8495
7947
8001
8496
7948
8002
8497
7949
8003
8498
7950
8004
8499
7951
8005
8500
7952
8006
8501
7953
8007
8502
7954
8008
8503
7955
8009
8504
7956
8010
8505
7957
8011
8506
7958
8012
8507
7959
8013
8508
7960
8014
8509
7961
8015
8510
7962
8016
8511
7963
8017
8512
7964
8018
8513
7965
8019
8514
7966
8020
8515
7967
8021
8516
7968
8022
8517
7969
8023
8518
7970
8024
8519
7971
8025
8520
7972
8026
8521
7973
8027
8522
7974
8028
8523
7975
8029
8524
7976
8030
8525
7977
8031
8526
7978
8032
8527
7979
8033
8528
7980
8034
8529
7981
8035
8530
7982
8036
8531
7983
8037
8532
7984
8038
8533
8039
8534
7986
8040
8535
7987
8041
8536
7988
8042
8537
7989
8043
8538
7990
8044
8539
7991
8045
8540
7992
8046
8541
7993
8047
8542
7994
8048
8543
7995
8049
8544
7996
8050
8545
7997
8051
8546
7998
8052
8547
7999
8053
8548
8000
8054
8549
8001
8055
8550
8002
8056
8551
8003
8057
8552
8004
8058
8553
8005
8059
8554
8006
8060
8555
8007
8061
8556
8008
8062
8557
8009
8063
8558
8010
8064
8559
8011
8065
8560
8012
8066
8561
8013
8067
8562
8014
8068
8563
8015
8069
8564
8016
8070
8565
8017
8071
8566
8018
8072
8567
8019
8073
8568
8020
8074
8569
8021
8075
8570
8022
8076
8571
8023
8077
8572
8024
8078
8573
8025
8079
8574
8026
8080
8575
8027
8081
8576
8028
8082
8577
8029
8083
8578
8030
8084
8579
8031
8085
8580
8032
8086
8581
8033
8087
8582
8034
8088
8583
8035
8089
8584
8036
8090
8585
8037
8091
8586
8038
8092
8587
8039
8093
8588
8094
8589
8041
8095
8590
8042
8096
8591
8043
8097
8592
8044
8098
8593
8045
8099
8594
8046
8100
8595
8047
8101
8596
8048
8102
8597
8049
8103
8598
8050
8104
8599
8051
8105
8600
8052
8106
8601
8053
8107
8602
8054
8108
8603
8055
8109
8604
8056
8110
8605
8057
8111
8606
8058
8112
8607
8059
8113
8608
8060
8114
8609
8061
8115
8610
8062
8116
8611
8063
8117
8612
8064
8118
8613
8065
8119
8614
8066
8120
8615
8067
8121
8616
8068
8122
8617
8069
8123
8618
8070
8124
8619
8071
8125
8620
8072
8126
8621
8073
8127
8622
8074
8128
8623
8075
8129
8624
8076
8130
8625
8077
8131
8626
8078
8132
8627
8079
8133
8628
8080
8134
8629
8081
8135
8630
8082
8136
8631
8083
8137
8632
8084
8138
8633
8085
8139
8634
8086
8140
8635
8087
8141
8636
8088
8142
8637
8089
8143
8638
8090
8144
8639
8091
8145
8640
8092
8146
8641
8093
8147
8642
8094
8148
8643
8149
8644
8096
8645
8097
8646
8098
8647
8099
8648
8100
8649
8101
8650
8102
8651
8103
8652
8104
8653
8105
8654
8106
8655
8107
8656
8108
8657
8109
8658
8110
8659
8111
8660
8112
8661
8113
8662
8114
8663
8115
8664
8116
8665
8117
8666
8118
8667
8119
8668
8120
8669
8121
8670
8122
8671
8123
8672
8124
8673
8125
8674
8126
8675
8127
8676
8128
8677
8129
8678
8130
8679
8131
8680
8132
8681
8133
8682
8134
8683
8135
8684
8136
8685
8137
8686
8138
8687
8139
8688
8140
8689
8141
8690
8142
8691
8143
8692
8144
8693
8145
8694
8146
8695
8147
8696
8148
8697
8149
8698
8699
8151
8205
8700
8152
8206
8701
8153
8207
8702
8154
8208
8703
8155
8209
8704
8156
8210
8705
8157
8211
8706
8158
8212
8707
8159
8213
8708
8160
8214
8709
8161
8215
8710
8162
8216
8711
8163
8217
8712
8164
8218
8713
8165
8219
8714
8166
8220
8715
8167
8221
8716
8168
8222
8717
8169
8223
8718
8170
8224
8719
8171
8225
8720
8172
8226
8721
8173
8227
8722
8174
8228
8723
8175
8229
8724
8176
8230
8725
8177
8231
8726
8178
8232
8727
8179
8233
8728
8180
8234
8729
8181
8235
8730
8182
8236
8731
8183
8237
8732
8184
8238
8733
8185
8239
8734
8186
8240
8735
8187
8241
8736
8188
8242
8737
8189
8243
8738
8190
8244
8739
8191
8245
8740
8192
8246
8741
8193
8247
8742
8194
8248
8743
8195
8249
8744
8196
8250
8745
8197
8251
8746
8198
8252
8747
8199
8253
8748
8200
8254
8749
8201
8255
8750
8202
8256
8751
8203
8257
8752
8204
8258
8753
8259
8754
8206
8260
8755
8207
8261
8756
8208
8262
8757
8209
8263
8758
8210
8264
8759
8211
8265
8760
8212
8266
8761
8213
8267
8762
8214
8268
8763
8215
8269
8764
8216
8270
8765
8217
8271
8766
8218
8272
8767
8219
8273
8768
8220
8274
8769
8221
8275
8770
8222
8276
8771
8223
8277
8772
8224
8278
8773
8225
8279
8774
8226
8280
8775
8227
8281
8776
8228
8282
8777
8229
8283
8778
8230
8284
8779
8231
8285
8780
8232
8286
8781
8233
8287
8782
8234
8288
8783
8235
8289
8784
8236
8290
8785
8237
8291
8786
8238
8292
8787
8239
8293
8788
8240
8294
8789
8241
8295
8790
8242
8296
8791
8243
8297
8792
8244
8298
8793
8245
8299
8794
8246
8300
8795
8247
8301
8796
8248
8302
8797
8249
8303
8798
8250
8304
8799
8251
8305
8800
8252
8306
8801
8253
8307
8802
8254
8308
8803
8255
8309
8804
8256
8310
8805
8257
8311
8806
8258
8312
8807
8259
8313
8808
8314
8809
8261
8315
8810
8262
8316
8811
8263
8317
8812
8264
8318
8813
8265
8319
8814
8266
8320
8815
8267
8321
8816
8268
8322
8817
8269
8323
8818
8270
8324
8819
8271
8325
8820
8272
8326
8821
8273
8327
8822
8274
8328
8823
8275
8329
8824
8276
8330
8825
8277
8331
8826
8278
8332
8827
8279
8333
8828
8280
8334
8829
8281
8335
8830
8282
8336
8831
8283
8337
8832
8284
8338
8833
8285
8339
8834
8286
8340
8835
8287
8341
8836
8288
8342
8837
8289
8343
8838
8290
8344
8839
8291
8345
8840
8292
8346
8841
8293
8347
8842
8294
8348
8843
8295
8349
8844
8296
8350
8845
8297
8351
8846
8298
8352
8847
8299
8353
8848
8300
8354
8849
8301
8355
8850
8302
8356
8851
8303
8357
8852
8304
8358
8853
8305
8359
8854
8306
8360
8855
8307
8361
8856
8308
8362
8857
8309
8363
8858
8310
8364
8859
8311
8365
8860
8312
8366
8861
8313
8367
8862
8314
8368
8863
8369
8864
8316
8370
8865
8317
8371
8866
8318
8372
8867
8319
8373
8868
8320
8374
8869
8321
8375
8870
8322
8376
8871
8323
8377
8872
8324
8378
8873
8325
8379
8874
8326
8380
8875
8327
8381
8876
8328
8382
8877
8329
8383
8878
8330
8384
8879
8331
8385
8880
8332
8386
8881
8333
8387
8882
8334
8388
8883
8335
8389
8884
8336
8390
8885
8337
8391
8886
8338
8392
8887
8339
8393
8888
8340
8394
8889
8341
8395
8890
8342
8396
8891
8343
8397
8892
8344
8398
8893
8345
8399
8894
8346
8400
8895
8347
8401
8896
8348
8402
8897
8349
8403
8898
8350
8404
8899
8351
8405
8900
8352
8406
8901
8353
8407
8902
8354
8408
8903
8355
8409
8904
8356
8410
8905
8357
8411
8906
8358
8412
8907
8359
8413
8908
8360
8414
8909
8361
8415
8910
8362
8416
8911
8363
8417
8912
8364
8418
8913
8365
8419
8914
8366
8420
8915
8367
8421
8916
8368
8422
8917
8369
8423
8918
8424
8919
8371
8425
8920
8372
8426
8921
8373
8427
8922
8374
8428
8923
8375
8429
8924
8376
8430
8925
8377
8431
8926
8378
8432
8927
8379
8433
8928
8380
8434
8929
8381
8435
8930
8382
8436
8931
8383
8437
8932
8384
8438
8933
8385
8439
8934
8386
8440
8935
8387
8441
8936
8388
8442
8937
8389
8443
8938
8390
8444
8939
8391
8445
8940
8392
8446
8941
8393
8447
8942
8394
8448
8943
8395
8449
8944
8396
8450
8945
8397
8451
8946
8398
8452
8947
8399
8453
8948
8400
8454
8949
8401
8455
8950
8402
8456
8951
8403
8457
8952
8404
8458
8953
8405
8459
8954
8406
8460
8955
8407
8461
8956
8408
8462
8957
8409
8463
8958
8410
8464
8959
8411
8465
8960
8412
8466
8961
8413
8467
8962
8414
8468
8963
8415
8469
8964
8416
8470
8965
8417
8471
8966
8418
8472
8967
8419
8473
8968
8420
8474
8969
8421
8475
8970
8422
8476
8971
8423
8477
8972
8424
8478
8973
8479
8974
8426
8480
8975
8427
8481
8976
8428
8482
8977
8429
8483
8978
8430
8484
8979
8431
8485
8980
8432
8486
8981
8433
8487
8982
8434
8488
8983
8435
8489
8984
8436
8490
8985
8437
8491
8986
8438
8492
8987
8439
8493
8988
8440
8494
8989
8441
8495
8990
8442
8496
8991
8443
8497
8992
8444
8498
8993
8445
8499
8994
8446
8500
8995
8447
8501
8996
8448
8502
8997
8449
8503
8998
8450
8504
8999
8451
8505
9000
8452
8506
9001
8453
8507
9002
8454
8508
9003
8455
8509
9004
8456
8510
9005
8457
8511
9006
8458
8512
9007
8459
8513
9008
8460
8514
9009
8461
8515
9010
8462
8516
9011
8463
8517
9012
8464
8518
9013
8465
8519
9014
8466
8520
9015
8467
8521
9016
8468
8522
9017
8469
8523
9018
8470
8524
9019
8471
8525
9020
8472
8526
9021
8473
8527
9022
8474
8528
9023
8475
8529
9024
8476
8530
9025
8477
8531
9026
8478
8532
9027
8479
8533
9028
8534
9029
8481
8535
9030
8482
8536
9031
8483
8537
9032
8484
8538
9033
8485
8539
9034
8486
8540
9035
8487
8541
9036
8488
8542
9037
8489
8543
9038
8490
8544
9039
8491
8545
9040
8492
8546
9041
8493
8547
9042
8494
8548
9043
8495
8549
9044
8496
8550
9045
8497
8551
9046
8498
8552
9047
8499
8553
9048
8500
8554
9049
8501
8555
9050
8502
8556
9051
8503
8557
9052
8504
8558
9053
8505
8559
9054
8506
8560
9055
8507
8561
9056
8508
8562
9057
8509
8563
9058
8510
8564
9059
8511
8565
9060
8512
8566
9061
8513
8567
9062
8514
8568
9063
8515
8569
9064
8516
8570
9065
8517
8571
9066
8518
8572
9067
8519
8573
9068
8520
8574
9069
8521
8575
9070
8522
8576
9071
8523
8577
9072
8524
8578
9073
8525
8579
9074
8526
8580
9075
8527
8581
9076
8528
8582
9077
8529
8583
9078
8530
8584
9079
8531
8585
9080
8532
8586
9081
8533
8587
9082
8534
8588
9083
8589
9084
8536
8590
9085
8537
8591
9086
8538
8592
9087
8539
8593
9088
8540
8594
9089
8541
8595
9090
8542
8596
9091
8543
8597
9092
8544
8598
9093
8545
8599
9094
8546
8600
9095
8547
8601
9096
8548
8602
9097
8549
8603
9098
8550
8604
9099
8551
8605
9100
8552
8606
9101
8553
8607
9102
8554
8608
9103
8555
8609
9104
8556
8610
9105
8557
8611
9106
8558
8612
9107
8559
8613
9108
8560
8614
9109
8561
8615
9110
8562
8616
9111
8563
8617
9112
8564
8618
9113
8565
8619
9114
8566
8620
9115
8567
8621
9116
8568
8622
9117
8569
8623
9118
8570
8624
9119
8571
8625
9120
8572
8626
9121
8573
8627
9122
8574
8628
9123
8575
8629
9124
8576
8630
9125
8577
8631
9126
8578
8632
9127
8579
8633
9128
8580
8634
9129
8581
8635
9130
8582
8636
9131
8583
8637
9132
8584
8638
9133
8585
8639
9134
8586
8640
9135
8587
8641
9136
8588
8642
9137
8589
8643
9138
8644
9139
8591
8645
9140
8592
8646
9141
8593
8647
9142
8594
8648
9143
8595
8649
9144
8596
8650
9145
8597
8651
9146
8598
8652
9147
8599
8653
9148
8600
8654
9149
8601
8655
9150
8602
8656
9151
8603
8657
9152
8604
8658
9153
8605
8659
9154
8606
8660
9155
8607
8661
9156
8608
8662
9157
8609
8663
9158
8610
8664
9159
8611
8665
9160
8612
8666
9161
8613
8667
9162
8614
8668
9163
8615
8669
9164
8616
8670
9165
8617
8671
9166
8618
8672
9167
8619
8673
9168
8620
8674
9169
8621
8675
9170
8622
8676
9171
8623
8677
9172
8624
8678
9173
8625
8679
9174
8626
8680
9175
8627
8681
9176
8628
8682
9177
8629
8683
9178
8630
8684
9179
8631
8685
9180
8632
8686
9181
8633
8687
9182
8634
8688
9183
8635
8689
9184
8636
8690
9185
8637
8691
9186
8638
8692
9187
8639
8693
9188
8640
8694
9189
8641
8695
9190
8642
8696
9191
8643
8697
9192
8644
8698
9193
8699
9194
8646
9195
8647
9196
8648
9197
8649
9198
8650
9199
8651
9200
8652
9201
8653
9202
8654
9203
8655
9204
8656
9205
8657
9206
8658
9207
8659
9208
8660
9209
8661
9210
8662
9211
8663
9212
8664
9213
8665
9214
8666
9215
8667
9216
8668
9217
8669
9218
8670
9219
8671
9220
8672
9221
8673
9222
8674
9223
8675
9224
8676
9225
8677
9226
8678
9227
8679
9228
8680
9229
8681
9230
8682
9231
8683
9232
8684
9233
8685
9234
8686
9235
8687
9236
8688
9237
8689
9238
8690
9239
8691
9240
8692
9241
8693
9242
8694
9243
8695
9244
8696
9245
8697
9246
8698
9247
8699
9248
9249
8701
8755
9250
8702
8756
9251
8703
8757
9252
8704
8758
9253
8705
8759
9254
8706
8760
9255
8707
8761
9256
8708
8762
9257
8709
8763
9258
8710
8764
9259
8711
8765
9260
8712
8766
9261
8713
8767
9262
8714
8768
9263
8715
8769
9264
8716
8770
9265
8717
8771
9266
8718
8772
9267
8719
8773
9268
8720
8774
9269
8721
8775
9270
8722
8776
9271
8723
8777
9272
8724
8778
9273
8725
8779
9274
8726
8780
9275
8727
8781
9276
8728
8782
9277
8729
8783
9278
8730
8784
9279
8731
8785
9280
8732
8786
9281
8733
8787
9282
8734
8788
9283
8735
8789
9284
8736
8790
9285
8737
8791
9286
8738
8792
9287
8739
8793
9288
8740
8794
9289
8741
8795
9290
8742
8796
9291
8743
8797
9292
8744
8798
9293
8745
8799
9294
8746
8800
9295
8747
8801
9296
8748
8802
9297
8749
8803
9298
8750
8804
9299
8751
8805
9300
8752
8806
9301
8753
8807
9302
8754
8808
9303
8809
9304
8756
8810
9305
8757
8811
9306
8758
8812
9307
8759
8813
9308
8760
8814
9309
8761
8815
9310
8762
8816
9311
8763
8817
9312
8764
8818
9313
8765
8819
9314
8766
8820
9315
8767
8821
9316
8768
8822
9317
8769
8823
9318
8770
8824
9319
8771
8825
9320
8772
8826
9321
8773
8827
9322
8774
8828
9323
8775
8829
9324
8776
8830
9325
8777
8831
9326
8778
8832
9327
8779
8833
9328
8780
8834
9329
8781
8835
9330
8782
8836
9331
8783
8837
9332
8784
8838
9333
8785
8839
9334
8786
8840
9335
8787
8841
9336
8788
8842
9337
8789
8843
9338
8790
8844
9339
8791
8845
9340
8792
8846
9341
8793
8847
9342
8794
8848
9343
8795
8849
9344
8796
8850
9345
8797
8851
9346
8798
8852
9347
8799
8853
9348
8800
8854
9349
8801
8855
9350
8802
8856
9351
8803
8857
9352
8804
8858
9353
8805
8859
9354
8806
8860
9355
8807
8861
9356
8808
8862
9357
8809
8863
9358
8864
9359
8811
8865
9360
8812
8866
9361
8813
8867
9362
8814
8868
9363
8815
8869
9364
8816
8870
9365
8817
8871
9366
8818
8872
9367
8819
8873
9368
8820
8874
9369
8821
8875
9370
8822
8876
9371
8823
8877
9372
8824
8878
9373
8825
8879
9374
8826
8880
9375
8827
8881
9376
8828
8882
9377
8829
8883
9378
8830
8884
9379
8831
8885
9380
8832
8886
9381
8833
8887
9382
8834
8888
9383
8835
8889
9384
8836
8890
9385
8837
8891
9386
8838
8892
9387
8839
8893
9388
8840
8894
9389
8841
8895
9390
8842
8896
9391
8843
8897
9392
8844
8898
9393
8845
8899
9394
8846
8900
9395
8847
8901
9396
8848
8902
9397
8849
8903
9398
8850
8904
9399
8851
8905
9400
8852
8906
9401
8853
8907
9402
8854
8908
9403
8855
8909
9404
8856
8910
9405
8857
8911
9406
8858
8912
9407
8859
8913
9408
8860
8914
9409
8861
8915
9410
8862
8916
9411
8863
8917
9412
8864
8918
9413
8919
9414
8866
8920
9415
8867
8921
9416
8868
8922
9417
8869
8923
9418
8870
8924
9419
8871
8925
9420
8872
8926
9421
8873
8927
9422
8874
8928
9423
8875
8929
9424
8876
8930
9425
8877
8931
9426
8878
8932
9427
8879
8933
9428
8880
8934
9429
8881
8935
9430
8882
8936
9431
8883
8937
9432
8884
8938
9433
8885
8939
9434
8886
8940
9435
8887
8941
9436
8888
8942
9437
8889
8943
9438
8890
8944
9439
8891
8945
9440
8892
8946
9441
8893
8947
9442
8894
8948
9443
8895
8949
9444
8896
8950
9445
8897
8951
9446
8898
8952
9447
8899
8953
9448
8900
8954
9449
8901
8955
9450
8902
8956
9451
8903
8957
9452
8904
8958
9453
8905
8959
9454
8906
8960
9455
8907
8961
9456
8908
8962
9457
8909
8963
9458
8910
8964
9459
8911
8965
9460
8912
8966
9461
8913
8967
9462
8914
8968
9463
8915
8969
9464
8916
8970
9465
8917
8971
9466
8918
8972
9467
8919
8973
9468
8974
9469
8921
8975
9470
8922
8976
9471
8923
8977
9472
8924
8978
9473
8925
8979
9474
8926
8980
9475
8927
8981
9476
8928
8982
9477
8929
8983
9478
8930
8984
9479
8931
8985
9480
8932
8986
9481
8933
8987
9482
8934
8988
9483
8935
8989
9484
8936
8990
9485
8937
8991
9486
8938
8992
9487
8939
8993
9488
8940
8994
9489
8941
8995
9490
8942
8996
9491
8943
8997
9492
8944
8998
9493
8945
8999
9494
8946
9000
9495
8947
9001
9496
8948
9002
9497
8949
9003
9498
8950
9004
9499
8951
9005
9500
8952
9006
9501
8953
9007
9502
8954
9008
9503
8955
9009
9504
8956
9010
9505
8957
9011
9506
8958
9012
9507
8959
9013
9508
8960
9014
9509
8961
9015
9510
8962
9016
9511
8963
9017
9512
8964
9018
9513
8965
9019
9514
8966
9020
9515
8967
9021
9516
8968
9022
9517
8969
9023
9518
8970
9024
9519
8971
9025
9520
8972
9026
9521
8973
9027
9522
8974
9028
9523
9029
9524
8976
9030
9525
8977
9031
9526
8978
9032
9527
8979
9033
9528
8980
9034
9529
8981
9035
9530
8982
9036
9531
8983
9037
9532
8984
9038
9533
8985
9039
9534
8986
9040
9535
8987
9041
9536
8988
9042
9537
8989
9043
9538
8990
9044
9539
8991
9045
9540
8992
9046
9541
8993
9047
9542
8994
9048
9543
8995
9049
9544
8996
9050
9545
8997
9051
9546
8998
9052
9547
8999
9053
9548
9000
9054
9549
9001
9055
9550
9002
9056
9551
9003
9057
9552
9004
9058
9553
9005
9059
9554
9006
9060
9555
9007
9061
9556
9008
9062
9557
9009
9063
9558
9010
9064
9559
9011
9065
9560
9012
9066
9561
9013
9067
9562
9014
9068
9563
9015
9069
9564
9016
9070
9565
9017
9071
9566
9018
9072
9567
9019
9073
9568
9020
9074
9569
9021
9075
9570
9022
9076
9571
9023
9077
9572
9024
9078
9573
9025
9079
9574
9026
9080
9575
9027
9081
9576
9028
9082
9577
9029
9083
9578
9084
9579
9031
9085
9580
9032
9086
9581
9033
9087
9582
9034
9088
9583
9035
9089
9584
9036
9090
9585
9037
9091
9586
9038
9092
9587
9039
9093
9588
9040
9094
9589
9041
9095
9590
9042
9096
9591
9043
9097
9592
9044
9098
9593
9045
9099
9594
9046
9100
9595
9047
9101
9596
9048
9102
9597
9049
9103
9598
9050
9104
9599
9051
9105
9600
9052
9106
9601
9053
9107
9602
9054
9108
9603
9055
9109
9604
9056
9110
9605
9057
9111
9606
9058
9112
9607
9059
9113
9608
9060
9114
9609
9061
9115
9610
9062
9116
9611
9063
9117
9612
9064
9118
9613
9065
9119
9614
9066
9120
9615
9067
9121
9616
9068
9122
9617
9069
9123
9618
9070
9124
9619
9071
9125
9620
9072
9126
9621
9073
9127
9622
9074
9128
9623
9075
9129
9624
9076
9130
9625
9077
9131
9626
9078
9132
9627
9079
9133
9628
9080
9134
9629
9081
9135
9630
9082
9136
9631
9083
9137
9632
9084
9138
9633
9139
9634
9086
9140
9635
9087
9141
9636
9088
9142
9637
9089
9143
9638
9090
9144
9639
9091
9145
9640
9092
9146
9641
9093
9147
9642
9094
9148
9643
9095
9149
9644
9096
9150
9645
9097
9151
9646
9098
9152
9647
9099
9153
9648
9100
9154
9649
9101
9155
9650
9102
9156
9651
9103
9157
9652
9104
9158
9653
9105
9159
9654
9106
9160
9655
9107
9161
9656
9108
9162
9657
9109
9163
9658
9110
9164
9659
9111
9165
9660
9112
9166
9661
9113
9167
9662
9114
9168
9663
9115
9169
9664
9116
9170
9665
9117
9171
9666
9118
9172
9667
9119
9173
9668
9120
9174
9669
9121
9175
9670
9122
9176
9671
9123
9177
9672
9124
9178
9673
9125
9179
9674
9126
9180
9675
9127
9181
9676
9128
9182
9677
9129
9183
9678
9130
9184
9679
9131
9185
9680
9132
9186
9681
9133
9187
9682
9134
9188
9683
9135
9189
9684
9136
9190
9685
9137
9191
9686
9138
9192
9687
9139
9193
9688
9194
9689
9141
9195
9690
9142
9196
9691
9143
9197
9692
9144
9198
9693
9145
9199
9694
9146
9200
9695
9147
9201
9696
9148
9202
9697
9149
9203
9698
9150
9204
9699
9151
9205
9700
9152
9206
9701
9153
9207
9702
9154
9208
9703
9155
9209
9704
9156
9210
9705
9157
9211
9706
9158
9212
9707
9159
9213
9708
9160
9214
9709
9161
9215
9710
9162
9216
9711
9163
9217
9712
9164
9218
9713
9165
9219
9714
9166
9220
9715
9167
9221
9716
9168
9222
9717
9169
9223
9718
9170
9224
9719
9171
9225
9720
9172
9226
9721
9173
9227
9722
9174
9228
9723
9175
9229
9724
9176
9230
9725
9177
9231
9726
9178
9232
9727
9179
9233
9728
9180
9234
9729
9181
9235
9730
9182
9236
9731
9183
9237
9732
9184
9238
9733
9185
9239
9734
9186
9240
9735
9187
9241
9736
9188
9242
9737
9189
9243
9738
9190
9244
9739
9191
9245
9740
9192
9246
9741
9193
9247
9742
9194
9248
9743
9249
9744
9196
9745
9197
9746
9198
9747
9199
9748
9200
9749
9201
9750
9202
9751
9203
9752
9204
9753
9205
9754
9206
9755
9207
9756
9208
9757
9209
9758
9210
9759
9211
9760
9212
9761
9213
9762
9214
9763
9215
9764
9216
9765
9217
9766
9218
9767
9219
9768
9220
9769
9221
9770
9222
9771
9223
9772
9224
9773
9225
9774
9226
9775
9227
9776
9228
9777
9229
9778
9230
9779
9231
9780
9232
9781
9233
9782
9234
9783
9235
9784
9236
9785
9237
9786
9238
9787
9239
9788
9240
9789
9241
9790
9242
9791
9243
9792
9244
9793
9245
9794
9246
9795
9247
9796
9248
9797
9249
9798
9799
9251
9305
9800
9252
9306
9801
9253
9307
9802
9254
9308
9803
9255
9309
9804
9256
9310
9805
9257
9311
9806
9258
9312
9807
9259
9313
9808
9260
9314
9809
9261
9315
9810
9262
9316
9811
9263
9317
9812
9264
9318
9813
9265
9319
9814
9266
9320
9815
9267
9321
9816
9268
9322
9817
9269
9323
9818
9270
9324
9819
9271
9325
9820
9272
9326
9821
9273
9327
9822
9274
9328
9823
9275
9329
9824
9276
9330
9825
9277
9331
9826
9278
9332
9827
9279
9333
9828
9280
9334
9829
9281
9335
9830
9282
9336
9831
9283
9337
9832
9284
9338
9833
9285
9339
9834
9286
9340
9835
9287
9341
9836
9288
9342
9837
9289
9343
9838
9290
9344
9839
9291
9345
9840
9292
9346
9841
9293
9347
9842
9294
9348
9843
9295
9349
9844
9296
9350
9845
9297
9351
9846
9298
9352
9847
9299
9353
9848
9300
9354
9849
9301
9355
9850
9302
9356
9851
9303
9357
9852
9304
9358
9853
9359
9854
9306
9360
9855
9307
9361
9856
9308
9362
9857
9309
9363
9858
9310
9364
9859
9311
9365
9860
9312
9366
9861
9313
9367
9862
9314
9368
9863
9315
9369
9864
9316
9370
9865
9317
9371
9866
9318
9372
9867
9319
9373
9868
9320
9374
9869
9321
9375
9870
9322
9376
9871
9323
9377
9872
9324
9378
9873
9325
9379
9874
9326
9380
9875
9327
9381
9876
9328
9382
9877
9329
9383
9878
9330
9384
9879
9331
9385
9880
9332
9386
9881
9333
9387
9882
9334
9388
9883
9335
9389
9884
9336
9390
9885
9337
9391
9886
9338
9392
9887
9339
9393
9888
9340
9394
9889
9341
9395
9890
9342
9396
9891
9343
9397
9892
9344
9398
9893
9345
9399
9894
9346
9400
9895
9347
9401
9896
9348
9402
9897
9349
9403
9898
9350
9404
9899
9351
9405
9900
9352
9406
9901
9353
9407
9902
9354
9408
9903
9355
9409
9904
9356
9410
9905
9357
9411
9906
9358
9412
9907
9359
9413
9908
9414
9909
9361
9415
9910
9362
9416
9911
9363
9417
9912
9364
9418
9913
9365
9419
9914
9366
9420
9915
9367
9421
9916
9368
9422
9917
9369
9423
9918
9370
9424
9919
9371
9425
9920
9372
9426
9921
9373
9427
9922
9374
9428
9923
9375
9429
9924
9376
9430
9925
9377
9431
9926
9378
9432
9927
9379
9433
9928
9380
9434
9929
9381
9435
9930
9382
9436
9931
9383
9437
9932
9384
9438
9933
9385
9439
9934
9386
9440
9935
9387
9441
9936
9388
9442
9937
9389
9443
9938
9390
9444
9939
9391
9445
9940
9392
9446
9941
9393
9447
9942
9394
9448
9943
9395
9449
9944
9396
9450
9945
9397
9451
9946
9398
9452
9947
9399
9453
9948
9400
9454
9949
9401
9455
9950
9402
9456
9951
9403
9457
9952
9404
9458
9953
9405
9459
9954
9406
9460
9955
9407
9461
9956
9408
9462
9957
9409
9463
9958
9410
9464
9959
9411
9465
9960
9412
9466
9961
9413
9467
9962
9414
9468
9963
9469
9964
9416
9470
9965
9417
9471
9966
9418
9472
9967
9419
9473
9968
9420
9474
9969
9421
9475
9970
9422
9476
9971
9423
9477
9972
9424
9478
9973
9425
9479
9974
9426
9480
9975
9427
9481
9976
9428
9482
9977
9429
9483
9978
9430
9484
9979
9431
9485
9980
9432
9486
9981
9433
9487
9982
9434
9488
9983
9435
9489
9984
9436
9490
9985
9437
9491
9986
9438
9492
9987
9439
9493
9988
9440
9494
9989
9441
9495
9990
9442
9496
9991
9443
9497
9992
9444
9498
9993
9445
9499
9994
9446
9500
9995
9447
9501
9996
9448
9502
9997
9449
9503
9998
9450
9504
9999
9451
9505
10000
9452
9506
10001
9453
9507
10002
9454
9508
10003
9455
9509
10004
9456
9510
10005
9457
9511
10006
9458
9512
10007
9459
9513
10008
9460
9514
10009
9461
9515
10010
9462
9516
10011
9463
9517
10012
9464
9518
10013
9465
9519
10014
9466
9520
10015
9467
9521
10016
9468
9522
10017
9469
9523
10018
9524
10019
9471
9525
10020
9472
9526
10021
9473
9527
10022
9474
9528
10023
9475
9529
10024
9476
9530
10025
9477
9531
10026
9478
9532
10027
9479
9533
10028
9480
9534
10029
9481
9535
10030
9482
9536
10031
9483
9537
10032
9484
9538
10033
9485
9539
10034
9486
9540
10035
9487
9541
10036
9488
9542
10037
9489
9543
10038
9490
9544
10039
9491
9545
10040
9492
9546
10041
9493
9547
10042
9494
9548
10043
9495
9549
10044
9496
9550
10045
9497
9551
10046
9498
9552
10047
9499
9553
10048
9500
9554
10049
9501
9555
10050
9502
9556
10051
9503
9557
10052
9504
9558
10053
9505
9559
10054
9506
9560
10055
9507
9561
10056
9508
9562
10057
9509
9563
10058
9510
9564
10059
9511
9565
10060
9512
9566
10061
9513
9567
10062
9514
9568
10063
9515
9569
10064
9516
9570
10065
9517
9571
10066
9518
9572
10067
9519
9573
10068
9520
9574
10069
9521
9575
10070
9522
9576
10071
9523
9577
10072
9524
9578
10073
9579
10074
9526
9580
10075
9527
9581
10076
9528
9582
10077
9529
9583
10078
9530
9584
10079
9531
9585
10080
9532
9586
10081
9533
9587
10082
9534
9588
10083
9535
9589
10084
9536
9590
10085
9537
9591
10086
9538
9592
10087
9539
9593
10088
9540
9594
10089
9541
9595
10090
9542
9596
10091
9543
9597
10092
9544
9598
10093
9545
9599
10094
9546
9600
10095
9547
9601
10096
9548
9602
10097
9549
9603
10098
9550
9604
10099
9551
9605
10100
9552
9606
10101
9553
9607
10102
9554
9608
10103
9555
9609
10104
9556
9610
10105
9557
9611
10106
9558
9612
10107
9559
9613
10108
9560
9614
10109
9561
9615
10110
9562
9616
10111
9563
9617
10112
9564
9618
10113
9565
9619
10114
9566
9620
10115
9567
9621
10116
9568
9622
10117
9569
9623
10118
9570
9624
10119
9571
9625
10120
9572
9626
10121
9573
9627
10122
9574
9628
10123
9575
9629
10124
9576
9630
10125
9577
9631
10126
9578
9632
10127
9579
9633
10128
9634
10129
9581
9635
10130
9582
9636
10131
9583
9637
10132
9584
9638
10133
9585
9639
10134
9586
9640
10135
9587
9641
10136
9588
9642
10137
9589
9643
10138
9590
9644
10139
9591
9645
10140
9592
9646
10141
9593
9647
10142
9594
9648
10143
9595
9649
10144
9596
9650
10145
9597
9651
10146
9598
9652
10147
9599
9653
10148
9600
9654
10149
9601
9655
10150
9602
9656
10151
9603
9657
10152
9604
9658
10153
9605
9659
10154
9606
9660
10155
9607
9661
10156
9608
9662
10157
9609
9663
10158
9610
9664
10159
9611
9665
10160
9612
9666
10161
9613
9667
10162
9614
9668
10163
9615
9669
10164
9616
9670
10165
9617
9671
10166
9618
9672
10167
9619
9673
10168
9620
9674
10169
9621
9675
10170
9622
9676
10171
9623
9677
10172
9624
9678
10173
9625
9679
10174
9626
9680
10175
9627
9681
10176
9628
9682
10177
9629
9683
10178
9630
9684
10179
9631
9685
10180
9632
9686
10181
9633
9687
10182
9634
9688
10183
9689
10184
9636
9690
10185
9637
9691
10186
9638
9692
10187
9639
9693
10188
9640
9694
10189
9641
9695
10190
9642
9696
10191
9643
9697
10192
9644
9698
10193
9645
9699
10194
9646
9700
10195
9647
9701
10196
9648
9702
10197
9649
9703
10198
9650
9704
10199
9651
9705
10200
9652
9706
10201
9653
9707
10202
9654
9708
10203
9655
9709
10204
9656
9710
10205
9657
9711
10206
9658
9712
10207
9659
9713
10208
9660
9714
10209
9661
9715
10210
9662
9716
10211
9663
9717
10212
9664
9718
10213
9665
9719
10214
9666
9720
10215
9667
9721
10216
9668
9722
10217
9669
9723
10218
9670
9724
10219
9671
9725
10220
9672
9726
10221
9673
9727
10222
9674
9728
10223
9675
9729
10224
9676
9730
10225
9677
9731
10226
9678
9732
10227
9679
9733
10228
9680
9734
10229
9681
9735
10230
9682
9736
10231
9683
9737
10232
9684
9738
10233
9685
9739
10234
9686
9740
10235
9687
9741
10236
9688
9742
10237
9689
9743
10238
9744
10239
9691
9745
10240
9692
9746
10241
9693
9747
10242
9694
9748
10243
9695
9749
10244
9696
9750
10245
9697
9751
10246
9698
9752
10247
9699
9753
10248
9700
9754
10249
9701
9755
10250
9702
9756
10251
9703
9757
10252
9704
9758
10253
9705
9759
10254
9706
9760
10255
9707
9761
10256
9708
9762
10257
9709
9763
10258
9710
9764
10259
9711
9765
10260
9712
9766
10261
9713
9767
10262
9714
9768
10263
9715
9769
10264
9716
9770
10265
9717
9771
10266
9718
9772
10267
9719
9773
10268
9720
9774
10269
9721
9775
10270
9722
9776
10271
9723
9777
10272
9724
9778
10273
9725
9779
10274
9726
9780
10275
9727
9781
10276
9728
9782
10277
9729
9783
10278
9730
9784
10279
9731
9785
10280
9732
9786
10281
9733
9787
10282
9734
9788
10283
9735
9789
10284
9736
9790
10285
9737
9791
10286
9738
9792
10287
9739
9793
10288
9740
9794
10289
9741
9795
10290
9742
9796
10291
9743
9797
10292
9744
9798
10293
9799
10294
9746
10295
9747
10296
9748
10297
9749
10298
9750
10299
9751
10300
9752
10301
9753
10302
9754
10303
9755
10304
9756
10305
9757
10306
9758
10307
9759
10308
9760
10309
9761
10310
9762
10311
9763
10312
9764
10313
9765
10314
9766
10315
9767
10316
9768
10317
9769
10318
9770
10319
9771
10320
9772
10321
9773
10322
9774
10323
9775
10324
9776
10325
9777
10326
9778
10327
9779
10328
9780
10329
9781
10330
9782
10331
9783
10332
9784
10333
9785
10334
9786
10335
9787
10336
9788
10337
9789
10338
9790
10339
9791
10340
9792
10341
9793
10342
9794
10343
9795
10344
9796
10345
9797
10346
9798
10347
9799
10348
10349
9801
9855
10350
9802
9856
10351
9803
9857
10352
9804
9858
10353
9805
9859
10354
9806
9860
10355
9807
9861
10356
9808
9862
10357
9809
9863
10358
9810
9864
10359
9811
9865
10360
9812
9866
10361
9813
9867
10362
9814
9868
10363
9815
9869
10364
9816
9870
10365
9817
9871
10366
9818
9872
10367
9819
9873
10368
9820
9874
10369
9821
9875
10370
9822
9876
10371
9823
9877
10372
9824
9878
10373
9825
9879
10374
9826
9880
10375
9827
9881
10376
9828
9882
10377
9829
9883
10378
9830
9884
10379
9831
9885
10380
9832
9886
10381
9833
9887
10382
9834
9888
10383
9835
9889
10384
9836
9890
10385
9837
9891
10386
9838
9892
10387
9839
9893
10388
9840
9894
10389
9841
9895
10390
9842
9896
10391
9843
9897
10392
9844
9898
10393
9845
9899
10394
9846
9900
10395
9847
9901
10396
9848
9902
10397
9849
9903
10398
9850
9904
10399
9851
9905
10400
9852
9906
10401
9853
9907
10402
9854
9908
10403
9909
10404
9856
9910
10405
9857
9911
10406
9858
9912
10407
9859
9913
10408
9860
9914
10409
9861
9915
10410
9862
9916
10411
9863
9917
10412
9864
9918
10413
9865
9919
10414
9866
9920
10415
9867
9921
10416
9868
9922
10417
9869
9923
10418
9870
9924
10419
9871
9925
10420
9872
9926
10421
9873
9927
10422
9874
9928
10423
9875
9929
10424
9876
9930
10425
9877
9931
10426
9878
9932
10427
9879
9933
10428
9880
9934
10429
9881
9935
10430
9882
9936
10431
9883
9937
10432
9884
9938
10433
9885
9939
10434
9886
9940
10435
9887
9941
10436
9888
9942
10437
9889
9943
10438
9890
9944
10439
9891
9945
10440
9892
9946
10441
9893
9947
10442
9894
9948
10443
9895
9949
10444
9896
9950
10445
9897
9951
10446
9898
9952
10447
9899
9953
10448
9900
9954
10449
9901
9955
10450
9902
9956
10451
9903
9957
10452
9904
9958
10453
9905
9959
10454
9906
9960
10455
9907
9961
10456
9908
9962
10457
9909
9963
10458
9964
10459
9911
9965
10460
9912
9966
10461
9913
9967
10462
9914
9968
10463
9915
9969
10464
9916
9970
10465
9917
9971
10466
9918
9972
10467
9919
9973
10468
9920
9974
10469
9921
9975
10470
9922
9976
10471
9923
9977
10472
9924
9978
10473
9925
9979
10474
9926
9980
10475
9927
9981
10476
9928
9982
10477
9929
9983
10478
9930
9984
10479
9931
9985
10480
9932
9986
10481
9933
9987
10482
9934
9988
10483
9935
9989
10484
9936
9990
10485
9937
9991
10486
9938
9992
10487
9939
9993
10488
9940
9994
10489
9941
9995
10490
9942
9996
10491
9943
9997
10492
9944
9998
10493
9945
9999
10494
9946
10000
10495
9947
10001
10496
9948
10002
10497
9949
10003
10498
9950
10004
10499
9951
10005
10500
9952
10006
10501
9953
10007
10502
9954
10008
10503
9955
10009
10504
9956
10010
10505
9957
10011
10506
9958
10012
10507
9959
10013
10508
9960
10014
10509
9961
10015
10510
9962
10016
10511
9963
10017
10512
9964
10018
10513
10019
10514
9966
10020
10515
9967
10021
10516
9968
10022
10517
9969
10023
10518
9970
10024
10519
9971
10025
10520
9972
10026
10521
9973
10027
10522
9974
10028
10523
9975
10029
10524
9976
10030
10525
9977
10031
10526
9978
10032
10527
9979
10033
10528
9980
10034
10529
9981
10035
10530
9982
10036
10531
9983
10037
10532
9984
10038
10533
9985
10039
10534
9986
10040
10535
9987
10041
10536
9988
10042
10537
9989
10043
10538
9990
10044
10539
9991
10045
10540
9992
10046
10541
9993
10047
10542
9994
10048
10543
9995
10049
10544
9996
10050
10545
9997
10051
10546
9998
10052
10547
9999
10053
10548
10000
10054
10549
10001
10055
10550
10002
10056
10551
10003
10057
10552
10004
10058
10553
10005
10059
10554
10006
10060
10555
10007
10061
10556
10008
10062
10557
10009
10063
10558
10010
10064
10559
10011
10065
10560
10012
10066
10561
10013
10067
10562
10014
10068
10563
10015
10069
10564
10016
10070
10565
10017
10071
10566
10018
10072
10567
10019
10073
10568
10074
10569
10021
10075
10570
10022
10076
10571
10023
10077
10572
10024
10078
10573
10025
10079
10574
10026
10080
10575
10027
10081
10576
10028
10082
10577
10029
10083
10578
10030
10084
10579
10031
10085
10580
10032
10086
10581
10033
10087
10582
10034
10088
10583
10035
10089
10584
10036
10090
10585
10037
10091
10586
10038
10092
10587
10039
10093
10588
10040
10094
10589
10041
10095
10590
10042
10096
10591
10043
10097
10592
10044
10098
10593
10045
10099
10594
10046
10100
10595
10047
10101
10596
10048
10102
10597
10049
10103
10598
10050
10104
10599
10051
10105
10600
10052
10106
10601
10053
10107
10602
10054
10108
10603
10055
10109
10604
10056
10110
10605
10057
10111
10606
10058
10112
10607
10059
10113
10608
10060
10114
10609
10061
10115
10610
10062
10116
10611
10063
10117
10612
10064
10118
10613
10065
10119
10614
10066
10120
10615
10067
10121
10616
10068
10122
10617
10069
10123
10618
10070
10124
10619
10071
10125
10620
10072
10126
10621
10073
10127
10622
10074
10128
10623
10129
10624
10076
10130
10625
10077
10131
10626
10078
10132
10627
10079
10133
10628
10080
10134
10629
10081
10135
10630
10082
10136
10631
10083
10137
10632
10084
10138
10633
10085
10139
10634
10086
10140
10635
10087
10141
10636
10088
10142
10637
10089
10143
10638
10090
10144
10639
10091
10145
10640
10092
10146
10641
10093
10147
10642
10094
10148
10643
10095
10149
10644
10096
10150
10645
10097
10151
10646
10098
10152
10647
10099
10153
10648
10100
10154
10649
10101
10155
10650
10102
10156
10651
10103
10157
10652
10104
10158
10653
10105
10159
10654
10106
10160
10655
10107
10161
10656
10108
10162
10657
10109
10163
10658
10110
10164
10659
10111
10165
10660
10112
10166
10661
10113
10167
10662
10114
10168
10663
10115
10169
10664
10116
10170
10665
10117
10171
10666
10118
10172
10667
10119
10173
10668
10120
10174
10669
10121
10175
10670
10122
10176
10671
10123
10177
10672
10124
10178
10673
10125
10179
10674
10126
10180
10675
10127
10181
10676
10128
10182
10677
10129
10183
10678
10184
10679
10131
10185
10680
10132
10186
10681
10133
10187
10682
10134
10188
10683
10135
10189
10684
10136
10190
10685
10137
10191
10686
10138
10192
10687
10139
10193
10688
10140
10194
10689
10141
10195
10690
10142
10196
10691
10143
10197
10692
10144
10198
10693
10145
10199
10694
10146
10200
10695
10147
10201
10696
10148
10202
10697
10149
10203
10698
10150
10204
10699
10151
10205
10700
10152
10206
10701
10153
10207
10702
10154
10208
10703
10155
10209
10704
10156
10210
10705
10157
10211
10706
10158
10212
10707
10159
10213
10708
10160
10214
10709
10161
10215
10710
10162
10216
10711
10163
10217
10712
10164
10218
10713
10165
10219
10714
10166
10220
10715
10167
10221
10716
10168
10222
10717
10169
10223
10718
10170
10224
10719
10171
10225
10720
10172
10226
10721
10173
10227
10722
10174
10228
10723
10175
10229
10724
10176
10230
10725
10177
10231
10726
10178
10232
10727
10179
10233
10728
10180
10234
10729
10181
10235
10730
10182
10236
10731
10183
10237
10732
10184
10238
10733
10239
10734
10186
10240
10735
10187
10241
10736
10188
10242
10737
10189
10243
10738
10190
10244
10739
10191
10245
10740
10192
10246
10741
10193
10247
10742
10194
10248
10743
10195
10249
10744
10196
10250
10745
10197
10251
10746
10198
10252
10747
10199
10253
10748
10200
10254
10749
10201
10255
10750
10202
10256
10751
10203
10257
10752
10204
10258
10753
10205
10259
10754
10206
10260
10755
10207
10261
10756
10208
10262
10757
10209
10263
10758
10210
10264
10759
10211
10265
10760
10212
10266
10761
10213
10267
10762
10214
10268
10763
10215
10269
10764
10216
10270
10765
10217
10271
10766
10218
10272
10767
10219
10273
10768
10220
10274
10769
10221
10275
10770
10222
10276
10771
10223
10277
10772
10224
10278
10773
10225
10279
10774
10226
10280
10775
10227
10281
10776
10228
10282
10777
10229
10283
10778
10230
10284
10779
10231
10285
10780
10232
10286
10781
10233
10287
10782
10234
10288
10783
10235
10289
10784
10236
10290
10785
10237
10291
10786
10238
10292
10787
10239
10293
10788
10294
10789
10241
10295
10790
10242
10296
10791
10243
10297
10792
10244
10298
10793
10245
10299
10794
10246
10300
10795
10247
10301
10796
10248
10302
10797
10249
10303
10798
10250
10304
10799
10251
10305
10800
10252
10306
10801
10253
10307
10802
10254
10308
10803
10255
10309
10804
10256
10310
10805
10257
10311
10806
10258
10312
10807
10259
10313
10808
10260
10314
10809
10261
10315
10810
10262
10316
10811
10263
10317
10812
10264
10318
10813
10265
10319
10814
10266
10320
10815
10267
10321
10816
10268
10322
10817
10269
10323
10818
10270
10324
10819
10271
10325
10820
10272
10326
10821
10273
10327
10822
10274
10328
10823
10275
10329
10824
10276
10330
10825
10277
10331
10826
10278
10332
10827
10279
10333
10828
10280
10334
10829
10281
10335
10830
10282
10336
10831
10283
10337
10832
10284
10338
10833
10285
10339
10834
10286
10340
10835
10287
10341
10836
10288
10342
10837
10289
10343
10838
10290
10344
10839
10291
10345
10840
10292
10346
10841
10293
10347
10842
10294
10348
10843
10349
10844
10296
10845
10297
10846
10298
10847
10299
10848
10300
10849
10301
10850
10302
10851
10303
10852
10304
10853
10305
10854
10306
10855
10307
10856
10308
10857
10309
10858
10310
10859
10311
10860
10312
10861
10313
10862
10314
10863
10315
10864
10316
10865
10317
10866
10318
10867
10319
10868
10320
10869
10321
10870
10322
10871
10323
10872
10324
10873
10325
10874
10326
10875
10327
10876
10328
10877
10329
10878
10330
10879
10331
10880
10332
10881
10333
10882
10334
10883
10335
10884
10336
10885
10337
10886
10338
10887
10339
10888
10340
10889
10341
10890
10342
10891
10343
10892
10344
10893
10345
10894
10346
10895
10347
10896
10348
10897
10349
10898
10899
10351
10405
10900
10352
10406
10901
10353
10407
10902
10354
10408
10903
10355
10409
10904
10356
10410
10905
10357
10411
10906
10358
10412
10907
10359
10413
10908
10360
10414
10909
10361
10415
10910
10362
10416
10911
10363
10417
10912
10364
10418
10913
10365
10419
10914
10366
10420
10915
10367
10421
10916
10368
10422
10917
10369
10423
10918
10370
10424
10919
10371
10425
10920
10372
10426
10921
10373
10427
10922
10374
10428
10923
10375
10429
10924
10376
10430
10925
10377
10431
10926
10378
10432
10927
10379
10433
10928
10380
10434
10929
10381
10435
10930
10382
10436
10931
10383
10437
10932
10384
10438
10933
10385
10439
10934
10386
10440
10935
10387
10441
10936
10388
10442
10937
10389
10443
10938
10390
10444
10939
10391
10445
10940
10392
10446
10941
10393
10447
10942
10394
10448
10943
10395
10449
10944
10396
10450
10945
10397
10451
10946
10398
10452
10947
10399
10453
10948
10400
10454
10949
10401
10455
10950
10402
10456
10951
10403
10457
10952
10404
10458
10953
10459
10954
10406
10460
10955
10407
10461
10956
10408
10462
10957
10409
10463
10958
10410
10464
10959
10411
10465
10960
10412
10466
10961
10413
10467
10962
10414
10468
10963
10415
10469
10964
10416
10470
10965
10417
10471
10966
10418
10472
10967
10419
10473
10968
10420
10474
10969
10421
10475
10970
10422
10476
10971
10423
10477
10972
10424
10478
10973
10425
10479
10974
10426
10480
10975
10427
10481
10976
10428
10482
10977
10429
10483
10978
10430
10484
10979
10431
10485
10980
10432
10486
10981
10433
10487
10982
10434
10488
10983
10435
10489
10984
10436
10490
10985
10437
10491
10986
10438
10492
10987
10439
10493
10988
10440
10494
10989
10441
10495
10990
10442
10496
10991
10443
10497
10992
10444
10498
10993
10445
10499
10994
10446
10500
10995
10447
10501
10996
10448
10502
10997
10449
10503
10998
10450
10504
10999
10451
10505
11000
10452
10506
11001
10453
10507
11002
10454
10508
11003
10455
10509
11004
10456
10510
11005
10457
10511
11006
10458
10512
11007
10459
10513
11008
10514
11009
10461
10515
11010
10462
10516
11011
10463
10517
11012
10464
10518
11013
10465
10519
11014
10466
10520
11015
10467
10521
11016
10468
10522
11017
10469
10523
11018
10470
10524
11019
10471
10525
11020
10472
10526
11021
10473
10527
11022
10474
10528
11023
10475
10529
11024
10476
10530
11025
10477
10531
11026
10478
10532
11027
10479
10533
11028
10480
10534
11029
10481
10535
11030
10482
10536
11031
10483
10537
11032
10484
10538
11033
10485
10539
11034
10486
10540
11035
10487
10541
11036
10488
10542
11037
10489
10543
11038
10490
10544
11039
10491
10545
11040
10492
10546
11041
10493
10547
11042
10494
10548
11043
10495
10549
11044
10496
10550
11045
10497
10551
11046
10498
10552
11047
10499
10553
11048
10500
10554
11049
10501
10555
11050
10502
10556
11051
10503
10557
11052
10504
10558
11053
10505
10559
11054
10506
10560
11055
10507
10561
11056
10508
10562
11057
10509
10563
11058
10510
10564
11059
10511
10565
11060
10512
10566
11061
10513
10567
11062
10514
10568
11063
10569
11064
10516
10570
11065
10517
10571
11066
10518
10572
11067
10519
10573
11068
10520
10574
11069
10521
10575
11070
10522
10576
11071
10523
10577
11072
10524
10578
11073
10525
10579
11074
10526
10580
11075
10527
10581
11076
10528
10582
11077
10529
10583
11078
10530
10584
11079
10531
10585
11080
10532
10586
11081
10533
10587
11082
10534
10588
11083
10535
10589
11084
10536
10590
11085
10537
10591
11086
10538
10592
11087
10539
10593
11088
10540
10594
11089
10541
10595
11090
10542
10596
11091
10543
10597
11092
10544
10598
11093
10545
10599
11094
10546
10600
11095
10547
10601
11096
10548
10602
11097
10549
10603
11098
10550
10604
11099
10551
10605
11100
10552
10606
11101
10553
10607
11102
10554
10608
11103
10555
10609
11104
10556
10610
11105
10557
10611
11106
10558
10612
11107
10559
10613
11108
10560
10614
11109
10561
10615
11110
10562
10616
11111
10563
10617
11112
10564
10618
11113
10565
10619
11114
10566
10620
11115
10567
10621
11116
10568
10622
11117
10569
10623
11118
10624
11119
10571
10625
11120
10572
10626
11121
10573
10627
11122
10574
10628
11123
10575
10629
11124
10576
10630
11125
10577
10631
11126
10578
10632
11127
10579
10633
11128
10580
10634
11129
10581
10635
11130
10582
10636
11131
10583
10637
11132
10584
10638
11133
10585
10639
11134
10586
10640
11135
10587
10641
11136
10588
10642
11137
10589
10643
11138
10590
10644
11139
10591
10645
11140
10592
10646
11141
10593
10647
11142
10594
10648
11143
10595
10649
11144
10596
10650
11145
10597
10651
11146
10598
10652
11147
10599
10653
11148
10600
10654
11149
10601
10655
11150
10602
10656
11151
10603
10657
11152
10604
10658
11153
10605
10659
11154
10606
10660
11155
10607
10661
11156
10608
10662
11157
10609
10663
11158
10610
10664
11159
10611
10665
11160
10612
10666
11161
10613
10667
11162
10614
10668
11163
10615
10669
11164
10616
10670
11165
10617
10671
11166
10618
10672
11167
10619
10673
11168
10620
10674
11169
10621
10675
11170
10622
10676
11171
10623
10677
11172
10624
10678
11173
10679
11174
10626
10680
11175
10627
10681
11176
10628
10682
11177
10629
10683
11178
10630
10684
11179
10631
10685
11180
10632
10686
11181
10633
10687
11182
10634
10688
11183
10635
10689
11184
10636
10690
11185
10637
10691
11186
10638
10692
11187
10639
10693
11188
10640
10694
11189
10641
10695
11190
10642
10696
11191
10643
10697
11192
10644
10698
11193
10645
10699
11194
10646
10700
11195
10647
10701
11196
10648
10702
11197
10649
10703
11198
10650
10704
11199
10651
10705
11200
10652
10706
11201
10653
10707
11202
10654
10708
11203
10655
10709
11204
10656
10710
11205
10657
10711
11206
10658
10712
11207
10659
10713
11208
10660
10714
11209
10661
10715
11210
10662
10716
11211
10663
10717
11212
10664
10718
11213
10665
10719
11214
10666
10720
11215
10667
10721
11216
10668
10722
11217
10669
10723
11218
10670
10724
11219
10671
10725
11220
10672
10726
11221
10673
10727
11222
10674
10728
11223
10675
10729
11224
10676
10730
11225
10677
10731
11226
10678
10732
11227
10679
10733
11228
10734
11229
10681
10735
11230
10682
10736
11231
10683
10737
11232
10684
10738
11233
10685
10739
11234
10686
10740
11235
10687
10741
11236
10688
10742
11237
10689
10743
11238
10690
10744
11239
10691
10745
11240
10692
10746
11241
10693
10747
11242
10694
10748
11243
10695
10749
11244
10696
10750
11245
10697
10751
11246
10698
10752
11247
10699
10753
11248
10700
10754
11249
10701
10755
11250
10702
10756
11251
10703
10757
11252
10704
10758
11253
10705
10759
11254
10706
10760
11255
10707
10761
11256
10708
10762
11257
10709
10763
11258
10710
10764
11259
10711
10765
11260
10712
10766
11261
10713
10767
11262
10714
10768
11263
10715
10769
11264
10716
10770
11265
10717
10771
11266
10718
10772
11267
10719
10773
11268
10720
10774
11269
10721
10775
11270
10722
10776
11271
10723
10777
11272
10724
10778
11273
10725
10779
11274
10726
10780
11275
10727
10781
11276
10728
10782
11277
10729
10783
11278
10730
10784
11279
10731
10785
11280
10732
10786
11281
10733
10787
11282
10734
10788
11283
10789
11284
10736
10790
11285
10737
10791
11286
10738
10792
11287
10739
10793
11288
10740
10794
11289
10741
10795
11290
10742
10796
11291
10743
10797
11292
10744
10798
11293
10745
10799
11294
10746
10800
11295
10747
10801
11296
10748
10802
11297
10749
10803
11298
10750
10804
11299
10751
10805
11300
10752
10806
11301
10753
10807
11302
10754
10808
11303
10755
10809
11304
10756
10810
11305
10757
10811
11306
10758
10812
11307
10759
10813
11308
10760
10814
11309
10761
10815
11310
10762
10816
11311
10763
10817
11312
10764
10818
11313
10765
10819
11314
10766
10820
11315
10767
10821
11316
10768
10822
11317
10769
10823
11318
10770
10824
11319
10771
10825
11320
10772
10826
11321
10773
10827
11322
10774
10828
11323
10775
10829
11324
10776
10830
11325
10777
10831
11326
10778
10832
11327
10779
10833
11328
10780
10834
11329
10781
10835
11330
10782
10836
11331
10783
10837
11332
10784
10838
11333
10785
10839
11334
10786
10840
11335
10787
10841
11336
10788
10842
11337
10789
10843
11338
10844
11339
10791
10845
11340
10792
10846
11341
10793
10847
11342
10794
10848
11343
10795
10849
11344
10796
10850
11345
10797
10851
11346
10798
10852
11347
10799
10853
11348
10800
10854
11349
10801
10855
11350
10802
10856
11351
10803
10857
11352
10804
10858
11353
10805
10859
11354
10806
10860
11355
10807
10861
11356
10808
10862
11357
10809
10863
11358
10810
10864
11359
10811
10865
11360
10812
10866
11361
10813
10867
11362
10814
10868
11363
10815
10869
11364
10816
10870
11365
10817
10871
11366
10818
10872
11367
10819
10873
11368
10820
10874
11369
10821
10875
11370
10822
10876
11371
10823
10877
11372
10824
10878
11373
10825
10879
11374
10826
10880
11375
10827
10881
11376
10828
10882
11377
10829
10883
11378
10830
10884
11379
10831
10885
11380
10832
10886
11381
10833
10887
11382
10834
10888
11383
10835
10889
11384
10836
10890
11385
10837
10891
11386
10838
10892
11387
10839
10893
11388
10840
10894
11389
10841
10895
11390
10842
10896
11391
10843
10897
11392
10844
10898
11393
10899
11394
10846
11395
10847
11396
10848
11397
10849
11398
10850
11399
10851
11400
10852
11401
10853
11402
10854
11403
10855
11404
10856
11405
10857
11406
10858
11407
10859
11408
10860
11409
10861
11410
10862
11411
10863
11412
10864
11413
10865
11414
10866
11415
10867
11416
10868
11417
10869
11418
10870
11419
10871
11420
10872
11421
10873
11422
10874
11423
10875
11424
10876
11425
10877
11426
10878
11427
10879
11428
10880
11429
10881
11430
10882
11431
10883
11432
10884
11433
10885
11434
10886
11435
10887
11436
10888
11437
10889
11438
10890
11439
10891
11440
10892
11441
10893
11442
10894
11443
10895
11444
10896
11445
10897
11446
10898
11447
10899
11448
11449
10901
10955
11450
10902
10956
11451
10903
10957
11452
10904
10958
11453
10905
10959
11454
10906
10960
11455
10907
10961
11456
10908
10962
11457
10909
10963
11458
10910
10964
11459
10911
10965
11460
10912
10966
11461
10913
10967
11462
10914
10968
11463
10915
10969
11464
10916
10970
11465
10917
10971
11466
10918
10972
11467
10919
10973
11468
10920
10974
11469
10921
10975
11470
10922
10976
11471
10923
10977
11472
10924
10978
11473
10925
10979
11474
10926
10980
11475
10927
10981
11476
10928
10982
11477
10929
10983
11478
10930
10984
11479
10931
10985
11480
10932
10986
11481
10933
10987
11482
10934
10988
11483
10935
10989
11484
10936
10990
11485
10937
10991
11486
10938
10992
11487
10939
10993
11488
10940
10994
11489
10941
10995
11490
10942
10996
11491
10943
10997
11492
10944
10998
11493
10945
10999
11494
10946
11000
11495
10947
11001
11496
10948
11002
11497
10949
11003
11498
10950
11004
11499
10951
11005
11500
10952
11006
11501
10953
11007
11502
10954
11008
11503
11009
11504
10956
11010
11505
10957
11011
11506
10958
11012
11507
10959
11013
11508
10960
11014
11509
10961
11015
11510
10962
11016
11511
10963
11017
11512
10964
11018
11513
10965
11019
11514
10966
11020
11515
10967
11021
11516
10968
11022
11517
10969
11023
11518
10970
11024
11519
10971
11025
11520
10972
11026
11521
10973
11027
11522
10974
11028
11523
10975
11029
11524
10976
11030
11525
10977
11031
11526
10978
11032
11527
10979
11033
11528
10980
11034
11529
10981
11035
11530
10982
11036
11531
10983
11037
11532
10984
11038
11533
10985
11039
11534
10986
11040
11535
10987
11041
11536
10988
11042
11537
10989
11043
11538
10990
11044
11539
10991
11045
11540
10992
11046
11541
10993
11047
11542
10994
11048
11543
10995
11049
11544
10996
11050
11545
10997
11051
11546
10998
11052
11547
10999
11053
11548
11000
11054
11549
11001
11055
11550
11002
11056
11551
11003
11057
11552
11004
11058
11553
11005
11059
11554
11006
11060
11555
11007
11061
11556
11008
11062
11557
11009
11063
11558
11064
11559
11011
11065
11560
11012
11066
11561
11013
11067
11562
11014
11068
11563
11015
11069
11564
11016
11070
11565
11017
11071
11566
11018
11072
11567
11019
11073
11568
11020
11074
11569
11021
11075
11570
11022
11076
11571
11023
11077
11572
11024
11078
11573
11025
11079
11574
11026
11080
11575
11027
11081
11576
11028
11082
11577
11029
11083
11578
11030
11084
11579
11031
11085
11580
11032
11086
11581
11033
11087
11582
11034
11088
11583
11035
11089
11584
11036
11090
11585
11037
11091
11586
11038
11092
11587
11039
11093
11588
11040
11094
11589
11041
11095
11590
11042
11096
11591
11043
11097
11592
11044
11098
11593
11045
11099
11594
11046
11100
11595
11047
11101
11596
11048
11102
11597
11049
11103
11598
11050
11104
11599
11051
11105
11600
11052
11106
11601
11053
11107
11602
11054
11108
11603
11055
11109
11604
11056
11110
11605
11057
11111
11606
11058
11112
11607
11059
11113
11608
11060
11114
11609
11061
11115
11610
11062
11116
11611
11063
11117
11612
11064
11118
11613
11119
11614
11066
11120
11615
11067
11121
11616
11068
11122
11617
11069
11123
11618
11070
11124
11619
11071
11125
11620
11072
11126
11621
11073
11127
11622
11074
11128
11623
11075
11129
11624
11076
11130
11625
11077
11131
11626
11078
11132
11627
11079
11133
11628
11080
11134
11629
11081
11135
11630
11082
11136
11631
11083
11137
11632
11084
11138
11633
11085
11139
11634
11086
11140
11635
11087
11141
11636
11088
11142
11637
11089
11143
11638
11090
11144
11639
11091
11145
11640
11092
11146
11641
11093
11147
11642
11094
11148
11643
11095
11149
11644
11096
11150
11645
11097
11151
11646
11098
11152
11647
11099
11153
11648
11100
11154
11649
11101
11155
11650
11102
11156
11651
11103
11157
11652
11104
11158
11653
11105
11159
11654
11106
11160
11655
11107
11161
11656
11108
11162
11657
11109
11163
11658
11110
11164
11659
11111
11165
11660
11112
11166
11661
11113
11167
11662
11114
11168
11663
11115
11169
11664
11116
11170
11665
11117
11171
11666
11118
11172
11667
11119
11173
11668
11174
11669
11121
11175
11670
11122
11176
11671
11123
11177
11672
11124
11178
11673
11125
11179
11674
11126
11180
11675
11127
11181
11676
11128
11182
11677
11129
11183
11678
11130
11184
11679
11131
11185
11680
11132
11186
11681
11133
11187
11682
11134
11188
11683
11135
11189
11684
11136
11190
11685
11137
11191
11686
11138
11192
11687
11139
11193
11688
11140
11194
11689
11141
11195
11690
11142
11196
11691
11143
11197
11692
11144
11198
11693
11145
11199
11694
11146
11200
11695
11147
11201
11696
11148
11202
11697
11149
11203
11698
11150
11204
11699
11151
11205
11700
11152
11206
11701
11153
11207
11702
11154
11208
11703
11155
11209
11704
11156
11210
11705
11157
11211
11706
11158
11212
11707
11159
11213
11708
11160
11214
11709
11161
11215
11710
11162
11216
11711
11163
11217
11712
11164
11218
11713
11165
11219
11714
11166
11220
11715
11167
11221
11716
11168
11222
11717
11169
11223
11718
11170
11224
11719
11171
11225
11720
11172
11226
11721
11173
11227
11722
11174
11228
11723
11229
11724
11176
11230
11725
11177
11231
11726
11178
11232
11727
11179
11233
11728
11180
11234
11729
11181
11235
11730
11182
11236
11731
11183
11237
11732
11184
11238
11733
11185
11239
11734
11186
11240
11735
11187
11241
11736
11188
11242
11737
11189
11243
11738
11190
11244
11739
11191
11245
11740
11192
11246
11741
11193
11247
11742
11194
11248
11743
11195
11249
11744
11196
11250
11745
11197
11251
11746
11198
11252
11747
11199
11253
11748
11200
11254
11749
11201
11255
11750
11202
11256
11751
11203
11257
11752
11204
11258
11753
11205
11259
11754
11206
11260
11755
11207
11261
11756
11208
11262
11757
11209
11263
11758
11210
11264
11759
11211
11265
11760
11212
11266
11761
11213
11267
11762
11214
11268
11763
11215
11269
11764
11216
11270
11765
11217
11271
11766
11218
11272
11767
11219
11273
11768
11220
11274
11769
11221
11275
11770
11222
11276
11771
11223
11277
11772
11224
11278
11773
11225
11279
11774
11226
11280
11775
11227
11281
11776
11228
11282
11777
11229
11283
11778
11284
11779
11231
11285
11780
11232
11286
11781
11233
11287
11782
11234
11288
11783
11235
11289
11784
11236
11290
11785
11237
11291
11786
11238
11292
11787
11239
11293
11788
11240
11294
11789
11241
11295
11790
11242
11296
11791
11243
11297
11792
11244
11298
11793
11245
11299
11794
11246
11300
11795
11247
11301
11796
11248
11302
11797
11249
11303
11798
11250
11304
11799
11251
11305
11800
11252
11306
11801
11253
11307
11802
11254
11308
11803
11255
11309
11804
11256
11310
11805
11257
11311
11806
11258
11312
11807
11259
11313
11808
11260
11314
11809
11261
11315
11810
11262
11316
11811
11263
11317
11812
11264
11318
11813
11265
11319
11814
11266
11320
11815
11267
11321
11816
11268
11322
11817
11269
11323
11818
11270
11324
11819
11271
11325
11820
11272
11326
11821
11273
11327
11822
11274
11328
11823
11275
11329
11824
11276
11330
11825
11277
11331
11826
11278
11332
11827
11279
11333
11828
11280
11334
11829
11281
11335
11830
11282
11336
11831
11283
11337
11832
11284
11338
11833
11339
11834
11286
11340
11835
11287
11341
11836
11288
11342
11837
11289
11343
11838
11290
11344
11839
11291
11345
11840
11292
11346
11841
11293
11347
11842
11294
11348
11843
11295
11349
11844
11296
11350
11845
11297
11351
11846
11298
11352
11847
11299
11353
11848
11300
11354
11849
11301
11355
11850
11302
11356
11851
11303
11357
11852
11304
11358
11853
11305
11359
11854
11306
11360
11855
11307
11361
11856
11308
11362
11857
11309
11363
11858
11310
11364
11859
11311
11365
11860
11312
11366
11861
11313
11367
11862
11314
11368
11863
11315
11369
11864
11316
11370
11865
11317
11371
11866
11318
11372
11867
11319
11373
11868
11320
11374
11869
11321
11375
11870
11322
11376
11871
11323
11377
11872
11324
11378
11873
11325
11379
11874
11326
11380
11875
11327
11381
11876
11328
11382
11877
11329
11383
11878
11330
11384
11879
11331
11385
11880
11332
11386
11881
11333
11387
11882
11334
11388
11883
11335
11389
11884
11336
11390
11885
11337
11391
11886
11338
11392
11887
11339
11393
11888
11394
11889
11341
11395
11890
11342
11396
11891
11343
11397
11892
11344
11398
11893
11345
11399
11894
11346
11400
11895
11347
11401
11896
11348
11402
11897
11349
11403
11898
11350
11404
11899
11351
11405
11900
11352
11406
11901
11353
11407
11902
11354
11408
11903
11355
11409
11904
11356
11410
11905
11357
11411
11906
11358
11412
11907
11359
11413
11908
11360
11414
11909
11361
11415
11910
11362
11416
11911
11363
11417
11912
11364
11418
11913
11365
11419
11914
11366
11420
11915
11367
11421
11916
11368
11422
11917
11369
11423
11918
11370
11424
11919
11371
11425
11920
11372
11426
11921
11373
11427
11922
11374
11428
11923
11375
11429
11924
11376
11430
11925
11377
11431
11926
11378
11432
11927
11379
11433
11928
11380
11434
11929
11381
11435
11930
11382
11436
11931
11383
11437
11932
11384
11438
11933
11385
11439
11934
11386
11440
11935
11387
11441
11936
11388
11442
11937
11389
11443
11938
11390
11444
11939
11391
11445
11940
11392
11446
11941
11393
11447
11942
11394
11448
11943
11449
11944
11396
11945
11397
11946
11398
11947
11399
11948
11400
11949
11401
11950
11402
11951
11403
11952
11404
11953
11405
11954
11406
11955
11407
11956
11408
11957
11409
11958
11410
11959
11411
11960
11412
11961
11413
11962
11414
11963
11415
11964
11416
11965
11417
11966
11418
11967
11419
11968
11420
11969
11421
11970
11422
11971
11423
11972
11424
11973
11425
11974
11426
11975
11427
11976
11428
11977
11429
11978
11430
11979
11431
11980
11432
11981
11433
11982
11434
11983
11435
11984
11436
11985
11437
11986
11438
11987
11439
11988
11440
11989
11441
11990
11442
11991
11443
11992
11444
11993
11445
11994
11446
11995
11447
11996
11448
11997
11449
11998
11999
11451
11505
11452
11506
11453
11507
11454
11508
11455
11509
11456
11510
11457
11511
11458
11512
11459
11513
11460
11514
11461
11515
11462
11516
11463
11517
11464
11518
11465
11519
11466
11520
11467
11521
11468
11522
11469
11523
11470
11524
11471
11525
11472
11526
11473
11527
11474
11528
11475
11529
11476
11530
11477
11531
11478
11532
11479
11533
11480
11534
11481
11535
11482
11536
11483
11537
11484
11538
11485
11539
11486
11540
11487
11541
11488
11542
11489
11543
11490
11544
11491
11545
11492
11546
11493
11547
11494
11548
11495
11549
11496
11550
11497
11551
11498
11552
11499
11553
11500
11554
11501
11555
11502
11556
11503
11557
11504
11558
11559
11506
11560
11507
11561
11508
11562
11509
11563
11510
11564
11511
11565
11512
11566
11513
11567
11514
11568
11515
11569
11516
11570
11517
11571
11518
11572
11519
11573
11520
11574
11521
11575
11522
11576
11523
11577
11524
11578
11525
11579
11526
11580
11527
11581
11528
11582
11529
11583
11530
11584
11531
11585
11532
11586
11533
11587
11534
11588
11535
11589
11536
11590
11537
11591
11538
11592
11539
11593
11540
11594
11541
11595
11542
11596
11543
11597
11544
11598
11545
11599
11546
11600
11547
11601
11548
11602
11549
11603
11550
11604
11551
11605
11552
11606
11553
11607
11554
11608
11555
11609
11556
11610
11557
11611
11558
11612
11559
11613
11614
11561
11615
11562
11616
11563
11617
11564
11618
11565
11619
11566
11620
11567
11621
11568
11622
11569
11623
11570
11624
11571
11625
11572
11626
11573
11627
11574
11628
11575
11629
11576
11630
11577
11631
11578
11632
11579
11633
11580
11634
11581
11635
11582
11636
11583
11637
11584
11638
11585
11639
11586
11640
11587
11641
11588
11642
11589
11643
11590
11644
11591
11645
11592
11646
11593
11647
11594
11648
11595
11649
11596
11650
11597
11651
11598
11652
11599
11653
11600
11654
11601
11655
11602
11656
11603
11657
11604
11658
11605
11659
11606
11660
11607
11661
11608
11662
11609
11663
11610
11664
11611
11665
11612
11666
11613
11667
11614
11668
11669
11616
11670
11617
11671
11618
11672
11619
11673
11620
11674
11621
11675
11622
11676
11623
11677
11624
11678
11625
11679
11626
11680
11627
11681
11628
11682
11629
11683
11630
11684
11631
11685
11632
11686
11633
11687
11634
11688
11635
11689
11636
11690
11637
11691
11638
11692
11639
11693
11640
11694
11641
11695
11642
11696
11643
11697
11644
11698
11645
11699
11646
11700
11647
11701
11648
11702
11649
11703
11650
11704
11651
11705
11652
11706
11653
11707
11654
11708
11655
11709
11656
11710
11657
11711
11658
11712
11659
11713
11660
11714
11661
11715
11662
11716
11663
11717
11664
11718
11665
11719
11666
11720
11667
11721
11668
11722
11669
11723
11724
11671
11725
11672
11726
11673
11727
11674
11728
11675
11729
11676
11730
11677
11731
11678
11732
11679
11733
11680
11734
11681
11735
11682
11736
11683
11737
11684
11738
11685
11739
11686
11740
11687
11741
11688
11742
11689
11743
11690
11744
11691
11745
11692
11746
11693
11747
11694
11748
11695
11749
11696
11750
11697
11751
11698
11752
11699
11753
11700
11754
11701
11755
11702
11756
11703
11757
11704
11758
11705
11759
11706
11760
11707
11761
11708
11762
11709
11763
11710
11764
11711
11765
11712
11766
11713
11767
11714
11768
11715
11769
11716
11770
11717
11771
11718
11772
11719
11773
11720
11774
11721
11775
11722
11776
11723
11777
11724
11778
11779
11726
11780
11727
11781
11728
11782
11729
11783
11730
11784
11731
11785
11732
11786
11733
11787
11734
11788
11735
11789
11736
11790
11737
11791
11738
11792
11739
11793
11740
11794
11741
11795
11742
11796
11743
11797
11744
11798
11745
11799
11746
11800
11747
11801
11748
11802
11749
11803
11750
11804
11751
11805
11752
11806
11753
11807
11754
11808
11755
11809
11756
11810
11757
11811
11758
11812
11759
11813
11760
11814
11761
11815
11762
11816
11763
11817
11764
11818
11765
11819
11766
11820
11767
11821
11768
11822
11769
11823
11770
11824
11771
11825
11772
11826
11773
11827
11774
11828
11775
11829
11776
11830
11777
11831
11778
11832
11779
11833
11834
11781
11835
11782
11836
11783
11837
11784
11838
11785
11839
11786
11840
11787
11841
11788
11842
11789
11843
11790
11844
11791
11845
11792
11846
11793
11847
11794
11848
11795
11849
11796
11850
11797
11851
11798
11852
11799
11853
11800
11854
11801
11855
11802
11856
11803
11857
11804
11858
11805
11859
11806
11860
11807
11861
11808
11862
11809
11863
11810
11864
11811
11865
11812
11866
11813
11867
11814
11868
11815
11869
11816
11870
11817
11871
11818
11872
11819
11873
11820
11874
11821
11875
11822
11876
11823
11877
11824
11878
11825
11879
11826
11880
11827
11881
11828
11882
11829
11883
11830
11884
11831
11885
11832
11886
11833
11887
11834
11888
11889
11836
11890
11837
11891
11838
11892
11839
11893
11840
11894
11841
11895
11842
11896
11843
11897
11844
11898
11845
11899
11846
11900
11847
11901
11848
11902
11849
11903
11850
11904
11851
11905
11852
11906
11853
11907
11854
11908
11855
11909
11856
11910
11857
11911
11858
11912
11859
11913
11860
11914
11861
11915
11862
11916
11863
11917
11864
11918
11865
11919
11866
11920
11867
11921
11868
11922
11869
11923
11870
11924
11871
11925
11872
11926
11873
11927
11874
11928
11875
11929
11876
11930
11877
11931
11878
11932
11879
11933
11880
11934
11881
11935
11882
11936
11883
11937
11884
11938
11885
11939
11886
11940
11887
11941
11888
11942
11889
11943
11944
11891
11945
11892
11946
11893
11947
11894
11948
11895
11949
11896
11950
11897
11951
11898
11952
11899
11953
11900
11954
11901
11955
11902
11956
11903
11957
11904
11958
11905
11959
11906
11960
11907
11961
11908
11962
11909
11963
11910
11964
11911
11965
11912
11966
11913
11967
11914
11968
11915
11969
11916
11970
11917
11971
11918
11972
11919
11973
11920
11974
11921
11975
11922
11976
11923
11977
11924
11978
11925
11979
11926
11980
11927
11981
11928
11982
11929
11983
11930
11984
11931
11985
11932
11986
11933
11987
11934
11988
11935
11989
11936
11990
11937
11991
11938
11992
11939
11993
11940
11994
11941
11995
11942
11996
11943
11997
11944
11998
11999
11946
11947
11948
11949
11950
11951
11952
11953
11954
11955
11956
11957
11958
11959
11960
11961
11962
11963
11964
11965
11966
11967
11968
11969
11970
11971
11972
11973
11974
11975
11976
11977
11978
11979
11980
11981
11982
11983
11984
11985
11986
11987
11988
11989
11990
11991
11992
11993
11994
11995
11996
11997
11998
11999
12001
12025
12750
12002
12026
12751
12003
12027
12752
12004
12028
12753
12005
12029
12754
12006
12030
12755
12007
12031
12756
12008
12032
12757
12009
12033
12758
12010
12034
12759
12011
12035
12760
12012
12036
12761
12013
12037
12762
12014
12038
12763
12015
12039
12764
12016
12040
12765
12017
12041
12766
12018
12042
12767
12019
12043
12768
12020
12044
12769
12021
12045
12770
12022
12046
12771
12023
12047
12772
12024
12048
12773
12049
12774
12026
12050
12775
12027
12051
12776
12028
12052
12777
12029
12053
12778
12030
12054
12779
12031
12055
12780
12032
12056
12781
12033
12057
12782
12034
12058
12783
12035
12059
12784
12036
12060
12785
12037
12061
12786
12038
12062
12787
12039
12063
12788
12040
12064
12789
12041
12065
12790
12042
12066
12791
12043
12067
12792
12044
12068
12793
12045
12069
12794
12046
12070
12795
12047
12071
12796
12048
12072
12797
12049
12073
12798
12074
12799
12051
12075
12800
12052
12076
12801
12053
12077
12802
12054
12078
12803
12055
12079
12804
12056
12080
12805
12057
12081
12806
12058
12082
12807
12059
12083
12808
12060
12084
12809
12061
12085
12810
12062
12086
12811
12063
12087
12812
12064
12088
12813
12065
12089
12814
12066
12090
12815
12067
12091
12816
12068
12092
12817
12069
12093
12818
12070
12094
12819
12071
12095
12820
12072
12096
12821
12073
12097
12822
12074
12098
12823
12099
12824
12076
12100
12825
12077
12101
12826
12078
12102
12827
12079
12103
12828
12080
12104
12829
12081
12105
12830
12082
12106
12831
12083
12107
12832
12084
12108
12833
12085
12109
12834
12086
12110
12835
12087
12111
12836
12088
12112
12837
12089
12113
12838
12090
12114
12839
12091
12115
12840
12092
12116
12841
12093
12117
12842
12094
12118
12843
12095
12119
12844
12096
12120
12845
12097
12121
12846
12098
12122
12847
12099
12123
12848
12124
12849
12101
12125
12850
12102
12126
12851
12103
12127
12852
12104
12128
12853
12105
12129
12854
12106
12130
12855
12107
12131
12856
12108
12132
12857
12109
12133
12858
12110
12134
12859
12111
12135
12860
12112
12136
12861
12113
12137
12862
12114
12138
12863
12115
12139
12864
12116
12140
12865
12117
12141
12866
12118
12142
12867
12119
12143
12868
12120
12144
12869
12121
12145
12870
12122
12146
12871
12123
12147
12872
12124
12148
12873
12149
12874
12126
12150
12875
12127
12151
12876
12128
12152
12877
12129
12153
12878
12130
12154
12879
12131
12155
12880
12132
12156
12881
12133
12157
12882
12134
12158
12883
12135
12159
12884
12136
12160
12885
12137
12161
12886
12138
12162
12887
12139
12163
12888
12140
12164
12889
12141
12165
12890
12142
12166
12891
12143
12167
12892
12144
12168
12893
12145
12169
12894
12146
12170
12895
12147
12171
12896
12148
12172
12897
12149
12173
12898
12174
12899
12151
12175
12900
12152
12176
12901
12153
12177
12902
12154
12178
12903
12155
12179
12904
12156
12180
12905
12157
12181
12906
12158
12182
12907
12159
12183
12908
12160
12184
12909
12161
12185
12910
12162
12186
12911
12163
12187
12912
12164
12188
12913
12165
12189
12914
12166
12190
12915
12167
12191
12916
12168
12192
12917
12169
12193
12918
12170
12194
12919
12171
12195
12920
12172
12196
12921
12173
12197
12922
12174
12198
12923
12199
12924
12176
12200
12925
12177
12201
12926
12178
12202
12927
12179
12203
12928
12180
12204
12929
12181
12205
12930
12182
12206
12931
12183
12207
12932
12184
12208
12933
12185
12209
12934
12186
12210
12935
12187
12211
12936
12188
12212
12937
12189
12213
12938
12190
12214
12939
12191
12215
12940
12192
12216
12941
12193
12217
12942
12194
12218
12943
12195
12219
12944
12196
12220
12945
12197
12221
12946
12198
12222
12947
12199
12223
12948
12224
12949
12201
12225
12950
12202
12226
12951
12203
12227
12952
12204
12228
12953
12205
12229
12954
12206
12230
12955
12207
12231
12956
12208
12232
12957
12209
12233
12958
12210
12234
12959
12211
12235
12960
12212
12236
12961
12213
12237
12962
12214
12238
12963
12215
12239
12964
12216
12240
12965
12217
12241
12966
12218
12242
12967
12219
12243
12968
12220
12244
12969
12221
12245
12970
12222
12246
12971
12223
12247
12972
12224
12248
12973
12249
12974
12226
12250
12975
12227
12251
12976
12228
12252
12977
12229
12253
12978
12230
12254
12979
12231
12255
12980
12232
12256
12981
12233
12257
12982
12234
12258
12983
12235
12259
12984
12236
12260
12985
12237
12261
12986
12238
12262
12987
12239
12263
12988
12240
12264
12989
12241
12265
12990
12242
12266
12991
12243
12267
12992
12244
12268
12993
12245
12269
12994
12246
12270
12995
12247
12271
12996
12248
12272
12997
12249
12273
12998
12274
12999
12251
12275
13000
12252
12276
13001
12253
12277
13002
12254
12278
13003
12255
12279
13004
12256
12280
13005
12257
12281
13006
12258
12282
13007
12259
12283
13008
12260
12284
13009
12261
12285
13010
12262
12286
13011
12263
12287
13012
12264
12288
13013
12265
12289
13014
12266
12290
13015
12267
12291
13016
12268
12292
13017
12269
12293
13018
12270
12294
13019
12271
12295
13020
12272
12296
13021
12273
12297
13022
12274
12298
13023
12299
13024
12276
12300
13025
12277
12301
13026
12278
12302
13027
12279
12303
13028
12280
12304
13029
12281
12305
13030
12282
12306
13031
12283
12307
13032
12284
12308
13033
12285
12309
13034
12286
12310
13035
12287
12311
13036
12288
12312
13037
12289
12313
13038
12290
12314
13039
12291
12315
13040
12292
12316
13041
12293
12317
13042
12294
12318
13043
12295
12319
13044
12296
12320
13045
12297
12321
13046
12298
12322
13047
12299
12323
13048
12324
13049
12301
12325
13050
12302
12326
13051
12303
12327
13052
12304
12328
13053
12305
12329
13054
12306
12330
13055
12307
12331
13056
12308
12332
13057
12309
12333
13058
12310
12334
13059
12311
12335
13060
12312
12336
13061
12313
12337
13062
12314
12338
13063
12315
12339
13064
12316
12340
13065
12317
12341
13066
12318
12342
13067
12319
12343
13068
12320
12344
13069
12321
12345
13070
12322
12346
13071
12323
12347
13072
12324
12348
13073
12349
13074
12326
12350
13075
12327
12351
13076
12328
12352
13077
12329
12353
13078
12330
12354
13079
12331
12355
13080
12332
12356
13081
12333
12357
13082
12334
12358
13083
12335
12359
13084
12336
12360
13085
12337
12361
13086
12338
12362
13087
12339
12363
13088
12340
12364
13089
12341
12365
13090
12342
12366
13091
12343
12367
13092
12344
12368
13093
12345
12369
13094
12346
12370
13095
12347
12371
13096
12348
12372
13097
12349
12373
13098
12374
13099
12351
12375
13100
12352
12376
13101
12353
12377
13102
12354
12378
13103
12355
12379
13104
12356
12380
13105
12357
12381
13106
12358
12382
13107
12359
12383
13108
12360
12384
13109
12361
12385
13110
12362
12386
13111
12363
12387
13112
12364
12388
13113
12365
12389
13114
12366
12390
13115
12367
12391
13116
12368
12392
13117
12369
12393
13118
12370
12394
13119
12371
12395
13120
12372
12396
13121
12373
12397
13122
12374
12398
13123
12399
13124
12376
12400
13125
12377
12401
13126
12378
12402
13127
12379
12403
13128
12380
12404
13129
12381
12405
13130
12382
12406
13131
12383
12407
13132
12384
12408
13133
12385
12409
13134
12386
12410
13135
12387
12411
13136
12388
12412
13137
12389
12413
13138
12390
12414
13139
12391
12415
13140
12392
12416
13141
12393
12417
13142
12394
12418
13143
12395
12419
13144
12396
12420
13145
12397
12421
13146
12398
12422
13147
12399
12423
13148
12424
13149
12401
12425
13150
12402
12426
13151
12403
12427
13152
12404
12428
13153
12405
12429
13154
12406
12430
13155
12407
12431
13156
12408
12432
13157
12409
12433
13158
12410
12434
13159
12411
12435
13160
12412
12436
13161
12413
12437
13162
12414
12438
13163
12415
12439
13164
12416
12440
13165
12417
12441
13166
12418
12442
13167
12419
12443
13168
12420
12444
13169
12421
12445
13170
12422
12446
13171
12423
12447
13172
12424
12448
13173
12449
13174
12426
12450
13175
12427
12451
13176
12428
12452
13177
12429
12453
13178
12430
12454
13179
12431
12455
13180
12432
12456
13181
12433
12457
13182
12434
12458
13183
12435
12459
13184
12436
12460
13185
12437
12461
13186
12438
12462
13187
12439
12463
13188
12440
12464
13189
12441
12465
13190
12442
12466
13191
12443
12467
13192
12444
12468
13193
12445
12469
13194
12446
12470
13195
12447
12471
13196
12448
12472
13197
12449
12473
13198
12474
13199
12451
12475
13200
12452
12476
13201
12453
12477
13202
12454
12478
13203
12455
12479
13204
12456
12480
13205
12457
12481
13206
12458
12482
13207
12459
12483
13208
12460
12484
13209
12461
12485
13210
12462
12486
13211
12463
12487
13212
12464
12488
13213
12465
12489
13214
12466
12490
13215
12467
12491
13216
12468
12492
13217
12469
12493
13218
12470
12494
13219
12471
12495
13220
12472
12496
13221
12473
12497
13222
12474
12498
13223
12499
13224
12476
12500
13225
12477
12501
13226
12478
12502
13227
12479
12503
13228
12480
12504
13229
12481
12505
13230
12482
12506
13231
12483
12507
13232
12484
12508
13233
12485
12509
13234
12486
12510
13235
12487
12511
13236
12488
12512
13237
12489
12513
13238
12490
12514
13239
12491
12515
13240
12492
12516
13241
12493
12517
13242
12494
12518
13243
12495
12519
13244
12496
12520
13245
12497
12521
13246
12498
12522
13247
12499
12523
13248
12524
13249
12501
12525
13250
12502
12526
13251
12503
12527
13252
12504
12528
13253
12505
12529
13254
12506
12530
13255
12507
12531
13256
12508
12532
13257
12509
12533
13258
12510
12534
13259
12511
12535
13260
12512
12536
13261
12513
12537
13262
12514
12538
13263
12515
12539
13264
12516
12540
13265
12517
12541
13266
12518
12542
13267
12519
12543
13268
12520
12544
13269
12521
12545
13270
12522
12546
13271
12523
12547
13272
12524
12548
13273
12549
13274
12526
12550
13275
12527
12551
13276
12528
12552
13277
12529
12553
13278
12530
12554
13279
12531
12555
13280
12532
12556
13281
12533
12557
13282
12534
12558
13283
12535
12559
13284
12536
12560
13285
12537
12561
13286
12538
12562
13287
12539
12563
13288
12540
12564
13289
12541
12565
13290
12542
12566
13291
12543
12567
13292
12544
12568
13293
12545
12569
13294
12546
12570
13295
12547
12571
13296
12548
12572
13297
12549
12573
13298
12574
13299
12551
12575
13300
12552
12576
13301
12553
12577
13302
12554
12578
13303
12555
12579
13304
12556
12580
13305
12557
12581
13306
12558
12582
13307
12559
12583
13308
12560
12584
13309
12561
12585
13310
12562
12586
13311
12563
12587
13312
12564
12588
13313
12565
12589
13314
12566
12590
13315
12567
12591
13316
12568
12592
13317
12569
12593
13318
12570
12594
13319
12571
12595
13320
12572
12596
13321
12573
12597
13322
12574
12598
13323
12599
13324
12576
12600
13325
12577
12601
13326
12578
12602
13327
12579
12603
13328
12580
12604
13329
12581
12605
13330
12582
12606
13331
12583
12607
13332
12584
12608
13333
12585
12609
13334
12586
12610
13335
12587
12611
13336
12588
12612
13337
12589
12613
13338
12590
12614
13339
12591
12615
13340
12592
12616
13341
12593
12617
13342
12594
12618
13343
12595
12619
13344
12596
12620
13345
12597
12621
13346
12598
12622
13347
12599
12623
13348
12624
13349
12601
12625
13350
12602
12626
13351
12603
12627
13352
12604
12628
13353
12605
12629
13354
12606
12630
13355
12607
12631
13356
12608
12632
13357
12609
12633
13358
12610
12634
13359
12611
12635
13360
12612
12636
13361
12613
12637
13362
12614
12638
13363
12615
12639
13364
12616
12640
13365
12617
12641
13366
12618
12642
13367
12619
12643
13368
12620
12644
13369
12621
12645
13370
12622
12646
13371
12623
12647
13372
12624
12648
13373
12649
13374
12626
12650
13375
12627
12651
13376
12628
12652
13377
12629
12653
13378
12630
12654
13379
12631
12655
13380
12632
12656
13381
12633
12657
13382
12634
12658
13383
12635
12659
13384
12636
12660
13385
12637
12661
13386
12638
12662
13387
12639
12663
13388
12640
12664
13389
12641
12665
13390
12642
12666
13391
12643
12667
13392
12644
12668
13393
12645
12669
13394
12646
12670
13395
12647
12671
13396
12648
12672
13397
12649
12673
13398
12674
13399
12651
12675
13400
12652
12676
13401
12653
12677
13402
12654
12678
13403
12655
12679
13404
12656
12680
13405
12657
12681
13406
12658
12682
13407
12659
12683
13408
12660
12684
13409
12661
12685
13410
12662
12686
13411
12663
12687
13412
12664
12688
13413
12665
12689
13414
12666
12690
13415
12667
12691
13416
12668
12692
13417
12669
12693
13418
12670
12694
13419
12671
12695
13420
12672
12696
13421
12673
12697
13422
12674
12698
13423
12699
13424
12676
12700
13425
12677
12701
13426
12678
12702
13427
12679
12703
13428
12680
12704
13429
12681
12705
13430
12682
12706
13431
12683
12707
13432
12684
12708
13433
12685
12709
13434
12686
12710
13435
12687
12711
13436
12688
12712
13437
12689
12713
13438
12690
12714
13439
12691
12715
13440
12692
12716
13441
12693
12717
13442
12694
12718
13443
12695
12719
13444
12696
12720
13445
12697
12721
13446
12698
12722
13447
12699
12723
13448
12724
13449
12701
12725
13450
12702
12726
13451
12703
12727
13452
12704
12728
13453
12705
12729
13454
12706
12730
13455
12707
12731
13456
12708
12732
13457
12709
12733
13458
12710
12734
13459
12711
12735
13460
12712
12736
13461
12713
12737
13462
12714
12738
13463
12715
12739
13464
12716
12740
13465
12717
12741
13466
12718
12742
13467
12719
12743
13468
12720
12744
13469
12721
12745
13470
12722
12746
13471
12723
12747
13472
12724
12748
13473
12749
13474
12726
13475
12727
13476
12728
13477
12729
13478
12730
13479
12731
13480
12732
13481
12733
13482
12734
13483
12735
13484
12736
13485
12737
13486
12738
13487
12739
13488
12740
13489
12741
13490
12742
13491
12743
13492
12744
13493
12745
13494
12746
13495
12747
13496
12748
13497
12749
13498
13499
12751
12775
13500
12752
12776
13501
12753
12777
13502
12754
12778
13503
12755
12779
13504
12756
12780
13505
12757
12781
13506
12758
12782
13507
12759
12783
13508
12760
12784
13509
12761
12785
13510
12762
12786
13511
12763
12787
13512
12764
12788
13513
12765
12789
13514
12766
12790
13515
12767
12791
13516
12768
12792
13517
12769
12793
13518
12770
12794
13519
12771
12795
13520
12772
12796
13521
12773
12797
13522
12774
12798
13523
12799
13524
12776
12800
13525
12777
12801
13526
12778
12802
13527
12779
12803
13528
12780
12804
13529
12781
12805
13530
12782
12806
13531
12783
12807
13532
12784
12808
13533
12785
12809
13534
12786
12810
13535
12787
12811
13536
12788
12812
13537
12789
12813
13538
12790
12814
13539
12791
12815
13540
12792
12816
13541
12793
12817
13542
12794
12818
13543
12795
12819
13544
12796
12820
13545
12797
12821
13546
12798
12822
13547
12799
12823
13548
12824
13549
12801
12825
13550
12802
12826
13551
12803
12827
13552
12804
12828
13553
12805
12829
13554
12806
12830
13555
12807
12831
13556
12808
12832
13557
12809
12833
13558
12810
12834
13559
12811
12835
13560
12812
12836
13561
12813
12837
13562
12814
12838
13563
12815
12839
13564
12816
12840
13565
12817
12841
13566
12818
12842
13567
12819
12843
13568
12820
12844
13569
12821
12845
13570
12822
12846
13571
12823
12847
13572
12824
12848
13573
12849
13574
12826
12850
13575
12827
12851
13576
12828
12852
13577
12829
12853
13578
12830
12854
13579
12831
12855
13580
12832
12856
13581
12833
12857
13582
12834
12858
13583
12835
12859
13584
12836
12860
13585
12837
12861
13586
12838
12862
13587
12839
12863
13588
12840
12864
13589
12841
12865
13590
12842
12866
13591
12843
12867
13592
12844
12868
13593
12845
12869
13594
12846
12870
13595
12847
12871
13596
12848
12872
13597
12849
12873
13598
12874
13599
12851
12875
13600
12852
12876
13601
12853
12877
13602
12854
12878
13603
12855
12879
13604
12856
12880
13605
12857
12881
13606
12858
12882
13607
12859
12883
13608
12860
12884
13609
12861
12885
13610
12862
12886
13611
12863
12887
13612
12864
12888
13613
12865
12889
13614
12866
12890
13615
12867
12891
13616
12868
12892
13617
12869
12893
13618
12870
12894
13619
12871
12895
13620
12872
12896
13621
12873
12897
13622
12874
12898
13623
12899
13624
12876
12900
13625
12877
12901
13626
12878
12902
13627
12879
12903
13628
12880
12904
13629
12881
12905
13630
12882
12906
13631
12883
12907
13632
12884
12908
13633
12885
12909
13634
12886
12910
13635
12887
12911
13636
12888
12912
13637
12889
12913
13638
12890
12914
13639
12891
12915
13640
12892
12916
13641
12893
12917
13642
12894
12918
13643
12895
12919
13644
12896
12920
13645
12897
12921
13646
12898
12922
13647
12899
12923
13648
12924
13649
12901
12925
13650
12902
12926
13651
12903
12927
13652
12904
12928
13653
12905
12929
13654
12906
12930
13655
12907
12931
13656
12908
12932
13657
12909
12933
13658
12910
12934
13659
12911
12935
13660
12912
12936
13661
12913
12937
13662
12914
12938
13663
12915
12939
13664
12916
12940
13665
12917
12941
13666
12918
12942
13667
12919
12943
13668
12920
12944
13669
12921
12945
13670
12922
12946
13671
12923
12947
13672
12924
12948
13673
12949
13674
12926
12950
13675
12927
12951
13676
12928
12952
13677
12929
12953
13678
12930
12954
13679
12931
12955
13680
12932
12956
13681
12933
12957
13682
12934
12958
13683
12935
12959
13684
12936
12960
13685
12937
12961
13686
12938
12962
13687
12939
12963
13688
12940
12964
13689
12941
12965
13690
12942
12966
13691
12943
12967
13692
12944
12968
13693
12945
12969
13694
12946
12970
13695
12947
12971
13696
12948
12972
13697
12949
12973
13698
12974
13699
12951
12975
13700
12952
12976
13701
12953
12977
13702
12954
12978
13703
12955
12979
13704
12956
12980
13705
12957
12981
13706
12958
12982
13707
12959
12983
13708
12960
12984
13709
12961
12985
13710
12962
12986
13711
12963
12987
13712
12964
12988
13713
12965
12989
13714
12966
12990
13715
12967
12991
13716
12968
12992
13717
12969
12993
13718
12970
12994
13719
12971
12995
13720
12972
12996
13721
12973
12997
13722
12974
12998
13723
12999
13724
12976
13000
13725
12977
13001
13726
12978
13002
13727
12979
13003
13728
12980
13004
13729
12981
13005
13730
12982
13006
13731
12983
13007
13732
12984
13008
13733
12985
13009
13734
12986
13010
13735
12987
13011
13736
12988
13012
13737
12989
13013
13738
12990
13014
13739
12991
13015
13740
12992
13016
13741
12993
13017
13742
12994
13018
13743
12995
13019
13744
12996
13020
13745
12997
13021
13746
12998
13022
13747
12999
13023
13748
13024
13749
13001
13025
13750
13002
13026
13751
13003
13027
13752
13004
13028
13753
13005
13029
13754
13006
13030
13755
13007
13031
13756
13008
13032
13757
13009
13033
13758
13010
13034
13759
13011
13035
13760
13012
13036
13761
13013
13037
13762
13014
13038
13763
13015
13039
13764
13016
13040
13765
13017
13041
13766
13018
13042
13767
13019
13043
13768
13020
13044
13769
13021
13045
13770
13022
13046
13771
13023
13047
13772
13024
13048
13773
13049
13774
13026
13050
13775
13027
13051
13776
13028
13052
13777
13029
13053
13778
13030
13054
13779
13031
13055
13780
13032
13056
13781
13033
13057
13782
13034
13058
13783
13035
13059
13784
13036
13060
13785
13037
13061
13786
13038
13062
13787
13039
13063
13788
13040
13064
13789
13041
13065
13790
13042
13066
13791
13043
13067
13792
13044
13068
13793
13045
13069
13794
13046
13070
13795
13047
13071
13796
13048
13072
13797
13049
13073
13798
13074
13799
13051
13075
13800
13052
13076
13801
13053
13077
13802
13054
13078
13803
13055
13079
13804
13056
13080
13805
13057
13081
13806
13058
13082
13807
13059
13083
13808
13060
13084
13809
13061
13085
13810
13062
13086
13811
13063
13087
13812
13064
13088
13813
13065
13089
13814
13066
13090
13815
13067
13091
13816
13068
13092
13817
13069
13093
13818
13070
13094
13819
13071
13095
13820
13072
13096
13821
13073
13097
13822
13074
13098
13823
13099
13824
13076
13100
13825
13077
13101
13826
13078
13102
13827
13079
13103
13828
13080
13104
13829
13081
13105
13830
13082
13106
13831
13083
13107
13832
13084
13108
13833
13085
13109
13834
13086
13110
13835
13087
13111
13836
13088
13112
13837
13089
13113
13838
13090
13114
13839
13091
13115
13840
13092
13116
13841
13093
13117
13842
13094
13118
13843
13095
13119
13844
13096
13120
13845
13097
13121
13846
13098
13122
13847
13099
13123
13848
13124
13849
13101
13125
13850
13102
13126
13851
13103
13127
13852
13104
13128
13853
13105
13129
13854
13106
13130
13855
13107
13131
13856
13108
13132
13857
13109
13133
13858
13110
13134
13859
13111
13135
13860
13112
13136
13861
13113
13137
13862
13114
13138
13863
13115
13139
13864
13116
13140
13865
13117
13141
13866
13118
13142
13867
13119
13143
13868
13120
13144
13869
13121
13145
13870
13122
13146
13871
13123
13147
13872
13124
13148
13873
13149
13874
13126
13150
13875
13127
13151
13876
13128
13152
13877
13129
13153
13878
13130
13154
13879
13131
13155
13880
13132
13156
13881
13133
13157
13882
13134
13158
13883
13135
13159
13884
13136
13160
13885
13137
13161
13886
13138
13162
13887
13139
13163
13888
13140
13164
13889
13141
13165
13890
13142
13166
13891
13143
13167
13892
13144
13168
13893
13145
13169
13894
13146
13170
13895
13147
13171
13896
13148
13172
13897
13149
13173
13898
13174
13899
13151
13175
13900
13152
13176
13901
13153
13177
13902
13154
13178
13903
13155
13179
13904
13156
13180
13905
13157
13181
13906
13158
13182
13907
13159
13183
13908
13160
13184
13909
13161
13185
13910
13162
13186
13911
13163
13187
13912
13164
13188
13913
13165
13189
13914
13166
13190
13915
13167
13191
13916
13168
13192
13917
13169
13193
13918
13170
13194
13919
13171
13195
13920
13172
13196
13921
13173
13197
13922
13174
13198
13923
13199
13924
13176
13200
13925
13177
13201
13926
13178
13202
13927
13179
13203
13928
13180
13204
13929
13181
13205
13930
13182
13206
13931
13183
13207
13932
13184
13208
13933
13185
13209
13934
13186
13210
13935
13187
13211
13936
13188
13212
13937
13189
13213
13938
13190
13214
13939
13191
13215
13940
13192
13216
13941
13193
13217
13942
13194
13218
13943
13195
13219
13944
13196
13220
13945
13197
13221
13946
13198
13222
13947
13199
13223
13948
13224
13949
13201
13225
13950
13202
13226
13951
13203
13227
13952
13204
13228
13953
13205
13229
13954
13206
13230
13955
13207
13231
13956
13208
13232
13957
13209
13233
13958
13210
13234
13959
13211
13235
13960
13212
13236
13961
13213
13237
13962
13214
13238
13963
13215
13239
13964
13216
13240
13965
13217
13241
13966
13218
13242
13967
13219
13243
13968
13220
13244
13969
13221
13245
13970
13222
13246
13971
13223
13247
13972
13224
13248
13973
13249
13974
13226
13250
13975
13227
13251
13976
13228
13252
13977
13229
13253
13978
13230
13254
13979
13231
13255
13980
13232
13256
13981
13233
13257
13982
13234
13258
13983
13235
13259
13984
13236
13260
13985
13237
13261
13986
13238
13262
13987
13239
13263
13988
13240
13264
13989
13241
13265
13990
13242
13266
13991
13243
13267
13992
13244
13268
13993
13245
13269
13994
13246
13270
13995
13247
13271
13996
13248
13272
13997
13249
13273
13998
13274
13999
13251
13275
14000
13252
13276
14001
13253
13277
14002
13254
13278
14003
13255
13279
14004
13256
13280
14005
13257
13281
14006
13258
13282
14007
13259
13283
14008
13260
13284
14009
13261
13285
14010
13262
13286
14011
13263
13287
14012
13264
13288
14013
13265
13289
14014
13266
13290
14015
13267
13291
14016
13268
13292
14017
13269
13293
14018
13270
13294
14019
13271
13295
14020
13272
13296
14021
13273
13297
14022
13274
13298
14023
13299
14024
13276
13300
14025
13277
13301
14026
13278
13302
14027
13279
13303
14028
13280
13304
14029
13281
13305
14030
13282
13306
14031
13283
13307
14032
13284
13308
14033
13285
13309
14034
13286
13310
14035
13287
13311
14036
13288
13312
14037
13289
13313
14038
13290
13314
14039
13291
13315
14040
13292
13316
14041
13293
13317
14042
13294
13318
14043
13295
13319
14044
13296
13320
14045
13297
13321
14046
13298
13322
14047
13299
13323
14048
13324
14049
13301
13325
14050
13302
13326
14051
13303
13327
14052
13304
13328
14053
13305
13329
14054
13306
13330
14055
13307
13331
14056
13308
13332
14057
13309
13333
14058
13310
13334
14059
13311
13335
14060
13312
13336
14061
13313
13337
14062
13314
13338
14063
13315
13339
14064
13316
13340
14065
13317
13341
14066
13318
13342
14067
13319
13343
14068
13320
13344
14069
13321
13345
14070
13322
13346
14071
13323
13347
14072
13324
13348
14073
13349
14074
13326
13350
14075
13327
13351
14076
13328
13352
14077
13329
13353
14078
13330
13354
14079
13331
13355
14080
13332
13356
14081
13333
13357
14082
13334
13358
14083
13335
13359
14084
13336
13360
14085
13337
13361
14086
13338
13362
14087
13339
13363
14088
13340
13364
14089
13341
13365
14090
13342
13366
14091
13343
13367
14092
13344
13368
14093
13345
13369
14094
13346
13370
14095
13347
13371
14096
13348
13372
14097
13349
13373
14098
13374
14099
13351
13375
14100
13352
13376
14101
13353
13377
14102
13354
13378
14103
13355
13379
14104
13356
13380
14105
13357
13381
14106
13358
13382
14107
13359
13383
14108
13360
13384
14109
13361
13385
14110
13362
13386
14111
13363
13387
14112
13364
13388
14113
13365
13389
14114
13366
13390
14115
13367
13391
14116
13368
13392
14117
13369
13393
14118
13370
13394
14119
13371
13395
14120
13372
13396
14121
13373
13397
14122
13374
13398
14123
13399
14124
13376
13400
14125
13377
13401
14126
13378
13402
14127
13379
13403
14128
13380
13404
14129
13381
13405
14130
13382
13406
14131
13383
13407
14132
13384
13408
14133
13385
13409
14134
13386
13410
14135
13387
13411
14136
13388
13412
14137
13389
13413
14138
13390
13414
14139
13391
13415
14140
13392
13416
14141
13393
13417
14142
13394
13418
14143
13395
13419
14144
13396
13420
14145
13397
13421
14146
13398
13422
14147
13399
13423
14148
13424
14149
13401
13425
14150
13402
13426
14151
13403
13427
14152
13404
13428
14153
13405
13429
14154
13406
13430
14155
13407
13431
14156
13408
13432
14157
13409
13433
14158
13410
13434
14159
13411
13435
14160
13412
13436
14161
13413
13437
14162
13414
13438
14163
13415
13439
14164
13416
13440
14165
13417
13441
14166
13418
13442
14167
13419
13443
14168
13420
13444
14169
13421
13445
14170
13422
13446
14171
13423
13447
14172
13424
13448
14173
13449
14174
13426
13450
14175
13427
13451
14176
13428
13452
14177
13429
13453
14178
13430
13454
14179
13431
13455
14180
13432
13456
14181
13433
13457
14182
13434
13458
14183
13435
13459
14184
13436
13460
14185
13437
13461
14186
13438
13462
14187
13439
13463
14188
13440
13464
14189
13441
13465
14190
13442
13466
14191
13443
13467
14192
13444
13468
14193
13445
13469
14194
13446
13470
14195
13447
13471
14196
13448
13472
14197
13449
13473
14198
13474
14199
13451
13475
14200
13452
13476
14201
13453
13477
14202
13454
13478
14203
13455
13479
14204
13456
13480
14205
13457
13481
14206
13458
13482
14207
13459
13483
14208
13460
13484
14209
13461
13485
14210
13462
13486
14211
13463
13487
14212
13464
13488
14213
13465
13489
14214
13466
13490
14215
13467
13491
14216
13468
13492
14217
13469
13493
14218
13470
13494
14219
13471
13495
14220
13472
13496
14221
13473
13497
14222
13474
13498
14223
13499
14224
13476
14225
13477
14226
13478
14227
13479
14228
13480
14229
13481
14230
13482
14231
13483
14232
13484
14233
13485
14234
13486
14235
13487
14236
13488
14237
13489
14238
13490
14239
13491
14240
13492
14241
13493
14242
13494
14243
13495
14244
13496
14245
13497
14246
13498
14247
13499
14248
14249
13501
13525
14250
13502
13526
14251
13503
13527
14252
13504
13528
14253
13505
13529
14254
13506
13530
14255
13507
13531
14256
13508
13532
14257
13509
13533
14258
13510
13534
14259
13511
13535
14260
13512
13536
14261
13513
13537
14262
13514
13538
14263
13515
13539
14264
13516
13540
14265
13517
13541
14266
13518
13542
14267
13519
13543
14268
13520
13544
14269
13521
13545
14270
13522
13546
14271
13523
13547
14272
13524
13548
14273
13549
14274
13526
13550
14275
13527
13551
14276
13528
13552
14277
13529
13553
14278
13530
13554
14279
13531
13555
14280
13532
13556
14281
13533
13557
14282
13534
13558
14283
13535
13559
14284
13536
13560
14285
13537
13561
14286
13538
13562
14287
13539
13563
14288
13540
13564
14289
13541
13565
14290
13542
13566
14291
13543
13567
14292
13544
13568
14293
13545
13569
14294
13546
13570
14295
13547
13571
14296
13548
13572
14297
13549
13573
14298
13574
14299
13551
13575
14300
13552
13576
14301
13553
13577
14302
13554
13578
14303
13555
13579
14304
13556
13580
14305
13557
13581
14306
13558
13582
14307
13559
13583
14308
13560
13584
14309
13561
13585
14310
13562
13586
14311
13563
13587
14312
13564
13588
14313
13565
13589
14314
13566
13590
14315
13567
13591
14316
13568
13592
14317
13569
13593
14318
13570
13594
14319
13571
13595
14320
13572
13596
14321
13573
13597
14322
13574
13598
14323
13599
14324
13576
13600
14325
13577
13601
14326
13578
13602
14327
13579
13603
14328
13580
13604
14329
13581
13605
14330
13582
13606
14331
13583
13607
14332
13584
13608
14333
13585
13609
14334
13586
13610
14335
13587
13611
14336
13588
13612
14337
13589
13613
14338
13590
13614
14339
13591
13615
14340
13592
13616
14341
13593
13617
14342
13594
13618
14343
13595
13619
14344
13596
13620
14345
13597
13621
14346
13598
13622
14347
13599
13623
14348
13624
14349
13601
13625
14350
13602
13626
14351
13603
13627
14352
13604
13628
14353
13605
13629
14354
13606
13630
14355
13607
13631
14356
13608
13632
14357
13609
13633
14358
13610
13634
14359
13611
13635
14360
13612
13636
14361
13613
13637
14362
13614
13638
14363
13615
13639
14364
13616
13640
14365
13617
13641
14366
13618
13642
14367
13619
13643
14368
13620
13644
14369
13621
13645
14370
13622
13646
14371
13623
13647
14372
13624
13648
14373
13649
14374
13626
13650
14375
13627
13651
14376
13628
13652
14377
13629
13653
14378
13630
13654
14379
13631
13655
14380
13632
13656
14381
13633
13657
14382
13634
13658
14383
13635
13659
14384
13636
13660
14385
13637
13661
14386
13638
13662
14387
13639
13663
14388
13640
13664
14389
13641
13665
14390
13642
13666
14391
13643
13667
14392
13644
13668
14393
13645
13669
14394
13646
13670
14395
13647
13671
14396
13648
13672
14397
13649
13673
14398
13674
14399
13651
13675
14400
13652
13676
14401
13653
13677
14402
13654
13678
14403
13655
13679
14404
13656
13680
14405
13657
13681
14406
13658
13682
14407
13659
13683
14408
13660
13684
14409
13661
13685
14410
13662
13686
14411
13663
13687
14412
13664
13688
14413
13665
13689
14414
13666
13690
14415
13667
13691
14416
13668
13692
14417
13669
13693
14418
13670
13694
14419
13671
13695
14420
13672
13696
14421
13673
13697
14422
13674
13698
14423
13699
14424
13676
13700
14425
13677
13701
14426
13678
13702
14427
13679
13703
14428
13680
13704
14429
13681
13705
14430
13682
13706
14431
13683
13707
14432
13684
13708
14433
13685
13709
14434
13686
13710
14435
13687
13711
14436
13688
13712
14437
13689
13713
14438
13690
13714
14439
13691
13715
14440
13692
13716
14441
13693
13717
14442
13694
13718
14443
13695
13719
14444
13696
13720
14445
13697
13721
14446
13698
13722
14447
13699
13723
14448
13724
14449
13701
13725
14450
13702
13726
14451
13703
13727
14452
13704
13728
14453
13705
13729
14454
13706
13730
14455
13707
13731
14456
13708
13732
14457
13709
13733
14458
13710
13734
14459
13711
13735
14460
13712
13736
14461
13713
13737
14462
13714
13738
14463
13715
13739
14464
13716
13740
14465
13717
13741
14466
13718
13742
14467
13719
13743
14468
13720
13744
14469
13721
13745
14470
13722
13746
14471
13723
13747
14472
13724
13748
14473
13749
14474
13726
13750
14475
13727
13751
14476
13728
13752
14477
13729
13753
14478
13730
13754
14479
13731
13755
14480
13732
13756
14481
13733
13757
14482
13734
13758
14483
13735
13759
14484
13736
13760
14485
13737
13761
14486
13738
13762
14487
13739
13763
14488
13740
13764
14489
13741
13765
14490
13742
13766
14491
13743
13767
14492
13744
13768
14493
13745
13769
14494
13746
13770
14495
13747
13771
14496
13748
13772
14497
13749
13773
14498
13774
14499
13751
13775
14500
13752
13776
14501
13753
13777
14502
13754
13778
14503
13755
13779
14504
13756
13780
14505
13757
13781
14506
13758
13782
14507
13759
13783
14508
13760
13784
14509
13761
13785
14510
13762
13786
14511
13763
13787
14512
13764
13788
14513
13765
13789
14514
13766
13790
14515
13767
13791
14516
13768
13792
14517
13769
13793
14518
13770
13794
14519
13771
13795
14520
13772
13796
14521
13773
13797
14522
13774
13798
14523
13799
14524
13776
13800
14525
13777
13801
14526
13778
13802
14527
13779
13803
14528
13780
13804
14529
13781
13805
14530
13782
13806
14531
13783
13807
14532
13784
13808
14533
13785
13809
14534
13786
13810
14535
13787
13811
14536
13788
13812
14537
13789
13813
14538
13790
13814
14539
13791
13815
14540
13792
13816
14541
13793
13817
14542
13794
13818
14543
13795
13819
14544
13796
13820
14545
13797
13821
14546
13798
13822
14547
13799
13823
14548
13824
14549
13801
13825
14550
13802
13826
14551
13803
13827
14552
13804
13828
14553
13805
13829
14554
13806
13830
14555
13807
13831
14556
13808
13832
14557
13809
13833
14558
13810
13834
14559
13811
13835
14560
13812
13836
14561
13813
13837
14562
13814
13838
14563
13815
13839
14564
13816
13840
14565
13817
13841
14566
13818
13842
14567
13819
13843
14568
13820
13844
14569
13821
13845
14570
13822
13846
14571
13823
13847
14572
13824
13848
14573
13849
14574
13826
13850
14575
13827
13851
14576
13828
13852
14577
13829
13853
14578
13830
13854
14579
13831
13855
14580
13832
13856
14581
13833
13857
14582
13834
13858
14583
13835
13859
14584
13836
13860
14585
13837
13861
14586
13838
13862
14587
13839
13863
14588
13840
13864
14589
13841
13865
14590
13842
13866
14591
13843
13867
14592
13844
13868
14593
13845
13869
14594
13846
13870
14595
13847
13871
14596
13848
13872
14597
13849
13873
14598
13874
14599
13851
13875
14600
13852
13876
14601
13853
13877
14602
13854
13878
14603
13855
13879
14604
13856
13880
14605
13857
13881
14606
13858
13882
14607
13859
13883
14608
13860
13884
14609
13861
13885
14610
13862
13886
14611
13863
13887
14612
13864
13888
14613
13865
13889
14614
13866
13890
14615
13867
13891
14616
13868
13892
14617
13869
13893
14618
13870
13894
14619
13871
13895
14620
13872
13896
14621
13873
13897
14622
13874
13898
14623
13899
14624
13876
13900
14625
13877
13901
14626
13878
13902
14627
13879
13903
14628
13880
13904
14629
13881
13905
14630
13882
13906
14631
13883
13907
14632
13884
13908
14633
13885
13909
14634
13886
13910
14635
13887
13911
14636
13888
13912
14637
13889
13913
14638
13890
13914
14639
13891
13915
14640
13892
13916
14641
13893
13917
14642
13894
13918
14643
13895
13919
14644
13896
13920
14645
13897
13921
14646
13898
13922
14647
13899
13923
14648
13924
14649
13901
13925
14650
13902
13926
14651
13903
13927
14652
13904
13928
14653
13905
13929
14654
13906
13930
14655
13907
13931
14656
13908
13932
14657
13909
13933
14658
13910
13934
14659
13911
13935
14660
13912
13936
14661
13913
13937
14662
13914
13938
14663
13915
13939
14664
13916
13940
14665
13917
13941
14666
13918
13942
14667
13919
13943
14668
13920
13944
14669
13921
13945
14670
13922
13946
14671
13923
13947
14672
13924
13948
14673
13949
14674
13926
13950
14675
13927
13951
14676
13928
13952
14677
13929
13953
14678
13930
13954
14679
13931
13955
14680
13932
13956
14681
13933
13957
14682
13934
13958
14683
13935
13959
14684
13936
13960
14685
13937
13961
14686
13938
13962
14687
13939
13963
14688
13940
13964
14689
13941
13965
14690
13942
13966
14691
13943
13967
14692
13944
13968
14693
13945
13969
14694
13946
13970
14695
13947
13971
14696
13948
13972
14697
13949
13973
14698
13974
14699
13951
13975
14700
13952
13976
14701
13953
13977
14702
13954
13978
14703
13955
13979
14704
13956
13980
14705
13957
13981
14706
13958
13982
14707
13959
13983
14708
13960
13984
14709
13961
13985
14710
13962
13986
14711
13963
13987
14712
13964
13988
14713
13965
13989
14714
13966
13990
14715
13967
13991
14716
13968
13992
14717
13969
13993
14718
13970
13994
14719
13971
13995
14720
13972
13996
14721
13973
13997
14722
13974
13998
14723
13999
14724
13976
14000
14725
13977
14001
14726
13978
14002
14727
13979
14003
14728
13980
14004
14729
13981
14005
14730
13982
14006
14731
13983
14007
14732
13984
14008
14733
13985
14009
14734
13986
14010
14735
13987
14011
14736
13988
14012
14737
13989
14013
14738
13990
14014
14739
13991
14015
14740
13992
14016
14741
13993
14017
14742
13994
14018
14743
13995
14019
14744
13996
14020
14745
13997
14021
14746
13998
14022
14747
13999
14023
14748
14024
14749
14001
14025
14750
14002
14026
14751
14003
14027
14752
14004
14028
14753
14005
14029
14754
14006
14030
14755
14007
14031
14756
14008
14032
14757
14009
14033
14758
14010
14034
14759
14011
14035
14760
14012
14036
14761
14013
14037
14762
14014
14038
14763
14015
14039
14764
14016
14040
14765
14017
14041
14766
14018
14042
14767
14019
14043
14768
14020
14044
14769
14021
14045
14770
14022
14046
14771
14023
14047
14772
14024
14048
14773
14049
14774
14026
14050
14775
14027
14051
14776
14028
14052
14777
14029
14053
14778
14030
14054
14779
14031
14055
14780
14032
14056
14781
14033
14057
14782
14034
14058
14783
14035
14059
14784
14036
14060
14785
14037
14061
14786
14038
14062
14787
14039
14063
14788
14040
14064
14789
14041
14065
14790
14042
14066
14791
14043
14067
14792
14044
14068
14793
14045
14069
14794
14046
14070
14795
14047
14071
14796
14048
14072
14797
14049
14073
14798
14074
14799
14051
14075
14800
14052
14076
14801
14053
14077
14802
14054
14078
14803
14055
14079
14804
14056
14080
14805
14057
14081
14806
14058
14082
14807
14059
14083
14808
14060
14084
14809
14061
14085
14810
14062
14086
14811
14063
14087
14812
14064
14088
14813
14065
14089
14814
14066
14090
14815
14067
14091
14816
14068
14092
14817
14069
14093
14818
14070
14094
14819
14071
14095
14820
14072
14096
14821
14073
14097
14822
14074
14098
14823
14099
14824
14076
14100
14825
14077
14101
14826
14078
14102
14827
14079
14103
14828
14080
14104
14829
14081
14105
14830
14082
14106
14831
14083
14107
14832
14084
14108
14833
14085
14109
14834
14086
14110
14835
14087
14111
14836
14088
14112
14837
14089
14113
14838
14090
14114
14839
14091
14115
14840
14092
14116
14841
14093
14117
14842
14094
14118
14843
14095
14119
14844
14096
14120
14845
14097
14121
14846
14098
14122
14847
14099
14123
14848
14124
14849
14101
14125
14850
14102
14126
14851
14103
14127
14852
14104
14128
14853
14105
14129
14854
14106
14130
14855
14107
14131
14856
14108
14132
14857
14109
14133
14858
14110
14134
14859
14111
14135
14860
14112
14136
14861
14113
14137
14862
14114
14138
14863
14115
14139
14864
14116
14140
14865
14117
14141
14866
14118
14142
14867
14119
14143
14868
14120
14144
14869
14121
14145
14870
14122
14146
14871
14123
14147
14872
14124
14148
14873
14149
14874
14126
14150
14875
14127
14151
14876
14128
14152
14877
14129
14153
14878
14130
14154
14879
14131
14155
14880
14132
14156
14881
14133
14157
14882
14134
14158
14883
14135
14159
14884
14136
14160
14885
14137
14161
14886
14138
14162
14887
14139
14163
14888
14140
14164
14889
14141
14165
14890
14142
14166
14891
14143
14167
14892
14144
14168
14893
14145
14169
14894
14146
14170
14895
14147
14171
14896
14148
14172
14897
14149
14173
14898
14174
14899
14151
14175
14900
14152
14176
14901
14153
14177
14902
14154
14178
14903
14155
14179
14904
14156
14180
14905
14157
14181
14906
14158
14182
14907
14159
14183
14908
14160
14184
14909
14161
14185
14910
14162
14186
14911
14163
14187
14912
14164
14188
14913
14165
14189
14914
14166
14190
14915
14167
14191
14916
14168
14192
14917
14169
14193
14918
14170
14194
14919
14171
14195
14920
14172
14196
14921
14173
14197
14922
14174
14198
14923
14199
14924
14176
14200
14925
14177
14201
14926
14178
14202
14927
14179
14203
14928
14180
14204
14929
14181
14205
14930
14182
14206
14931
14183
14207
14932
14184
14208
14933
14185
14209
14934
14186
14210
14935
14187
14211
14936
14188
14212
14937
14189
14213
14938
14190
14214
14939
14191
14215
14940
14192
14216
14941
14193
14217
14942
14194
14218
14943
14195
14219
14944
14196
14220
14945
14197
14221
14946
14198
14222
14947
14199
14223
14948
14224
14949
14201
14225
14950
14202
14226
14951
14203
14227
14952
14204
14228
14953
14205
14229
14954
14206
14230
14955
14207
14231
14956
14208
14232
14957
14209
14233
14958
14210
14234
14959
14211
14235
14960
14212
14236
14961
14213
14237
14962
14214
14238
14963
14215
14239
14964
14216
14240
14965
14217
14241
14966
14218
14242
14967
14219
14243
14968
14220
14244
14969
14221
14245
14970
14222
14246
14971
14223
14247
14972
14224
14248
14973
14249
14974
14226
14975
14227
14976
14228
14977
14229
14978
14230
14979
14231
14980
14232
14981
14233
14982
14234
14983
14235
14984
14236
14985
14237
14986
14238
14987
14239
14988
14240
14989
14241
14990
14242
14991
14243
14992
14244
14993
14245
14994
14246
14995
14247
14996
14248
14997
14249
14998
14999
14251
14275
15000
14252
14276
15001
14253
14277
15002
14254
14278
15003
14255
14279
15004
14256
14280
15005
14257
14281
15006
14258
14282
15007
14259
14283
15008
14260
14284
15009
14261
14285
15010
14262
14286
15011
14263
14287
15012
14264
14288
15013
14265
14289
15014
14266
14290
15015
14267
14291
15016
14268
14292
15017
14269
14293
15018
14270
14294
15019
14271
14295
15020
14272
14296
15021
14273
14297
15022
14274
14298
15023
14299
15024
14276
14300
15025
14277
14301
15026
14278
14302
15027
14279
14303
15028
14280
14304
15029
14281
14305
15030
14282
14306
15031
14283
14307
15032
14284
14308
15033
14285
14309
15034
14286
14310
15035
14287
14311
15036
14288
14312
15037
14289
14313
15038
14290
14314
15039
14291
14315
15040
14292
14316
15041
14293
14317
15042
14294
14318
15043
14295
14319
15044
14296
14320
15045
14297
14321
15046
14298
14322
15047
14299
14323
15048
14324
15049
14301
14325
15050
14302
14326
15051
14303
14327
15052
14304
14328
15053
14305
14329
15054
14306
14330
15055
14307
14331
15056
14308
14332
15057
14309
14333
15058
14310
14334
15059
14311
14335
15060
14312
14336
15061
14313
14337
15062
14314
14338
15063
14315
14339
15064
14316
14340
15065
14317
14341
15066
14318
14342
15067
14319
14343
15068
14320
14344
15069
14321
14345
15070
14322
14346
15071
14323
14347
15072
14324
14348
15073
14349
15074
14326
14350
15075
14327
14351
15076
14328
14352
15077
14329
14353
15078
14330
14354
15079
14331
14355
15080
14332
14356
15081
14333
14357
15082
14334
14358
15083
14335
14359
15084
14336
14360
15085
14337
14361
15086
14338
14362
15087
14339
14363
15088
14340
14364
15089
14341
14365
15090
14342
14366
15091
14343
14367
15092
14344
14368
15093
14345
14369
15094
14346
14370
15095
14347
14371
15096
14348
14372
15097
14349
14373
15098
14374
15099
14351
14375
15100
14352
14376
15101
14353
14377
15102
14354
14378
15103
14355
14379
15104
14356
14380
15105
14357
14381
15106
14358
14382
15107
14359
14383
15108
14360
14384
15109
14361
14385
15110
14362
14386
15111
14363
14387
15112
14364
14388
15113
14365
14389
15114
14366
14390
15115
14367
14391
15116
14368
14392
15117
14369
14393
15118
14370
14394
15119
14371
14395
15120
14372
14396
15121
14373
14397
15122
14374
14398
15123
14399
15124
14376
14400
15125
14377
14401
15126
14378
14402
15127
14379
14403
15128
14380
14404
15129
14381
14405
15130
14382
14406
15131
14383
14407
15132
14384
14408
15133
14385
14409
15134
14386
14410
15135
14387
14411
15136
14388
14412
15137
14389
14413
15138
14390
14414
15139
14391
14415
15140
14392
14416
15141
14393
14417
15142
14394
14418
15143
14395
14419
15144
14396
14420
15145
14397
14421
15146
14398
14422
15147
14399
14423
15148
14424
15149
14401
14425
15150
14402
14426
15151
14403
14427
15152
14404
14428
15153
14405
14429
15154
14406
14430
15155
14407
14431
15156
14408
14432
15157
14409
14433
15158
14410
14434
15159
14411
14435
15160
14412
14436
15161
14413
14437
15162
14414
14438
15163
14415
14439
15164
14416
14440
15165
14417
14441
15166
14418
14442
15167
14419
14443
15168
14420
14444
15169
14421
14445
15170
14422
14446
15171
14423
14447
15172
14424
14448
15173
14449
15174
14426
14450
15175
14427
14451
15176
14428
14452
15177
14429
14453
15178
14430
14454
15179
14431
14455
15180
14432
14456
15181
14433
14457
15182
14434
14458
15183
14435
14459
15184
14436
14460
15185
14437
14461
15186
14438
14462
15187
14439
14463
15188
14440
14464
15189
14441
14465
15190
14442
14466
15191
14443
14467
15192
14444
14468
15193
14445
14469
15194
14446
14470
15195
14447
14471
15196
14448
14472
15197
14449
14473
15198
14474
15199
14451
14475
15200
14452
14476
15201
14453
14477
15202
14454
14478
15203
14455
14479
15204
14456
14480
15205
14457
14481
15206
14458
14482
15207
14459
14483
15208
14460
14484
15209
14461
14485
15210
14462
14486
15211
14463
14487
15212
14464
14488
15213
14465
14489
15214
14466
14490
15215
14467
14491
15216
14468
14492
15217
14469
14493
15218
14470
14494
15219
14471
14495
15220
14472
14496
15221
14473
14497
15222
14474
14498
15223
14499
15224
14476
14500
15225
14477
14501
15226
14478
14502
15227
14479
14503
15228
14480
14504
15229
14481
14505
15230
14482
14506
15231
14483
14507
15232
14484
14508
15233
14485
14509
15234
14486
14510
15235
14487
14511
15236
14488
14512
15237
14489
14513
15238
14490
14514
15239
14491
14515
15240
14492
14516
15241
14493
14517
15242
14494
14518
15243
14495
14519
15244
14496
14520
15245
14497
14521
15246
14498
14522
15247
14499
14523
15248
14524
15249
14501
14525
15250
14502
14526
15251
14503
14527
15252
14504
14528
15253
14505
14529
15254
14506
14530
15255
14507
14531
15256
14508
14532
15257
14509
14533
15258
14510
14534
15259
14511
14535
15260
14512
14536
15261
14513
14537
15262
14514
14538
15263
14515
14539
15264
14516
14540
15265
14517
14541
15266
14518
14542
15267
14519
14543
15268
14520
14544
15269
14521
14545
15270
14522
14546
15271
14523
14547
15272
14524
14548
15273
14549
15274
14526
14550
15275
14527
14551
15276
14528
14552
15277
14529
14553
15278
14530
14554
15279
14531
14555
15280
14532
14556
15281
14533
14557
15282
14534
14558
15283
14535
14559
15284
14536
14560
15285
14537
14561
15286
14538
14562
15287
14539
14563
15288
14540
14564
15289
14541
14565
15290
14542
14566
15291
14543
14567
15292
14544
14568
15293
14545
14569
15294
14546
14570
15295
14547
14571
15296
14548
14572
15297
14549
14573
15298
14574
15299
14551
14575
15300
14552
14576
15301
14553
14577
15302
14554
14578
15303
14555
14579
15304
14556
14580
15305
14557
14581
15306
14558
14582
15307
14559
14583
15308
14560
14584
15309
14561
14585
15310
14562
14586
15311
14563
14587
15312
14564
14588
15313
14565
14589
15314
14566
14590
15315
14567
14591
15316
14568
14592
15317
14569
14593
15318
14570
14594
15319
14571
14595
15320
14572
14596
15321
14573
14597
15322
14574
14598
15323
14599
15324
14576
14600
15325
14577
14601
15326
14578
14602
15327
14579
14603
15328
14580
14604
15329
14581
14605
15330
14582
14606
15331
14583
14607
15332
14584
14608
15333
14585
14609
15334
14586
14610
15335
14587
14611
15336
14588
14612
15337
14589
14613
15338
14590
14614
15339
14591
14615
15340
14592
14616
15341
14593
14617
15342
14594
14618
15343
14595
14619
15344
14596
14620
15345
14597
14621
15346
14598
14622
15347
14599
14623
15348
14624
15349
14601
14625
15350
14602
14626
15351
14603
14627
15352
14604
14628
15353
14605
14629
15354
14606
14630
15355
14607
14631
15356
14608
14632
15357
14609
14633
15358
14610
14634
15359
14611
14635
15360
14612
14636
15361
14613
14637
15362
14614
14638
15363
14615
14639
15364
14616
14640
15365
14617
14641
15366
14618
14642
15367
14619
14643
15368
14620
14644
15369
14621
14645
15370
14622
14646
15371
14623
14647
15372
14624
14648
15373
14649
15374
14626
14650
15375
14627
14651
15376
14628
14652
15377
14629
14653
15378
14630
14654
15379
14631
14655
15380
14632
14656
15381
14633
14657
15382
14634
14658
15383
14635
14659
15384
14636
14660
15385
14637
14661
15386
14638
14662
15387
14639
14663
15388
14640
14664
15389
14641
14665
15390
14642
14666
15391
14643
14667
15392
14644
14668
15393
14645
14669
15394
14646
14670
15395
14647
14671
15396
14648
14672
15397
14649
14673
15398
14674
15399
14651
14675
15400
14652
14676
15401
14653
14677
15402
14654
14678
15403
14655
14679
15404
14656
14680
15405
14657
14681
15406
14658
14682
15407
14659
14683
15408
14660
14684
15409
14661
14685
15410
14662
14686
15411
14663
14687
15412
14664
14688
15413
14665
14689
15414
14666
14690
15415
14667
14691
15416
14668
14692
15417
14669
14693
15418
14670
14694
15419
14671
14695
15420
14672
14696
15421
14673
14697
15422
14674
14698
15423
14699
15424
14676
14700
15425
14677
14701
15426
14678
14702
15427
14679
14703
15428
14680
14704
15429
14681
14705
15430
14682
14706
15431
14683
14707
15432
14684
14708
15433
14685
14709
15434
14686
14710
15435
14687
14711
15436
14688
14712
15437
14689
14713
15438
14690
14714
15439
14691
14715
15440
14692
14716
15441
14693
14717
15442
14694
14718
15443
14695
14719
15444
14696
14720
15445
14697
14721
15446
14698
14722
15447
14699
14723
15448
14724
15449
14701
14725
15450
14702
14726
15451
14703
14727
15452
14704
14728
15453
14705
14729
15454
14706
14730
15455
14707
14731
15456
14708
14732
15457
14709
14733
15458
14710
14734
15459
14711
14735
15460
14712
14736
15461
14713
14737
15462
14714
14738
15463
14715
14739
15464
14716
14740
15465
14717
14741
15466
14718
14742
15467
14719
14743
15468
14720
14744
15469
14721
14745
15470
14722
14746
15471
14723
14747
15472
14724
14748
15473
14749
15474
14726
14750
15475
14727
14751
15476
14728
14752
15477
14729
14753
15478
14730
14754
15479
14731
14755
15480
14732
14756
15481
14733
14757
15482
14734
14758
15483
14735
14759
15484
14736
14760
15485
14737
14761
15486
14738
14762
15487
14739
14763
15488
14740
14764
15489
14741
14765
15490
14742
14766
15491
14743
14767
15492
14744
14768
15493
14745
14769
15494
14746
14770
15495
14747
14771
15496
14748
14772
15497
14749
14773
15498
14774
15499
14751
14775
15500
14752
14776
15501
14753
14777
15502
14754
14778
15503
14755
14779
15504
14756
14780
15505
14757
14781
15506
14758
14782
15507
14759
14783
15508
14760
14784
15509
14761
14785
15510
14762
14786
15511
14763
14787
15512
14764
14788
15513
14765
14789
15514
14766
14790
15515
14767
14791
15516
14768
14792
15517
14769
14793
15518
14770
14794
15519
14771
14795
15520
14772
14796
15521
14773
14797
15522
14774
14798
15523
14799
15524
14776
14800
15525
14777
14801
15526
14778
14802
15527
14779
14803
15528
14780
14804
15529
14781
14805
15530
14782
14806
15531
14783
14807
15532
14784
14808
15533
14785
14809
15534
14786
14810
15535
14787
14811
15536
14788
14812
15537
14789
14813
15538
14790
14814
15539
14791
14815
15540
14792
14816
15541
14793
14817
15542
14794
14818
15543
14795
14819
15544
14796
14820
15545
14797
14821
15546
14798
14822
15547
14799
14823
15548
14824
15549
14801
14825
15550
14802
14826
15551
14803
14827
15552
14804
14828
15553
14805
14829
15554
14806
14830
15555
14807
14831
15556
14808
14832
15557
14809
14833
15558
14810
14834
15559
14811
14835
15560
14812
14836
15561
14813
14837
15562
14814
14838
15563
14815
14839
15564
14816
14840
15565
14817
14841
15566
14818
14842
15567
14819
14843
15568
14820
14844
15569
14821
14845
15570
14822
14846
15571
14823
14847
15572
14824
14848
15573
14849
15574
14826
14850
15575
14827
14851
15576
14828
14852
15577
14829
14853
15578
14830
14854
15579
14831
14855
15580
14832
14856
15581
14833
14857
15582
14834
14858
15583
14835
14859
15584
14836
14860
15585
14837
14861
15586
14838
14862
15587
14839
14863
15588
14840
14864
15589
14841
14865
15590
14842
14866
15591
14843
14867
15592
14844
14868
15593
14845
14869
15594
14846
14870
15595
14847
14871
15596
14848
14872
15597
14849
14873
15598
14874
15599
14851
14875
15600
14852
14876
15601
14853
14877
15602
14854
14878
15603
14855
14879
15604
14856
14880
15605
14857
14881
15606
14858
14882
15607
14859
14883
15608
14860
14884
15609
14861
14885
15610
14862
14886
15611
14863
14887
15612
14864
14888
15613
14865
14889
15614
14866
14890
15615
14867
14891
15616
14868
14892
15617
14869
14893
15618
14870
14894
15619
14871
14895
15620
14872
14896
15621
14873
14897
15622
14874
14898
15623
14899
15624
14876
14900
15625
14877
14901
15626
14878
14902
15627
14879
14903
15628
14880
14904
15629
14881
14905
15630
14882
14906
15631
14883
14907
15632
14884
14908
15633
14885
14909
15634
14886
14910
15635
14887
14911
15636
14888
14912
15637
14889
14913
15638
14890
14914
15639
14891
14915
15640
14892
14916
15641
14893
14917
15642
14894
14918
15643
14895
14919
15644
14896
14920
15645
14897
14921
15646
14898
14922
15647
14899
14923
15648
14924
15649
14901
14925
15650
14902
14926
15651
14903
14927
15652
14904
14928
15653
14905
14929
15654
14906
14930
15655
14907
14931
15656
14908
14932
15657
14909
14933
15658
14910
14934
15659
14911
14935
15660
14912
14936
15661
14913
14937
15662
14914
14938
15663
14915
14939
15664
14916
14940
15665
14917
14941
15666
14918
14942
15667
14919
14943
15668
14920
14944
15669
14921
14945
15670
14922
14946
15671
14923
14947
15672
14924
14948
15673
14949
15674
14926
14950
15675
14927
14951
15676
14928
14952
15677
14929
14953
15678
14930
14954
15679
14931
14955
15680
14932
14956
15681
14933
14957
15682
14934
14958
15683
14935
14959
15684
14936
14960
15685
14937
14961
15686
14938
14962
15687
14939
14963
15688
14940
14964
15689
14941
14965
15690
14942
14966
15691
14943
14967
15692
14944
14968
15693
14945
14969
15694
14946
14970
15695
14947
14971
15696
14948
14972
15697
14949
14973
15698
14974
15699
14951
14975
15700
14952
14976
15701
14953
14977
15702
14954
14978
15703
14955
14979
15704
14956
14980
15705
14957
14981
15706
14958
14982
15707
14959
14983
15708
14960
14984
15709
14961
14985
15710
14962
14986
15711
14963
14987
15712
14964
14988
15713
14965
14989
15714
14966
14990
15715
14967
14991
15716
14968
14992
15717
14969
14993
15718
14970
14994
15719
14971
14995
15720
14972
14996
15721
14973
14997
15722
14974
14998
15723
14999
15724
14976
15725
14977
15726
14978
15727
14979
15728
14980
15729
14981
15730
14982
15731
14983
15732
14984
15733
14985
15734
14986
15735
14987
15736
14988
15737
14989
15738
14990
15739
14991
15740
14992
15741
14993
15742
14994
15743
14995
15744
14996
15745
14997
15746
14998
15747
14999
15748
15749
15001
15025
15750
15002
15026
15751
15003
15027
15752
15004
15028
15753
15005
15029
15754
15006
15030
15755
15007
15031
15756
15008
15032
15757
15009
15033
15758
15010
15034
15759
15011
15035
15760
15012
15036
15761
15013
15037
15762
15014
15038
15763
15015
15039
15764
15016
15040
15765
15017
15041
15766
15018
15042
15767
15019
15043
15768
15020
15044
15769
15021
15045
15770
15022
15046
15771
15023
15047
15772
15024
15048
15773
15049
15774
15026
15050
15775
15027
15051
15776
15028
15052
15777
15029
15053
15778
15030
15054
15779
15031
15055
15780
15032
15056
15781
15033
15057
15782
15034
15058
15783
15035
15059
15784
15036
15060
15785
15037
15061
15786
15038
15062
15787
15039
15063
15788
15040
15064
15789
15041
15065
15790
15042
15066
15791
15043
15067
15792
15044
15068
15793
15045
15069
15794
15046
15070
15795
15047
15071
15796
15048
15072
15797
15049
15073
15798
15074
15799
15051
15075
15800
15052
15076
15801
15053
15077
15802
15054
15078
15803
15055
15079
15804
15056
15080
15805
15057
15081
15806
15058
15082
15807
15059
15083
15808
15060
15084
15809
15061
15085
15810
15062
15086
15811
15063
15087
15812
15064
15088
15813
15065
15089
15814
15066
15090
15815
15067
15091
15816
15068
15092
15817
15069
15093
15818
15070
15094
15819
15071
15095
15820
15072
15096
15821
15073
15097
15822
15074
15098
15823
15099
15824
15076
15100
15825
15077
15101
15826
15078
15102
15827
15079
15103
15828
15080
15104
15829
15081
15105
15830
15082
15106
15831
15083
15107
15832
15084
15108
15833
15085
15109
15834
15086
15110
15835
15087
15111
15836
15088
15112
15837
15089
15113
15838
15090
15114
15839
15091
15115
15840
15092
15116
15841
15093
15117
15842
15094
15118
15843
15095
15119
15844
15096
15120
15845
15097
15121
15846
15098
15122
15847
15099
15123
15848
15124
15849
15101
15125
15850
15102
15126
15851
15103
15127
15852
15104
15128
15853
15105
15129
15854
15106
15130
15855
15107
15131
15856
15108
15132
15857
15109
15133
15858
15110
15134
15859
15111
15135
15860
15112
15136
15861
15113
15137
15862
15114
15138
15863
15115
15139
15864
15116
15140
15865
15117
15141
15866
15118
15142
15867
15119
15143
15868
15120
15144
15869
15121
15145
15870
15122
15146
15871
15123
15147
15872
15124
15148
15873
15149
15874
15126
15150
15875
15127
15151
15876
15128
15152
15877
15129
15153
15878
15130
15154
15879
15131
15155
15880
15132
15156
15881
15133
15157
15882
15134
15158
15883
15135
15159
15884
15136
15160
15885
15137
15161
15886
15138
15162
15887
15139
15163
15888
15140
15164
15889
15141
15165
15890
15142
15166
15891
15143
15167
15892
15144
15168
15893
15145
15169
15894
15146
15170
15895
15147
15171
15896
15148
15172
15897
15149
15173
15898
15174
15899
15151
15175
15900
15152
15176
15901
15153
15177
15902
15154
15178
15903
15155
15179
15904
15156
15180
15905
15157
15181
15906
15158
15182
15907
15159
15183
15908
15160
15184
15909
15161
15185
15910
15162
15186
15911
15163
15187
15912
15164
15188
15913
15165
15189
15914
15166
15190
15915
15167
15191
15916
15168
15192
15917
15169
15193
15918
15170
15194
15919
15171
15195
15920
15172
15196
15921
15173
15197
15922
15174
15198
15923
15199
15924
15176
15200
15925
15177
15201
15926
15178
15202
15927
15179
15203
15928
15180
15204
15929
15181
15205
15930
15182
15206
15931
15183
15207
15932
15184
15208
15933
15185
15209
15934
15186
15210
15935
15187
15211
15936
15188
15212
15937
15189
15213
15938
15190
15214
15939
15191
15215
15940
15192
15216
15941
15193
15217
15942
15194
15218
15943
15195
15219
15944
15196
15220
15945
15197
15221
15946
15198
15222
15947
15199
15223
15948
15224
15949
15201
15225
15950
15202
15226
15951
15203
15227
15952
15204
15228
15953
15205
15229
15954
15206
15230
15955
15207
15231
15956
15208
15232
15957
15209
15233
15958
15210
15234
15959
15211
15235
15960
15212
15236
15961
15213
15237
15962
15214
15238
15963
15215
15239
15964
15216
15240
15965
15217
15241
15966
15218
15242
15967
15219
15243
15968
15220
15244
15969
15221
15245
15970
15222
15246
15971
15223
15247
15972
15224
15248
15973
15249
15974
15226
15250
15975
15227
15251
15976
15228
15252
15977
15229
15253
15978
15230
15254
15979
15231
15255
15980
15232
15256
15981
15233
15257
15982
15234
15258
15983
15235
15259
15984
15236
15260
15985
15237
15261
15986
15238
15262
15987
15239
15263
15988
15240
15264
15989
15241
15265
15990
15242
15266
15991
15243
15267
15992
15244
15268
15993
15245
15269
15994
15246
15270
15995
15247
15271
15996
15248
15272
15997
15249
15273
15998
15274
15999
15251
15275
16000
15252
15276
16001
15253
15277
16002
15254
15278
16003
15255
15279
16004
15256
15280
16005
15257
15281
16006
15258
15282
16007
15259
15283
16008
15260
15284
16009
15261
15285
16010
15262
15286
16011
15263
15287
16012
15264
15288
16013
15265
15289
16014
15266
15290
16015
15267
15291
16016
15268
15292
16017
15269
15293
16018
15270
15294
16019
15271
15295
16020
15272
15296
16021
15273
15297
16022
15274
15298
16023
15299
16024
15276
15300
16025
15277
15301
16026
15278
15302
16027
15279
15303
16028
15280
15304
16029
15281
15305
16030
15282
15306
16031
15283
15307
16032
15284
15308
16033
15285
15309
16034
15286
15310
16035
15287
15311
16036
15288
15312
16037
15289
15313
16038
15290
15314
16039
15291
15315
16040
15292
15316
16041
15293
15317
16042
15294
15318
16043
15295
15319
16044
15296
15320
16045
15297
15321
16046
15298
15322
16047
15299
15323
16048
15324
16049
15301
15325
16050
15302
15326
16051
15303
15327
16052
15304
15328
16053
15305
15329
16054
15306
15330
16055
15307
15331
16056
15308
15332
16057
15309
15333
16058
15310
15334
16059
15311
15335
16060
15312
15336
16061
15313
15337
16062
15314
15338
16063
15315
15339
16064
15316
15340
16065
15317
15341
16066
15318
15342
16067
15319
15343
16068
15320
15344
16069
15321
15345
16070
15322
15346
16071
15323
15347
16072
15324
15348
16073
15349
16074
15326
15350
16075
15327
15351
16076
15328
15352
16077
15329
15353
16078
15330
15354
16079
15331
15355
16080
15332
15356
16081
15333
15357
16082
15334
15358
16083
15335
15359
16084
15336
15360
16085
15337
15361
16086
15338
15362
16087
15339
15363
16088
15340
15364
16089
15341
15365
16090
15342
15366
16091
15343
15367
16092
15344
15368
16093
15345
15369
16094
15346
15370
16095
15347
15371
16096
15348
15372
16097
15349
15373
16098
15374
16099
15351
15375
16100
15352
15376
16101
15353
15377
16102
15354
15378
16103
15355
15379
16104
15356
15380
16105
15357
15381
16106
15358
15382
16107
15359
15383
16108
15360
15384
16109
15361
15385
16110
15362
15386
16111
15363
15387
16112
15364
15388
16113
15365
15389
16114
15366
15390
16115
15367
15391
16116
15368
15392
16117
15369
15393
16118
15370
15394
16119
15371
15395
16120
15372
15396
16121
15373
15397
16122
15374
15398
16123
15399
16124
15376
15400
16125
15377
15401
16126
15378
15402
16127
15379
15403
16128
15380
15404
16129
15381
15405
16130
15382
15406
16131
15383
15407
16132
15384
15408
16133
15385
15409
16134
15386
15410
16135
15387
15411
16136
15388
15412
16137
15389
15413
16138
15390
15414
16139
15391
15415
16140
15392
15416
16141
15393
15417
16142
15394
15418
16143
15395
15419
16144
15396
15420
16145
15397
15421
16146
15398
15422
16147
15399
15423
16148
15424
16149
15401
15425
16150
15402
15426
16151
15403
15427
16152
15404
15428
16153
15405
15429
16154
15406
15430
16155
15407
15431
16156
15408
15432
16157
15409
15433
16158
15410
15434
16159
15411
15435
16160
15412
15436
16161
15413
15437
16162
15414
15438
16163
15415
15439
16164
15416
15440
16165
15417
15441
16166
15418
15442
16167
15419
15443
16168
15420
15444
16169
15421
15445
16170
15422
15446
16171
15423
15447
16172
15424
15448
16173
15449
16174
15426
15450
16175
15427
15451
16176
15428
15452
16177
15429
15453
16178
15430
15454
16179
15431
15455
16180
15432
15456
16181
15433
15457
16182
15434
15458
16183
15435
15459
16184
15436
15460
16185
15437
15461
16186
15438
15462
16187
15439
15463
16188
15440
15464
16189
15441
15465
16190
15442
15466
16191
15443
15467
16192
15444
15468
16193
15445
15469
16194
15446
15470
16195
15447
15471
16196
15448
15472
16197
15449
15473
16198
15474
16199
15451
15475
16200
15452
15476
16201
15453
15477
16202
15454
15478
16203
15455
15479
16204
15456
15480
16205
15457
15481
16206
15458
15482
16207
15459
15483
16208
15460
15484
16209
15461
15485
16210
15462
15486
16211
15463
15487
16212
15464
15488
16213
15465
15489
16214
15466
15490
16215
15467
15491
16216
15468
15492
16217
15469
15493
16218
15470
15494
16219
15471
15495
16220
15472
15496
16221
15473
15497
16222
15474
15498
16223
15499
16224
15476
15500
16225
15477
15501
16226
15478
15502
16227
15479
15503
16228
15480
15504
16229
15481
15505
16230
15482
15506
16231
15483
15507
16232
15484
15508
16233
15485
15509
16234
15486
15510
16235
15487
15511
16236
15488
15512
16237
15489
15513
16238
15490
15514
16239
15491
15515
16240
15492
15516
16241
15493
15517
16242
15494
15518
16243
15495
15519
16244
15496
15520
16245
15497
15521
16246
15498
15522
16247
15499
15523
16248
15524
16249
15501
15525
16250
15502
15526
16251
15503
15527
16252
15504
15528
16253
15505
15529
16254
15506
15530
16255
15507
15531
16256
15508
15532
16257
15509
15533
16258
15510
15534
16259
15511
15535
16260
15512
15536
16261
15513
15537
16262
15514
15538
16263
15515
15539
16264
15516
15540
16265
15517
15541
16266
15518
15542
16267
15519
15543
16268
15520
15544
16269
15521
15545
16270
15522
15546
16271
15523
15547
16272
15524
15548
16273
15549
16274
15526
15550
16275
15527
15551
16276
15528
15552
16277
15529
15553
16278
15530
15554
16279
15531
15555
16280
15532
15556
16281
15533
15557
16282
15534
15558
16283
15535
15559
16284
15536
15560
16285
15537
15561
16286
15538
15562
16287
15539
15563
16288
15540
15564
16289
15541
15565
16290
15542
15566
16291
15543
15567
16292
15544
15568
16293
15545
15569
16294
15546
15570
16295
15547
15571
16296
15548
15572
16297
15549
15573
16298
15574
16299
15551
15575
16300
15552
15576
16301
15553
15577
16302
15554
15578
16303
15555
15579
16304
15556
15580
16305
15557
15581
16306
15558
15582
16307
15559
15583
16308
15560
15584
16309
15561
15585
16310
15562
15586
16311
15563
15587
16312
15564
15588
16313
15565
15589
16314
15566
15590
16315
15567
15591
16316
15568
15592
16317
15569
15593
16318
15570
15594
16319
15571
15595
16320
15572
15596
16321
15573
15597
16322
15574
15598
16323
15599
16324
15576
15600
16325
15577
15601
16326
15578
15602
16327
15579
15603
16328
15580
15604
16329
15581
15605
16330
15582
15606
16331
15583
15607
16332
15584
15608
16333
15585
15609
16334
15586
15610
16335
15587
15611
16336
15588
15612
16337
15589
15613
16338
15590
15614
16339
15591
15615
16340
15592
15616
16341
15593
15617
16342
15594
15618
16343
15595
15619
16344
15596
15620
16345
15597
15621
16346
15598
15622
16347
15599
15623
16348
15624
16349
15601
15625
16350
15602
15626
16351
15603
15627
16352
15604
15628
16353
15605
15629
16354
15606
15630
16355
15607
15631
16356
15608
15632
16357
15609
15633
16358
15610
15634
16359
15611
15635
16360
15612
15636
16361
15613
15637
16362
15614
15638
16363
15615
15639
16364
15616
15640
16365
15617
15641
16366
15618
15642
16367
15619
15643
16368
15620
15644
16369
15621
15645
16370
15622
15646
16371
15623
15647
16372
15624
15648
16373
15649
16374
15626
15650
16375
15627
15651
16376
15628
15652
16377
15629
15653
16378
15630
15654
16379
15631
15655
16380
15632
15656
16381
15633
15657
16382
15634
15658
16383
15635
15659
16384
15636
15660
16385
15637
15661
16386
15638
15662
16387
15639
15663
16388
15640
15664
16389
15641
15665
16390
15642
15666
16391
15643
15667
16392
15644
15668
16393
15645
15669
16394
15646
15670
16395
15647
15671
16396
15648
15672
16397
15649
15673
16398
15674
16399
15651
15675
16400
15652
15676
16401
15653
15677
16402
15654
15678
16403
15655
15679
16404
15656
15680
16405
15657
15681
16406
15658
15682
16407
15659
15683
16408
15660
15684
16409
15661
15685
16410
15662
15686
16411
15663
15687
16412
15664
15688
16413
15665
15689
16414
15666
15690
16415
15667
15691
16416
15668
15692
16417
15669
15693
16418
15670
15694
16419
15671
15695
16420
15672
15696
16421
15673
15697
16422
15674
15698
16423
15699
16424
15676
15700
16425
15677
15701
16426
15678
15702
16427
15679
15703
16428
15680
15704
16429
15681
15705
16430
15682
15706
16431
15683
15707
16432
15684
15708
16433
15685
15709
16434
15686
15710
16435
15687
15711
16436
15688
15712
16437
15689
15713
16438
15690
15714
16439
15691
15715
16440
15692
15716
16441
15693
15717
16442
15694
15718
16443
15695
15719
16444
15696
15720
16445
15697
15721
16446
15698
15722
16447
15699
15723
16448
15724
16449
15701
15725
16450
15702
15726
16451
15703
15727
16452
15704
15728
16453
15705
15729
16454
15706
15730
16455
15707
15731
16456
15708
15732
16457
15709
15733
16458
15710
15734
16459
15711
15735
16460
15712
15736
16461
15713
15737
16462
15714
15738
16463
15715
15739
16464
15716
15740
16465
15717
15741
16466
15718
15742
16467
15719
15743
16468
15720
15744
16469
15721
15745
16470
15722
15746
16471
15723
15747
16472
15724
15748
16473
15749
16474
15726
16475
15727
16476
15728
16477
15729
16478
15730
16479
15731
16480
15732
16481
15733
16482
15734
16483
15735
16484
15736
16485
15737
16486
15738
16487
15739
16488
15740
16489
15741
16490
15742
16491
15743
16492
15744
16493
15745
16494
15746
16495
15747
16496
15748
16497
15749
16498
16499
15751
15775
16500
15752
15776
16501
15753
15777
16502
15754
15778
16503
15755
15779
16504
15756
15780
16505
15757
15781
16506
15758
15782
16507
15759
15783
16508
15760
15784
16509
15761
15785
16510
15762
15786
16511
15763
15787
16512
15764
15788
16513
15765
15789
16514
15766
15790
16515
15767
15791
16516
15768
15792
16517
15769
15793
16518
15770
15794
16519
15771
15795
16520
15772
15796
16521
15773
15797
16522
15774
15798
16523
15799
16524
15776
15800
16525
15777
15801
16526
15778
15802
16527
15779
15803
16528
15780
15804
16529
15781
15805
16530
15782
15806
16531
15783
15807
16532
15784
15808
16533
15785
15809
16534
15786
15810
16535
15787
15811
16536
15788
15812
16537
15789
15813
16538
15790
15814
16539
15791
15815
16540
15792
15816
16541
15793
15817
16542
15794
15818
16543
15795
15819
16544
15796
15820
16545
15797
15821
16546
15798
15822
16547
15799
15823
16548
15824
16549
15801
15825
16550
15802
15826
16551
15803
15827
16552
15804
15828
16553
15805
15829
16554
15806
15830
16555
15807
15831
16556
15808
15832
16557
15809
15833
16558
15810
15834
16559
15811
15835
16560
15812
15836
16561
15813
15837
16562
15814
15838
16563
15815
15839
16564
15816
15840
16565
15817
15841
16566
15818
15842
16567
15819
15843
16568
15820
15844
16569
15821
15845
16570
15822
15846
16571
15823
15847
16572
15824
15848
16573
15849
16574
15826
15850
16575
15827
15851
16576
15828
15852
16577
15829
15853
16578
15830
15854
16579
15831
15855
16580
15832
15856
16581
15833
15857
16582
15834
15858
16583
15835
15859
16584
15836
15860
16585
15837
15861
16586
15838
15862
16587
15839
15863
16588
15840
15864
16589
15841
15865
16590
15842
15866
16591
15843
15867
16592
15844
15868
16593
15845
15869
16594
15846
15870
16595
15847
15871
16596
15848
15872
16597
15849
15873
16598
15874
16599
15851
15875
16600
15852
15876
16601
15853
15877
16602
15854
15878
16603
15855
15879
16604
15856
15880
16605
15857
15881
16606
15858
15882
16607
15859
15883
16608
15860
15884
16609
15861
15885
16610
15862
15886
16611
15863
15887
16612
15864
15888
16613
15865
15889
16614
15866
15890
16615
15867
15891
16616
15868
15892
16617
15869
15893
16618
15870
15894
16619
15871
15895
16620
15872
15896
16621
15873
15897
16622
15874
15898
16623
15899
16624
15876
15900
16625
15877
15901
16626
15878
15902
16627
15879
15903
16628
15880
15904
16629
15881
15905
16630
15882
15906
16631
15883
15907
16632
15884
15908
16633
15885
15909
16634
15886
15910
16635
15887
15911
16636
15888
15912
16637
15889
15913
16638
15890
15914
16639
15891
15915
16640
15892
15916
16641
15893
15917
16642
15894
15918
16643
15895
15919
16644
15896
15920
16645
15897
15921
16646
15898
15922
16647
15899
15923
16648
15924
16649
15901
15925
16650
15902
15926
16651
15903
15927
16652
15904
15928
16653
15905
15929
16654
15906
15930
16655
15907
15931
16656
15908
15932
16657
15909
15933
16658
15910
15934
16659
15911
15935
16660
15912
15936
16661
15913
15937
16662
15914
15938
16663
15915
15939
16664
15916
15940
16665
15917
15941
16666
15918
15942
16667
15919
15943
16668
15920
15944
16669
15921
15945
16670
15922
15946
16671
15923
15947
16672
15924
15948
16673
15949
16674
15926
15950
16675
15927
15951
16676
15928
15952
16677
15929
15953
16678
15930
15954
16679
15931
15955
16680
15932
15956
16681
15933
15957
16682
15934
15958
16683
15935
15959
16684
15936
15960
16685
15937
15961
16686
15938
15962
16687
15939
15963
16688
15940
15964
16689
15941
15965
16690
15942
15966
16691
15943
15967
16692
15944
15968
16693
15945
15969
16694
15946
15970
16695
15947
15971
16696
15948
15972
16697
15949
15973
16698
15974
16699
15951
15975
16700
15952
15976
16701
15953
15977
16702
15954
15978
16703
15955
15979
16704
15956
15980
16705
15957
15981
16706
15958
15982
16707
15959
15983
16708
15960
15984
16709
15961
15985
16710
15962
15986
16711
15963
15987
16712
15964
15988
16713
15965
15989
16714
15966
15990
16715
15967
15991
16716
15968
15992
16717
15969
15993
16718
15970
15994
16719
15971
15995
16720
15972
15996
16721
15973
15997
16722
15974
15998
16723
15999
16724
15976
16000
16725
15977
16001
16726
15978
16002
16727
15979
16003
16728
15980
16004
16729
15981
16005
16730
15982
16006
16731
15983
16007
16732
15984
16008
16733
15985
16009
16734
15986
16010
16735
15987
16011
16736
15988
16012
16737
15989
16013
16738
15990
16014
16739
15991
16015
16740
15992
16016
16741
15993
16017
16742
15994
16018
16743
15995
16019
16744
15996
16020
16745
15997
16021
16746
15998
16022
16747
15999
16023
16748
16024
16749
16001
16025
16750
16002
16026
16751
16003
16027
16752
16004
16028
16753
16005
16029
16754
16006
16030
16755
16007
16031
16756
16008
16032
16757
16009
16033
16758
16010
16034
16759
16011
16035
16760
16012
16036
16761
16013
16037
16762
16014
16038
16763
16015
16039
16764
16016
16040
16765
16017
16041
16766
16018
16042
16767
16019
16043
16768
16020
16044
16769
16021
16045
16770
16022
16046
16771
16023
16047
16772
16024
16048
16773
16049
16774
16026
16050
16775
16027
16051
16776
16028
16052
16777
16029
16053
16778
16030
16054
16779
16031
16055
16780
16032
16056
16781
16033
16057
16782
16034
16058
16783
16035
16059
16784
16036
16060
16785
16037
16061
16786
16038
16062
16787
16039
16063
16788
16040
16064
16789
16041
16065
16790
16042
16066
16791
16043
16067
16792
16044
16068
16793
16045
16069
16794
16046
16070
16795
16047
16071
16796
16048
16072
16797
16049
16073
16798
16074
16799
16051
16075
16800
16052
16076
16801
16053
16077
16802
16054
16078
16803
16055
16079
16804
16056
16080
16805
16057
16081
16806
16058
16082
16807
16059
16083
16808
16060
16084
16809
16061
16085
16810
16062
16086
16811
16063
16087
16812
16064
16088
16813
16065
16089
16814
16066
16090
16815
16067
16091
16816
16068
16092
16817
16069
16093
16818
16070
16094
16819
16071
16095
16820
16072
16096
16821
16073
16097
16822
16074
16098
16823
16099
16824
16076
16100
16825
16077
16101
16826
16078
16102
16827
16079
16103
16828
16080
16104
16829
16081
16105
16830
16082
16106
16831
16083
16107
16832
16084
16108
16833
16085
16109
16834
16086
16110
16835
16087
16111
16836
16088
16112
16837
16089
16113
16838
16090
16114
16839
16091
16115
16840
16092
16116
16841
16093
16117
16842
16094
16118
16843
16095
16119
16844
16096
16120
16845
16097
16121
16846
16098
16122
16847
16099
16123
16848
16124
16849
16101
16125
16850
16102
16126
16851
16103
16127
16852
16104
16128
16853
16105
16129
16854
16106
16130
16855
16107
16131
16856
16108
16132
16857
16109
16133
16858
16110
16134
16859
16111
16135
16860
16112
16136
16861
16113
16137
16862
16114
16138
16863
16115
16139
16864
16116
16140
16865
16117
16141
16866
16118
16142
16867
16119
16143
16868
16120
16144
16869
16121
16145
16870
16122
16146
16871
16123
16147
16872
16124
16148
16873
16149
16874
16126
16150
16875
16127
16151
16876
16128
16152
16877
16129
16153
16878
16130
16154
16879
16131
16155
16880
16132
16156
16881
16133
16157
16882
16134
16158
16883
16135
16159
16884
16136
16160
16885
16137
16161
16886
16138
16162
16887
16139
16163
16888
16140
16164
16889
16141
16165
16890
16142
16166
16891
16143
16167
16892
16144
16168
16893
16145
16169
16894
16146
16170
16895
16147
16171
16896
16148
16172
16897
16149
16173
16898
16174
16899
16151
16175
16900
16152
16176
16901
16153
16177
16902
16154
16178
16903
16155
16179
16904
16156
16180
16905
16157
16181
16906
16158
16182
16907
16159
16183
16908
16160
16184
16909
16161
16185
16910
16162
16186
16911
16163
16187
16912
16164
16188
16913
16165
16189
16914
16166
16190
16915
16167
16191
16916
16168
16192
16917
16169
16193
16918
16170
16194
16919
16171
16195
16920
16172
16196
16921
16173
16197
16922
16174
16198
16923
16199
16924
16176
16200
16925
16177
16201
16926
16178
16202
16927
16179
16203
16928
16180
16204
16929
16181
16205
16930
16182
16206
16931
16183
16207
16932
16184
16208
16933
16185
16209
16934
16186
16210
16935
16187
16211
16936
16188
16212
16937
16189
16213
16938
16190
16214
16939
16191
16215
16940
16192
16216
16941
16193
16217
16942
16194
16218
16943
16195
16219
16944
16196
16220
16945
16197
16221
16946
16198
16222
16947
16199
16223
16948
16224
16949
16201
16225
16950
16202
16226
16951
16203
16227
16952
16204
16228
16953
16205
16229
16954
16206
16230
16955
16207
16231
16956
16208
16232
16957
16209
16233
16958
16210
16234
16959
16211
16235
16960
16212
16236
16961
16213
16237
16962
16214
16238
16963
16215
16239
16964
16216
16240
16965
16217
16241
16966
16218
16242
16967
16219
16243
16968
16220
16244
16969
16221
16245
16970
16222
16246
16971
16223
16247
16972
16224
16248
16973
16249
16974
16226
16250
16975
16227
16251
16976
16228
16252
16977
16229
16253
16978
16230
16254
16979
16231
16255
16980
16232
16256
16981
16233
16257
16982
16234
16258
16983
16235
16259
16984
16236
16260
16985
16237
16261
16986
16238
16262
16987
16239
16263
16988
16240
16264
16989
16241
16265
16990
16242
16266
16991
16243
16267
16992
16244
16268
16993
16245
16269
16994
16246
16270
16995
16247
16271
16996
16248
16272
16997
16249
16273
16998
16274
16999
16251
16275
17000
16252
16276
17001
16253
16277
17002
16254
16278
17003
16255
16279
17004
16256
16280
17005
16257
16281
17006
16258
16282
17007
16259
16283
17008
16260
16284
17009
16261
16285
17010
16262
16286
17011
16263
16287
17012
16264
16288
17013
16265
16289
17014
16266
16290
17015
16267
16291
17016
16268
16292
17017
16269
16293
17018
16270
16294
17019
16271
16295
17020
16272
16296
17021
16273
16297
17022
16274
16298
17023
16299
17024
16276
16300
17025
16277
16301
17026
16278
16302
17027
16279
16303
17028
16280
16304
17029
16281
16305
17030
16282
16306
17031
16283
16307
17032
16284
16308
17033
16285
16309
17034
16286
16310
17035
16287
16311
17036
16288
16312
17037
16289
16313
17038
16290
16314
17039
16291
16315
17040
16292
16316
17041
16293
16317
17042
16294
16318
17043
16295
16319
17044
16296
16320
17045
16297
16321
17046
16298
16322
17047
16299
16323
17048
16324
17049
16301
16325
17050
16302
16326
17051
16303
16327
17052
16304
16328
17053
16305
16329
17054
16306
16330
17055
16307
16331
17056
16308
16332
17057
16309
16333
17058
16310
16334
17059
16311
16335
17060
16312
16336
17061
16313
16337
17062
16314
16338
17063
16315
16339
17064
16316
16340
17065
16317
16341
17066
16318
16342
17067
16319
16343
17068
16320
16344
17069
16321
16345
17070
16322
16346
17071
16323
16347
17072
16324
16348
17073
16349
17074
16326
16350
17075
16327
16351
17076
16328
16352
17077
16329
16353
17078
16330
16354
17079
16331
16355
17080
16332
16356
17081
16333
16357
17082
16334
16358
17083
16335
16359
17084
16336
16360
17085
16337
16361
17086
16338
16362
17087
16339
16363
17088
16340
16364
17089
16341
16365
17090
16342
16366
17091
16343
16367
17092
16344
16368
17093
16345
16369
17094
16346
16370
17095
16347
16371
17096
16348
16372
17097
16349
16373
17098
16374
17099
16351
16375
17100
16352
16376
17101
16353
16377
17102
16354
16378
17103
16355
16379
17104
16356
16380
17105
16357
16381
17106
16358
16382
17107
16359
16383
17108
16360
16384
17109
16361
16385
17110
16362
16386
17111
16363
16387
17112
16364
16388
17113
16365
16389
17114
16366
16390
17115
16367
16391
17116
16368
16392
17117
16369
16393
17118
16370
16394
17119
16371
16395
17120
16372
16396
17121
16373
16397
17122
16374
16398
17123
16399
17124
16376
16400
17125
16377
16401
17126
16378
16402
17127
16379
16403
17128
16380
16404
17129
16381
16405
17130
16382
16406
17131
16383
16407
17132
16384
16408
17133
16385
16409
17134
16386
16410
17135
16387
16411
17136
16388
16412
17137
16389
16413
17138
16390
16414
17139
16391
16415
17140
16392
16416
17141
16393
16417
17142
16394
16418
17143
16395
16419
17144
16396
16420
17145
16397
16421
17146
16398
16422
17147
16399
16423
17148
16424
17149
16401
16425
17150
16402
16426
17151
16403
16427
17152
16404
16428
17153
16405
16429
17154
16406
16430
17155
16407
16431
17156
16408
16432
17157
16409
16433
17158
16410
16434
17159
16411
16435
17160
16412
16436
17161
16413
16437
17162
16414
16438
17163
16415
16439
17164
16416
16440
17165
16417
16441
17166
16418
16442
17167
16419
16443
17168
16420
16444
17169
16421
16445
17170
16422
16446
17171
16423
16447
17172
16424
16448
17173
16449
17174
16426
16450
17175
16427
16451
17176
16428
16452
17177
16429
16453
17178
16430
16454
17179
16431
16455
17180
16432
16456
17181
16433
16457
17182
16434
16458
17183
16435
16459
17184
16436
16460
17185
16437
16461
17186
16438
16462
17187
16439
16463
17188
16440
16464
17189
16441
16465
17190
16442
16466
17191
16443
16467
17192
16444
16468
17193
16445
16469
17194
16446
16470
17195
16447
16471
17196
16448
16472
17197
16449
16473
17198
16474
17199
16451
16475
17200
16452
16476
17201
16453
16477
17202
16454
16478
17203
16455
16479
17204
16456
16480
17205
16457
16481
17206
16458
16482
17207
16459
16483
17208
16460
16484
17209
16461
16485
17210
16462
16486
17211
16463
16487
17212
16464
16488
17213
16465
16489
17214
16466
16490
17215
16467
16491
17216
16468
16492
17217
16469
16493
17218
16470
16494
17219
16471
16495
17220
16472
16496
17221
16473
16497
17222
16474
16498
17223
16499
17224
16476
17225
16477
17226
16478
17227
16479
17228
16480
17229
16481
17230
16482
17231
16483
17232
16484
17233
16485
17234
16486
17235
16487
17236
16488
17237
16489
17238
16490
17239
16491
17240
16492
17241
16493
17242
16494
17243
16495
17244
16496
17245
16497
17246
16498
17247
16499
17248
17249
16501
16525
17250
16502
16526
17251
16503
16527
17252
16504
16528
17253
16505
16529
17254
16506
16530
17255
16507
16531
17256
16508
16532
17257
16509
16533
17258
16510
16534
17259
16511
16535
17260
16512
16536
17261
16513
16537
17262
16514
16538
17263
16515
16539
17264
16516
16540
17265
16517
16541
17266
16518
16542
17267
16519
16543
17268
16520
16544
17269
16521
16545
17270
16522
16546
17271
16523
16547
17272
16524
16548
17273
16549
17274
16526
16550
17275
16527
16551
17276
16528
16552
17277
16529
16553
17278
16530
16554
17279
16531
16555
17280
16532
16556
17281
16533
16557
17282
16534
16558
17283
16535
16559
17284
16536
16560
17285
16537
16561
17286
16538
16562
17287
16539
16563
17288
16540
16564
17289
16541
16565
17290
16542
16566
17291
16543
16567
17292
16544
16568
17293
16545
16569
17294
16546
16570
17295
16547
16571
17296
16548
16572
17297
16549
16573
17298
16574
17299
16551
16575
17300
16552
16576
17301
16553
16577
17302
16554
16578
17303
16555
16579
17304
16556
16580
17305
16557
16581
17306
16558
16582
17307
16559
16583
17308
16560
16584
17309
16561
16585
17310
16562
16586
17311
16563
16587
17312
16564
16588
17313
16565
16589
17314
16566
16590
17315
16567
16591
17316
16568
16592
17317
16569
16593
17318
16570
16594
17319
16571
16595
17320
16572
16596
17321
16573
16597
17322
16574
16598
17323
16599
17324
16576
16600
17325
16577
16601
17326
16578
16602
17327
16579
16603
17328
16580
16604
17329
16581
16605
17330
16582
16606
17331
16583
16607
17332
16584
16608
17333
16585
16609
17334
16586
16610
17335
16587
16611
17336
16588
16612
17337
16589
16613
17338
16590
16614
17339
16591
16615
17340
16592
16616
17341
16593
16617
17342
16594
16618
17343
16595
16619
17344
16596
16620
17345
16597
16621
17346
16598
16622
17347
16599
16623
17348
16624
17349
16601
16625
17350
16602
16626
17351
16603
16627
17352
16604
16628
17353
16605
16629
17354
16606
16630
17355
16607
16631
17356
16608
16632
17357
16609
16633
17358
16610
16634
17359
16611
16635
17360
16612
16636
17361
16613
16637
17362
16614
16638
17363
16615
16639
17364
16616
16640
17365
16617
16641
17366
16618
16642
17367
16619
16643
17368
16620
16644
17369
16621
16645
17370
16622
16646
17371
16623
16647
17372
16624
16648
17373
16649
17374
16626
16650
17375
16627
16651
17376
16628
16652
17377
16629
16653
17378
16630
16654
17379
16631
16655
17380
16632
16656
17381
16633
16657
17382
16634
16658
17383
16635
16659
17384
16636
16660
17385
16637
16661
17386
16638
16662
17387
16639
16663
17388
16640
16664
17389
16641
16665
17390
16642
16666
17391
16643
16667
17392
16644
16668
17393
16645
16669
17394
16646
16670
17395
16647
16671
17396
16648
16672
17397
16649
16673
17398
16674
17399
16651
16675
17400
16652
16676
17401
16653
16677
17402
16654
16678
17403
16655
16679
17404
16656
16680
17405
16657
16681
17406
16658
16682
17407
16659
16683
17408
16660
16684
17409
16661
16685
17410
16662
16686
17411
16663
16687
17412
16664
16688
17413
16665
16689
17414
16666
16690
17415
16667
16691
17416
16668
16692
17417
16669
16693
17418
16670
16694
17419
16671
16695
17420
16672
16696
17421
16673
16697
17422
16674
16698
17423
16699
17424
16676
16700
17425
16677
16701
17426
16678
16702
17427
16679
16703
17428
16680
16704
17429
16681
16705
17430
16682
16706
17431
16683
16707
17432
16684
16708
17433
16685
16709
17434
16686
16710
17435
16687
16711
17436
16688
16712
17437
16689
16713
17438
16690
16714
17439
16691
16715
17440
16692
16716
17441
16693
16717
17442
16694
16718
17443
16695
16719
17444
16696
16720
17445
16697
16721
17446
16698
16722
17447
16699
16723
17448
16724
17449
16701
16725
17450
16702
16726
17451
16703
16727
17452
16704
16728
17453
16705
16729
17454
16706
16730
17455
16707
16731
17456
16708
16732
17457
16709
16733
17458
16710
16734
17459
16711
16735
17460
16712
16736
17461
16713
16737
17462
16714
16738
17463
16715
16739
17464
16716
16740
17465
16717
16741
17466
16718
16742
17467
16719
16743
17468
16720
16744
17469
16721
16745
17470
16722
16746
17471
16723
16747
17472
16724
16748
17473
16749
17474
16726
16750
17475
16727
16751
17476
16728
16752
17477
16729
16753
17478
16730
16754
17479
16731
16755
17480
16732
16756
17481
16733
16757
17482
16734
16758
17483
16735
16759
17484
16736
16760
17485
16737
16761
17486
16738
16762
17487
16739
16763
17488
16740
16764
17489
16741
16765
17490
16742
16766
17491
16743
16767
17492
16744
16768
17493
16745
16769
17494
16746
16770
17495
16747
16771
17496
16748
16772
17497
16749
16773
17498
16774
17499
16751
16775
17500
16752
16776
17501
16753
16777
17502
16754
16778
17503
16755
16779
17504
16756
16780
17505
16757
16781
17506
16758
16782
17507
16759
16783
17508
16760
16784
17509
16761
16785
17510
16762
16786
17511
16763
16787
17512
16764
16788
17513
16765
16789
17514
16766
16790
17515
16767
16791
17516
16768
16792
17517
16769
16793
17518
16770
16794
17519
16771
16795
17520
16772
16796
17521
16773
16797
17522
16774
16798
17523
16799
17524
16776
16800
17525
16777
16801
17526
16778
16802
17527
16779
16803
17528
16780
16804
17529
16781
16805
17530
16782
16806
17531
16783
16807
17532
16784
16808
17533
16785
16809
17534
16786
16810
17535
16787
16811
17536
16788
16812
17537
16789
16813
17538
16790
16814
17539
16791
16815
17540
16792
16816
17541
16793
16817
17542
16794
16818
17543
16795
16819
17544
16796
16820
17545
16797
16821
17546
16798
16822
17547
16799
16823
17548
16824
17549
16801
16825
17550
16802
16826
17551
16803
16827
17552
16804
16828
17553
16805
16829
17554
16806
16830
17555
16807
16831
17556
16808
16832
17557
16809
16833
17558
16810
16834
17559
16811
16835
17560
16812
16836
17561
16813
16837
17562
16814
16838
17563
16815
16839
17564
16816
16840
17565
16817
16841
17566
16818
16842
17567
16819
16843
17568
16820
16844
17569
16821
16845
17570
16822
16846
17571
16823
16847
17572
16824
16848
17573
16849
17574
16826
16850
17575
16827
16851
17576
16828
16852
17577
16829
16853
17578
16830
16854
17579
16831
16855
17580
16832
16856
17581
16833
16857
17582
16834
16858
17583
16835
16859
17584
16836
16860
17585
16837
16861
17586
16838
16862
17587
16839
16863
17588
16840
16864
17589
16841
16865
17590
16842
16866
17591
16843
16867
17592
16844
16868
17593
16845
16869
17594
16846
16870
17595
16847
16871
17596
16848
16872
17597
16849
16873
17598
16874
17599
16851
16875
17600
16852
16876
17601
16853
16877
17602
16854
16878
17603
16855
16879
17604
16856
16880
17605
16857
16881
17606
16858
16882
17607
16859
16883
17608
16860
16884
17609
16861
16885
17610
16862
16886
17611
16863
16887
17612
16864
16888
17613
16865
16889
17614
16866
16890
17615
16867
16891
17616
16868
16892
17617
16869
16893
17618
16870
16894
17619
16871
16895
17620
16872
16896
17621
16873
16897
17622
16874
16898
17623
16899
17624
16876
16900
17625
16877
16901
17626
16878
16902
17627
16879
16903
17628
16880
16904
17629
16881
16905
17630
16882
16906
17631
16883
16907
17632
16884
16908
17633
16885
16909
17634
16886
16910
17635
16887
16911
17636
16888
16912
17637
16889
16913
17638
16890
16914
17639
16891
16915
17640
16892
16916
17641
16893
16917
17642
16894
16918
17643
16895
16919
17644
16896
16920
17645
16897
16921
17646
16898
16922
17647
16899
16923
17648
16924
17649
16901
16925
17650
16902
16926
17651
16903
16927
17652
16904
16928
17653
16905
16929
17654
16906
16930
17655
16907
16931
17656
16908
16932
17657
16909
16933
17658
16910
16934
17659
16911
16935
17660
16912
16936
17661
16913
16937
17662
16914
16938
17663
16915
16939
17664
16916
16940
17665
16917
16941
17666
16918
16942
17667
16919
16943
17668
16920
16944
17669
16921
16945
17670
16922
16946
17671
16923
16947
17672
16924
16948
17673
16949
17674
16926
16950
17675
16927
16951
17676
16928
16952
17677
16929
16953
17678
16930
16954
17679
16931
16955
17680
16932
16956
17681
16933
16957
17682
16934
16958
17683
16935
16959
17684
16936
16960
17685
16937
16961
17686
16938
16962
17687
16939
16963
17688
16940
16964
17689
16941
16965
17690
16942
16966
17691
16943
16967
17692
16944
16968
17693
16945
16969
17694
16946
16970
17695
16947
16971
17696
16948
16972
17697
16949
16973
17698
16974
17699
16951
16975
17700
16952
16976
17701
16953
16977
17702
16954
16978
17703
16955
16979
17704
16956
16980
17705
16957
16981
17706
16958
16982
17707
16959
16983
17708
16960
16984
17709
16961
16985
17710
16962
16986
17711
16963
16987
17712
16964
16988
17713
16965
16989
17714
16966
16990
17715
16967
16991
17716
16968
16992
17717
16969
16993
17718
16970
16994
17719
16971
16995
17720
16972
16996
17721
16973
16997
17722
16974
16998
17723
16999
17724
16976
17000
17725
16977
17001
17726
16978
17002
17727
16979
17003
17728
16980
17004
17729
16981
17005
17730
16982
17006
17731
16983
17007
17732
16984
17008
17733
16985
17009
17734
16986
17010
17735
16987
17011
17736
16988
17012
17737
16989
17013
17738
16990
17014
17739
16991
17015
17740
16992
17016
17741
16993
17017
17742
16994
17018
17743
16995
17019
17744
16996
17020
17745
16997
17021
17746
16998
17022
17747
16999
17023
17748
17024
17749
17001
17025
17750
17002
17026
17751
17003
17027
17752
17004
17028
17753
17005
17029
17754
17006
17030
17755
17007
17031
17756
17008
17032
17757
17009
17033
17758
17010
17034
17759
17011
17035
17760
17012
17036
17761
17013
17037
17762
17014
17038
17763
17015
17039
17764
17016
17040
17765
17017
17041
17766
17018
17042
17767
17019
17043
17768
17020
17044
17769
17021
17045
17770
17022
17046
17771
17023
17047
17772
17024
17048
17773
17049
17774
17026
17050
17775
17027
17051
17776
17028
17052
17777
17029
17053
17778
17030
17054
17779
17031
17055
17780
17032
17056
17781
17033
17057
17782
17034
17058
17783
17035
17059
17784
17036
17060
17785
17037
17061
17786
17038
17062
17787
17039
17063
17788
17040
17064
17789
17041
17065
17790
17042
17066
17791
17043
17067
17792
17044
17068
17793
17045
17069
17794
17046
17070
17795
17047
17071
17796
17048
17072
17797
17049
17073
17798
17074
17799
17051
17075
17800
17052
17076
17801
17053
17077
17802
17054
17078
17803
17055
17079
17804
17056
17080
17805
17057
17081
17806
17058
17082
17807
17059
17083
17808
17060
17084
17809
17061
17085
17810
17062
17086
17811
17063
17087
17812
17064
17088
17813
17065
17089
17814
17066
17090
17815
17067
17091
17816
17068
17092
17817
17069
17093
17818
17070
17094
17819
17071
17095
17820
17072
17096
17821
17073
17097
17822
17074
17098
17823
17099
17824
17076
17100
17825
17077
17101
17826
17078
17102
17827
17079
17103
17828
17080
17104
17829
17081
17105
17830
17082
17106
17831
17083
17107
17832
17084
17108
17833
17085
17109
17834
17086
17110
17835
17087
17111
17836
17088
17112
17837
17089
17113
17838
17090
17114
17839
17091
17115
17840
17092
17116
17841
17093
17117
17842
17094
17118
17843
17095
17119
17844
17096
17120
17845
17097
17121
17846
17098
17122
17847
17099
17123
17848
17124
17849
17101
17125
17850
17102
17126
17851
17103
17127
17852
17104
17128
17853
17105
17129
17854
17106
17130
17855
17107
17131
17856
17108
17132
17857
17109
17133
17858
17110
17134
17859
17111
17135
17860
17112
17136
17861
17113
17137
17862
17114
17138
17863
17115
17139
17864
17116
17140
17865
17117
17141
17866
17118
17142
17867
17119
17143
17868
17120
17144
17869
17121
17145
17870
17122
17146
17871
17123
17147
17872
17124
17148
17873
17149
17874
17126
17150
17875
17127
17151
17876
17128
17152
17877
17129
17153
17878
17130
17154
17879
17131
17155
17880
17132
17156
17881
17133
17157
17882
17134
17158
17883
17135
17159
17884
17136
17160
17885
17137
17161
17886
17138
17162
17887
17139
17163
17888
17140
17164
17889
17141
17165
17890
17142
17166
17891
17143
17167
17892
17144
17168
17893
17145
17169
17894
17146
17170
17895
17147
17171
17896
17148
17172
17897
17149
17173
17898
17174
17899
17151
17175
17900
17152
17176
17901
17153
17177
17902
17154
17178
17903
17155
17179
17904
17156
17180
17905
17157
17181
17906
17158
17182
17907
17159
17183
17908
17160
17184
17909
17161
17185
17910
17162
17186
17911
17163
17187
17912
17164
17188
17913
17165
17189
17914
17166
17190
17915
17167
17191
17916
17168
17192
17917
17169
17193
17918
17170
17194
17919
17171
17195
17920
17172
17196
17921
17173
17197
17922
17174
17198
17923
17199
17924
17176
17200
17925
17177
17201
17926
17178
17202
17927
17179
17203
17928
17180
17204
17929
17181
17205
17930
17182
17206
17931
17183
17207
17932
17184
17208
17933
17185
17209
17934
17186
17210
17935
17187
17211
17936
17188
17212
17937
17189
17213
17938
17190
17214
17939
17191
17215
17940
17192
17216
17941
17193
17217
17942
17194
17218
17943
17195
17219
17944
17196
17220
17945
17197
17221
17946
17198
17222
17947
17199
17223
17948
17224
17949
17201
17225
17950
17202
17226
17951
17203
17227
17952
17204
17228
17953
17205
17229
17954
17206
17230
17955
17207
17231
17956
17208
17232
17957
17209
17233
17958
17210
17234
17959
17211
17235
17960
17212
17236
17961
17213
17237
17962
17214
17238
17963
17215
17239
17964
17216
17240
17965
17217
17241
17966
17218
17242
17967
17219
17243
17968
17220
17244
17969
17221
17245
17970
17222
17246
17971
17223
17247
17972
17224
17248
17973
17249
17974
17226
17975
17227
17976
17228
17977
17229
17978
17230
17979
17231
17980
17232
17981
17233
17982
17234
17983
17235
17984
17236
17985
17237
17986
17238
17987
17239
17988
17240
17989
17241
17990
17242
17991
17243
17992
17244
17993
17245
17994
17246
17995
17247
17996
17248
17997
17249
17998
17999
17251
17275
17252
17276
17253
17277
17254
17278
17255
17279
17256
17280
17257
17281
17258
17282
17259
17283
17260
17284
17261
17285
17262
17286
17263
17287
17264
17288
17265
17289
17266
17290
17267
17291
17268
17292
17269
17293
17270
17294
17271
17295
17272
17296
17273
17297
17274
17298
17299
17276
17300
17277
17301
17278
17302
17279
17303
17280
17304
17281
17305
17282
17306
17283
17307
17284
17308
17285
17309
17286
17310
17287
17311
17288
17312
17289
17313
17290
17314
17291
17315
17292
17316
17293
17317
17294
17318
17295
17319
17296
17320
17297
17321
17298
17322
17299
17323
17324
17301
17325
17302
17326
17303
17327
17304
17328
17305
17329
17306
17330
17307
17331
17308
17332
17309
17333
17310
17334
17311
17335
17312
17336
17313
17337
17314
17338
17315
17339
17316
17340
17317
17341
17318
17342
17319
17343
17320
17344
17321
17345
17322
17346
17323
17347
17324
17348
17349
17326
17350
17327
17351
17328
17352
17329
17353
17330
17354
17331
17355
17332
17356
17333
17357
17334
17358
17335
17359
17336
17360
17337
17361
17338
17362
17339
17363
17340
17364
17341
17365
17342
17366
17343
17367
17344
17368
17345
17369
17346
17370
17347
17371
17348
17372
17349
17373
17374
17351
17375
17352
17376
17353
17377
17354
17378
17355
17379
17356
17380
17357
17381
17358
17382
17359
17383
17360
17384
17361
17385
17362
17386
17363
17387
17364
17388
17365
17389
17366
17390
17367
17391
17368
17392
17369
17393
17370
17394
17371
17395
17372
17396
17373
17397
17374
17398
17399
17376
17400
17377
17401
17378
17402
17379
17403
17380
17404
17381
17405
17382
17406
17383
17407
17384
17408
17385
17409
17386
17410
17387
17411
17388
17412
17389
17413
17390
17414
17391
17415
17392
17416
17393
17417
17394
17418
17395
17419
17396
17420
17397
17421
17398
17422
17399
17423
17424
17401
17425
17402
17426
17403
17427
17404
17428
17405
17429
17406
17430
17407
17431
17408
17432
17409
17433
17410
17434
17411
17435
17412
17436
17413
17437
17414
17438
17415
17439
17416
17440
17417
17441
17418
17442
17419
17443
17420
17444
17421
17445
17422
17446
17423
17447
17424
17448
17449
17426
17450
17427
17451
17428
17452
17429
17453
17430
17454
17431
17455
17432
17456
17433
17457
17434
17458
17435
17459
17436
17460
17437
17461
17438
17462
17439
17463
17440
17464
17441
17465
17442
17466
17443
17467
17444
17468
17445
17469
17446
17470
17447
17471
17448
17472
17449
17473
17474
17451
17475
17452
17476
17453
17477
17454
17478
17455
17479
17456
17480
17457
17481
17458
17482
17459
17483
17460
17484
17461
17485
17462
17486
17463
17487
17464
17488
17465
17489
17466
17490
17467
17491
17468
17492
17469
17493
17470
17494
17471
17495
17472
17496
17473
17497
17474
17498
17499
17476
17500
17477
17501
17478
17502
17479
17503
17480
17504
17481
17505
17482
17506
17483
17507
17484
17508
17485
17509
17486
17510
17487
17511
17488
17512
17489
17513
17490
17514
17491
17515
17492
17516
17493
17517
17494
17518
17495
17519
17496
17520
17497
17521
17498
17522
17499
17523
17524
17501
17525
17502
17526
17503
17527
17504
17528
17505
17529
17506
17530
17507
17531
17508
17532
17509
17533
17510
17534
17511
17535
17512
17536
17513
17537
17514
17538
17515
17539
17516
17540
17517
17541
17518
17542
17519
17543
17520
17544
17521
17545
17522
17546
17523
17547
17524
17548
17549
17526
17550
17527
17551
17528
17552
17529
17553
17530
17554
17531
17555
17532
17556
17533
17557
17534
17558
17535
17559
17536
17560
17537
17561
17538
17562
17539
17563
17540
17564
17541
17565
17542
17566
17543
17567
17544
17568
17545
17569
17546
17570
17547
17571
17548
17572
17549
17573
17574
17551
17575
17552
17576
17553
17577
17554
17578
17555
17579
17556
17580
17557
17581
17558
17582
17559
17583
17560
17584
17561
17585
17562
17586
17563
17587
17564
17588
17565
17589
17566
17590
17567
17591
17568
17592
17569
17593
17570
17594
17571
17595
17572
17596
17573
17597
17574
17598
17599
17576
17600
17577
17601
17578
17602
17579
17603
17580
17604
17581
17605
17582
17606
17583
17607
17584
17608
17585
17609
17586
17610
17587
17611
17588
17612
17589
17613
17590
17614
17591
17615
17592
17616
17593
17617
17594
17618
17595
17619
17596
17620
17597
17621
17598
17622
17599
17623
17624
17601
17625
17602
17626
17603
17627
17604
17628
17605
17629
17606
17630
17607
17631
17608
17632
17609
17633
17610
17634
17611
17635
17612
17636
17613
17637
17614
17638
17615
17639
17616
17640
17617
17641
17618
17642
17619
17643
17620
17644
17621
17645
17622
17646
17623
17647
17624
17648
17649
17626
17650
17627
17651
17628
17652
17629
17653
17630
17654
17631
17655
17632
17656
17633
17657
17634
17658
17635
17659
17636
17660
17637
17661
17638
17662
17639
17663
17640
17664
17641
17665
17642
17666
17643
17667
17644
17668
17645
17669
17646
17670
17647
17671
17648
17672
17649
17673
17674
17651
17675
17652
17676
17653
17677
17654
17678
17655
17679
17656
17680
17657
17681
17658
17682
17659
17683
17660
17684
17661
17685
17662
17686
17663
17687
17664
17688
17665
17689
17666
17690
17667
17691
17668
17692
17669
17693
17670
17694
17671
17695
17672
17696
17673
17697
17674
17698
17699
17676
17700
17677
17701
17678
17702
17679
17703
17680
17704
17681
17705
17682
17706
17683
17707
17684
17708
17685
17709
17686
17710
17687
17711
17688
17712
17689
17713
17690
17714
17691
17715
17692
17716
17693
17717
17694
17718
17695
17719
17696
17720
17697
17721
17698
17722
17699
17723
17724
17701
17725
17702
17726
17703
17727
17704
17728
17705
17729
17706
17730
17707
17731
17708
17732
17709
17733
17710
17734
17711
17735
17712
17736
17713
17737
17714
17738
17715
17739
17716
17740
17717
17741
17718
17742
17719
17743
17720
17744
17721
17745
17722
17746
17723
17747
17724
17748
17749
17726
17750
17727
17751
17728
17752
17729
17753
17730
17754
17731
17755
17732
17756
17733
17757
17734
17758
17735
17759
17736
17760
17737
17761
17738
17762
17739
17763
17740
17764
17741
17765
17742
17766
17743
17767
17744
17768
17745
17769
17746
17770
17747
17771
17748
17772
17749
17773
17774
17751
17775
17752
17776
17753
17777
17754
17778
17755
17779
17756
17780
17757
17781
17758
17782
17759
17783
17760
17784
17761
17785
17762
17786
17763
17787
17764
17788
17765
17789
17766
17790
17767
17791
17768
17792
17769
17793
17770
17794
17771
17795
17772
17796
17773
17797
17774
17798
17799
17776
17800
17777
17801
17778
17802
17779
17803
17780
17804
17781
17805
17782
17806
17783
17807
17784
17808
17785
17809
17786
17810
17787
17811
17788
17812
17789
17813
17790
17814
17791
17815
17792
17816
17793
17817
17794
17818
17795
17819
17796
17820
17797
17821
17798
17822
17799
17823
17824
17801
17825
17802
17826
17803
17827
17804
17828
17805
17829
17806
17830
17807
17831
17808
17832
17809
17833
17810
17834
17811
17835
17812
17836
17813
17837
17814
17838
17815
17839
17816
17840
17817
17841
17818
17842
17819
17843
17820
17844
17821
17845
17822
17846
17823
17847
17824
17848
17849
17826
17850
17827
17851
17828
17852
17829
17853
17830
17854
17831
17855
17832
17856
17833
17857
17834
17858
17835
17859
17836
17860
17837
17861
17838
17862
17839
17863
17840
17864
17841
17865
17842
17866
17843
17867
17844
17868
17845
17869
17846
17870
17847
17871
17848
17872
17849
17873
17874
17851
17875
17852
17876
17853
17877
17854
17878
17855
17879
17856
17880
17857
17881
17858
17882
17859
17883
17860
17884
17861
17885
17862
17886
17863
17887
17864
17888
17865
17889
17866
17890
17867
17891
17868
17892
17869
17893
17870
17894
17871
17895
17872
17896
17873
17897
17874
17898
17899
17876
17900
17877
17901
17878
17902
17879
17903
17880
17904
17881
17905
17882
17906
17883
17907
17884
17908
17885
17909
17886
17910
17887
17911
17888
17912
17889
17913
17890
17914
17891
17915
17892
17916
17893
17917
17894
17918
17895
17919
17896
17920
17897
17921
17898
17922
17899
17923
17924
17901
17925
17902
17926
17903
17927
17904
17928
17905
17929
17906
17930
17907
17931
17908
17932
17909
17933
17910
17934
17911
17935
17912
17936
17913
17937
17914
17938
17915
17939
17916
17940
17917
17941
17918
17942
17919
17943
17920
17944
17921
17945
17922
17946
17923
17947
17924
17948
17949
17926
17950
17927
17951
17928
17952
17929
17953
17930
17954
17931
17955
17932
17956
17933
17957
17934
17958
17935
17959
17936
17960
17937
17961
17938
17962
17939
17963
17940
17964
17941
17965
17942
17966
17943
17967
17944
17968
17945
17969
17946
17970
17947
17971
17948
17972
17949
17973
17974
17951
17975
17952
17976
17953
17977
17954
17978
17955
17979
17956
17980
17957
17981
17958
17982
17959
17983
17960
17984
17961
17985
17962
17986
17963
17987
17964
17988
17965
17989
17966
17990
17967
17991
17968
17992
17969
17993
17970
17994
17971
17995
17972
17996
17973
17997
17974
17998
17999
17976
17977
17978
17979
17980
17981
17982
17983
17984
17985
17986
17987
17988
17989
17990
17991
17992
17993
17994
17995
17996
17997
17998
17999
)


// ************************************************************************* //
