/*--------------------------------*- C++ -*----------------------------------*\
  =========                 |
  \\      /  F ield         | OpenFOAM: The Open Source CFD Toolbox
   \\    /   O peration     | Website:  https://openfoam.org
    \\  /    A nd           | Version:  13
     \\/     M anipulation  |
\*---------------------------------------------------------------------------*/
FoamFile
{
    format      ascii;
    class       vectorField;
    location    "constant/polyMesh";
    object      points;
}
// * * * * * * * * * * * * * * * * * * * * * * * * * * * * * * * * * * * * * //


21969
(
(0 0 0)
(0.4 0 0)
(0.8 0 0)
(1.2 0 0)
(1.6 0 0)
(2 0 0)
(2.4 0 0)
(2.8 0 0)
(3.2 0 0)
(3.6 0 0)
(4 0 0)
(4.4 0 0)
(4.8 0 0)
(5.2 0 0)
(5.6 0 0)
(6 0 0)
(6.4 0 0)
(6.8 0 0)
(7.2 0 0)
(7.6 0 0)
(8 0 0)
(8.4 0 0)
(8.8 0 0)
(9.2 0 0)
(9.6 0 0)
(10 0 0)
(10.4 0 0)
(10.8 0 0)
(11.2 0 0)
(11.6 0 0)
(12 0 0)
(12.4 0 0)
(12.8 0 0)
(13.2 0 0)
(13.6 0 0)
(14 0 0)
(14.4 0 0)
(14.8 0 0)
(15.2 0 0)
(15.6 0 0)
(16 0 0)
(16.4 0 0)
(16.8 0 0)
(17.2 0 0)
(17.6 0 0)
(18 0 0)
(18.4 0 0)
(18.8 0 0)
(19.2 0 0)
(19.6 0 0)
(20 0 0)
(20.4 0 0)
(20.8 0 0)
(21.2 0 0)
(21.6 0 0)
(22 0 0)
(22.4 0 0)
(22.8 0 0)
(23.2 0 0)
(23.6 0 0)
(24 0 0)
(24.4 0 0)
(24.8 0 0)
(25.2 0 0)
(25.6 0 0)
(26 0 0)
(26.4 0 0)
(26.8 0 0)
(27.2 0 0)
(27.6 0 0)
(28 0 0)
(0 0.4 0)
(0.4 0.4 0)
(0.8 0.4 0)
(1.2 0.4 0)
(1.6 0.4 0)
(2 0.4 0)
(2.4 0.4 0)
(2.8 0.4 0)
(3.2 0.4 0)
(3.6 0.4 0)
(4 0.4 0)
(4.4 0.4 0)
(4.8 0.4 0)
(5.2 0.4 0)
(5.6 0.4 0)
(6 0.4 0)
(6.4 0.4 0)
(6.8 0.4 0)
(7.2 0.4 0)
(7.6 0.4 0)
(8 0.4 0)
(8.4 0.4 0)
(8.8 0.4 0)
(9.2 0.4 0)
(9.6 0.4 0)
(10 0.4 0)
(10.4 0.4 0)
(10.8 0.4 0)
(11.2 0.4 0)
(11.6 0.4 0)
(12 0.4 0)
(12.4 0.4 0)
(12.8 0.4 0)
(13.2 0.4 0)
(13.6 0.4 0)
(14 0.4 0)
(14.4 0.4 0)
(14.8 0.4 0)
(15.2 0.4 0)
(15.6 0.4 0)
(16 0.4 0)
(16.4 0.4 0)
(16.8 0.4 0)
(17.2 0.4 0)
(17.6 0.4 0)
(18 0.4 0)
(18.4 0.4 0)
(18.8 0.4 0)
(19.2 0.4 0)
(19.6 0.4 0)
(20 0.4 0)
(20.4 0.4 0)
(20.8 0.4 0)
(21.2 0.4 0)
(21.6 0.4 0)
(22 0.4 0)
(22.4 0.4 0)
(22.8 0.4 0)
(23.2 0.4 0)
(23.6 0.4 0)
(24 0.4 0)
(24.4 0.4 0)
(24.8 0.4 0)
(25.2 0.4 0)
(25.6 0.4 0)
(26 0.4 0)
(26.4 0.4 0)
(26.8 0.4 0)
(27.2 0.4 0)
(27.6 0.4 0)
(28 0.4 0)
(0 0.8 0)
(0.4 0.8 0)
(0.8 0.8 0)
(1.2 0.8 0)
(1.6 0.8 0)
(2 0.8 0)
(2.4 0.8 0)
(2.8 0.8 0)
(3.2 0.8 0)
(3.6 0.8 0)
(4 0.8 0)
(4.4 0.8 0)
(4.8 0.8 0)
(5.2 0.8 0)
(5.6 0.8 0)
(6 0.8 0)
(6.4 0.8 0)
(6.8 0.8 0)
(7.2 0.8 0)
(7.6 0.8 0)
(8 0.8 0)
(8.4 0.8 0)
(8.8 0.8 0)
(9.2 0.8 0)
(9.6 0.8 0)
(10 0.8 0)
(10.4 0.8 0)
(10.8 0.8 0)
(11.2 0.8 0)
(11.6 0.8 0)
(12 0.8 0)
(12.4 0.8 0)
(12.8 0.8 0)
(13.2 0.8 0)
(13.6 0.8 0)
(14 0.8 0)
(14.4 0.8 0)
(14.8 0.8 0)
(15.2 0.8 0)
(15.6 0.8 0)
(16 0.8 0)
(16.4 0.8 0)
(16.8 0.8 0)
(17.2 0.8 0)
(17.6 0.8 0)
(18 0.8 0)
(18.4 0.8 0)
(18.8 0.8 0)
(19.2 0.8 0)
(19.6 0.8 0)
(20 0.8 0)
(20.4 0.8 0)
(20.8 0.8 0)
(21.2 0.8 0)
(21.6 0.8 0)
(22 0.8 0)
(22.4 0.8 0)
(22.8 0.8 0)
(23.2 0.8 0)
(23.6 0.8 0)
(24 0.8 0)
(24.4 0.8 0)
(24.8 0.8 0)
(25.2 0.8 0)
(25.6 0.8 0)
(26 0.8 0)
(26.4 0.8 0)
(26.8 0.8 0)
(27.2 0.8 0)
(27.6 0.8 0)
(28 0.8 0)
(0 1.2 0)
(0.4 1.2 0)
(0.8 1.2 0)
(1.2 1.2 0)
(1.6 1.2 0)
(2 1.2 0)
(2.4 1.2 0)
(2.8 1.2 0)
(3.2 1.2 0)
(3.6 1.2 0)
(4 1.2 0)
(4.4 1.2 0)
(4.8 1.2 0)
(5.2 1.2 0)
(5.6 1.2 0)
(6 1.2 0)
(6.4 1.2 0)
(6.8 1.2 0)
(7.2 1.2 0)
(7.6 1.2 0)
(8 1.2 0)
(8.4 1.2 0)
(8.8 1.2 0)
(9.2 1.2 0)
(9.6 1.2 0)
(10 1.2 0)
(10.4 1.2 0)
(10.8 1.2 0)
(11.2 1.2 0)
(11.6 1.2 0)
(12 1.2 0)
(12.4 1.2 0)
(12.8 1.2 0)
(13.2 1.2 0)
(13.6 1.2 0)
(14 1.2 0)
(14.4 1.2 0)
(14.8 1.2 0)
(15.2 1.2 0)
(15.6 1.2 0)
(16 1.2 0)
(16.4 1.2 0)
(16.8 1.2 0)
(17.2 1.2 0)
(17.6 1.2 0)
(18 1.2 0)
(18.4 1.2 0)
(18.8 1.2 0)
(19.2 1.2 0)
(19.6 1.2 0)
(20 1.2 0)
(20.4 1.2 0)
(20.8 1.2 0)
(21.2 1.2 0)
(21.6 1.2 0)
(22 1.2 0)
(22.4 1.2 0)
(22.8 1.2 0)
(23.2 1.2 0)
(23.6 1.2 0)
(24 1.2 0)
(24.4 1.2 0)
(24.8 1.2 0)
(25.2 1.2 0)
(25.6 1.2 0)
(26 1.2 0)
(26.4 1.2 0)
(26.8 1.2 0)
(27.2 1.2 0)
(27.6 1.2 0)
(28 1.2 0)
(0 1.6 0)
(0.4 1.6 0)
(0.8 1.6 0)
(1.2 1.6 0)
(1.6 1.6 0)
(2 1.6 0)
(2.4 1.6 0)
(2.8 1.6 0)
(3.2 1.6 0)
(3.6 1.6 0)
(4 1.6 0)
(4.4 1.6 0)
(4.8 1.6 0)
(5.2 1.6 0)
(5.6 1.6 0)
(6 1.6 0)
(6.4 1.6 0)
(6.8 1.6 0)
(7.2 1.6 0)
(7.6 1.6 0)
(8 1.6 0)
(8.4 1.6 0)
(8.8 1.6 0)
(9.2 1.6 0)
(9.6 1.6 0)
(10 1.6 0)
(10.4 1.6 0)
(10.8 1.6 0)
(11.2 1.6 0)
(11.6 1.6 0)
(12 1.6 0)
(12.4 1.6 0)
(12.8 1.6 0)
(13.2 1.6 0)
(13.6 1.6 0)
(14 1.6 0)
(14.4 1.6 0)
(14.8 1.6 0)
(15.2 1.6 0)
(15.6 1.6 0)
(16 1.6 0)
(16.4 1.6 0)
(16.8 1.6 0)
(17.2 1.6 0)
(17.6 1.6 0)
(18 1.6 0)
(18.4 1.6 0)
(18.8 1.6 0)
(19.2 1.6 0)
(19.6 1.6 0)
(20 1.6 0)
(20.4 1.6 0)
(20.8 1.6 0)
(21.2 1.6 0)
(21.6 1.6 0)
(22 1.6 0)
(22.4 1.6 0)
(22.8 1.6 0)
(23.2 1.6 0)
(23.6 1.6 0)
(24 1.6 0)
(24.4 1.6 0)
(24.8 1.6 0)
(25.2 1.6 0)
(25.6 1.6 0)
(26 1.6 0)
(26.4 1.6 0)
(26.8 1.6 0)
(27.2 1.6 0)
(27.6 1.6 0)
(28 1.6 0)
(0 2 0)
(0.4 2 0)
(0.8 2 0)
(1.2 2 0)
(1.6 2 0)
(2 2 0)
(2.4 2 0)
(2.8 2 0)
(3.2 2 0)
(3.6 2 0)
(4 2 0)
(4.4 2 0)
(4.8 2 0)
(5.2 2 0)
(5.6 2 0)
(6 2 0)
(6.4 2 0)
(6.8 2 0)
(7.2 2 0)
(7.6 2 0)
(8 2 0)
(8.4 2 0)
(8.8 2 0)
(9.2 2 0)
(9.6 2 0)
(10 2 0)
(10.4 2 0)
(10.8 2 0)
(11.2 2 0)
(11.6 2 0)
(12 2 0)
(12.4 2 0)
(12.8 2 0)
(13.2 2 0)
(13.6 2 0)
(14 2 0)
(14.4 2 0)
(14.8 2 0)
(15.2 2 0)
(15.6 2 0)
(16 2 0)
(16.4 2 0)
(16.8 2 0)
(17.2 2 0)
(17.6 2 0)
(18 2 0)
(18.4 2 0)
(18.8 2 0)
(19.2 2 0)
(19.6 2 0)
(20 2 0)
(20.4 2 0)
(20.8 2 0)
(21.2 2 0)
(21.6 2 0)
(22 2 0)
(22.4 2 0)
(22.8 2 0)
(23.2 2 0)
(23.6 2 0)
(24 2 0)
(24.4 2 0)
(24.8 2 0)
(25.2 2 0)
(25.6 2 0)
(26 2 0)
(26.4 2 0)
(26.8 2 0)
(27.2 2 0)
(27.6 2 0)
(28 2 0)
(0 2.4 0)
(0.4 2.4 0)
(0.8 2.4 0)
(1.2 2.4 0)
(1.6 2.4 0)
(2 2.4 0)
(2.4 2.4 0)
(2.8 2.4 0)
(3.2 2.4 0)
(3.6 2.4 0)
(4 2.4 0)
(4.4 2.4 0)
(4.8 2.4 0)
(5.2 2.4 0)
(5.6 2.4 0)
(6 2.4 0)
(6.4 2.4 0)
(6.8 2.4 0)
(7.2 2.4 0)
(7.6 2.4 0)
(8 2.4 0)
(8.4 2.4 0)
(8.8 2.4 0)
(9.2 2.4 0)
(9.6 2.4 0)
(10 2.4 0)
(10.4 2.4 0)
(10.8 2.4 0)
(11.2 2.4 0)
(11.6 2.4 0)
(12 2.4 0)
(12.4 2.4 0)
(12.8 2.4 0)
(13.2 2.4 0)
(13.6 2.4 0)
(14 2.4 0)
(14.4 2.4 0)
(14.8 2.4 0)
(15.2 2.4 0)
(15.6 2.4 0)
(16 2.4 0)
(16.4 2.4 0)
(16.8 2.4 0)
(17.2 2.4 0)
(17.6 2.4 0)
(18 2.4 0)
(18.4 2.4 0)
(18.8 2.4 0)
(19.2 2.4 0)
(19.6 2.4 0)
(20 2.4 0)
(20.4 2.4 0)
(20.8 2.4 0)
(21.2 2.4 0)
(21.6 2.4 0)
(22 2.4 0)
(22.4 2.4 0)
(22.8 2.4 0)
(23.2 2.4 0)
(23.6 2.4 0)
(24 2.4 0)
(24.4 2.4 0)
(24.8 2.4 0)
(25.2 2.4 0)
(25.6 2.4 0)
(26 2.4 0)
(26.4 2.4 0)
(26.8 2.4 0)
(27.2 2.4 0)
(27.6 2.4 0)
(28 2.4 0)
(0 2.8 0)
(0.4 2.8 0)
(0.8 2.8 0)
(1.2 2.8 0)
(1.6 2.8 0)
(2 2.8 0)
(2.4 2.8 0)
(2.8 2.8 0)
(3.2 2.8 0)
(3.6 2.8 0)
(4 2.8 0)
(4.4 2.8 0)
(4.8 2.8 0)
(5.2 2.8 0)
(5.6 2.8 0)
(6 2.8 0)
(6.4 2.8 0)
(6.8 2.8 0)
(7.2 2.8 0)
(7.6 2.8 0)
(8 2.8 0)
(8.4 2.8 0)
(8.8 2.8 0)
(9.2 2.8 0)
(9.6 2.8 0)
(10 2.8 0)
(10.4 2.8 0)
(10.8 2.8 0)
(11.2 2.8 0)
(11.6 2.8 0)
(12 2.8 0)
(12.4 2.8 0)
(12.8 2.8 0)
(13.2 2.8 0)
(13.6 2.8 0)
(14 2.8 0)
(14.4 2.8 0)
(14.8 2.8 0)
(15.2 2.8 0)
(15.6 2.8 0)
(16 2.8 0)
(16.4 2.8 0)
(16.8 2.8 0)
(17.2 2.8 0)
(17.6 2.8 0)
(18 2.8 0)
(18.4 2.8 0)
(18.8 2.8 0)
(19.2 2.8 0)
(19.6 2.8 0)
(20 2.8 0)
(20.4 2.8 0)
(20.8 2.8 0)
(21.2 2.8 0)
(21.6 2.8 0)
(22 2.8 0)
(22.4 2.8 0)
(22.8 2.8 0)
(23.2 2.8 0)
(23.6 2.8 0)
(24 2.8 0)
(24.4 2.8 0)
(24.8 2.8 0)
(25.2 2.8 0)
(25.6 2.8 0)
(26 2.8 0)
(26.4 2.8 0)
(26.8 2.8 0)
(27.2 2.8 0)
(27.6 2.8 0)
(28 2.8 0)
(0 3.2 0)
(0.4 3.2 0)
(0.8 3.2 0)
(1.2 3.2 0)
(1.6 3.2 0)
(2 3.2 0)
(2.4 3.2 0)
(2.8 3.2 0)
(3.2 3.2 0)
(3.6 3.2 0)
(4 3.2 0)
(4.4 3.2 0)
(4.8 3.2 0)
(5.2 3.2 0)
(5.6 3.2 0)
(6 3.2 0)
(6.4 3.2 0)
(6.8 3.2 0)
(7.2 3.2 0)
(7.6 3.2 0)
(8 3.2 0)
(8.4 3.2 0)
(8.8 3.2 0)
(9.2 3.2 0)
(9.6 3.2 0)
(10 3.2 0)
(10.4 3.2 0)
(10.8 3.2 0)
(11.2 3.2 0)
(11.6 3.2 0)
(12 3.2 0)
(12.4 3.2 0)
(12.8 3.2 0)
(13.2 3.2 0)
(13.6 3.2 0)
(14 3.2 0)
(14.4 3.2 0)
(14.8 3.2 0)
(15.2 3.2 0)
(15.6 3.2 0)
(16 3.2 0)
(16.4 3.2 0)
(16.8 3.2 0)
(17.2 3.2 0)
(17.6 3.2 0)
(18 3.2 0)
(18.4 3.2 0)
(18.8 3.2 0)
(19.2 3.2 0)
(19.6 3.2 0)
(20 3.2 0)
(20.4 3.2 0)
(20.8 3.2 0)
(21.2 3.2 0)
(21.6 3.2 0)
(22 3.2 0)
(22.4 3.2 0)
(22.8 3.2 0)
(23.2 3.2 0)
(23.6 3.2 0)
(24 3.2 0)
(24.4 3.2 0)
(24.8 3.2 0)
(25.2 3.2 0)
(25.6 3.2 0)
(26 3.2 0)
(26.4 3.2 0)
(26.8 3.2 0)
(27.2 3.2 0)
(27.6 3.2 0)
(28 3.2 0)
(0 3.6 0)
(0.4 3.6 0)
(0.8 3.6 0)
(1.2 3.6 0)
(1.6 3.6 0)
(2 3.6 0)
(2.4 3.6 0)
(2.8 3.6 0)
(3.2 3.6 0)
(3.6 3.6 0)
(4 3.6 0)
(4.4 3.6 0)
(4.8 3.6 0)
(5.2 3.6 0)
(5.6 3.6 0)
(6 3.6 0)
(6.4 3.6 0)
(6.8 3.6 0)
(7.2 3.6 0)
(7.6 3.6 0)
(8 3.6 0)
(8.4 3.6 0)
(8.8 3.6 0)
(9.2 3.6 0)
(9.6 3.6 0)
(10 3.6 0)
(10.4 3.6 0)
(10.8 3.6 0)
(11.2 3.6 0)
(11.6 3.6 0)
(12 3.6 0)
(12.4 3.6 0)
(12.8 3.6 0)
(13.2 3.6 0)
(13.6 3.6 0)
(14 3.6 0)
(14.4 3.6 0)
(14.8 3.6 0)
(15.2 3.6 0)
(15.6 3.6 0)
(16 3.6 0)
(16.4 3.6 0)
(16.8 3.6 0)
(17.2 3.6 0)
(17.6 3.6 0)
(18 3.6 0)
(18.4 3.6 0)
(18.8 3.6 0)
(19.2 3.6 0)
(19.6 3.6 0)
(20 3.6 0)
(20.4 3.6 0)
(20.8 3.6 0)
(21.2 3.6 0)
(21.6 3.6 0)
(22 3.6 0)
(22.4 3.6 0)
(22.8 3.6 0)
(23.2 3.6 0)
(23.6 3.6 0)
(24 3.6 0)
(24.4 3.6 0)
(24.8 3.6 0)
(25.2 3.6 0)
(25.6 3.6 0)
(26 3.6 0)
(26.4 3.6 0)
(26.8 3.6 0)
(27.2 3.6 0)
(27.6 3.6 0)
(28 3.6 0)
(0 4 0)
(0.4 4 0)
(0.8 4 0)
(1.2 4 0)
(1.6 4 0)
(2 4 0)
(2.4 4 0)
(2.8 4 0)
(3.2 4 0)
(3.6 4 0)
(4 4 0)
(4.4 4 0)
(4.8 4 0)
(5.2 4 0)
(5.6 4 0)
(6 4 0)
(6.4 4 0)
(6.8 4 0)
(7.2 4 0)
(7.6 4 0)
(8 4 0)
(8.4 4 0)
(8.8 4 0)
(9.2 4 0)
(9.6 4 0)
(10 4 0)
(10.4 4 0)
(10.8 4 0)
(11.2 4 0)
(11.6 4 0)
(12 4 0)
(12.4 4 0)
(12.8 4 0)
(13.2 4 0)
(13.6 4 0)
(14 4 0)
(14.4 4 0)
(14.8 4 0)
(15.2 4 0)
(15.6 4 0)
(16 4 0)
(16.4 4 0)
(16.8 4 0)
(17.2 4 0)
(17.6 4 0)
(18 4 0)
(18.4 4 0)
(18.8 4 0)
(19.2 4 0)
(19.6 4 0)
(20 4 0)
(20.4 4 0)
(20.8 4 0)
(21.2 4 0)
(21.6 4 0)
(22 4 0)
(22.4 4 0)
(22.8 4 0)
(23.2 4 0)
(23.6 4 0)
(24 4 0)
(24.4 4 0)
(24.8 4 0)
(25.2 4 0)
(25.6 4 0)
(26 4 0)
(26.4 4 0)
(26.8 4 0)
(27.2 4 0)
(27.6 4 0)
(28 4 0)
(0 0 0.375)
(0.4 0 0.375)
(0.8 0 0.375)
(1.2 0 0.375)
(1.6 0 0.375)
(2 0 0.375)
(2.4 0 0.375)
(2.8 0 0.375)
(3.2 0 0.375)
(3.6 0 0.375)
(4 0 0.375)
(4.4 0 0.375)
(4.8 0 0.375)
(5.2 0 0.375)
(5.6 0 0.375)
(6 0 0.375)
(6.4 0 0.375)
(6.8 0 0.375)
(7.2 0 0.375)
(7.6 0 0.375)
(8 0 0.375)
(8.4 0 0.375)
(8.8 0 0.375)
(9.2 0 0.375)
(9.6 0 0.375)
(10 0 0.375)
(10.4 0 0.375)
(10.8 0 0.375)
(11.2 0 0.375)
(11.6 0 0.375)
(12 0 0.375)
(12.4 0 0.375)
(12.8 0 0.375)
(13.2 0 0.375)
(13.6 0 0.375)
(14 0 0.375)
(14.4 0 0.375)
(14.8 0 0.375)
(15.2 0 0.375)
(15.6 0 0.375)
(16 0 0.375)
(16.4 0 0.375)
(16.8 0 0.375)
(17.2 0 0.375)
(17.6 0 0.375)
(18 0 0.375)
(18.4 0 0.375)
(18.8 0 0.375)
(19.2 0 0.375)
(19.6 0 0.375)
(20 0 0.375)
(20.4 0 0.375)
(20.8 0 0.375)
(21.2 0 0.375)
(21.6 0 0.375)
(22 0 0.375)
(22.4 0 0.375)
(22.8 0 0.375)
(23.2 0 0.375)
(23.6 0 0.375)
(24 0 0.375)
(24.4 0 0.375)
(24.8 0 0.375)
(25.2 0 0.375)
(25.6 0 0.375)
(26 0 0.375)
(26.4 0 0.375)
(26.8 0 0.375)
(27.2 0 0.375)
(27.6 0 0.375)
(28 0 0.375)
(0 0.4 0.375)
(0.4 0.4 0.375)
(0.8 0.4 0.375)
(1.2 0.4 0.375)
(1.6 0.4 0.375)
(2 0.4 0.375)
(2.4 0.4 0.375)
(2.8 0.4 0.375)
(3.2 0.4 0.375)
(3.6 0.4 0.375)
(4 0.4 0.375)
(4.4 0.4 0.375)
(4.8 0.4 0.375)
(5.2 0.4 0.375)
(5.6 0.4 0.375)
(6 0.4 0.375)
(6.4 0.4 0.375)
(6.8 0.4 0.375)
(7.2 0.4 0.375)
(7.6 0.4 0.375)
(8 0.4 0.375)
(8.4 0.4 0.375)
(8.8 0.4 0.375)
(9.2 0.4 0.375)
(9.6 0.4 0.375)
(10 0.4 0.375)
(10.4 0.4 0.375)
(10.8 0.4 0.375)
(11.2 0.4 0.375)
(11.6 0.4 0.375)
(12 0.4 0.375)
(12.4 0.4 0.375)
(12.8 0.4 0.375)
(13.2 0.4 0.375)
(13.6 0.4 0.375)
(14 0.4 0.375)
(14.4 0.4 0.375)
(14.8 0.4 0.375)
(15.2 0.4 0.375)
(15.6 0.4 0.375)
(16 0.4 0.375)
(16.4 0.4 0.375)
(16.8 0.4 0.375)
(17.2 0.4 0.375)
(17.6 0.4 0.375)
(18 0.4 0.375)
(18.4 0.4 0.375)
(18.8 0.4 0.375)
(19.2 0.4 0.375)
(19.6 0.4 0.375)
(20 0.4 0.375)
(20.4 0.4 0.375)
(20.8 0.4 0.375)
(21.2 0.4 0.375)
(21.6 0.4 0.375)
(22 0.4 0.375)
(22.4 0.4 0.375)
(22.8 0.4 0.375)
(23.2 0.4 0.375)
(23.6 0.4 0.375)
(24 0.4 0.375)
(24.4 0.4 0.375)
(24.8 0.4 0.375)
(25.2 0.4 0.375)
(25.6 0.4 0.375)
(26 0.4 0.375)
(26.4 0.4 0.375)
(26.8 0.4 0.375)
(27.2 0.4 0.375)
(27.6 0.4 0.375)
(28 0.4 0.375)
(0 0.8 0.375)
(0.4 0.8 0.375)
(0.8 0.8 0.375)
(1.2 0.8 0.375)
(1.6 0.8 0.375)
(2 0.8 0.375)
(2.4 0.8 0.375)
(2.8 0.8 0.375)
(3.2 0.8 0.375)
(3.6 0.8 0.375)
(4 0.8 0.375)
(4.4 0.8 0.375)
(4.8 0.8 0.375)
(5.2 0.8 0.375)
(5.6 0.8 0.375)
(6 0.8 0.375)
(6.4 0.8 0.375)
(6.8 0.8 0.375)
(7.2 0.8 0.375)
(7.6 0.8 0.375)
(8 0.8 0.375)
(8.4 0.8 0.375)
(8.8 0.8 0.375)
(9.2 0.8 0.375)
(9.6 0.8 0.375)
(10 0.8 0.375)
(10.4 0.8 0.375)
(10.8 0.8 0.375)
(11.2 0.8 0.375)
(11.6 0.8 0.375)
(12 0.8 0.375)
(12.4 0.8 0.375)
(12.8 0.8 0.375)
(13.2 0.8 0.375)
(13.6 0.8 0.375)
(14 0.8 0.375)
(14.4 0.8 0.375)
(14.8 0.8 0.375)
(15.2 0.8 0.375)
(15.6 0.8 0.375)
(16 0.8 0.375)
(16.4 0.8 0.375)
(16.8 0.8 0.375)
(17.2 0.8 0.375)
(17.6 0.8 0.375)
(18 0.8 0.375)
(18.4 0.8 0.375)
(18.8 0.8 0.375)
(19.2 0.8 0.375)
(19.6 0.8 0.375)
(20 0.8 0.375)
(20.4 0.8 0.375)
(20.8 0.8 0.375)
(21.2 0.8 0.375)
(21.6 0.8 0.375)
(22 0.8 0.375)
(22.4 0.8 0.375)
(22.8 0.8 0.375)
(23.2 0.8 0.375)
(23.6 0.8 0.375)
(24 0.8 0.375)
(24.4 0.8 0.375)
(24.8 0.8 0.375)
(25.2 0.8 0.375)
(25.6 0.8 0.375)
(26 0.8 0.375)
(26.4 0.8 0.375)
(26.8 0.8 0.375)
(27.2 0.8 0.375)
(27.6 0.8 0.375)
(28 0.8 0.375)
(0 1.2 0.375)
(0.4 1.2 0.375)
(0.8 1.2 0.375)
(1.2 1.2 0.375)
(1.6 1.2 0.375)
(2 1.2 0.375)
(2.4 1.2 0.375)
(2.8 1.2 0.375)
(3.2 1.2 0.375)
(3.6 1.2 0.375)
(4 1.2 0.375)
(4.4 1.2 0.375)
(4.8 1.2 0.375)
(5.2 1.2 0.375)
(5.6 1.2 0.375)
(6 1.2 0.375)
(6.4 1.2 0.375)
(6.8 1.2 0.375)
(7.2 1.2 0.375)
(7.6 1.2 0.375)
(8 1.2 0.375)
(8.4 1.2 0.375)
(8.8 1.2 0.375)
(9.2 1.2 0.375)
(9.6 1.2 0.375)
(10 1.2 0.375)
(10.4 1.2 0.375)
(10.8 1.2 0.375)
(11.2 1.2 0.375)
(11.6 1.2 0.375)
(12 1.2 0.375)
(12.4 1.2 0.375)
(12.8 1.2 0.375)
(13.2 1.2 0.375)
(13.6 1.2 0.375)
(14 1.2 0.375)
(14.4 1.2 0.375)
(14.8 1.2 0.375)
(15.2 1.2 0.375)
(15.6 1.2 0.375)
(16 1.2 0.375)
(16.4 1.2 0.375)
(16.8 1.2 0.375)
(17.2 1.2 0.375)
(17.6 1.2 0.375)
(18 1.2 0.375)
(18.4 1.2 0.375)
(18.8 1.2 0.375)
(19.2 1.2 0.375)
(19.6 1.2 0.375)
(20 1.2 0.375)
(20.4 1.2 0.375)
(20.8 1.2 0.375)
(21.2 1.2 0.375)
(21.6 1.2 0.375)
(22 1.2 0.375)
(22.4 1.2 0.375)
(22.8 1.2 0.375)
(23.2 1.2 0.375)
(23.6 1.2 0.375)
(24 1.2 0.375)
(24.4 1.2 0.375)
(24.8 1.2 0.375)
(25.2 1.2 0.375)
(25.6 1.2 0.375)
(26 1.2 0.375)
(26.4 1.2 0.375)
(26.8 1.2 0.375)
(27.2 1.2 0.375)
(27.6 1.2 0.375)
(28 1.2 0.375)
(0 1.6 0.375)
(0.4 1.6 0.375)
(0.8 1.6 0.375)
(1.2 1.6 0.375)
(1.6 1.6 0.375)
(2 1.6 0.375)
(2.4 1.6 0.375)
(2.8 1.6 0.375)
(3.2 1.6 0.375)
(3.6 1.6 0.375)
(4 1.6 0.375)
(4.4 1.6 0.375)
(4.8 1.6 0.375)
(5.2 1.6 0.375)
(5.6 1.6 0.375)
(6 1.6 0.375)
(6.4 1.6 0.375)
(6.8 1.6 0.375)
(7.2 1.6 0.375)
(7.6 1.6 0.375)
(8 1.6 0.375)
(8.4 1.6 0.375)
(8.8 1.6 0.375)
(9.2 1.6 0.375)
(9.6 1.6 0.375)
(10 1.6 0.375)
(10.4 1.6 0.375)
(10.8 1.6 0.375)
(11.2 1.6 0.375)
(11.6 1.6 0.375)
(12 1.6 0.375)
(12.4 1.6 0.375)
(12.8 1.6 0.375)
(13.2 1.6 0.375)
(13.6 1.6 0.375)
(14 1.6 0.375)
(14.4 1.6 0.375)
(14.8 1.6 0.375)
(15.2 1.6 0.375)
(15.6 1.6 0.375)
(16 1.6 0.375)
(16.4 1.6 0.375)
(16.8 1.6 0.375)
(17.2 1.6 0.375)
(17.6 1.6 0.375)
(18 1.6 0.375)
(18.4 1.6 0.375)
(18.8 1.6 0.375)
(19.2 1.6 0.375)
(19.6 1.6 0.375)
(20 1.6 0.375)
(20.4 1.6 0.375)
(20.8 1.6 0.375)
(21.2 1.6 0.375)
(21.6 1.6 0.375)
(22 1.6 0.375)
(22.4 1.6 0.375)
(22.8 1.6 0.375)
(23.2 1.6 0.375)
(23.6 1.6 0.375)
(24 1.6 0.375)
(24.4 1.6 0.375)
(24.8 1.6 0.375)
(25.2 1.6 0.375)
(25.6 1.6 0.375)
(26 1.6 0.375)
(26.4 1.6 0.375)
(26.8 1.6 0.375)
(27.2 1.6 0.375)
(27.6 1.6 0.375)
(28 1.6 0.375)
(0 2 0.375)
(0.4 2 0.375)
(0.8 2 0.375)
(1.2 2 0.375)
(1.6 2 0.375)
(2 2 0.375)
(2.4 2 0.375)
(2.8 2 0.375)
(3.2 2 0.375)
(3.6 2 0.375)
(4 2 0.375)
(4.4 2 0.375)
(4.8 2 0.375)
(5.2 2 0.375)
(5.6 2 0.375)
(6 2 0.375)
(6.4 2 0.375)
(6.8 2 0.375)
(7.2 2 0.375)
(7.6 2 0.375)
(8 2 0.375)
(8.4 2 0.375)
(8.8 2 0.375)
(9.2 2 0.375)
(9.6 2 0.375)
(10 2 0.375)
(10.4 2 0.375)
(10.8 2 0.375)
(11.2 2 0.375)
(11.6 2 0.375)
(12 2 0.375)
(12.4 2 0.375)
(12.8 2 0.375)
(13.2 2 0.375)
(13.6 2 0.375)
(14 2 0.375)
(14.4 2 0.375)
(14.8 2 0.375)
(15.2 2 0.375)
(15.6 2 0.375)
(16 2 0.375)
(16.4 2 0.375)
(16.8 2 0.375)
(17.2 2 0.375)
(17.6 2 0.375)
(18 2 0.375)
(18.4 2 0.375)
(18.8 2 0.375)
(19.2 2 0.375)
(19.6 2 0.375)
(20 2 0.375)
(20.4 2 0.375)
(20.8 2 0.375)
(21.2 2 0.375)
(21.6 2 0.375)
(22 2 0.375)
(22.4 2 0.375)
(22.8 2 0.375)
(23.2 2 0.375)
(23.6 2 0.375)
(24 2 0.375)
(24.4 2 0.375)
(24.8 2 0.375)
(25.2 2 0.375)
(25.6 2 0.375)
(26 2 0.375)
(26.4 2 0.375)
(26.8 2 0.375)
(27.2 2 0.375)
(27.6 2 0.375)
(28 2 0.375)
(0 2.4 0.375)
(0.4 2.4 0.375)
(0.8 2.4 0.375)
(1.2 2.4 0.375)
(1.6 2.4 0.375)
(2 2.4 0.375)
(2.4 2.4 0.375)
(2.8 2.4 0.375)
(3.2 2.4 0.375)
(3.6 2.4 0.375)
(4 2.4 0.375)
(4.4 2.4 0.375)
(4.8 2.4 0.375)
(5.2 2.4 0.375)
(5.6 2.4 0.375)
(6 2.4 0.375)
(6.4 2.4 0.375)
(6.8 2.4 0.375)
(7.2 2.4 0.375)
(7.6 2.4 0.375)
(8 2.4 0.375)
(8.4 2.4 0.375)
(8.8 2.4 0.375)
(9.2 2.4 0.375)
(9.6 2.4 0.375)
(10 2.4 0.375)
(10.4 2.4 0.375)
(10.8 2.4 0.375)
(11.2 2.4 0.375)
(11.6 2.4 0.375)
(12 2.4 0.375)
(12.4 2.4 0.375)
(12.8 2.4 0.375)
(13.2 2.4 0.375)
(13.6 2.4 0.375)
(14 2.4 0.375)
(14.4 2.4 0.375)
(14.8 2.4 0.375)
(15.2 2.4 0.375)
(15.6 2.4 0.375)
(16 2.4 0.375)
(16.4 2.4 0.375)
(16.8 2.4 0.375)
(17.2 2.4 0.375)
(17.6 2.4 0.375)
(18 2.4 0.375)
(18.4 2.4 0.375)
(18.8 2.4 0.375)
(19.2 2.4 0.375)
(19.6 2.4 0.375)
(20 2.4 0.375)
(20.4 2.4 0.375)
(20.8 2.4 0.375)
(21.2 2.4 0.375)
(21.6 2.4 0.375)
(22 2.4 0.375)
(22.4 2.4 0.375)
(22.8 2.4 0.375)
(23.2 2.4 0.375)
(23.6 2.4 0.375)
(24 2.4 0.375)
(24.4 2.4 0.375)
(24.8 2.4 0.375)
(25.2 2.4 0.375)
(25.6 2.4 0.375)
(26 2.4 0.375)
(26.4 2.4 0.375)
(26.8 2.4 0.375)
(27.2 2.4 0.375)
(27.6 2.4 0.375)
(28 2.4 0.375)
(0 2.8 0.375)
(0.4 2.8 0.375)
(0.8 2.8 0.375)
(1.2 2.8 0.375)
(1.6 2.8 0.375)
(2 2.8 0.375)
(2.4 2.8 0.375)
(2.8 2.8 0.375)
(3.2 2.8 0.375)
(3.6 2.8 0.375)
(4 2.8 0.375)
(4.4 2.8 0.375)
(4.8 2.8 0.375)
(5.2 2.8 0.375)
(5.6 2.8 0.375)
(6 2.8 0.375)
(6.4 2.8 0.375)
(6.8 2.8 0.375)
(7.2 2.8 0.375)
(7.6 2.8 0.375)
(8 2.8 0.375)
(8.4 2.8 0.375)
(8.8 2.8 0.375)
(9.2 2.8 0.375)
(9.6 2.8 0.375)
(10 2.8 0.375)
(10.4 2.8 0.375)
(10.8 2.8 0.375)
(11.2 2.8 0.375)
(11.6 2.8 0.375)
(12 2.8 0.375)
(12.4 2.8 0.375)
(12.8 2.8 0.375)
(13.2 2.8 0.375)
(13.6 2.8 0.375)
(14 2.8 0.375)
(14.4 2.8 0.375)
(14.8 2.8 0.375)
(15.2 2.8 0.375)
(15.6 2.8 0.375)
(16 2.8 0.375)
(16.4 2.8 0.375)
(16.8 2.8 0.375)
(17.2 2.8 0.375)
(17.6 2.8 0.375)
(18 2.8 0.375)
(18.4 2.8 0.375)
(18.8 2.8 0.375)
(19.2 2.8 0.375)
(19.6 2.8 0.375)
(20 2.8 0.375)
(20.4 2.8 0.375)
(20.8 2.8 0.375)
(21.2 2.8 0.375)
(21.6 2.8 0.375)
(22 2.8 0.375)
(22.4 2.8 0.375)
(22.8 2.8 0.375)
(23.2 2.8 0.375)
(23.6 2.8 0.375)
(24 2.8 0.375)
(24.4 2.8 0.375)
(24.8 2.8 0.375)
(25.2 2.8 0.375)
(25.6 2.8 0.375)
(26 2.8 0.375)
(26.4 2.8 0.375)
(26.8 2.8 0.375)
(27.2 2.8 0.375)
(27.6 2.8 0.375)
(28 2.8 0.375)
(0 3.2 0.375)
(0.4 3.2 0.375)
(0.8 3.2 0.375)
(1.2 3.2 0.375)
(1.6 3.2 0.375)
(2 3.2 0.375)
(2.4 3.2 0.375)
(2.8 3.2 0.375)
(3.2 3.2 0.375)
(3.6 3.2 0.375)
(4 3.2 0.375)
(4.4 3.2 0.375)
(4.8 3.2 0.375)
(5.2 3.2 0.375)
(5.6 3.2 0.375)
(6 3.2 0.375)
(6.4 3.2 0.375)
(6.8 3.2 0.375)
(7.2 3.2 0.375)
(7.6 3.2 0.375)
(8 3.2 0.375)
(8.4 3.2 0.375)
(8.8 3.2 0.375)
(9.2 3.2 0.375)
(9.6 3.2 0.375)
(10 3.2 0.375)
(10.4 3.2 0.375)
(10.8 3.2 0.375)
(11.2 3.2 0.375)
(11.6 3.2 0.375)
(12 3.2 0.375)
(12.4 3.2 0.375)
(12.8 3.2 0.375)
(13.2 3.2 0.375)
(13.6 3.2 0.375)
(14 3.2 0.375)
(14.4 3.2 0.375)
(14.8 3.2 0.375)
(15.2 3.2 0.375)
(15.6 3.2 0.375)
(16 3.2 0.375)
(16.4 3.2 0.375)
(16.8 3.2 0.375)
(17.2 3.2 0.375)
(17.6 3.2 0.375)
(18 3.2 0.375)
(18.4 3.2 0.375)
(18.8 3.2 0.375)
(19.2 3.2 0.375)
(19.6 3.2 0.375)
(20 3.2 0.375)
(20.4 3.2 0.375)
(20.8 3.2 0.375)
(21.2 3.2 0.375)
(21.6 3.2 0.375)
(22 3.2 0.375)
(22.4 3.2 0.375)
(22.8 3.2 0.375)
(23.2 3.2 0.375)
(23.6 3.2 0.375)
(24 3.2 0.375)
(24.4 3.2 0.375)
(24.8 3.2 0.375)
(25.2 3.2 0.375)
(25.6 3.2 0.375)
(26 3.2 0.375)
(26.4 3.2 0.375)
(26.8 3.2 0.375)
(27.2 3.2 0.375)
(27.6 3.2 0.375)
(28 3.2 0.375)
(0 3.6 0.375)
(0.4 3.6 0.375)
(0.8 3.6 0.375)
(1.2 3.6 0.375)
(1.6 3.6 0.375)
(2 3.6 0.375)
(2.4 3.6 0.375)
(2.8 3.6 0.375)
(3.2 3.6 0.375)
(3.6 3.6 0.375)
(4 3.6 0.375)
(4.4 3.6 0.375)
(4.8 3.6 0.375)
(5.2 3.6 0.375)
(5.6 3.6 0.375)
(6 3.6 0.375)
(6.4 3.6 0.375)
(6.8 3.6 0.375)
(7.2 3.6 0.375)
(7.6 3.6 0.375)
(8 3.6 0.375)
(8.4 3.6 0.375)
(8.8 3.6 0.375)
(9.2 3.6 0.375)
(9.6 3.6 0.375)
(10 3.6 0.375)
(10.4 3.6 0.375)
(10.8 3.6 0.375)
(11.2 3.6 0.375)
(11.6 3.6 0.375)
(12 3.6 0.375)
(12.4 3.6 0.375)
(12.8 3.6 0.375)
(13.2 3.6 0.375)
(13.6 3.6 0.375)
(14 3.6 0.375)
(14.4 3.6 0.375)
(14.8 3.6 0.375)
(15.2 3.6 0.375)
(15.6 3.6 0.375)
(16 3.6 0.375)
(16.4 3.6 0.375)
(16.8 3.6 0.375)
(17.2 3.6 0.375)
(17.6 3.6 0.375)
(18 3.6 0.375)
(18.4 3.6 0.375)
(18.8 3.6 0.375)
(19.2 3.6 0.375)
(19.6 3.6 0.375)
(20 3.6 0.375)
(20.4 3.6 0.375)
(20.8 3.6 0.375)
(21.2 3.6 0.375)
(21.6 3.6 0.375)
(22 3.6 0.375)
(22.4 3.6 0.375)
(22.8 3.6 0.375)
(23.2 3.6 0.375)
(23.6 3.6 0.375)
(24 3.6 0.375)
(24.4 3.6 0.375)
(24.8 3.6 0.375)
(25.2 3.6 0.375)
(25.6 3.6 0.375)
(26 3.6 0.375)
(26.4 3.6 0.375)
(26.8 3.6 0.375)
(27.2 3.6 0.375)
(27.6 3.6 0.375)
(28 3.6 0.375)
(0 4 0.375)
(0.4 4 0.375)
(0.8 4 0.375)
(1.2 4 0.375)
(1.6 4 0.375)
(2 4 0.375)
(2.4 4 0.375)
(2.8 4 0.375)
(3.2 4 0.375)
(3.6 4 0.375)
(4 4 0.375)
(4.4 4 0.375)
(4.8 4 0.375)
(5.2 4 0.375)
(5.6 4 0.375)
(6 4 0.375)
(6.4 4 0.375)
(6.8 4 0.375)
(7.2 4 0.375)
(7.6 4 0.375)
(8 4 0.375)
(8.4 4 0.375)
(8.8 4 0.375)
(9.2 4 0.375)
(9.6 4 0.375)
(10 4 0.375)
(10.4 4 0.375)
(10.8 4 0.375)
(11.2 4 0.375)
(11.6 4 0.375)
(12 4 0.375)
(12.4 4 0.375)
(12.8 4 0.375)
(13.2 4 0.375)
(13.6 4 0.375)
(14 4 0.375)
(14.4 4 0.375)
(14.8 4 0.375)
(15.2 4 0.375)
(15.6 4 0.375)
(16 4 0.375)
(16.4 4 0.375)
(16.8 4 0.375)
(17.2 4 0.375)
(17.6 4 0.375)
(18 4 0.375)
(18.4 4 0.375)
(18.8 4 0.375)
(19.2 4 0.375)
(19.6 4 0.375)
(20 4 0.375)
(20.4 4 0.375)
(20.8 4 0.375)
(21.2 4 0.375)
(21.6 4 0.375)
(22 4 0.375)
(22.4 4 0.375)
(22.8 4 0.375)
(23.2 4 0.375)
(23.6 4 0.375)
(24 4 0.375)
(24.4 4 0.375)
(24.8 4 0.375)
(25.2 4 0.375)
(25.6 4 0.375)
(26 4 0.375)
(26.4 4 0.375)
(26.8 4 0.375)
(27.2 4 0.375)
(27.6 4 0.375)
(28 4 0.375)
(0 0 0.75)
(0.4 0 0.75)
(0.8 0 0.75)
(1.2 0 0.75)
(1.6 0 0.75)
(2 0 0.75)
(2.4 0 0.75)
(2.8 0 0.75)
(3.2 0 0.75)
(3.6 0 0.75)
(4 0 0.75)
(4.4 0 0.75)
(4.8 0 0.75)
(5.2 0 0.75)
(5.6 0 0.75)
(6 0 0.75)
(6.4 0 0.75)
(6.8 0 0.75)
(7.2 0 0.75)
(7.6 0 0.75)
(8 0 0.75)
(8.4 0 0.75)
(8.8 0 0.75)
(9.2 0 0.75)
(9.6 0 0.75)
(10 0 0.75)
(10.4 0 0.75)
(10.8 0 0.75)
(11.2 0 0.75)
(11.6 0 0.75)
(12 0 0.75)
(12.4 0 0.75)
(12.8 0 0.75)
(13.2 0 0.75)
(13.6 0 0.75)
(14 0 0.75)
(14.4 0 0.75)
(14.8 0 0.75)
(15.2 0 0.75)
(15.6 0 0.75)
(16 0 0.75)
(16.4 0 0.75)
(16.8 0 0.75)
(17.2 0 0.75)
(17.6 0 0.75)
(18 0 0.75)
(18.4 0 0.75)
(18.8 0 0.75)
(19.2 0 0.75)
(19.6 0 0.75)
(20 0 0.75)
(20.4 0 0.75)
(20.8 0 0.75)
(21.2 0 0.75)
(21.6 0 0.75)
(22 0 0.75)
(22.4 0 0.75)
(22.8 0 0.75)
(23.2 0 0.75)
(23.6 0 0.75)
(24 0 0.75)
(24.4 0 0.75)
(24.8 0 0.75)
(25.2 0 0.75)
(25.6 0 0.75)
(26 0 0.75)
(26.4 0 0.75)
(26.8 0 0.75)
(27.2 0 0.75)
(27.6 0 0.75)
(28 0 0.75)
(0 0.4 0.75)
(0.4 0.4 0.75)
(0.8 0.4 0.75)
(1.2 0.4 0.75)
(1.6 0.4 0.75)
(2 0.4 0.75)
(2.4 0.4 0.75)
(2.8 0.4 0.75)
(3.2 0.4 0.75)
(3.6 0.4 0.75)
(4 0.4 0.75)
(4.4 0.4 0.75)
(4.8 0.4 0.75)
(5.2 0.4 0.75)
(5.6 0.4 0.75)
(6 0.4 0.75)
(6.4 0.4 0.75)
(6.8 0.4 0.75)
(7.2 0.4 0.75)
(7.6 0.4 0.75)
(8 0.4 0.75)
(8.4 0.4 0.75)
(8.8 0.4 0.75)
(9.2 0.4 0.75)
(9.6 0.4 0.75)
(10 0.4 0.75)
(10.4 0.4 0.75)
(10.8 0.4 0.75)
(11.2 0.4 0.75)
(11.6 0.4 0.75)
(12 0.4 0.75)
(12.4 0.4 0.75)
(12.8 0.4 0.75)
(13.2 0.4 0.75)
(13.6 0.4 0.75)
(14 0.4 0.75)
(14.4 0.4 0.75)
(14.8 0.4 0.75)
(15.2 0.4 0.75)
(15.6 0.4 0.75)
(16 0.4 0.75)
(16.4 0.4 0.75)
(16.8 0.4 0.75)
(17.2 0.4 0.75)
(17.6 0.4 0.75)
(18 0.4 0.75)
(18.4 0.4 0.75)
(18.8 0.4 0.75)
(19.2 0.4 0.75)
(19.6 0.4 0.75)
(20 0.4 0.75)
(20.4 0.4 0.75)
(20.8 0.4 0.75)
(21.2 0.4 0.75)
(21.6 0.4 0.75)
(22 0.4 0.75)
(22.4 0.4 0.75)
(22.8 0.4 0.75)
(23.2 0.4 0.75)
(23.6 0.4 0.75)
(24 0.4 0.75)
(24.4 0.4 0.75)
(24.8 0.4 0.75)
(25.2 0.4 0.75)
(25.6 0.4 0.75)
(26 0.4 0.75)
(26.4 0.4 0.75)
(26.8 0.4 0.75)
(27.2 0.4 0.75)
(27.6 0.4 0.75)
(28 0.4 0.75)
(0 0.8 0.75)
(0.4 0.8 0.75)
(0.8 0.8 0.75)
(1.2 0.8 0.75)
(1.6 0.8 0.75)
(2 0.8 0.75)
(2.4 0.8 0.75)
(2.8 0.8 0.75)
(3.2 0.8 0.75)
(3.6 0.8 0.75)
(4 0.8 0.75)
(4.4 0.8 0.75)
(4.8 0.8 0.75)
(5.2 0.8 0.75)
(5.6 0.8 0.75)
(6 0.8 0.75)
(6.4 0.8 0.75)
(6.8 0.8 0.75)
(7.2 0.8 0.75)
(7.6 0.8 0.75)
(8 0.8 0.75)
(8.4 0.8 0.75)
(8.8 0.8 0.75)
(9.2 0.8 0.75)
(9.6 0.8 0.75)
(10 0.8 0.75)
(10.4 0.8 0.75)
(10.8 0.8 0.75)
(11.2 0.8 0.75)
(11.6 0.8 0.75)
(12 0.8 0.75)
(12.4 0.8 0.75)
(12.8 0.8 0.75)
(13.2 0.8 0.75)
(13.6 0.8 0.75)
(14 0.8 0.75)
(14.4 0.8 0.75)
(14.8 0.8 0.75)
(15.2 0.8 0.75)
(15.6 0.8 0.75)
(16 0.8 0.75)
(16.4 0.8 0.75)
(16.8 0.8 0.75)
(17.2 0.8 0.75)
(17.6 0.8 0.75)
(18 0.8 0.75)
(18.4 0.8 0.75)
(18.8 0.8 0.75)
(19.2 0.8 0.75)
(19.6 0.8 0.75)
(20 0.8 0.75)
(20.4 0.8 0.75)
(20.8 0.8 0.75)
(21.2 0.8 0.75)
(21.6 0.8 0.75)
(22 0.8 0.75)
(22.4 0.8 0.75)
(22.8 0.8 0.75)
(23.2 0.8 0.75)
(23.6 0.8 0.75)
(24 0.8 0.75)
(24.4 0.8 0.75)
(24.8 0.8 0.75)
(25.2 0.8 0.75)
(25.6 0.8 0.75)
(26 0.8 0.75)
(26.4 0.8 0.75)
(26.8 0.8 0.75)
(27.2 0.8 0.75)
(27.6 0.8 0.75)
(28 0.8 0.75)
(0 1.2 0.75)
(0.4 1.2 0.75)
(0.8 1.2 0.75)
(1.2 1.2 0.75)
(1.6 1.2 0.75)
(2 1.2 0.75)
(2.4 1.2 0.75)
(2.8 1.2 0.75)
(3.2 1.2 0.75)
(3.6 1.2 0.75)
(4 1.2 0.75)
(4.4 1.2 0.75)
(4.8 1.2 0.75)
(5.2 1.2 0.75)
(5.6 1.2 0.75)
(6 1.2 0.75)
(6.4 1.2 0.75)
(6.8 1.2 0.75)
(7.2 1.2 0.75)
(7.6 1.2 0.75)
(8 1.2 0.75)
(8.4 1.2 0.75)
(8.8 1.2 0.75)
(9.2 1.2 0.75)
(9.6 1.2 0.75)
(10 1.2 0.75)
(10.4 1.2 0.75)
(10.8 1.2 0.75)
(11.2 1.2 0.75)
(11.6 1.2 0.75)
(12 1.2 0.75)
(12.4 1.2 0.75)
(12.8 1.2 0.75)
(13.2 1.2 0.75)
(13.6 1.2 0.75)
(14 1.2 0.75)
(14.4 1.2 0.75)
(14.8 1.2 0.75)
(15.2 1.2 0.75)
(15.6 1.2 0.75)
(16 1.2 0.75)
(16.4 1.2 0.75)
(16.8 1.2 0.75)
(17.2 1.2 0.75)
(17.6 1.2 0.75)
(18 1.2 0.75)
(18.4 1.2 0.75)
(18.8 1.2 0.75)
(19.2 1.2 0.75)
(19.6 1.2 0.75)
(20 1.2 0.75)
(20.4 1.2 0.75)
(20.8 1.2 0.75)
(21.2 1.2 0.75)
(21.6 1.2 0.75)
(22 1.2 0.75)
(22.4 1.2 0.75)
(22.8 1.2 0.75)
(23.2 1.2 0.75)
(23.6 1.2 0.75)
(24 1.2 0.75)
(24.4 1.2 0.75)
(24.8 1.2 0.75)
(25.2 1.2 0.75)
(25.6 1.2 0.75)
(26 1.2 0.75)
(26.4 1.2 0.75)
(26.8 1.2 0.75)
(27.2 1.2 0.75)
(27.6 1.2 0.75)
(28 1.2 0.75)
(0 1.6 0.75)
(0.4 1.6 0.75)
(0.8 1.6 0.75)
(1.2 1.6 0.75)
(1.6 1.6 0.75)
(2 1.6 0.75)
(2.4 1.6 0.75)
(2.8 1.6 0.75)
(3.2 1.6 0.75)
(3.6 1.6 0.75)
(4 1.6 0.75)
(4.4 1.6 0.75)
(4.8 1.6 0.75)
(5.2 1.6 0.75)
(5.6 1.6 0.75)
(6 1.6 0.75)
(6.4 1.6 0.75)
(6.8 1.6 0.75)
(7.2 1.6 0.75)
(7.6 1.6 0.75)
(8 1.6 0.75)
(8.4 1.6 0.75)
(8.8 1.6 0.75)
(9.2 1.6 0.75)
(9.6 1.6 0.75)
(10 1.6 0.75)
(10.4 1.6 0.75)
(10.8 1.6 0.75)
(11.2 1.6 0.75)
(11.6 1.6 0.75)
(12 1.6 0.75)
(12.4 1.6 0.75)
(12.8 1.6 0.75)
(13.2 1.6 0.75)
(13.6 1.6 0.75)
(14 1.6 0.75)
(14.4 1.6 0.75)
(14.8 1.6 0.75)
(15.2 1.6 0.75)
(15.6 1.6 0.75)
(16 1.6 0.75)
(16.4 1.6 0.75)
(16.8 1.6 0.75)
(17.2 1.6 0.75)
(17.6 1.6 0.75)
(18 1.6 0.75)
(18.4 1.6 0.75)
(18.8 1.6 0.75)
(19.2 1.6 0.75)
(19.6 1.6 0.75)
(20 1.6 0.75)
(20.4 1.6 0.75)
(20.8 1.6 0.75)
(21.2 1.6 0.75)
(21.6 1.6 0.75)
(22 1.6 0.75)
(22.4 1.6 0.75)
(22.8 1.6 0.75)
(23.2 1.6 0.75)
(23.6 1.6 0.75)
(24 1.6 0.75)
(24.4 1.6 0.75)
(24.8 1.6 0.75)
(25.2 1.6 0.75)
(25.6 1.6 0.75)
(26 1.6 0.75)
(26.4 1.6 0.75)
(26.8 1.6 0.75)
(27.2 1.6 0.75)
(27.6 1.6 0.75)
(28 1.6 0.75)
(0 2 0.75)
(0.4 2 0.75)
(0.8 2 0.75)
(1.2 2 0.75)
(1.6 2 0.75)
(2 2 0.75)
(2.4 2 0.75)
(2.8 2 0.75)
(3.2 2 0.75)
(3.6 2 0.75)
(4 2 0.75)
(4.4 2 0.75)
(4.8 2 0.75)
(5.2 2 0.75)
(5.6 2 0.75)
(6 2 0.75)
(6.4 2 0.75)
(6.8 2 0.75)
(7.2 2 0.75)
(7.6 2 0.75)
(8 2 0.75)
(8.4 2 0.75)
(8.8 2 0.75)
(9.2 2 0.75)
(9.6 2 0.75)
(10 2 0.75)
(10.4 2 0.75)
(10.8 2 0.75)
(11.2 2 0.75)
(11.6 2 0.75)
(12 2 0.75)
(12.4 2 0.75)
(12.8 2 0.75)
(13.2 2 0.75)
(13.6 2 0.75)
(14 2 0.75)
(14.4 2 0.75)
(14.8 2 0.75)
(15.2 2 0.75)
(15.6 2 0.75)
(16 2 0.75)
(16.4 2 0.75)
(16.8 2 0.75)
(17.2 2 0.75)
(17.6 2 0.75)
(18 2 0.75)
(18.4 2 0.75)
(18.8 2 0.75)
(19.2 2 0.75)
(19.6 2 0.75)
(20 2 0.75)
(20.4 2 0.75)
(20.8 2 0.75)
(21.2 2 0.75)
(21.6 2 0.75)
(22 2 0.75)
(22.4 2 0.75)
(22.8 2 0.75)
(23.2 2 0.75)
(23.6 2 0.75)
(24 2 0.75)
(24.4 2 0.75)
(24.8 2 0.75)
(25.2 2 0.75)
(25.6 2 0.75)
(26 2 0.75)
(26.4 2 0.75)
(26.8 2 0.75)
(27.2 2 0.75)
(27.6 2 0.75)
(28 2 0.75)
(0 2.4 0.75)
(0.4 2.4 0.75)
(0.8 2.4 0.75)
(1.2 2.4 0.75)
(1.6 2.4 0.75)
(2 2.4 0.75)
(2.4 2.4 0.75)
(2.8 2.4 0.75)
(3.2 2.4 0.75)
(3.6 2.4 0.75)
(4 2.4 0.75)
(4.4 2.4 0.75)
(4.8 2.4 0.75)
(5.2 2.4 0.75)
(5.6 2.4 0.75)
(6 2.4 0.75)
(6.4 2.4 0.75)
(6.8 2.4 0.75)
(7.2 2.4 0.75)
(7.6 2.4 0.75)
(8 2.4 0.75)
(8.4 2.4 0.75)
(8.8 2.4 0.75)
(9.2 2.4 0.75)
(9.6 2.4 0.75)
(10 2.4 0.75)
(10.4 2.4 0.75)
(10.8 2.4 0.75)
(11.2 2.4 0.75)
(11.6 2.4 0.75)
(12 2.4 0.75)
(12.4 2.4 0.75)
(12.8 2.4 0.75)
(13.2 2.4 0.75)
(13.6 2.4 0.75)
(14 2.4 0.75)
(14.4 2.4 0.75)
(14.8 2.4 0.75)
(15.2 2.4 0.75)
(15.6 2.4 0.75)
(16 2.4 0.75)
(16.4 2.4 0.75)
(16.8 2.4 0.75)
(17.2 2.4 0.75)
(17.6 2.4 0.75)
(18 2.4 0.75)
(18.4 2.4 0.75)
(18.8 2.4 0.75)
(19.2 2.4 0.75)
(19.6 2.4 0.75)
(20 2.4 0.75)
(20.4 2.4 0.75)
(20.8 2.4 0.75)
(21.2 2.4 0.75)
(21.6 2.4 0.75)
(22 2.4 0.75)
(22.4 2.4 0.75)
(22.8 2.4 0.75)
(23.2 2.4 0.75)
(23.6 2.4 0.75)
(24 2.4 0.75)
(24.4 2.4 0.75)
(24.8 2.4 0.75)
(25.2 2.4 0.75)
(25.6 2.4 0.75)
(26 2.4 0.75)
(26.4 2.4 0.75)
(26.8 2.4 0.75)
(27.2 2.4 0.75)
(27.6 2.4 0.75)
(28 2.4 0.75)
(0 2.8 0.75)
(0.4 2.8 0.75)
(0.8 2.8 0.75)
(1.2 2.8 0.75)
(1.6 2.8 0.75)
(2 2.8 0.75)
(2.4 2.8 0.75)
(2.8 2.8 0.75)
(3.2 2.8 0.75)
(3.6 2.8 0.75)
(4 2.8 0.75)
(4.4 2.8 0.75)
(4.8 2.8 0.75)
(5.2 2.8 0.75)
(5.6 2.8 0.75)
(6 2.8 0.75)
(6.4 2.8 0.75)
(6.8 2.8 0.75)
(7.2 2.8 0.75)
(7.6 2.8 0.75)
(8 2.8 0.75)
(8.4 2.8 0.75)
(8.8 2.8 0.75)
(9.2 2.8 0.75)
(9.6 2.8 0.75)
(10 2.8 0.75)
(10.4 2.8 0.75)
(10.8 2.8 0.75)
(11.2 2.8 0.75)
(11.6 2.8 0.75)
(12 2.8 0.75)
(12.4 2.8 0.75)
(12.8 2.8 0.75)
(13.2 2.8 0.75)
(13.6 2.8 0.75)
(14 2.8 0.75)
(14.4 2.8 0.75)
(14.8 2.8 0.75)
(15.2 2.8 0.75)
(15.6 2.8 0.75)
(16 2.8 0.75)
(16.4 2.8 0.75)
(16.8 2.8 0.75)
(17.2 2.8 0.75)
(17.6 2.8 0.75)
(18 2.8 0.75)
(18.4 2.8 0.75)
(18.8 2.8 0.75)
(19.2 2.8 0.75)
(19.6 2.8 0.75)
(20 2.8 0.75)
(20.4 2.8 0.75)
(20.8 2.8 0.75)
(21.2 2.8 0.75)
(21.6 2.8 0.75)
(22 2.8 0.75)
(22.4 2.8 0.75)
(22.8 2.8 0.75)
(23.2 2.8 0.75)
(23.6 2.8 0.75)
(24 2.8 0.75)
(24.4 2.8 0.75)
(24.8 2.8 0.75)
(25.2 2.8 0.75)
(25.6 2.8 0.75)
(26 2.8 0.75)
(26.4 2.8 0.75)
(26.8 2.8 0.75)
(27.2 2.8 0.75)
(27.6 2.8 0.75)
(28 2.8 0.75)
(0 3.2 0.75)
(0.4 3.2 0.75)
(0.8 3.2 0.75)
(1.2 3.2 0.75)
(1.6 3.2 0.75)
(2 3.2 0.75)
(2.4 3.2 0.75)
(2.8 3.2 0.75)
(3.2 3.2 0.75)
(3.6 3.2 0.75)
(4 3.2 0.75)
(4.4 3.2 0.75)
(4.8 3.2 0.75)
(5.2 3.2 0.75)
(5.6 3.2 0.75)
(6 3.2 0.75)
(6.4 3.2 0.75)
(6.8 3.2 0.75)
(7.2 3.2 0.75)
(7.6 3.2 0.75)
(8 3.2 0.75)
(8.4 3.2 0.75)
(8.8 3.2 0.75)
(9.2 3.2 0.75)
(9.6 3.2 0.75)
(10 3.2 0.75)
(10.4 3.2 0.75)
(10.8 3.2 0.75)
(11.2 3.2 0.75)
(11.6 3.2 0.75)
(12 3.2 0.75)
(12.4 3.2 0.75)
(12.8 3.2 0.75)
(13.2 3.2 0.75)
(13.6 3.2 0.75)
(14 3.2 0.75)
(14.4 3.2 0.75)
(14.8 3.2 0.75)
(15.2 3.2 0.75)
(15.6 3.2 0.75)
(16 3.2 0.75)
(16.4 3.2 0.75)
(16.8 3.2 0.75)
(17.2 3.2 0.75)
(17.6 3.2 0.75)
(18 3.2 0.75)
(18.4 3.2 0.75)
(18.8 3.2 0.75)
(19.2 3.2 0.75)
(19.6 3.2 0.75)
(20 3.2 0.75)
(20.4 3.2 0.75)
(20.8 3.2 0.75)
(21.2 3.2 0.75)
(21.6 3.2 0.75)
(22 3.2 0.75)
(22.4 3.2 0.75)
(22.8 3.2 0.75)
(23.2 3.2 0.75)
(23.6 3.2 0.75)
(24 3.2 0.75)
(24.4 3.2 0.75)
(24.8 3.2 0.75)
(25.2 3.2 0.75)
(25.6 3.2 0.75)
(26 3.2 0.75)
(26.4 3.2 0.75)
(26.8 3.2 0.75)
(27.2 3.2 0.75)
(27.6 3.2 0.75)
(28 3.2 0.75)
(0 3.6 0.75)
(0.4 3.6 0.75)
(0.8 3.6 0.75)
(1.2 3.6 0.75)
(1.6 3.6 0.75)
(2 3.6 0.75)
(2.4 3.6 0.75)
(2.8 3.6 0.75)
(3.2 3.6 0.75)
(3.6 3.6 0.75)
(4 3.6 0.75)
(4.4 3.6 0.75)
(4.8 3.6 0.75)
(5.2 3.6 0.75)
(5.6 3.6 0.75)
(6 3.6 0.75)
(6.4 3.6 0.75)
(6.8 3.6 0.75)
(7.2 3.6 0.75)
(7.6 3.6 0.75)
(8 3.6 0.75)
(8.4 3.6 0.75)
(8.8 3.6 0.75)
(9.2 3.6 0.75)
(9.6 3.6 0.75)
(10 3.6 0.75)
(10.4 3.6 0.75)
(10.8 3.6 0.75)
(11.2 3.6 0.75)
(11.6 3.6 0.75)
(12 3.6 0.75)
(12.4 3.6 0.75)
(12.8 3.6 0.75)
(13.2 3.6 0.75)
(13.6 3.6 0.75)
(14 3.6 0.75)
(14.4 3.6 0.75)
(14.8 3.6 0.75)
(15.2 3.6 0.75)
(15.6 3.6 0.75)
(16 3.6 0.75)
(16.4 3.6 0.75)
(16.8 3.6 0.75)
(17.2 3.6 0.75)
(17.6 3.6 0.75)
(18 3.6 0.75)
(18.4 3.6 0.75)
(18.8 3.6 0.75)
(19.2 3.6 0.75)
(19.6 3.6 0.75)
(20 3.6 0.75)
(20.4 3.6 0.75)
(20.8 3.6 0.75)
(21.2 3.6 0.75)
(21.6 3.6 0.75)
(22 3.6 0.75)
(22.4 3.6 0.75)
(22.8 3.6 0.75)
(23.2 3.6 0.75)
(23.6 3.6 0.75)
(24 3.6 0.75)
(24.4 3.6 0.75)
(24.8 3.6 0.75)
(25.2 3.6 0.75)
(25.6 3.6 0.75)
(26 3.6 0.75)
(26.4 3.6 0.75)
(26.8 3.6 0.75)
(27.2 3.6 0.75)
(27.6 3.6 0.75)
(28 3.6 0.75)
(0 4 0.75)
(0.4 4 0.75)
(0.8 4 0.75)
(1.2 4 0.75)
(1.6 4 0.75)
(2 4 0.75)
(2.4 4 0.75)
(2.8 4 0.75)
(3.2 4 0.75)
(3.6 4 0.75)
(4 4 0.75)
(4.4 4 0.75)
(4.8 4 0.75)
(5.2 4 0.75)
(5.6 4 0.75)
(6 4 0.75)
(6.4 4 0.75)
(6.8 4 0.75)
(7.2 4 0.75)
(7.6 4 0.75)
(8 4 0.75)
(8.4 4 0.75)
(8.8 4 0.75)
(9.2 4 0.75)
(9.6 4 0.75)
(10 4 0.75)
(10.4 4 0.75)
(10.8 4 0.75)
(11.2 4 0.75)
(11.6 4 0.75)
(12 4 0.75)
(12.4 4 0.75)
(12.8 4 0.75)
(13.2 4 0.75)
(13.6 4 0.75)
(14 4 0.75)
(14.4 4 0.75)
(14.8 4 0.75)
(15.2 4 0.75)
(15.6 4 0.75)
(16 4 0.75)
(16.4 4 0.75)
(16.8 4 0.75)
(17.2 4 0.75)
(17.6 4 0.75)
(18 4 0.75)
(18.4 4 0.75)
(18.8 4 0.75)
(19.2 4 0.75)
(19.6 4 0.75)
(20 4 0.75)
(20.4 4 0.75)
(20.8 4 0.75)
(21.2 4 0.75)
(21.6 4 0.75)
(22 4 0.75)
(22.4 4 0.75)
(22.8 4 0.75)
(23.2 4 0.75)
(23.6 4 0.75)
(24 4 0.75)
(24.4 4 0.75)
(24.8 4 0.75)
(25.2 4 0.75)
(25.6 4 0.75)
(26 4 0.75)
(26.4 4 0.75)
(26.8 4 0.75)
(27.2 4 0.75)
(27.6 4 0.75)
(28 4 0.75)
(0 0 1.125)
(0.4 0 1.125)
(0.8 0 1.125)
(1.2 0 1.125)
(1.6 0 1.125)
(2 0 1.125)
(2.4 0 1.125)
(2.8 0 1.125)
(3.2 0 1.125)
(3.6 0 1.125)
(4 0 1.125)
(4.4 0 1.125)
(4.8 0 1.125)
(5.2 0 1.125)
(5.6 0 1.125)
(6 0 1.125)
(6.4 0 1.125)
(6.8 0 1.125)
(7.2 0 1.125)
(7.6 0 1.125)
(8 0 1.125)
(8.4 0 1.125)
(8.8 0 1.125)
(9.2 0 1.125)
(9.6 0 1.125)
(10 0 1.125)
(10.4 0 1.125)
(10.8 0 1.125)
(11.2 0 1.125)
(11.6 0 1.125)
(12 0 1.125)
(12.4 0 1.125)
(12.8 0 1.125)
(13.2 0 1.125)
(13.6 0 1.125)
(14 0 1.125)
(14.4 0 1.125)
(14.8 0 1.125)
(15.2 0 1.125)
(15.6 0 1.125)
(16 0 1.125)
(16.4 0 1.125)
(16.8 0 1.125)
(17.2 0 1.125)
(17.6 0 1.125)
(18 0 1.125)
(18.4 0 1.125)
(18.8 0 1.125)
(19.2 0 1.125)
(19.6 0 1.125)
(20 0 1.125)
(20.4 0 1.125)
(20.8 0 1.125)
(21.2 0 1.125)
(21.6 0 1.125)
(22 0 1.125)
(22.4 0 1.125)
(22.8 0 1.125)
(23.2 0 1.125)
(23.6 0 1.125)
(24 0 1.125)
(24.4 0 1.125)
(24.8 0 1.125)
(25.2 0 1.125)
(25.6 0 1.125)
(26 0 1.125)
(26.4 0 1.125)
(26.8 0 1.125)
(27.2 0 1.125)
(27.6 0 1.125)
(28 0 1.125)
(0 0.4 1.125)
(0.4 0.4 1.125)
(0.8 0.4 1.125)
(1.2 0.4 1.125)
(1.6 0.4 1.125)
(2 0.4 1.125)
(2.4 0.4 1.125)
(2.8 0.4 1.125)
(3.2 0.4 1.125)
(3.6 0.4 1.125)
(4 0.4 1.125)
(4.4 0.4 1.125)
(4.8 0.4 1.125)
(5.2 0.4 1.125)
(5.6 0.4 1.125)
(6 0.4 1.125)
(6.4 0.4 1.125)
(6.8 0.4 1.125)
(7.2 0.4 1.125)
(7.6 0.4 1.125)
(8 0.4 1.125)
(8.4 0.4 1.125)
(8.8 0.4 1.125)
(9.2 0.4 1.125)
(9.6 0.4 1.125)
(10 0.4 1.125)
(10.4 0.4 1.125)
(10.8 0.4 1.125)
(11.2 0.4 1.125)
(11.6 0.4 1.125)
(12 0.4 1.125)
(12.4 0.4 1.125)
(12.8 0.4 1.125)
(13.2 0.4 1.125)
(13.6 0.4 1.125)
(14 0.4 1.125)
(14.4 0.4 1.125)
(14.8 0.4 1.125)
(15.2 0.4 1.125)
(15.6 0.4 1.125)
(16 0.4 1.125)
(16.4 0.4 1.125)
(16.8 0.4 1.125)
(17.2 0.4 1.125)
(17.6 0.4 1.125)
(18 0.4 1.125)
(18.4 0.4 1.125)
(18.8 0.4 1.125)
(19.2 0.4 1.125)
(19.6 0.4 1.125)
(20 0.4 1.125)
(20.4 0.4 1.125)
(20.8 0.4 1.125)
(21.2 0.4 1.125)
(21.6 0.4 1.125)
(22 0.4 1.125)
(22.4 0.4 1.125)
(22.8 0.4 1.125)
(23.2 0.4 1.125)
(23.6 0.4 1.125)
(24 0.4 1.125)
(24.4 0.4 1.125)
(24.8 0.4 1.125)
(25.2 0.4 1.125)
(25.6 0.4 1.125)
(26 0.4 1.125)
(26.4 0.4 1.125)
(26.8 0.4 1.125)
(27.2 0.4 1.125)
(27.6 0.4 1.125)
(28 0.4 1.125)
(0 0.8 1.125)
(0.4 0.8 1.125)
(0.8 0.8 1.125)
(1.2 0.8 1.125)
(1.6 0.8 1.125)
(2 0.8 1.125)
(2.4 0.8 1.125)
(2.8 0.8 1.125)
(3.2 0.8 1.125)
(3.6 0.8 1.125)
(4 0.8 1.125)
(4.4 0.8 1.125)
(4.8 0.8 1.125)
(5.2 0.8 1.125)
(5.6 0.8 1.125)
(6 0.8 1.125)
(6.4 0.8 1.125)
(6.8 0.8 1.125)
(7.2 0.8 1.125)
(7.6 0.8 1.125)
(8 0.8 1.125)
(8.4 0.8 1.125)
(8.8 0.8 1.125)
(9.2 0.8 1.125)
(9.6 0.8 1.125)
(10 0.8 1.125)
(10.4 0.8 1.125)
(10.8 0.8 1.125)
(11.2 0.8 1.125)
(11.6 0.8 1.125)
(12 0.8 1.125)
(12.4 0.8 1.125)
(12.8 0.8 1.125)
(13.2 0.8 1.125)
(13.6 0.8 1.125)
(14 0.8 1.125)
(14.4 0.8 1.125)
(14.8 0.8 1.125)
(15.2 0.8 1.125)
(15.6 0.8 1.125)
(16 0.8 1.125)
(16.4 0.8 1.125)
(16.8 0.8 1.125)
(17.2 0.8 1.125)
(17.6 0.8 1.125)
(18 0.8 1.125)
(18.4 0.8 1.125)
(18.8 0.8 1.125)
(19.2 0.8 1.125)
(19.6 0.8 1.125)
(20 0.8 1.125)
(20.4 0.8 1.125)
(20.8 0.8 1.125)
(21.2 0.8 1.125)
(21.6 0.8 1.125)
(22 0.8 1.125)
(22.4 0.8 1.125)
(22.8 0.8 1.125)
(23.2 0.8 1.125)
(23.6 0.8 1.125)
(24 0.8 1.125)
(24.4 0.8 1.125)
(24.8 0.8 1.125)
(25.2 0.8 1.125)
(25.6 0.8 1.125)
(26 0.8 1.125)
(26.4 0.8 1.125)
(26.8 0.8 1.125)
(27.2 0.8 1.125)
(27.6 0.8 1.125)
(28 0.8 1.125)
(0 1.2 1.125)
(0.4 1.2 1.125)
(0.8 1.2 1.125)
(1.2 1.2 1.125)
(1.6 1.2 1.125)
(2 1.2 1.125)
(2.4 1.2 1.125)
(2.8 1.2 1.125)
(3.2 1.2 1.125)
(3.6 1.2 1.125)
(4 1.2 1.125)
(4.4 1.2 1.125)
(4.8 1.2 1.125)
(5.2 1.2 1.125)
(5.6 1.2 1.125)
(6 1.2 1.125)
(6.4 1.2 1.125)
(6.8 1.2 1.125)
(7.2 1.2 1.125)
(7.6 1.2 1.125)
(8 1.2 1.125)
(8.4 1.2 1.125)
(8.8 1.2 1.125)
(9.2 1.2 1.125)
(9.6 1.2 1.125)
(10 1.2 1.125)
(10.4 1.2 1.125)
(10.8 1.2 1.125)
(11.2 1.2 1.125)
(11.6 1.2 1.125)
(12 1.2 1.125)
(12.4 1.2 1.125)
(12.8 1.2 1.125)
(13.2 1.2 1.125)
(13.6 1.2 1.125)
(14 1.2 1.125)
(14.4 1.2 1.125)
(14.8 1.2 1.125)
(15.2 1.2 1.125)
(15.6 1.2 1.125)
(16 1.2 1.125)
(16.4 1.2 1.125)
(16.8 1.2 1.125)
(17.2 1.2 1.125)
(17.6 1.2 1.125)
(18 1.2 1.125)
(18.4 1.2 1.125)
(18.8 1.2 1.125)
(19.2 1.2 1.125)
(19.6 1.2 1.125)
(20 1.2 1.125)
(20.4 1.2 1.125)
(20.8 1.2 1.125)
(21.2 1.2 1.125)
(21.6 1.2 1.125)
(22 1.2 1.125)
(22.4 1.2 1.125)
(22.8 1.2 1.125)
(23.2 1.2 1.125)
(23.6 1.2 1.125)
(24 1.2 1.125)
(24.4 1.2 1.125)
(24.8 1.2 1.125)
(25.2 1.2 1.125)
(25.6 1.2 1.125)
(26 1.2 1.125)
(26.4 1.2 1.125)
(26.8 1.2 1.125)
(27.2 1.2 1.125)
(27.6 1.2 1.125)
(28 1.2 1.125)
(0 1.6 1.125)
(0.4 1.6 1.125)
(0.8 1.6 1.125)
(1.2 1.6 1.125)
(1.6 1.6 1.125)
(2 1.6 1.125)
(2.4 1.6 1.125)
(2.8 1.6 1.125)
(3.2 1.6 1.125)
(3.6 1.6 1.125)
(4 1.6 1.125)
(4.4 1.6 1.125)
(4.8 1.6 1.125)
(5.2 1.6 1.125)
(5.6 1.6 1.125)
(6 1.6 1.125)
(6.4 1.6 1.125)
(6.8 1.6 1.125)
(7.2 1.6 1.125)
(7.6 1.6 1.125)
(8 1.6 1.125)
(8.4 1.6 1.125)
(8.8 1.6 1.125)
(9.2 1.6 1.125)
(9.6 1.6 1.125)
(10 1.6 1.125)
(10.4 1.6 1.125)
(10.8 1.6 1.125)
(11.2 1.6 1.125)
(11.6 1.6 1.125)
(12 1.6 1.125)
(12.4 1.6 1.125)
(12.8 1.6 1.125)
(13.2 1.6 1.125)
(13.6 1.6 1.125)
(14 1.6 1.125)
(14.4 1.6 1.125)
(14.8 1.6 1.125)
(15.2 1.6 1.125)
(15.6 1.6 1.125)
(16 1.6 1.125)
(16.4 1.6 1.125)
(16.8 1.6 1.125)
(17.2 1.6 1.125)
(17.6 1.6 1.125)
(18 1.6 1.125)
(18.4 1.6 1.125)
(18.8 1.6 1.125)
(19.2 1.6 1.125)
(19.6 1.6 1.125)
(20 1.6 1.125)
(20.4 1.6 1.125)
(20.8 1.6 1.125)
(21.2 1.6 1.125)
(21.6 1.6 1.125)
(22 1.6 1.125)
(22.4 1.6 1.125)
(22.8 1.6 1.125)
(23.2 1.6 1.125)
(23.6 1.6 1.125)
(24 1.6 1.125)
(24.4 1.6 1.125)
(24.8 1.6 1.125)
(25.2 1.6 1.125)
(25.6 1.6 1.125)
(26 1.6 1.125)
(26.4 1.6 1.125)
(26.8 1.6 1.125)
(27.2 1.6 1.125)
(27.6 1.6 1.125)
(28 1.6 1.125)
(0 2 1.125)
(0.4 2 1.125)
(0.8 2 1.125)
(1.2 2 1.125)
(1.6 2 1.125)
(2 2 1.125)
(2.4 2 1.125)
(2.8 2 1.125)
(3.2 2 1.125)
(3.6 2 1.125)
(4 2 1.125)
(4.4 2 1.125)
(4.8 2 1.125)
(5.2 2 1.125)
(5.6 2 1.125)
(6 2 1.125)
(6.4 2 1.125)
(6.8 2 1.125)
(7.2 2 1.125)
(7.6 2 1.125)
(8 2 1.125)
(8.4 2 1.125)
(8.8 2 1.125)
(9.2 2 1.125)
(9.6 2 1.125)
(10 2 1.125)
(10.4 2 1.125)
(10.8 2 1.125)
(11.2 2 1.125)
(11.6 2 1.125)
(12 2 1.125)
(12.4 2 1.125)
(12.8 2 1.125)
(13.2 2 1.125)
(13.6 2 1.125)
(14 2 1.125)
(14.4 2 1.125)
(14.8 2 1.125)
(15.2 2 1.125)
(15.6 2 1.125)
(16 2 1.125)
(16.4 2 1.125)
(16.8 2 1.125)
(17.2 2 1.125)
(17.6 2 1.125)
(18 2 1.125)
(18.4 2 1.125)
(18.8 2 1.125)
(19.2 2 1.125)
(19.6 2 1.125)
(20 2 1.125)
(20.4 2 1.125)
(20.8 2 1.125)
(21.2 2 1.125)
(21.6 2 1.125)
(22 2 1.125)
(22.4 2 1.125)
(22.8 2 1.125)
(23.2 2 1.125)
(23.6 2 1.125)
(24 2 1.125)
(24.4 2 1.125)
(24.8 2 1.125)
(25.2 2 1.125)
(25.6 2 1.125)
(26 2 1.125)
(26.4 2 1.125)
(26.8 2 1.125)
(27.2 2 1.125)
(27.6 2 1.125)
(28 2 1.125)
(0 2.4 1.125)
(0.4 2.4 1.125)
(0.8 2.4 1.125)
(1.2 2.4 1.125)
(1.6 2.4 1.125)
(2 2.4 1.125)
(2.4 2.4 1.125)
(2.8 2.4 1.125)
(3.2 2.4 1.125)
(3.6 2.4 1.125)
(4 2.4 1.125)
(4.4 2.4 1.125)
(4.8 2.4 1.125)
(5.2 2.4 1.125)
(5.6 2.4 1.125)
(6 2.4 1.125)
(6.4 2.4 1.125)
(6.8 2.4 1.125)
(7.2 2.4 1.125)
(7.6 2.4 1.125)
(8 2.4 1.125)
(8.4 2.4 1.125)
(8.8 2.4 1.125)
(9.2 2.4 1.125)
(9.6 2.4 1.125)
(10 2.4 1.125)
(10.4 2.4 1.125)
(10.8 2.4 1.125)
(11.2 2.4 1.125)
(11.6 2.4 1.125)
(12 2.4 1.125)
(12.4 2.4 1.125)
(12.8 2.4 1.125)
(13.2 2.4 1.125)
(13.6 2.4 1.125)
(14 2.4 1.125)
(14.4 2.4 1.125)
(14.8 2.4 1.125)
(15.2 2.4 1.125)
(15.6 2.4 1.125)
(16 2.4 1.125)
(16.4 2.4 1.125)
(16.8 2.4 1.125)
(17.2 2.4 1.125)
(17.6 2.4 1.125)
(18 2.4 1.125)
(18.4 2.4 1.125)
(18.8 2.4 1.125)
(19.2 2.4 1.125)
(19.6 2.4 1.125)
(20 2.4 1.125)
(20.4 2.4 1.125)
(20.8 2.4 1.125)
(21.2 2.4 1.125)
(21.6 2.4 1.125)
(22 2.4 1.125)
(22.4 2.4 1.125)
(22.8 2.4 1.125)
(23.2 2.4 1.125)
(23.6 2.4 1.125)
(24 2.4 1.125)
(24.4 2.4 1.125)
(24.8 2.4 1.125)
(25.2 2.4 1.125)
(25.6 2.4 1.125)
(26 2.4 1.125)
(26.4 2.4 1.125)
(26.8 2.4 1.125)
(27.2 2.4 1.125)
(27.6 2.4 1.125)
(28 2.4 1.125)
(0 2.8 1.125)
(0.4 2.8 1.125)
(0.8 2.8 1.125)
(1.2 2.8 1.125)
(1.6 2.8 1.125)
(2 2.8 1.125)
(2.4 2.8 1.125)
(2.8 2.8 1.125)
(3.2 2.8 1.125)
(3.6 2.8 1.125)
(4 2.8 1.125)
(4.4 2.8 1.125)
(4.8 2.8 1.125)
(5.2 2.8 1.125)
(5.6 2.8 1.125)
(6 2.8 1.125)
(6.4 2.8 1.125)
(6.8 2.8 1.125)
(7.2 2.8 1.125)
(7.6 2.8 1.125)
(8 2.8 1.125)
(8.4 2.8 1.125)
(8.8 2.8 1.125)
(9.2 2.8 1.125)
(9.6 2.8 1.125)
(10 2.8 1.125)
(10.4 2.8 1.125)
(10.8 2.8 1.125)
(11.2 2.8 1.125)
(11.6 2.8 1.125)
(12 2.8 1.125)
(12.4 2.8 1.125)
(12.8 2.8 1.125)
(13.2 2.8 1.125)
(13.6 2.8 1.125)
(14 2.8 1.125)
(14.4 2.8 1.125)
(14.8 2.8 1.125)
(15.2 2.8 1.125)
(15.6 2.8 1.125)
(16 2.8 1.125)
(16.4 2.8 1.125)
(16.8 2.8 1.125)
(17.2 2.8 1.125)
(17.6 2.8 1.125)
(18 2.8 1.125)
(18.4 2.8 1.125)
(18.8 2.8 1.125)
(19.2 2.8 1.125)
(19.6 2.8 1.125)
(20 2.8 1.125)
(20.4 2.8 1.125)
(20.8 2.8 1.125)
(21.2 2.8 1.125)
(21.6 2.8 1.125)
(22 2.8 1.125)
(22.4 2.8 1.125)
(22.8 2.8 1.125)
(23.2 2.8 1.125)
(23.6 2.8 1.125)
(24 2.8 1.125)
(24.4 2.8 1.125)
(24.8 2.8 1.125)
(25.2 2.8 1.125)
(25.6 2.8 1.125)
(26 2.8 1.125)
(26.4 2.8 1.125)
(26.8 2.8 1.125)
(27.2 2.8 1.125)
(27.6 2.8 1.125)
(28 2.8 1.125)
(0 3.2 1.125)
(0.4 3.2 1.125)
(0.8 3.2 1.125)
(1.2 3.2 1.125)
(1.6 3.2 1.125)
(2 3.2 1.125)
(2.4 3.2 1.125)
(2.8 3.2 1.125)
(3.2 3.2 1.125)
(3.6 3.2 1.125)
(4 3.2 1.125)
(4.4 3.2 1.125)
(4.8 3.2 1.125)
(5.2 3.2 1.125)
(5.6 3.2 1.125)
(6 3.2 1.125)
(6.4 3.2 1.125)
(6.8 3.2 1.125)
(7.2 3.2 1.125)
(7.6 3.2 1.125)
(8 3.2 1.125)
(8.4 3.2 1.125)
(8.8 3.2 1.125)
(9.2 3.2 1.125)
(9.6 3.2 1.125)
(10 3.2 1.125)
(10.4 3.2 1.125)
(10.8 3.2 1.125)
(11.2 3.2 1.125)
(11.6 3.2 1.125)
(12 3.2 1.125)
(12.4 3.2 1.125)
(12.8 3.2 1.125)
(13.2 3.2 1.125)
(13.6 3.2 1.125)
(14 3.2 1.125)
(14.4 3.2 1.125)
(14.8 3.2 1.125)
(15.2 3.2 1.125)
(15.6 3.2 1.125)
(16 3.2 1.125)
(16.4 3.2 1.125)
(16.8 3.2 1.125)
(17.2 3.2 1.125)
(17.6 3.2 1.125)
(18 3.2 1.125)
(18.4 3.2 1.125)
(18.8 3.2 1.125)
(19.2 3.2 1.125)
(19.6 3.2 1.125)
(20 3.2 1.125)
(20.4 3.2 1.125)
(20.8 3.2 1.125)
(21.2 3.2 1.125)
(21.6 3.2 1.125)
(22 3.2 1.125)
(22.4 3.2 1.125)
(22.8 3.2 1.125)
(23.2 3.2 1.125)
(23.6 3.2 1.125)
(24 3.2 1.125)
(24.4 3.2 1.125)
(24.8 3.2 1.125)
(25.2 3.2 1.125)
(25.6 3.2 1.125)
(26 3.2 1.125)
(26.4 3.2 1.125)
(26.8 3.2 1.125)
(27.2 3.2 1.125)
(27.6 3.2 1.125)
(28 3.2 1.125)
(0 3.6 1.125)
(0.4 3.6 1.125)
(0.8 3.6 1.125)
(1.2 3.6 1.125)
(1.6 3.6 1.125)
(2 3.6 1.125)
(2.4 3.6 1.125)
(2.8 3.6 1.125)
(3.2 3.6 1.125)
(3.6 3.6 1.125)
(4 3.6 1.125)
(4.4 3.6 1.125)
(4.8 3.6 1.125)
(5.2 3.6 1.125)
(5.6 3.6 1.125)
(6 3.6 1.125)
(6.4 3.6 1.125)
(6.8 3.6 1.125)
(7.2 3.6 1.125)
(7.6 3.6 1.125)
(8 3.6 1.125)
(8.4 3.6 1.125)
(8.8 3.6 1.125)
(9.2 3.6 1.125)
(9.6 3.6 1.125)
(10 3.6 1.125)
(10.4 3.6 1.125)
(10.8 3.6 1.125)
(11.2 3.6 1.125)
(11.6 3.6 1.125)
(12 3.6 1.125)
(12.4 3.6 1.125)
(12.8 3.6 1.125)
(13.2 3.6 1.125)
(13.6 3.6 1.125)
(14 3.6 1.125)
(14.4 3.6 1.125)
(14.8 3.6 1.125)
(15.2 3.6 1.125)
(15.6 3.6 1.125)
(16 3.6 1.125)
(16.4 3.6 1.125)
(16.8 3.6 1.125)
(17.2 3.6 1.125)
(17.6 3.6 1.125)
(18 3.6 1.125)
(18.4 3.6 1.125)
(18.8 3.6 1.125)
(19.2 3.6 1.125)
(19.6 3.6 1.125)
(20 3.6 1.125)
(20.4 3.6 1.125)
(20.8 3.6 1.125)
(21.2 3.6 1.125)
(21.6 3.6 1.125)
(22 3.6 1.125)
(22.4 3.6 1.125)
(22.8 3.6 1.125)
(23.2 3.6 1.125)
(23.6 3.6 1.125)
(24 3.6 1.125)
(24.4 3.6 1.125)
(24.8 3.6 1.125)
(25.2 3.6 1.125)
(25.6 3.6 1.125)
(26 3.6 1.125)
(26.4 3.6 1.125)
(26.8 3.6 1.125)
(27.2 3.6 1.125)
(27.6 3.6 1.125)
(28 3.6 1.125)
(0 4 1.125)
(0.4 4 1.125)
(0.8 4 1.125)
(1.2 4 1.125)
(1.6 4 1.125)
(2 4 1.125)
(2.4 4 1.125)
(2.8 4 1.125)
(3.2 4 1.125)
(3.6 4 1.125)
(4 4 1.125)
(4.4 4 1.125)
(4.8 4 1.125)
(5.2 4 1.125)
(5.6 4 1.125)
(6 4 1.125)
(6.4 4 1.125)
(6.8 4 1.125)
(7.2 4 1.125)
(7.6 4 1.125)
(8 4 1.125)
(8.4 4 1.125)
(8.8 4 1.125)
(9.2 4 1.125)
(9.6 4 1.125)
(10 4 1.125)
(10.4 4 1.125)
(10.8 4 1.125)
(11.2 4 1.125)
(11.6 4 1.125)
(12 4 1.125)
(12.4 4 1.125)
(12.8 4 1.125)
(13.2 4 1.125)
(13.6 4 1.125)
(14 4 1.125)
(14.4 4 1.125)
(14.8 4 1.125)
(15.2 4 1.125)
(15.6 4 1.125)
(16 4 1.125)
(16.4 4 1.125)
(16.8 4 1.125)
(17.2 4 1.125)
(17.6 4 1.125)
(18 4 1.125)
(18.4 4 1.125)
(18.8 4 1.125)
(19.2 4 1.125)
(19.6 4 1.125)
(20 4 1.125)
(20.4 4 1.125)
(20.8 4 1.125)
(21.2 4 1.125)
(21.6 4 1.125)
(22 4 1.125)
(22.4 4 1.125)
(22.8 4 1.125)
(23.2 4 1.125)
(23.6 4 1.125)
(24 4 1.125)
(24.4 4 1.125)
(24.8 4 1.125)
(25.2 4 1.125)
(25.6 4 1.125)
(26 4 1.125)
(26.4 4 1.125)
(26.8 4 1.125)
(27.2 4 1.125)
(27.6 4 1.125)
(28 4 1.125)
(0 0 1.5)
(0.4 0 1.5)
(0.8 0 1.5)
(1.2 0 1.5)
(1.6 0 1.5)
(2 0 1.5)
(2.4 0 1.5)
(2.8 0 1.5)
(3.2 0 1.5)
(3.6 0 1.5)
(4 0 1.5)
(4.4 0 1.5)
(4.8 0 1.5)
(5.2 0 1.5)
(5.6 0 1.5)
(6 0 1.5)
(6.4 0 1.5)
(6.8 0 1.5)
(7.2 0 1.5)
(7.6 0 1.5)
(8 0 1.5)
(8.4 0 1.5)
(8.8 0 1.5)
(9.2 0 1.5)
(9.6 0 1.5)
(10 0 1.5)
(10.4 0 1.5)
(10.8 0 1.5)
(11.2 0 1.5)
(11.6 0 1.5)
(12 0 1.5)
(12.4 0 1.5)
(12.8 0 1.5)
(13.2 0 1.5)
(13.6 0 1.5)
(14 0 1.5)
(14.4 0 1.5)
(14.8 0 1.5)
(15.2 0 1.5)
(15.6 0 1.5)
(16 0 1.5)
(16.4 0 1.5)
(16.8 0 1.5)
(17.2 0 1.5)
(17.6 0 1.5)
(18 0 1.5)
(18.4 0 1.5)
(18.8 0 1.5)
(19.2 0 1.5)
(19.6 0 1.5)
(20 0 1.5)
(20.4 0 1.5)
(20.8 0 1.5)
(21.2 0 1.5)
(21.6 0 1.5)
(22 0 1.5)
(22.4 0 1.5)
(22.8 0 1.5)
(23.2 0 1.5)
(23.6 0 1.5)
(24 0 1.5)
(24.4 0 1.5)
(24.8 0 1.5)
(25.2 0 1.5)
(25.6 0 1.5)
(26 0 1.5)
(26.4 0 1.5)
(26.8 0 1.5)
(27.2 0 1.5)
(27.6 0 1.5)
(28 0 1.5)
(0 0.4 1.5)
(0.4 0.4 1.5)
(0.8 0.4 1.5)
(1.2 0.4 1.5)
(1.6 0.4 1.5)
(2 0.4 1.5)
(2.4 0.4 1.5)
(2.8 0.4 1.5)
(3.2 0.4 1.5)
(3.6 0.4 1.5)
(4 0.4 1.5)
(4.4 0.4 1.5)
(4.8 0.4 1.5)
(5.2 0.4 1.5)
(5.6 0.4 1.5)
(6 0.4 1.5)
(6.4 0.4 1.5)
(6.8 0.4 1.5)
(7.2 0.4 1.5)
(7.6 0.4 1.5)
(8 0.4 1.5)
(8.4 0.4 1.5)
(8.8 0.4 1.5)
(9.2 0.4 1.5)
(9.6 0.4 1.5)
(10 0.4 1.5)
(10.4 0.4 1.5)
(10.8 0.4 1.5)
(11.2 0.4 1.5)
(11.6 0.4 1.5)
(12 0.4 1.5)
(12.4 0.4 1.5)
(12.8 0.4 1.5)
(13.2 0.4 1.5)
(13.6 0.4 1.5)
(14 0.4 1.5)
(14.4 0.4 1.5)
(14.8 0.4 1.5)
(15.2 0.4 1.5)
(15.6 0.4 1.5)
(16 0.4 1.5)
(16.4 0.4 1.5)
(16.8 0.4 1.5)
(17.2 0.4 1.5)
(17.6 0.4 1.5)
(18 0.4 1.5)
(18.4 0.4 1.5)
(18.8 0.4 1.5)
(19.2 0.4 1.5)
(19.6 0.4 1.5)
(20 0.4 1.5)
(20.4 0.4 1.5)
(20.8 0.4 1.5)
(21.2 0.4 1.5)
(21.6 0.4 1.5)
(22 0.4 1.5)
(22.4 0.4 1.5)
(22.8 0.4 1.5)
(23.2 0.4 1.5)
(23.6 0.4 1.5)
(24 0.4 1.5)
(24.4 0.4 1.5)
(24.8 0.4 1.5)
(25.2 0.4 1.5)
(25.6 0.4 1.5)
(26 0.4 1.5)
(26.4 0.4 1.5)
(26.8 0.4 1.5)
(27.2 0.4 1.5)
(27.6 0.4 1.5)
(28 0.4 1.5)
(0 0.8 1.5)
(0.4 0.8 1.5)
(0.8 0.8 1.5)
(1.2 0.8 1.5)
(1.6 0.8 1.5)
(2 0.8 1.5)
(2.4 0.8 1.5)
(2.8 0.8 1.5)
(3.2 0.8 1.5)
(3.6 0.8 1.5)
(4 0.8 1.5)
(4.4 0.8 1.5)
(4.8 0.8 1.5)
(5.2 0.8 1.5)
(5.6 0.8 1.5)
(6 0.8 1.5)
(6.4 0.8 1.5)
(6.8 0.8 1.5)
(7.2 0.8 1.5)
(7.6 0.8 1.5)
(8 0.8 1.5)
(8.4 0.8 1.5)
(8.8 0.8 1.5)
(9.2 0.8 1.5)
(9.6 0.8 1.5)
(10 0.8 1.5)
(10.4 0.8 1.5)
(10.8 0.8 1.5)
(11.2 0.8 1.5)
(11.6 0.8 1.5)
(12 0.8 1.5)
(12.4 0.8 1.5)
(12.8 0.8 1.5)
(13.2 0.8 1.5)
(13.6 0.8 1.5)
(14 0.8 1.5)
(14.4 0.8 1.5)
(14.8 0.8 1.5)
(15.2 0.8 1.5)
(15.6 0.8 1.5)
(16 0.8 1.5)
(16.4 0.8 1.5)
(16.8 0.8 1.5)
(17.2 0.8 1.5)
(17.6 0.8 1.5)
(18 0.8 1.5)
(18.4 0.8 1.5)
(18.8 0.8 1.5)
(19.2 0.8 1.5)
(19.6 0.8 1.5)
(20 0.8 1.5)
(20.4 0.8 1.5)
(20.8 0.8 1.5)
(21.2 0.8 1.5)
(21.6 0.8 1.5)
(22 0.8 1.5)
(22.4 0.8 1.5)
(22.8 0.8 1.5)
(23.2 0.8 1.5)
(23.6 0.8 1.5)
(24 0.8 1.5)
(24.4 0.8 1.5)
(24.8 0.8 1.5)
(25.2 0.8 1.5)
(25.6 0.8 1.5)
(26 0.8 1.5)
(26.4 0.8 1.5)
(26.8 0.8 1.5)
(27.2 0.8 1.5)
(27.6 0.8 1.5)
(28 0.8 1.5)
(0 1.2 1.5)
(0.4 1.2 1.5)
(0.8 1.2 1.5)
(1.2 1.2 1.5)
(1.6 1.2 1.5)
(2 1.2 1.5)
(2.4 1.2 1.5)
(2.8 1.2 1.5)
(3.2 1.2 1.5)
(3.6 1.2 1.5)
(4 1.2 1.5)
(4.4 1.2 1.5)
(4.8 1.2 1.5)
(5.2 1.2 1.5)
(5.6 1.2 1.5)
(6 1.2 1.5)
(6.4 1.2 1.5)
(6.8 1.2 1.5)
(7.2 1.2 1.5)
(7.6 1.2 1.5)
(8 1.2 1.5)
(8.4 1.2 1.5)
(8.8 1.2 1.5)
(9.2 1.2 1.5)
(9.6 1.2 1.5)
(10 1.2 1.5)
(10.4 1.2 1.5)
(10.8 1.2 1.5)
(11.2 1.2 1.5)
(11.6 1.2 1.5)
(12 1.2 1.5)
(12.4 1.2 1.5)
(12.8 1.2 1.5)
(13.2 1.2 1.5)
(13.6 1.2 1.5)
(14 1.2 1.5)
(14.4 1.2 1.5)
(14.8 1.2 1.5)
(15.2 1.2 1.5)
(15.6 1.2 1.5)
(16 1.2 1.5)
(16.4 1.2 1.5)
(16.8 1.2 1.5)
(17.2 1.2 1.5)
(17.6 1.2 1.5)
(18 1.2 1.5)
(18.4 1.2 1.5)
(18.8 1.2 1.5)
(19.2 1.2 1.5)
(19.6 1.2 1.5)
(20 1.2 1.5)
(20.4 1.2 1.5)
(20.8 1.2 1.5)
(21.2 1.2 1.5)
(21.6 1.2 1.5)
(22 1.2 1.5)
(22.4 1.2 1.5)
(22.8 1.2 1.5)
(23.2 1.2 1.5)
(23.6 1.2 1.5)
(24 1.2 1.5)
(24.4 1.2 1.5)
(24.8 1.2 1.5)
(25.2 1.2 1.5)
(25.6 1.2 1.5)
(26 1.2 1.5)
(26.4 1.2 1.5)
(26.8 1.2 1.5)
(27.2 1.2 1.5)
(27.6 1.2 1.5)
(28 1.2 1.5)
(0 1.6 1.5)
(0.4 1.6 1.5)
(0.8 1.6 1.5)
(1.2 1.6 1.5)
(1.6 1.6 1.5)
(2 1.6 1.5)
(2.4 1.6 1.5)
(2.8 1.6 1.5)
(3.2 1.6 1.5)
(3.6 1.6 1.5)
(4 1.6 1.5)
(4.4 1.6 1.5)
(4.8 1.6 1.5)
(5.2 1.6 1.5)
(5.6 1.6 1.5)
(6 1.6 1.5)
(6.4 1.6 1.5)
(6.8 1.6 1.5)
(7.2 1.6 1.5)
(7.6 1.6 1.5)
(8 1.6 1.5)
(8.4 1.6 1.5)
(8.8 1.6 1.5)
(9.2 1.6 1.5)
(9.6 1.6 1.5)
(10 1.6 1.5)
(10.4 1.6 1.5)
(10.8 1.6 1.5)
(11.2 1.6 1.5)
(11.6 1.6 1.5)
(12 1.6 1.5)
(12.4 1.6 1.5)
(12.8 1.6 1.5)
(13.2 1.6 1.5)
(13.6 1.6 1.5)
(14 1.6 1.5)
(14.4 1.6 1.5)
(14.8 1.6 1.5)
(15.2 1.6 1.5)
(15.6 1.6 1.5)
(16 1.6 1.5)
(16.4 1.6 1.5)
(16.8 1.6 1.5)
(17.2 1.6 1.5)
(17.6 1.6 1.5)
(18 1.6 1.5)
(18.4 1.6 1.5)
(18.8 1.6 1.5)
(19.2 1.6 1.5)
(19.6 1.6 1.5)
(20 1.6 1.5)
(20.4 1.6 1.5)
(20.8 1.6 1.5)
(21.2 1.6 1.5)
(21.6 1.6 1.5)
(22 1.6 1.5)
(22.4 1.6 1.5)
(22.8 1.6 1.5)
(23.2 1.6 1.5)
(23.6 1.6 1.5)
(24 1.6 1.5)
(24.4 1.6 1.5)
(24.8 1.6 1.5)
(25.2 1.6 1.5)
(25.6 1.6 1.5)
(26 1.6 1.5)
(26.4 1.6 1.5)
(26.8 1.6 1.5)
(27.2 1.6 1.5)
(27.6 1.6 1.5)
(28 1.6 1.5)
(0 2 1.5)
(0.4 2 1.5)
(0.8 2 1.5)
(1.2 2 1.5)
(1.6 2 1.5)
(2 2 1.5)
(2.4 2 1.5)
(2.8 2 1.5)
(3.2 2 1.5)
(3.6 2 1.5)
(4 2 1.5)
(4.4 2 1.5)
(4.8 2 1.5)
(5.2 2 1.5)
(5.6 2 1.5)
(6 2 1.5)
(6.4 2 1.5)
(6.8 2 1.5)
(7.2 2 1.5)
(7.6 2 1.5)
(8 2 1.5)
(8.4 2 1.5)
(8.8 2 1.5)
(9.2 2 1.5)
(9.6 2 1.5)
(10 2 1.5)
(10.4 2 1.5)
(10.8 2 1.5)
(11.2 2 1.5)
(11.6 2 1.5)
(12 2 1.5)
(12.4 2 1.5)
(12.8 2 1.5)
(13.2 2 1.5)
(13.6 2 1.5)
(14 2 1.5)
(14.4 2 1.5)
(14.8 2 1.5)
(15.2 2 1.5)
(15.6 2 1.5)
(16 2 1.5)
(16.4 2 1.5)
(16.8 2 1.5)
(17.2 2 1.5)
(17.6 2 1.5)
(18 2 1.5)
(18.4 2 1.5)
(18.8 2 1.5)
(19.2 2 1.5)
(19.6 2 1.5)
(20 2 1.5)
(20.4 2 1.5)
(20.8 2 1.5)
(21.2 2 1.5)
(21.6 2 1.5)
(22 2 1.5)
(22.4 2 1.5)
(22.8 2 1.5)
(23.2 2 1.5)
(23.6 2 1.5)
(24 2 1.5)
(24.4 2 1.5)
(24.8 2 1.5)
(25.2 2 1.5)
(25.6 2 1.5)
(26 2 1.5)
(26.4 2 1.5)
(26.8 2 1.5)
(27.2 2 1.5)
(27.6 2 1.5)
(28 2 1.5)
(0 2.4 1.5)
(0.4 2.4 1.5)
(0.8 2.4 1.5)
(1.2 2.4 1.5)
(1.6 2.4 1.5)
(2 2.4 1.5)
(2.4 2.4 1.5)
(2.8 2.4 1.5)
(3.2 2.4 1.5)
(3.6 2.4 1.5)
(4 2.4 1.5)
(4.4 2.4 1.5)
(4.8 2.4 1.5)
(5.2 2.4 1.5)
(5.6 2.4 1.5)
(6 2.4 1.5)
(6.4 2.4 1.5)
(6.8 2.4 1.5)
(7.2 2.4 1.5)
(7.6 2.4 1.5)
(8 2.4 1.5)
(8.4 2.4 1.5)
(8.8 2.4 1.5)
(9.2 2.4 1.5)
(9.6 2.4 1.5)
(10 2.4 1.5)
(10.4 2.4 1.5)
(10.8 2.4 1.5)
(11.2 2.4 1.5)
(11.6 2.4 1.5)
(12 2.4 1.5)
(12.4 2.4 1.5)
(12.8 2.4 1.5)
(13.2 2.4 1.5)
(13.6 2.4 1.5)
(14 2.4 1.5)
(14.4 2.4 1.5)
(14.8 2.4 1.5)
(15.2 2.4 1.5)
(15.6 2.4 1.5)
(16 2.4 1.5)
(16.4 2.4 1.5)
(16.8 2.4 1.5)
(17.2 2.4 1.5)
(17.6 2.4 1.5)
(18 2.4 1.5)
(18.4 2.4 1.5)
(18.8 2.4 1.5)
(19.2 2.4 1.5)
(19.6 2.4 1.5)
(20 2.4 1.5)
(20.4 2.4 1.5)
(20.8 2.4 1.5)
(21.2 2.4 1.5)
(21.6 2.4 1.5)
(22 2.4 1.5)
(22.4 2.4 1.5)
(22.8 2.4 1.5)
(23.2 2.4 1.5)
(23.6 2.4 1.5)
(24 2.4 1.5)
(24.4 2.4 1.5)
(24.8 2.4 1.5)
(25.2 2.4 1.5)
(25.6 2.4 1.5)
(26 2.4 1.5)
(26.4 2.4 1.5)
(26.8 2.4 1.5)
(27.2 2.4 1.5)
(27.6 2.4 1.5)
(28 2.4 1.5)
(0 2.8 1.5)
(0.4 2.8 1.5)
(0.8 2.8 1.5)
(1.2 2.8 1.5)
(1.6 2.8 1.5)
(2 2.8 1.5)
(2.4 2.8 1.5)
(2.8 2.8 1.5)
(3.2 2.8 1.5)
(3.6 2.8 1.5)
(4 2.8 1.5)
(4.4 2.8 1.5)
(4.8 2.8 1.5)
(5.2 2.8 1.5)
(5.6 2.8 1.5)
(6 2.8 1.5)
(6.4 2.8 1.5)
(6.8 2.8 1.5)
(7.2 2.8 1.5)
(7.6 2.8 1.5)
(8 2.8 1.5)
(8.4 2.8 1.5)
(8.8 2.8 1.5)
(9.2 2.8 1.5)
(9.6 2.8 1.5)
(10 2.8 1.5)
(10.4 2.8 1.5)
(10.8 2.8 1.5)
(11.2 2.8 1.5)
(11.6 2.8 1.5)
(12 2.8 1.5)
(12.4 2.8 1.5)
(12.8 2.8 1.5)
(13.2 2.8 1.5)
(13.6 2.8 1.5)
(14 2.8 1.5)
(14.4 2.8 1.5)
(14.8 2.8 1.5)
(15.2 2.8 1.5)
(15.6 2.8 1.5)
(16 2.8 1.5)
(16.4 2.8 1.5)
(16.8 2.8 1.5)
(17.2 2.8 1.5)
(17.6 2.8 1.5)
(18 2.8 1.5)
(18.4 2.8 1.5)
(18.8 2.8 1.5)
(19.2 2.8 1.5)
(19.6 2.8 1.5)
(20 2.8 1.5)
(20.4 2.8 1.5)
(20.8 2.8 1.5)
(21.2 2.8 1.5)
(21.6 2.8 1.5)
(22 2.8 1.5)
(22.4 2.8 1.5)
(22.8 2.8 1.5)
(23.2 2.8 1.5)
(23.6 2.8 1.5)
(24 2.8 1.5)
(24.4 2.8 1.5)
(24.8 2.8 1.5)
(25.2 2.8 1.5)
(25.6 2.8 1.5)
(26 2.8 1.5)
(26.4 2.8 1.5)
(26.8 2.8 1.5)
(27.2 2.8 1.5)
(27.6 2.8 1.5)
(28 2.8 1.5)
(0 3.2 1.5)
(0.4 3.2 1.5)
(0.8 3.2 1.5)
(1.2 3.2 1.5)
(1.6 3.2 1.5)
(2 3.2 1.5)
(2.4 3.2 1.5)
(2.8 3.2 1.5)
(3.2 3.2 1.5)
(3.6 3.2 1.5)
(4 3.2 1.5)
(4.4 3.2 1.5)
(4.8 3.2 1.5)
(5.2 3.2 1.5)
(5.6 3.2 1.5)
(6 3.2 1.5)
(6.4 3.2 1.5)
(6.8 3.2 1.5)
(7.2 3.2 1.5)
(7.6 3.2 1.5)
(8 3.2 1.5)
(8.4 3.2 1.5)
(8.8 3.2 1.5)
(9.2 3.2 1.5)
(9.6 3.2 1.5)
(10 3.2 1.5)
(10.4 3.2 1.5)
(10.8 3.2 1.5)
(11.2 3.2 1.5)
(11.6 3.2 1.5)
(12 3.2 1.5)
(12.4 3.2 1.5)
(12.8 3.2 1.5)
(13.2 3.2 1.5)
(13.6 3.2 1.5)
(14 3.2 1.5)
(14.4 3.2 1.5)
(14.8 3.2 1.5)
(15.2 3.2 1.5)
(15.6 3.2 1.5)
(16 3.2 1.5)
(16.4 3.2 1.5)
(16.8 3.2 1.5)
(17.2 3.2 1.5)
(17.6 3.2 1.5)
(18 3.2 1.5)
(18.4 3.2 1.5)
(18.8 3.2 1.5)
(19.2 3.2 1.5)
(19.6 3.2 1.5)
(20 3.2 1.5)
(20.4 3.2 1.5)
(20.8 3.2 1.5)
(21.2 3.2 1.5)
(21.6 3.2 1.5)
(22 3.2 1.5)
(22.4 3.2 1.5)
(22.8 3.2 1.5)
(23.2 3.2 1.5)
(23.6 3.2 1.5)
(24 3.2 1.5)
(24.4 3.2 1.5)
(24.8 3.2 1.5)
(25.2 3.2 1.5)
(25.6 3.2 1.5)
(26 3.2 1.5)
(26.4 3.2 1.5)
(26.8 3.2 1.5)
(27.2 3.2 1.5)
(27.6 3.2 1.5)
(28 3.2 1.5)
(0 3.6 1.5)
(0.4 3.6 1.5)
(0.8 3.6 1.5)
(1.2 3.6 1.5)
(1.6 3.6 1.5)
(2 3.6 1.5)
(2.4 3.6 1.5)
(2.8 3.6 1.5)
(3.2 3.6 1.5)
(3.6 3.6 1.5)
(4 3.6 1.5)
(4.4 3.6 1.5)
(4.8 3.6 1.5)
(5.2 3.6 1.5)
(5.6 3.6 1.5)
(6 3.6 1.5)
(6.4 3.6 1.5)
(6.8 3.6 1.5)
(7.2 3.6 1.5)
(7.6 3.6 1.5)
(8 3.6 1.5)
(8.4 3.6 1.5)
(8.8 3.6 1.5)
(9.2 3.6 1.5)
(9.6 3.6 1.5)
(10 3.6 1.5)
(10.4 3.6 1.5)
(10.8 3.6 1.5)
(11.2 3.6 1.5)
(11.6 3.6 1.5)
(12 3.6 1.5)
(12.4 3.6 1.5)
(12.8 3.6 1.5)
(13.2 3.6 1.5)
(13.6 3.6 1.5)
(14 3.6 1.5)
(14.4 3.6 1.5)
(14.8 3.6 1.5)
(15.2 3.6 1.5)
(15.6 3.6 1.5)
(16 3.6 1.5)
(16.4 3.6 1.5)
(16.8 3.6 1.5)
(17.2 3.6 1.5)
(17.6 3.6 1.5)
(18 3.6 1.5)
(18.4 3.6 1.5)
(18.8 3.6 1.5)
(19.2 3.6 1.5)
(19.6 3.6 1.5)
(20 3.6 1.5)
(20.4 3.6 1.5)
(20.8 3.6 1.5)
(21.2 3.6 1.5)
(21.6 3.6 1.5)
(22 3.6 1.5)
(22.4 3.6 1.5)
(22.8 3.6 1.5)
(23.2 3.6 1.5)
(23.6 3.6 1.5)
(24 3.6 1.5)
(24.4 3.6 1.5)
(24.8 3.6 1.5)
(25.2 3.6 1.5)
(25.6 3.6 1.5)
(26 3.6 1.5)
(26.4 3.6 1.5)
(26.8 3.6 1.5)
(27.2 3.6 1.5)
(27.6 3.6 1.5)
(28 3.6 1.5)
(0 4 1.5)
(0.4 4 1.5)
(0.8 4 1.5)
(1.2 4 1.5)
(1.6 4 1.5)
(2 4 1.5)
(2.4 4 1.5)
(2.8 4 1.5)
(3.2 4 1.5)
(3.6 4 1.5)
(4 4 1.5)
(4.4 4 1.5)
(4.8 4 1.5)
(5.2 4 1.5)
(5.6 4 1.5)
(6 4 1.5)
(6.4 4 1.5)
(6.8 4 1.5)
(7.2 4 1.5)
(7.6 4 1.5)
(8 4 1.5)
(8.4 4 1.5)
(8.8 4 1.5)
(9.2 4 1.5)
(9.6 4 1.5)
(10 4 1.5)
(10.4 4 1.5)
(10.8 4 1.5)
(11.2 4 1.5)
(11.6 4 1.5)
(12 4 1.5)
(12.4 4 1.5)
(12.8 4 1.5)
(13.2 4 1.5)
(13.6 4 1.5)
(14 4 1.5)
(14.4 4 1.5)
(14.8 4 1.5)
(15.2 4 1.5)
(15.6 4 1.5)
(16 4 1.5)
(16.4 4 1.5)
(16.8 4 1.5)
(17.2 4 1.5)
(17.6 4 1.5)
(18 4 1.5)
(18.4 4 1.5)
(18.8 4 1.5)
(19.2 4 1.5)
(19.6 4 1.5)
(20 4 1.5)
(20.4 4 1.5)
(20.8 4 1.5)
(21.2 4 1.5)
(21.6 4 1.5)
(22 4 1.5)
(22.4 4 1.5)
(22.8 4 1.5)
(23.2 4 1.5)
(23.6 4 1.5)
(24 4 1.5)
(24.4 4 1.5)
(24.8 4 1.5)
(25.2 4 1.5)
(25.6 4 1.5)
(26 4 1.5)
(26.4 4 1.5)
(26.8 4 1.5)
(27.2 4 1.5)
(27.6 4 1.5)
(28 4 1.5)
(0 0 1.875)
(0.4 0 1.875)
(0.8 0 1.875)
(1.2 0 1.875)
(1.6 0 1.875)
(2 0 1.875)
(2.4 0 1.875)
(2.8 0 1.875)
(3.2 0 1.875)
(3.6 0 1.875)
(4 0 1.875)
(4.4 0 1.875)
(4.8 0 1.875)
(5.2 0 1.875)
(5.6 0 1.875)
(6 0 1.875)
(6.4 0 1.875)
(6.8 0 1.875)
(7.2 0 1.875)
(7.6 0 1.875)
(8 0 1.875)
(8.4 0 1.875)
(8.8 0 1.875)
(9.2 0 1.875)
(9.6 0 1.875)
(10 0 1.875)
(10.4 0 1.875)
(10.8 0 1.875)
(11.2 0 1.875)
(11.6 0 1.875)
(12 0 1.875)
(12.4 0 1.875)
(12.8 0 1.875)
(13.2 0 1.875)
(13.6 0 1.875)
(14 0 1.875)
(14.4 0 1.875)
(14.8 0 1.875)
(15.2 0 1.875)
(15.6 0 1.875)
(16 0 1.875)
(16.4 0 1.875)
(16.8 0 1.875)
(17.2 0 1.875)
(17.6 0 1.875)
(18 0 1.875)
(18.4 0 1.875)
(18.8 0 1.875)
(19.2 0 1.875)
(19.6 0 1.875)
(20 0 1.875)
(20.4 0 1.875)
(20.8 0 1.875)
(21.2 0 1.875)
(21.6 0 1.875)
(22 0 1.875)
(22.4 0 1.875)
(22.8 0 1.875)
(23.2 0 1.875)
(23.6 0 1.875)
(24 0 1.875)
(24.4 0 1.875)
(24.8 0 1.875)
(25.2 0 1.875)
(25.6 0 1.875)
(26 0 1.875)
(26.4 0 1.875)
(26.8 0 1.875)
(27.2 0 1.875)
(27.6 0 1.875)
(28 0 1.875)
(0 0.4 1.875)
(0.4 0.4 1.875)
(0.8 0.4 1.875)
(1.2 0.4 1.875)
(1.6 0.4 1.875)
(2 0.4 1.875)
(2.4 0.4 1.875)
(2.8 0.4 1.875)
(3.2 0.4 1.875)
(3.6 0.4 1.875)
(4 0.4 1.875)
(4.4 0.4 1.875)
(4.8 0.4 1.875)
(5.2 0.4 1.875)
(5.6 0.4 1.875)
(6 0.4 1.875)
(6.4 0.4 1.875)
(6.8 0.4 1.875)
(7.2 0.4 1.875)
(7.6 0.4 1.875)
(8 0.4 1.875)
(8.4 0.4 1.875)
(8.8 0.4 1.875)
(9.2 0.4 1.875)
(9.6 0.4 1.875)
(10 0.4 1.875)
(10.4 0.4 1.875)
(10.8 0.4 1.875)
(11.2 0.4 1.875)
(11.6 0.4 1.875)
(12 0.4 1.875)
(12.4 0.4 1.875)
(12.8 0.4 1.875)
(13.2 0.4 1.875)
(13.6 0.4 1.875)
(14 0.4 1.875)
(14.4 0.4 1.875)
(14.8 0.4 1.875)
(15.2 0.4 1.875)
(15.6 0.4 1.875)
(16 0.4 1.875)
(16.4 0.4 1.875)
(16.8 0.4 1.875)
(17.2 0.4 1.875)
(17.6 0.4 1.875)
(18 0.4 1.875)
(18.4 0.4 1.875)
(18.8 0.4 1.875)
(19.2 0.4 1.875)
(19.6 0.4 1.875)
(20 0.4 1.875)
(20.4 0.4 1.875)
(20.8 0.4 1.875)
(21.2 0.4 1.875)
(21.6 0.4 1.875)
(22 0.4 1.875)
(22.4 0.4 1.875)
(22.8 0.4 1.875)
(23.2 0.4 1.875)
(23.6 0.4 1.875)
(24 0.4 1.875)
(24.4 0.4 1.875)
(24.8 0.4 1.875)
(25.2 0.4 1.875)
(25.6 0.4 1.875)
(26 0.4 1.875)
(26.4 0.4 1.875)
(26.8 0.4 1.875)
(27.2 0.4 1.875)
(27.6 0.4 1.875)
(28 0.4 1.875)
(0 0.8 1.875)
(0.4 0.8 1.875)
(0.8 0.8 1.875)
(1.2 0.8 1.875)
(1.6 0.8 1.875)
(2 0.8 1.875)
(2.4 0.8 1.875)
(2.8 0.8 1.875)
(3.2 0.8 1.875)
(3.6 0.8 1.875)
(4 0.8 1.875)
(4.4 0.8 1.875)
(4.8 0.8 1.875)
(5.2 0.8 1.875)
(5.6 0.8 1.875)
(6 0.8 1.875)
(6.4 0.8 1.875)
(6.8 0.8 1.875)
(7.2 0.8 1.875)
(7.6 0.8 1.875)
(8 0.8 1.875)
(8.4 0.8 1.875)
(8.8 0.8 1.875)
(9.2 0.8 1.875)
(9.6 0.8 1.875)
(10 0.8 1.875)
(10.4 0.8 1.875)
(10.8 0.8 1.875)
(11.2 0.8 1.875)
(11.6 0.8 1.875)
(12 0.8 1.875)
(12.4 0.8 1.875)
(12.8 0.8 1.875)
(13.2 0.8 1.875)
(13.6 0.8 1.875)
(14 0.8 1.875)
(14.4 0.8 1.875)
(14.8 0.8 1.875)
(15.2 0.8 1.875)
(15.6 0.8 1.875)
(16 0.8 1.875)
(16.4 0.8 1.875)
(16.8 0.8 1.875)
(17.2 0.8 1.875)
(17.6 0.8 1.875)
(18 0.8 1.875)
(18.4 0.8 1.875)
(18.8 0.8 1.875)
(19.2 0.8 1.875)
(19.6 0.8 1.875)
(20 0.8 1.875)
(20.4 0.8 1.875)
(20.8 0.8 1.875)
(21.2 0.8 1.875)
(21.6 0.8 1.875)
(22 0.8 1.875)
(22.4 0.8 1.875)
(22.8 0.8 1.875)
(23.2 0.8 1.875)
(23.6 0.8 1.875)
(24 0.8 1.875)
(24.4 0.8 1.875)
(24.8 0.8 1.875)
(25.2 0.8 1.875)
(25.6 0.8 1.875)
(26 0.8 1.875)
(26.4 0.8 1.875)
(26.8 0.8 1.875)
(27.2 0.8 1.875)
(27.6 0.8 1.875)
(28 0.8 1.875)
(0 1.2 1.875)
(0.4 1.2 1.875)
(0.8 1.2 1.875)
(1.2 1.2 1.875)
(1.6 1.2 1.875)
(2 1.2 1.875)
(2.4 1.2 1.875)
(2.8 1.2 1.875)
(3.2 1.2 1.875)
(3.6 1.2 1.875)
(4 1.2 1.875)
(4.4 1.2 1.875)
(4.8 1.2 1.875)
(5.2 1.2 1.875)
(5.6 1.2 1.875)
(6 1.2 1.875)
(6.4 1.2 1.875)
(6.8 1.2 1.875)
(7.2 1.2 1.875)
(7.6 1.2 1.875)
(8 1.2 1.875)
(8.4 1.2 1.875)
(8.8 1.2 1.875)
(9.2 1.2 1.875)
(9.6 1.2 1.875)
(10 1.2 1.875)
(10.4 1.2 1.875)
(10.8 1.2 1.875)
(11.2 1.2 1.875)
(11.6 1.2 1.875)
(12 1.2 1.875)
(12.4 1.2 1.875)
(12.8 1.2 1.875)
(13.2 1.2 1.875)
(13.6 1.2 1.875)
(14 1.2 1.875)
(14.4 1.2 1.875)
(14.8 1.2 1.875)
(15.2 1.2 1.875)
(15.6 1.2 1.875)
(16 1.2 1.875)
(16.4 1.2 1.875)
(16.8 1.2 1.875)
(17.2 1.2 1.875)
(17.6 1.2 1.875)
(18 1.2 1.875)
(18.4 1.2 1.875)
(18.8 1.2 1.875)
(19.2 1.2 1.875)
(19.6 1.2 1.875)
(20 1.2 1.875)
(20.4 1.2 1.875)
(20.8 1.2 1.875)
(21.2 1.2 1.875)
(21.6 1.2 1.875)
(22 1.2 1.875)
(22.4 1.2 1.875)
(22.8 1.2 1.875)
(23.2 1.2 1.875)
(23.6 1.2 1.875)
(24 1.2 1.875)
(24.4 1.2 1.875)
(24.8 1.2 1.875)
(25.2 1.2 1.875)
(25.6 1.2 1.875)
(26 1.2 1.875)
(26.4 1.2 1.875)
(26.8 1.2 1.875)
(27.2 1.2 1.875)
(27.6 1.2 1.875)
(28 1.2 1.875)
(0 1.6 1.875)
(0.4 1.6 1.875)
(0.8 1.6 1.875)
(1.2 1.6 1.875)
(1.6 1.6 1.875)
(2 1.6 1.875)
(2.4 1.6 1.875)
(2.8 1.6 1.875)
(3.2 1.6 1.875)
(3.6 1.6 1.875)
(4 1.6 1.875)
(4.4 1.6 1.875)
(4.8 1.6 1.875)
(5.2 1.6 1.875)
(5.6 1.6 1.875)
(6 1.6 1.875)
(6.4 1.6 1.875)
(6.8 1.6 1.875)
(7.2 1.6 1.875)
(7.6 1.6 1.875)
(8 1.6 1.875)
(8.4 1.6 1.875)
(8.8 1.6 1.875)
(9.2 1.6 1.875)
(9.6 1.6 1.875)
(10 1.6 1.875)
(10.4 1.6 1.875)
(10.8 1.6 1.875)
(11.2 1.6 1.875)
(11.6 1.6 1.875)
(12 1.6 1.875)
(12.4 1.6 1.875)
(12.8 1.6 1.875)
(13.2 1.6 1.875)
(13.6 1.6 1.875)
(14 1.6 1.875)
(14.4 1.6 1.875)
(14.8 1.6 1.875)
(15.2 1.6 1.875)
(15.6 1.6 1.875)
(16 1.6 1.875)
(16.4 1.6 1.875)
(16.8 1.6 1.875)
(17.2 1.6 1.875)
(17.6 1.6 1.875)
(18 1.6 1.875)
(18.4 1.6 1.875)
(18.8 1.6 1.875)
(19.2 1.6 1.875)
(19.6 1.6 1.875)
(20 1.6 1.875)
(20.4 1.6 1.875)
(20.8 1.6 1.875)
(21.2 1.6 1.875)
(21.6 1.6 1.875)
(22 1.6 1.875)
(22.4 1.6 1.875)
(22.8 1.6 1.875)
(23.2 1.6 1.875)
(23.6 1.6 1.875)
(24 1.6 1.875)
(24.4 1.6 1.875)
(24.8 1.6 1.875)
(25.2 1.6 1.875)
(25.6 1.6 1.875)
(26 1.6 1.875)
(26.4 1.6 1.875)
(26.8 1.6 1.875)
(27.2 1.6 1.875)
(27.6 1.6 1.875)
(28 1.6 1.875)
(0 2 1.875)
(0.4 2 1.875)
(0.8 2 1.875)
(1.2 2 1.875)
(1.6 2 1.875)
(2 2 1.875)
(2.4 2 1.875)
(2.8 2 1.875)
(3.2 2 1.875)
(3.6 2 1.875)
(4 2 1.875)
(4.4 2 1.875)
(4.8 2 1.875)
(5.2 2 1.875)
(5.6 2 1.875)
(6 2 1.875)
(6.4 2 1.875)
(6.8 2 1.875)
(7.2 2 1.875)
(7.6 2 1.875)
(8 2 1.875)
(8.4 2 1.875)
(8.8 2 1.875)
(9.2 2 1.875)
(9.6 2 1.875)
(10 2 1.875)
(10.4 2 1.875)
(10.8 2 1.875)
(11.2 2 1.875)
(11.6 2 1.875)
(12 2 1.875)
(12.4 2 1.875)
(12.8 2 1.875)
(13.2 2 1.875)
(13.6 2 1.875)
(14 2 1.875)
(14.4 2 1.875)
(14.8 2 1.875)
(15.2 2 1.875)
(15.6 2 1.875)
(16 2 1.875)
(16.4 2 1.875)
(16.8 2 1.875)
(17.2 2 1.875)
(17.6 2 1.875)
(18 2 1.875)
(18.4 2 1.875)
(18.8 2 1.875)
(19.2 2 1.875)
(19.6 2 1.875)
(20 2 1.875)
(20.4 2 1.875)
(20.8 2 1.875)
(21.2 2 1.875)
(21.6 2 1.875)
(22 2 1.875)
(22.4 2 1.875)
(22.8 2 1.875)
(23.2 2 1.875)
(23.6 2 1.875)
(24 2 1.875)
(24.4 2 1.875)
(24.8 2 1.875)
(25.2 2 1.875)
(25.6 2 1.875)
(26 2 1.875)
(26.4 2 1.875)
(26.8 2 1.875)
(27.2 2 1.875)
(27.6 2 1.875)
(28 2 1.875)
(0 2.4 1.875)
(0.4 2.4 1.875)
(0.8 2.4 1.875)
(1.2 2.4 1.875)
(1.6 2.4 1.875)
(2 2.4 1.875)
(2.4 2.4 1.875)
(2.8 2.4 1.875)
(3.2 2.4 1.875)
(3.6 2.4 1.875)
(4 2.4 1.875)
(4.4 2.4 1.875)
(4.8 2.4 1.875)
(5.2 2.4 1.875)
(5.6 2.4 1.875)
(6 2.4 1.875)
(6.4 2.4 1.875)
(6.8 2.4 1.875)
(7.2 2.4 1.875)
(7.6 2.4 1.875)
(8 2.4 1.875)
(8.4 2.4 1.875)
(8.8 2.4 1.875)
(9.2 2.4 1.875)
(9.6 2.4 1.875)
(10 2.4 1.875)
(10.4 2.4 1.875)
(10.8 2.4 1.875)
(11.2 2.4 1.875)
(11.6 2.4 1.875)
(12 2.4 1.875)
(12.4 2.4 1.875)
(12.8 2.4 1.875)
(13.2 2.4 1.875)
(13.6 2.4 1.875)
(14 2.4 1.875)
(14.4 2.4 1.875)
(14.8 2.4 1.875)
(15.2 2.4 1.875)
(15.6 2.4 1.875)
(16 2.4 1.875)
(16.4 2.4 1.875)
(16.8 2.4 1.875)
(17.2 2.4 1.875)
(17.6 2.4 1.875)
(18 2.4 1.875)
(18.4 2.4 1.875)
(18.8 2.4 1.875)
(19.2 2.4 1.875)
(19.6 2.4 1.875)
(20 2.4 1.875)
(20.4 2.4 1.875)
(20.8 2.4 1.875)
(21.2 2.4 1.875)
(21.6 2.4 1.875)
(22 2.4 1.875)
(22.4 2.4 1.875)
(22.8 2.4 1.875)
(23.2 2.4 1.875)
(23.6 2.4 1.875)
(24 2.4 1.875)
(24.4 2.4 1.875)
(24.8 2.4 1.875)
(25.2 2.4 1.875)
(25.6 2.4 1.875)
(26 2.4 1.875)
(26.4 2.4 1.875)
(26.8 2.4 1.875)
(27.2 2.4 1.875)
(27.6 2.4 1.875)
(28 2.4 1.875)
(0 2.8 1.875)
(0.4 2.8 1.875)
(0.8 2.8 1.875)
(1.2 2.8 1.875)
(1.6 2.8 1.875)
(2 2.8 1.875)
(2.4 2.8 1.875)
(2.8 2.8 1.875)
(3.2 2.8 1.875)
(3.6 2.8 1.875)
(4 2.8 1.875)
(4.4 2.8 1.875)
(4.8 2.8 1.875)
(5.2 2.8 1.875)
(5.6 2.8 1.875)
(6 2.8 1.875)
(6.4 2.8 1.875)
(6.8 2.8 1.875)
(7.2 2.8 1.875)
(7.6 2.8 1.875)
(8 2.8 1.875)
(8.4 2.8 1.875)
(8.8 2.8 1.875)
(9.2 2.8 1.875)
(9.6 2.8 1.875)
(10 2.8 1.875)
(10.4 2.8 1.875)
(10.8 2.8 1.875)
(11.2 2.8 1.875)
(11.6 2.8 1.875)
(12 2.8 1.875)
(12.4 2.8 1.875)
(12.8 2.8 1.875)
(13.2 2.8 1.875)
(13.6 2.8 1.875)
(14 2.8 1.875)
(14.4 2.8 1.875)
(14.8 2.8 1.875)
(15.2 2.8 1.875)
(15.6 2.8 1.875)
(16 2.8 1.875)
(16.4 2.8 1.875)
(16.8 2.8 1.875)
(17.2 2.8 1.875)
(17.6 2.8 1.875)
(18 2.8 1.875)
(18.4 2.8 1.875)
(18.8 2.8 1.875)
(19.2 2.8 1.875)
(19.6 2.8 1.875)
(20 2.8 1.875)
(20.4 2.8 1.875)
(20.8 2.8 1.875)
(21.2 2.8 1.875)
(21.6 2.8 1.875)
(22 2.8 1.875)
(22.4 2.8 1.875)
(22.8 2.8 1.875)
(23.2 2.8 1.875)
(23.6 2.8 1.875)
(24 2.8 1.875)
(24.4 2.8 1.875)
(24.8 2.8 1.875)
(25.2 2.8 1.875)
(25.6 2.8 1.875)
(26 2.8 1.875)
(26.4 2.8 1.875)
(26.8 2.8 1.875)
(27.2 2.8 1.875)
(27.6 2.8 1.875)
(28 2.8 1.875)
(0 3.2 1.875)
(0.4 3.2 1.875)
(0.8 3.2 1.875)
(1.2 3.2 1.875)
(1.6 3.2 1.875)
(2 3.2 1.875)
(2.4 3.2 1.875)
(2.8 3.2 1.875)
(3.2 3.2 1.875)
(3.6 3.2 1.875)
(4 3.2 1.875)
(4.4 3.2 1.875)
(4.8 3.2 1.875)
(5.2 3.2 1.875)
(5.6 3.2 1.875)
(6 3.2 1.875)
(6.4 3.2 1.875)
(6.8 3.2 1.875)
(7.2 3.2 1.875)
(7.6 3.2 1.875)
(8 3.2 1.875)
(8.4 3.2 1.875)
(8.8 3.2 1.875)
(9.2 3.2 1.875)
(9.6 3.2 1.875)
(10 3.2 1.875)
(10.4 3.2 1.875)
(10.8 3.2 1.875)
(11.2 3.2 1.875)
(11.6 3.2 1.875)
(12 3.2 1.875)
(12.4 3.2 1.875)
(12.8 3.2 1.875)
(13.2 3.2 1.875)
(13.6 3.2 1.875)
(14 3.2 1.875)
(14.4 3.2 1.875)
(14.8 3.2 1.875)
(15.2 3.2 1.875)
(15.6 3.2 1.875)
(16 3.2 1.875)
(16.4 3.2 1.875)
(16.8 3.2 1.875)
(17.2 3.2 1.875)
(17.6 3.2 1.875)
(18 3.2 1.875)
(18.4 3.2 1.875)
(18.8 3.2 1.875)
(19.2 3.2 1.875)
(19.6 3.2 1.875)
(20 3.2 1.875)
(20.4 3.2 1.875)
(20.8 3.2 1.875)
(21.2 3.2 1.875)
(21.6 3.2 1.875)
(22 3.2 1.875)
(22.4 3.2 1.875)
(22.8 3.2 1.875)
(23.2 3.2 1.875)
(23.6 3.2 1.875)
(24 3.2 1.875)
(24.4 3.2 1.875)
(24.8 3.2 1.875)
(25.2 3.2 1.875)
(25.6 3.2 1.875)
(26 3.2 1.875)
(26.4 3.2 1.875)
(26.8 3.2 1.875)
(27.2 3.2 1.875)
(27.6 3.2 1.875)
(28 3.2 1.875)
(0 3.6 1.875)
(0.4 3.6 1.875)
(0.8 3.6 1.875)
(1.2 3.6 1.875)
(1.6 3.6 1.875)
(2 3.6 1.875)
(2.4 3.6 1.875)
(2.8 3.6 1.875)
(3.2 3.6 1.875)
(3.6 3.6 1.875)
(4 3.6 1.875)
(4.4 3.6 1.875)
(4.8 3.6 1.875)
(5.2 3.6 1.875)
(5.6 3.6 1.875)
(6 3.6 1.875)
(6.4 3.6 1.875)
(6.8 3.6 1.875)
(7.2 3.6 1.875)
(7.6 3.6 1.875)
(8 3.6 1.875)
(8.4 3.6 1.875)
(8.8 3.6 1.875)
(9.2 3.6 1.875)
(9.6 3.6 1.875)
(10 3.6 1.875)
(10.4 3.6 1.875)
(10.8 3.6 1.875)
(11.2 3.6 1.875)
(11.6 3.6 1.875)
(12 3.6 1.875)
(12.4 3.6 1.875)
(12.8 3.6 1.875)
(13.2 3.6 1.875)
(13.6 3.6 1.875)
(14 3.6 1.875)
(14.4 3.6 1.875)
(14.8 3.6 1.875)
(15.2 3.6 1.875)
(15.6 3.6 1.875)
(16 3.6 1.875)
(16.4 3.6 1.875)
(16.8 3.6 1.875)
(17.2 3.6 1.875)
(17.6 3.6 1.875)
(18 3.6 1.875)
(18.4 3.6 1.875)
(18.8 3.6 1.875)
(19.2 3.6 1.875)
(19.6 3.6 1.875)
(20 3.6 1.875)
(20.4 3.6 1.875)
(20.8 3.6 1.875)
(21.2 3.6 1.875)
(21.6 3.6 1.875)
(22 3.6 1.875)
(22.4 3.6 1.875)
(22.8 3.6 1.875)
(23.2 3.6 1.875)
(23.6 3.6 1.875)
(24 3.6 1.875)
(24.4 3.6 1.875)
(24.8 3.6 1.875)
(25.2 3.6 1.875)
(25.6 3.6 1.875)
(26 3.6 1.875)
(26.4 3.6 1.875)
(26.8 3.6 1.875)
(27.2 3.6 1.875)
(27.6 3.6 1.875)
(28 3.6 1.875)
(0 4 1.875)
(0.4 4 1.875)
(0.8 4 1.875)
(1.2 4 1.875)
(1.6 4 1.875)
(2 4 1.875)
(2.4 4 1.875)
(2.8 4 1.875)
(3.2 4 1.875)
(3.6 4 1.875)
(4 4 1.875)
(4.4 4 1.875)
(4.8 4 1.875)
(5.2 4 1.875)
(5.6 4 1.875)
(6 4 1.875)
(6.4 4 1.875)
(6.8 4 1.875)
(7.2 4 1.875)
(7.6 4 1.875)
(8 4 1.875)
(8.4 4 1.875)
(8.8 4 1.875)
(9.2 4 1.875)
(9.6 4 1.875)
(10 4 1.875)
(10.4 4 1.875)
(10.8 4 1.875)
(11.2 4 1.875)
(11.6 4 1.875)
(12 4 1.875)
(12.4 4 1.875)
(12.8 4 1.875)
(13.2 4 1.875)
(13.6 4 1.875)
(14 4 1.875)
(14.4 4 1.875)
(14.8 4 1.875)
(15.2 4 1.875)
(15.6 4 1.875)
(16 4 1.875)
(16.4 4 1.875)
(16.8 4 1.875)
(17.2 4 1.875)
(17.6 4 1.875)
(18 4 1.875)
(18.4 4 1.875)
(18.8 4 1.875)
(19.2 4 1.875)
(19.6 4 1.875)
(20 4 1.875)
(20.4 4 1.875)
(20.8 4 1.875)
(21.2 4 1.875)
(21.6 4 1.875)
(22 4 1.875)
(22.4 4 1.875)
(22.8 4 1.875)
(23.2 4 1.875)
(23.6 4 1.875)
(24 4 1.875)
(24.4 4 1.875)
(24.8 4 1.875)
(25.2 4 1.875)
(25.6 4 1.875)
(26 4 1.875)
(26.4 4 1.875)
(26.8 4 1.875)
(27.2 4 1.875)
(27.6 4 1.875)
(28 4 1.875)
(0 0 2.25)
(0.4 0 2.25)
(0.8 0 2.25)
(1.2 0 2.25)
(1.6 0 2.25)
(2 0 2.25)
(2.4 0 2.25)
(2.8 0 2.25)
(3.2 0 2.25)
(3.6 0 2.25)
(4 0 2.25)
(4.4 0 2.25)
(4.8 0 2.25)
(5.2 0 2.25)
(5.6 0 2.25)
(6 0 2.25)
(6.4 0 2.25)
(6.8 0 2.25)
(7.2 0 2.25)
(7.6 0 2.25)
(8 0 2.25)
(8.4 0 2.25)
(8.8 0 2.25)
(9.2 0 2.25)
(9.6 0 2.25)
(10 0 2.25)
(10.4 0 2.25)
(10.8 0 2.25)
(11.2 0 2.25)
(11.6 0 2.25)
(12 0 2.25)
(12.4 0 2.25)
(12.8 0 2.25)
(13.2 0 2.25)
(13.6 0 2.25)
(14 0 2.25)
(14.4 0 2.25)
(14.8 0 2.25)
(15.2 0 2.25)
(15.6 0 2.25)
(16 0 2.25)
(16.4 0 2.25)
(16.8 0 2.25)
(17.2 0 2.25)
(17.6 0 2.25)
(18 0 2.25)
(18.4 0 2.25)
(18.8 0 2.25)
(19.2 0 2.25)
(19.6 0 2.25)
(20 0 2.25)
(20.4 0 2.25)
(20.8 0 2.25)
(21.2 0 2.25)
(21.6 0 2.25)
(22 0 2.25)
(22.4 0 2.25)
(22.8 0 2.25)
(23.2 0 2.25)
(23.6 0 2.25)
(24 0 2.25)
(24.4 0 2.25)
(24.8 0 2.25)
(25.2 0 2.25)
(25.6 0 2.25)
(26 0 2.25)
(26.4 0 2.25)
(26.8 0 2.25)
(27.2 0 2.25)
(27.6 0 2.25)
(28 0 2.25)
(0 0.4 2.25)
(0.4 0.4 2.25)
(0.8 0.4 2.25)
(1.2 0.4 2.25)
(1.6 0.4 2.25)
(2 0.4 2.25)
(2.4 0.4 2.25)
(2.8 0.4 2.25)
(3.2 0.4 2.25)
(3.6 0.4 2.25)
(4 0.4 2.25)
(4.4 0.4 2.25)
(4.8 0.4 2.25)
(5.2 0.4 2.25)
(5.6 0.4 2.25)
(6 0.4 2.25)
(6.4 0.4 2.25)
(6.8 0.4 2.25)
(7.2 0.4 2.25)
(7.6 0.4 2.25)
(8 0.4 2.25)
(8.4 0.4 2.25)
(8.8 0.4 2.25)
(9.2 0.4 2.25)
(9.6 0.4 2.25)
(10 0.4 2.25)
(10.4 0.4 2.25)
(10.8 0.4 2.25)
(11.2 0.4 2.25)
(11.6 0.4 2.25)
(12 0.4 2.25)
(12.4 0.4 2.25)
(12.8 0.4 2.25)
(13.2 0.4 2.25)
(13.6 0.4 2.25)
(14 0.4 2.25)
(14.4 0.4 2.25)
(14.8 0.4 2.25)
(15.2 0.4 2.25)
(15.6 0.4 2.25)
(16 0.4 2.25)
(16.4 0.4 2.25)
(16.8 0.4 2.25)
(17.2 0.4 2.25)
(17.6 0.4 2.25)
(18 0.4 2.25)
(18.4 0.4 2.25)
(18.8 0.4 2.25)
(19.2 0.4 2.25)
(19.6 0.4 2.25)
(20 0.4 2.25)
(20.4 0.4 2.25)
(20.8 0.4 2.25)
(21.2 0.4 2.25)
(21.6 0.4 2.25)
(22 0.4 2.25)
(22.4 0.4 2.25)
(22.8 0.4 2.25)
(23.2 0.4 2.25)
(23.6 0.4 2.25)
(24 0.4 2.25)
(24.4 0.4 2.25)
(24.8 0.4 2.25)
(25.2 0.4 2.25)
(25.6 0.4 2.25)
(26 0.4 2.25)
(26.4 0.4 2.25)
(26.8 0.4 2.25)
(27.2 0.4 2.25)
(27.6 0.4 2.25)
(28 0.4 2.25)
(0 0.8 2.25)
(0.4 0.8 2.25)
(0.8 0.8 2.25)
(1.2 0.8 2.25)
(1.6 0.8 2.25)
(2 0.8 2.25)
(2.4 0.8 2.25)
(2.8 0.8 2.25)
(3.2 0.8 2.25)
(3.6 0.8 2.25)
(4 0.8 2.25)
(4.4 0.8 2.25)
(4.8 0.8 2.25)
(5.2 0.8 2.25)
(5.6 0.8 2.25)
(6 0.8 2.25)
(6.4 0.8 2.25)
(6.8 0.8 2.25)
(7.2 0.8 2.25)
(7.6 0.8 2.25)
(8 0.8 2.25)
(8.4 0.8 2.25)
(8.8 0.8 2.25)
(9.2 0.8 2.25)
(9.6 0.8 2.25)
(10 0.8 2.25)
(10.4 0.8 2.25)
(10.8 0.8 2.25)
(11.2 0.8 2.25)
(11.6 0.8 2.25)
(12 0.8 2.25)
(12.4 0.8 2.25)
(12.8 0.8 2.25)
(13.2 0.8 2.25)
(13.6 0.8 2.25)
(14 0.8 2.25)
(14.4 0.8 2.25)
(14.8 0.8 2.25)
(15.2 0.8 2.25)
(15.6 0.8 2.25)
(16 0.8 2.25)
(16.4 0.8 2.25)
(16.8 0.8 2.25)
(17.2 0.8 2.25)
(17.6 0.8 2.25)
(18 0.8 2.25)
(18.4 0.8 2.25)
(18.8 0.8 2.25)
(19.2 0.8 2.25)
(19.6 0.8 2.25)
(20 0.8 2.25)
(20.4 0.8 2.25)
(20.8 0.8 2.25)
(21.2 0.8 2.25)
(21.6 0.8 2.25)
(22 0.8 2.25)
(22.4 0.8 2.25)
(22.8 0.8 2.25)
(23.2 0.8 2.25)
(23.6 0.8 2.25)
(24 0.8 2.25)
(24.4 0.8 2.25)
(24.8 0.8 2.25)
(25.2 0.8 2.25)
(25.6 0.8 2.25)
(26 0.8 2.25)
(26.4 0.8 2.25)
(26.8 0.8 2.25)
(27.2 0.8 2.25)
(27.6 0.8 2.25)
(28 0.8 2.25)
(0 1.2 2.25)
(0.4 1.2 2.25)
(0.8 1.2 2.25)
(1.2 1.2 2.25)
(1.6 1.2 2.25)
(2 1.2 2.25)
(2.4 1.2 2.25)
(2.8 1.2 2.25)
(3.2 1.2 2.25)
(3.6 1.2 2.25)
(4 1.2 2.25)
(4.4 1.2 2.25)
(4.8 1.2 2.25)
(5.2 1.2 2.25)
(5.6 1.2 2.25)
(6 1.2 2.25)
(6.4 1.2 2.25)
(6.8 1.2 2.25)
(7.2 1.2 2.25)
(7.6 1.2 2.25)
(8 1.2 2.25)
(8.4 1.2 2.25)
(8.8 1.2 2.25)
(9.2 1.2 2.25)
(9.6 1.2 2.25)
(10 1.2 2.25)
(10.4 1.2 2.25)
(10.8 1.2 2.25)
(11.2 1.2 2.25)
(11.6 1.2 2.25)
(12 1.2 2.25)
(12.4 1.2 2.25)
(12.8 1.2 2.25)
(13.2 1.2 2.25)
(13.6 1.2 2.25)
(14 1.2 2.25)
(14.4 1.2 2.25)
(14.8 1.2 2.25)
(15.2 1.2 2.25)
(15.6 1.2 2.25)
(16 1.2 2.25)
(16.4 1.2 2.25)
(16.8 1.2 2.25)
(17.2 1.2 2.25)
(17.6 1.2 2.25)
(18 1.2 2.25)
(18.4 1.2 2.25)
(18.8 1.2 2.25)
(19.2 1.2 2.25)
(19.6 1.2 2.25)
(20 1.2 2.25)
(20.4 1.2 2.25)
(20.8 1.2 2.25)
(21.2 1.2 2.25)
(21.6 1.2 2.25)
(22 1.2 2.25)
(22.4 1.2 2.25)
(22.8 1.2 2.25)
(23.2 1.2 2.25)
(23.6 1.2 2.25)
(24 1.2 2.25)
(24.4 1.2 2.25)
(24.8 1.2 2.25)
(25.2 1.2 2.25)
(25.6 1.2 2.25)
(26 1.2 2.25)
(26.4 1.2 2.25)
(26.8 1.2 2.25)
(27.2 1.2 2.25)
(27.6 1.2 2.25)
(28 1.2 2.25)
(0 1.6 2.25)
(0.4 1.6 2.25)
(0.8 1.6 2.25)
(1.2 1.6 2.25)
(1.6 1.6 2.25)
(2 1.6 2.25)
(2.4 1.6 2.25)
(2.8 1.6 2.25)
(3.2 1.6 2.25)
(3.6 1.6 2.25)
(4 1.6 2.25)
(4.4 1.6 2.25)
(4.8 1.6 2.25)
(5.2 1.6 2.25)
(5.6 1.6 2.25)
(6 1.6 2.25)
(6.4 1.6 2.25)
(6.8 1.6 2.25)
(7.2 1.6 2.25)
(7.6 1.6 2.25)
(8 1.6 2.25)
(8.4 1.6 2.25)
(8.8 1.6 2.25)
(9.2 1.6 2.25)
(9.6 1.6 2.25)
(10 1.6 2.25)
(10.4 1.6 2.25)
(10.8 1.6 2.25)
(11.2 1.6 2.25)
(11.6 1.6 2.25)
(12 1.6 2.25)
(12.4 1.6 2.25)
(12.8 1.6 2.25)
(13.2 1.6 2.25)
(13.6 1.6 2.25)
(14 1.6 2.25)
(14.4 1.6 2.25)
(14.8 1.6 2.25)
(15.2 1.6 2.25)
(15.6 1.6 2.25)
(16 1.6 2.25)
(16.4 1.6 2.25)
(16.8 1.6 2.25)
(17.2 1.6 2.25)
(17.6 1.6 2.25)
(18 1.6 2.25)
(18.4 1.6 2.25)
(18.8 1.6 2.25)
(19.2 1.6 2.25)
(19.6 1.6 2.25)
(20 1.6 2.25)
(20.4 1.6 2.25)
(20.8 1.6 2.25)
(21.2 1.6 2.25)
(21.6 1.6 2.25)
(22 1.6 2.25)
(22.4 1.6 2.25)
(22.8 1.6 2.25)
(23.2 1.6 2.25)
(23.6 1.6 2.25)
(24 1.6 2.25)
(24.4 1.6 2.25)
(24.8 1.6 2.25)
(25.2 1.6 2.25)
(25.6 1.6 2.25)
(26 1.6 2.25)
(26.4 1.6 2.25)
(26.8 1.6 2.25)
(27.2 1.6 2.25)
(27.6 1.6 2.25)
(28 1.6 2.25)
(0 2 2.25)
(0.4 2 2.25)
(0.8 2 2.25)
(1.2 2 2.25)
(1.6 2 2.25)
(2 2 2.25)
(2.4 2 2.25)
(2.8 2 2.25)
(3.2 2 2.25)
(3.6 2 2.25)
(4 2 2.25)
(4.4 2 2.25)
(4.8 2 2.25)
(5.2 2 2.25)
(5.6 2 2.25)
(6 2 2.25)
(6.4 2 2.25)
(6.8 2 2.25)
(7.2 2 2.25)
(7.6 2 2.25)
(8 2 2.25)
(8.4 2 2.25)
(8.8 2 2.25)
(9.2 2 2.25)
(9.6 2 2.25)
(10 2 2.25)
(10.4 2 2.25)
(10.8 2 2.25)
(11.2 2 2.25)
(11.6 2 2.25)
(12 2 2.25)
(12.4 2 2.25)
(12.8 2 2.25)
(13.2 2 2.25)
(13.6 2 2.25)
(14 2 2.25)
(14.4 2 2.25)
(14.8 2 2.25)
(15.2 2 2.25)
(15.6 2 2.25)
(16 2 2.25)
(16.4 2 2.25)
(16.8 2 2.25)
(17.2 2 2.25)
(17.6 2 2.25)
(18 2 2.25)
(18.4 2 2.25)
(18.8 2 2.25)
(19.2 2 2.25)
(19.6 2 2.25)
(20 2 2.25)
(20.4 2 2.25)
(20.8 2 2.25)
(21.2 2 2.25)
(21.6 2 2.25)
(22 2 2.25)
(22.4 2 2.25)
(22.8 2 2.25)
(23.2 2 2.25)
(23.6 2 2.25)
(24 2 2.25)
(24.4 2 2.25)
(24.8 2 2.25)
(25.2 2 2.25)
(25.6 2 2.25)
(26 2 2.25)
(26.4 2 2.25)
(26.8 2 2.25)
(27.2 2 2.25)
(27.6 2 2.25)
(28 2 2.25)
(0 2.4 2.25)
(0.4 2.4 2.25)
(0.8 2.4 2.25)
(1.2 2.4 2.25)
(1.6 2.4 2.25)
(2 2.4 2.25)
(2.4 2.4 2.25)
(2.8 2.4 2.25)
(3.2 2.4 2.25)
(3.6 2.4 2.25)
(4 2.4 2.25)
(4.4 2.4 2.25)
(4.8 2.4 2.25)
(5.2 2.4 2.25)
(5.6 2.4 2.25)
(6 2.4 2.25)
(6.4 2.4 2.25)
(6.8 2.4 2.25)
(7.2 2.4 2.25)
(7.6 2.4 2.25)
(8 2.4 2.25)
(8.4 2.4 2.25)
(8.8 2.4 2.25)
(9.2 2.4 2.25)
(9.6 2.4 2.25)
(10 2.4 2.25)
(10.4 2.4 2.25)
(10.8 2.4 2.25)
(11.2 2.4 2.25)
(11.6 2.4 2.25)
(12 2.4 2.25)
(12.4 2.4 2.25)
(12.8 2.4 2.25)
(13.2 2.4 2.25)
(13.6 2.4 2.25)
(14 2.4 2.25)
(14.4 2.4 2.25)
(14.8 2.4 2.25)
(15.2 2.4 2.25)
(15.6 2.4 2.25)
(16 2.4 2.25)
(16.4 2.4 2.25)
(16.8 2.4 2.25)
(17.2 2.4 2.25)
(17.6 2.4 2.25)
(18 2.4 2.25)
(18.4 2.4 2.25)
(18.8 2.4 2.25)
(19.2 2.4 2.25)
(19.6 2.4 2.25)
(20 2.4 2.25)
(20.4 2.4 2.25)
(20.8 2.4 2.25)
(21.2 2.4 2.25)
(21.6 2.4 2.25)
(22 2.4 2.25)
(22.4 2.4 2.25)
(22.8 2.4 2.25)
(23.2 2.4 2.25)
(23.6 2.4 2.25)
(24 2.4 2.25)
(24.4 2.4 2.25)
(24.8 2.4 2.25)
(25.2 2.4 2.25)
(25.6 2.4 2.25)
(26 2.4 2.25)
(26.4 2.4 2.25)
(26.8 2.4 2.25)
(27.2 2.4 2.25)
(27.6 2.4 2.25)
(28 2.4 2.25)
(0 2.8 2.25)
(0.4 2.8 2.25)
(0.8 2.8 2.25)
(1.2 2.8 2.25)
(1.6 2.8 2.25)
(2 2.8 2.25)
(2.4 2.8 2.25)
(2.8 2.8 2.25)
(3.2 2.8 2.25)
(3.6 2.8 2.25)
(4 2.8 2.25)
(4.4 2.8 2.25)
(4.8 2.8 2.25)
(5.2 2.8 2.25)
(5.6 2.8 2.25)
(6 2.8 2.25)
(6.4 2.8 2.25)
(6.8 2.8 2.25)
(7.2 2.8 2.25)
(7.6 2.8 2.25)
(8 2.8 2.25)
(8.4 2.8 2.25)
(8.8 2.8 2.25)
(9.2 2.8 2.25)
(9.6 2.8 2.25)
(10 2.8 2.25)
(10.4 2.8 2.25)
(10.8 2.8 2.25)
(11.2 2.8 2.25)
(11.6 2.8 2.25)
(12 2.8 2.25)
(12.4 2.8 2.25)
(12.8 2.8 2.25)
(13.2 2.8 2.25)
(13.6 2.8 2.25)
(14 2.8 2.25)
(14.4 2.8 2.25)
(14.8 2.8 2.25)
(15.2 2.8 2.25)
(15.6 2.8 2.25)
(16 2.8 2.25)
(16.4 2.8 2.25)
(16.8 2.8 2.25)
(17.2 2.8 2.25)
(17.6 2.8 2.25)
(18 2.8 2.25)
(18.4 2.8 2.25)
(18.8 2.8 2.25)
(19.2 2.8 2.25)
(19.6 2.8 2.25)
(20 2.8 2.25)
(20.4 2.8 2.25)
(20.8 2.8 2.25)
(21.2 2.8 2.25)
(21.6 2.8 2.25)
(22 2.8 2.25)
(22.4 2.8 2.25)
(22.8 2.8 2.25)
(23.2 2.8 2.25)
(23.6 2.8 2.25)
(24 2.8 2.25)
(24.4 2.8 2.25)
(24.8 2.8 2.25)
(25.2 2.8 2.25)
(25.6 2.8 2.25)
(26 2.8 2.25)
(26.4 2.8 2.25)
(26.8 2.8 2.25)
(27.2 2.8 2.25)
(27.6 2.8 2.25)
(28 2.8 2.25)
(0 3.2 2.25)
(0.4 3.2 2.25)
(0.8 3.2 2.25)
(1.2 3.2 2.25)
(1.6 3.2 2.25)
(2 3.2 2.25)
(2.4 3.2 2.25)
(2.8 3.2 2.25)
(3.2 3.2 2.25)
(3.6 3.2 2.25)
(4 3.2 2.25)
(4.4 3.2 2.25)
(4.8 3.2 2.25)
(5.2 3.2 2.25)
(5.6 3.2 2.25)
(6 3.2 2.25)
(6.4 3.2 2.25)
(6.8 3.2 2.25)
(7.2 3.2 2.25)
(7.6 3.2 2.25)
(8 3.2 2.25)
(8.4 3.2 2.25)
(8.8 3.2 2.25)
(9.2 3.2 2.25)
(9.6 3.2 2.25)
(10 3.2 2.25)
(10.4 3.2 2.25)
(10.8 3.2 2.25)
(11.2 3.2 2.25)
(11.6 3.2 2.25)
(12 3.2 2.25)
(12.4 3.2 2.25)
(12.8 3.2 2.25)
(13.2 3.2 2.25)
(13.6 3.2 2.25)
(14 3.2 2.25)
(14.4 3.2 2.25)
(14.8 3.2 2.25)
(15.2 3.2 2.25)
(15.6 3.2 2.25)
(16 3.2 2.25)
(16.4 3.2 2.25)
(16.8 3.2 2.25)
(17.2 3.2 2.25)
(17.6 3.2 2.25)
(18 3.2 2.25)
(18.4 3.2 2.25)
(18.8 3.2 2.25)
(19.2 3.2 2.25)
(19.6 3.2 2.25)
(20 3.2 2.25)
(20.4 3.2 2.25)
(20.8 3.2 2.25)
(21.2 3.2 2.25)
(21.6 3.2 2.25)
(22 3.2 2.25)
(22.4 3.2 2.25)
(22.8 3.2 2.25)
(23.2 3.2 2.25)
(23.6 3.2 2.25)
(24 3.2 2.25)
(24.4 3.2 2.25)
(24.8 3.2 2.25)
(25.2 3.2 2.25)
(25.6 3.2 2.25)
(26 3.2 2.25)
(26.4 3.2 2.25)
(26.8 3.2 2.25)
(27.2 3.2 2.25)
(27.6 3.2 2.25)
(28 3.2 2.25)
(0 3.6 2.25)
(0.4 3.6 2.25)
(0.8 3.6 2.25)
(1.2 3.6 2.25)
(1.6 3.6 2.25)
(2 3.6 2.25)
(2.4 3.6 2.25)
(2.8 3.6 2.25)
(3.2 3.6 2.25)
(3.6 3.6 2.25)
(4 3.6 2.25)
(4.4 3.6 2.25)
(4.8 3.6 2.25)
(5.2 3.6 2.25)
(5.6 3.6 2.25)
(6 3.6 2.25)
(6.4 3.6 2.25)
(6.8 3.6 2.25)
(7.2 3.6 2.25)
(7.6 3.6 2.25)
(8 3.6 2.25)
(8.4 3.6 2.25)
(8.8 3.6 2.25)
(9.2 3.6 2.25)
(9.6 3.6 2.25)
(10 3.6 2.25)
(10.4 3.6 2.25)
(10.8 3.6 2.25)
(11.2 3.6 2.25)
(11.6 3.6 2.25)
(12 3.6 2.25)
(12.4 3.6 2.25)
(12.8 3.6 2.25)
(13.2 3.6 2.25)
(13.6 3.6 2.25)
(14 3.6 2.25)
(14.4 3.6 2.25)
(14.8 3.6 2.25)
(15.2 3.6 2.25)
(15.6 3.6 2.25)
(16 3.6 2.25)
(16.4 3.6 2.25)
(16.8 3.6 2.25)
(17.2 3.6 2.25)
(17.6 3.6 2.25)
(18 3.6 2.25)
(18.4 3.6 2.25)
(18.8 3.6 2.25)
(19.2 3.6 2.25)
(19.6 3.6 2.25)
(20 3.6 2.25)
(20.4 3.6 2.25)
(20.8 3.6 2.25)
(21.2 3.6 2.25)
(21.6 3.6 2.25)
(22 3.6 2.25)
(22.4 3.6 2.25)
(22.8 3.6 2.25)
(23.2 3.6 2.25)
(23.6 3.6 2.25)
(24 3.6 2.25)
(24.4 3.6 2.25)
(24.8 3.6 2.25)
(25.2 3.6 2.25)
(25.6 3.6 2.25)
(26 3.6 2.25)
(26.4 3.6 2.25)
(26.8 3.6 2.25)
(27.2 3.6 2.25)
(27.6 3.6 2.25)
(28 3.6 2.25)
(0 4 2.25)
(0.4 4 2.25)
(0.8 4 2.25)
(1.2 4 2.25)
(1.6 4 2.25)
(2 4 2.25)
(2.4 4 2.25)
(2.8 4 2.25)
(3.2 4 2.25)
(3.6 4 2.25)
(4 4 2.25)
(4.4 4 2.25)
(4.8 4 2.25)
(5.2 4 2.25)
(5.6 4 2.25)
(6 4 2.25)
(6.4 4 2.25)
(6.8 4 2.25)
(7.2 4 2.25)
(7.6 4 2.25)
(8 4 2.25)
(8.4 4 2.25)
(8.8 4 2.25)
(9.2 4 2.25)
(9.6 4 2.25)
(10 4 2.25)
(10.4 4 2.25)
(10.8 4 2.25)
(11.2 4 2.25)
(11.6 4 2.25)
(12 4 2.25)
(12.4 4 2.25)
(12.8 4 2.25)
(13.2 4 2.25)
(13.6 4 2.25)
(14 4 2.25)
(14.4 4 2.25)
(14.8 4 2.25)
(15.2 4 2.25)
(15.6 4 2.25)
(16 4 2.25)
(16.4 4 2.25)
(16.8 4 2.25)
(17.2 4 2.25)
(17.6 4 2.25)
(18 4 2.25)
(18.4 4 2.25)
(18.8 4 2.25)
(19.2 4 2.25)
(19.6 4 2.25)
(20 4 2.25)
(20.4 4 2.25)
(20.8 4 2.25)
(21.2 4 2.25)
(21.6 4 2.25)
(22 4 2.25)
(22.4 4 2.25)
(22.8 4 2.25)
(23.2 4 2.25)
(23.6 4 2.25)
(24 4 2.25)
(24.4 4 2.25)
(24.8 4 2.25)
(25.2 4 2.25)
(25.6 4 2.25)
(26 4 2.25)
(26.4 4 2.25)
(26.8 4 2.25)
(27.2 4 2.25)
(27.6 4 2.25)
(28 4 2.25)
(0 0 2.625)
(0.4 0 2.625)
(0.8 0 2.625)
(1.2 0 2.625)
(1.6 0 2.625)
(2 0 2.625)
(2.4 0 2.625)
(2.8 0 2.625)
(3.2 0 2.625)
(3.6 0 2.625)
(4 0 2.625)
(4.4 0 2.625)
(4.8 0 2.625)
(5.2 0 2.625)
(5.6 0 2.625)
(6 0 2.625)
(6.4 0 2.625)
(6.8 0 2.625)
(7.2 0 2.625)
(7.6 0 2.625)
(8 0 2.625)
(8.4 0 2.625)
(8.8 0 2.625)
(9.2 0 2.625)
(9.6 0 2.625)
(10 0 2.625)
(10.4 0 2.625)
(10.8 0 2.625)
(11.2 0 2.625)
(11.6 0 2.625)
(12 0 2.625)
(12.4 0 2.625)
(12.8 0 2.625)
(13.2 0 2.625)
(13.6 0 2.625)
(14 0 2.625)
(14.4 0 2.625)
(14.8 0 2.625)
(15.2 0 2.625)
(15.6 0 2.625)
(16 0 2.625)
(16.4 0 2.625)
(16.8 0 2.625)
(17.2 0 2.625)
(17.6 0 2.625)
(18 0 2.625)
(18.4 0 2.625)
(18.8 0 2.625)
(19.2 0 2.625)
(19.6 0 2.625)
(20 0 2.625)
(20.4 0 2.625)
(20.8 0 2.625)
(21.2 0 2.625)
(21.6 0 2.625)
(22 0 2.625)
(22.4 0 2.625)
(22.8 0 2.625)
(23.2 0 2.625)
(23.6 0 2.625)
(24 0 2.625)
(24.4 0 2.625)
(24.8 0 2.625)
(25.2 0 2.625)
(25.6 0 2.625)
(26 0 2.625)
(26.4 0 2.625)
(26.8 0 2.625)
(27.2 0 2.625)
(27.6 0 2.625)
(28 0 2.625)
(0 0.4 2.625)
(0.4 0.4 2.625)
(0.8 0.4 2.625)
(1.2 0.4 2.625)
(1.6 0.4 2.625)
(2 0.4 2.625)
(2.4 0.4 2.625)
(2.8 0.4 2.625)
(3.2 0.4 2.625)
(3.6 0.4 2.625)
(4 0.4 2.625)
(4.4 0.4 2.625)
(4.8 0.4 2.625)
(5.2 0.4 2.625)
(5.6 0.4 2.625)
(6 0.4 2.625)
(6.4 0.4 2.625)
(6.8 0.4 2.625)
(7.2 0.4 2.625)
(7.6 0.4 2.625)
(8 0.4 2.625)
(8.4 0.4 2.625)
(8.8 0.4 2.625)
(9.2 0.4 2.625)
(9.6 0.4 2.625)
(10 0.4 2.625)
(10.4 0.4 2.625)
(10.8 0.4 2.625)
(11.2 0.4 2.625)
(11.6 0.4 2.625)
(12 0.4 2.625)
(12.4 0.4 2.625)
(12.8 0.4 2.625)
(13.2 0.4 2.625)
(13.6 0.4 2.625)
(14 0.4 2.625)
(14.4 0.4 2.625)
(14.8 0.4 2.625)
(15.2 0.4 2.625)
(15.6 0.4 2.625)
(16 0.4 2.625)
(16.4 0.4 2.625)
(16.8 0.4 2.625)
(17.2 0.4 2.625)
(17.6 0.4 2.625)
(18 0.4 2.625)
(18.4 0.4 2.625)
(18.8 0.4 2.625)
(19.2 0.4 2.625)
(19.6 0.4 2.625)
(20 0.4 2.625)
(20.4 0.4 2.625)
(20.8 0.4 2.625)
(21.2 0.4 2.625)
(21.6 0.4 2.625)
(22 0.4 2.625)
(22.4 0.4 2.625)
(22.8 0.4 2.625)
(23.2 0.4 2.625)
(23.6 0.4 2.625)
(24 0.4 2.625)
(24.4 0.4 2.625)
(24.8 0.4 2.625)
(25.2 0.4 2.625)
(25.6 0.4 2.625)
(26 0.4 2.625)
(26.4 0.4 2.625)
(26.8 0.4 2.625)
(27.2 0.4 2.625)
(27.6 0.4 2.625)
(28 0.4 2.625)
(0 0.8 2.625)
(0.4 0.8 2.625)
(0.8 0.8 2.625)
(1.2 0.8 2.625)
(1.6 0.8 2.625)
(2 0.8 2.625)
(2.4 0.8 2.625)
(2.8 0.8 2.625)
(3.2 0.8 2.625)
(3.6 0.8 2.625)
(4 0.8 2.625)
(4.4 0.8 2.625)
(4.8 0.8 2.625)
(5.2 0.8 2.625)
(5.6 0.8 2.625)
(6 0.8 2.625)
(6.4 0.8 2.625)
(6.8 0.8 2.625)
(7.2 0.8 2.625)
(7.6 0.8 2.625)
(8 0.8 2.625)
(8.4 0.8 2.625)
(8.8 0.8 2.625)
(9.2 0.8 2.625)
(9.6 0.8 2.625)
(10 0.8 2.625)
(10.4 0.8 2.625)
(10.8 0.8 2.625)
(11.2 0.8 2.625)
(11.6 0.8 2.625)
(12 0.8 2.625)
(12.4 0.8 2.625)
(12.8 0.8 2.625)
(13.2 0.8 2.625)
(13.6 0.8 2.625)
(14 0.8 2.625)
(14.4 0.8 2.625)
(14.8 0.8 2.625)
(15.2 0.8 2.625)
(15.6 0.8 2.625)
(16 0.8 2.625)
(16.4 0.8 2.625)
(16.8 0.8 2.625)
(17.2 0.8 2.625)
(17.6 0.8 2.625)
(18 0.8 2.625)
(18.4 0.8 2.625)
(18.8 0.8 2.625)
(19.2 0.8 2.625)
(19.6 0.8 2.625)
(20 0.8 2.625)
(20.4 0.8 2.625)
(20.8 0.8 2.625)
(21.2 0.8 2.625)
(21.6 0.8 2.625)
(22 0.8 2.625)
(22.4 0.8 2.625)
(22.8 0.8 2.625)
(23.2 0.8 2.625)
(23.6 0.8 2.625)
(24 0.8 2.625)
(24.4 0.8 2.625)
(24.8 0.8 2.625)
(25.2 0.8 2.625)
(25.6 0.8 2.625)
(26 0.8 2.625)
(26.4 0.8 2.625)
(26.8 0.8 2.625)
(27.2 0.8 2.625)
(27.6 0.8 2.625)
(28 0.8 2.625)
(0 1.2 2.625)
(0.4 1.2 2.625)
(0.8 1.2 2.625)
(1.2 1.2 2.625)
(1.6 1.2 2.625)
(2 1.2 2.625)
(2.4 1.2 2.625)
(2.8 1.2 2.625)
(3.2 1.2 2.625)
(3.6 1.2 2.625)
(4 1.2 2.625)
(4.4 1.2 2.625)
(4.8 1.2 2.625)
(5.2 1.2 2.625)
(5.6 1.2 2.625)
(6 1.2 2.625)
(6.4 1.2 2.625)
(6.8 1.2 2.625)
(7.2 1.2 2.625)
(7.6 1.2 2.625)
(8 1.2 2.625)
(8.4 1.2 2.625)
(8.8 1.2 2.625)
(9.2 1.2 2.625)
(9.6 1.2 2.625)
(10 1.2 2.625)
(10.4 1.2 2.625)
(10.8 1.2 2.625)
(11.2 1.2 2.625)
(11.6 1.2 2.625)
(12 1.2 2.625)
(12.4 1.2 2.625)
(12.8 1.2 2.625)
(13.2 1.2 2.625)
(13.6 1.2 2.625)
(14 1.2 2.625)
(14.4 1.2 2.625)
(14.8 1.2 2.625)
(15.2 1.2 2.625)
(15.6 1.2 2.625)
(16 1.2 2.625)
(16.4 1.2 2.625)
(16.8 1.2 2.625)
(17.2 1.2 2.625)
(17.6 1.2 2.625)
(18 1.2 2.625)
(18.4 1.2 2.625)
(18.8 1.2 2.625)
(19.2 1.2 2.625)
(19.6 1.2 2.625)
(20 1.2 2.625)
(20.4 1.2 2.625)
(20.8 1.2 2.625)
(21.2 1.2 2.625)
(21.6 1.2 2.625)
(22 1.2 2.625)
(22.4 1.2 2.625)
(22.8 1.2 2.625)
(23.2 1.2 2.625)
(23.6 1.2 2.625)
(24 1.2 2.625)
(24.4 1.2 2.625)
(24.8 1.2 2.625)
(25.2 1.2 2.625)
(25.6 1.2 2.625)
(26 1.2 2.625)
(26.4 1.2 2.625)
(26.8 1.2 2.625)
(27.2 1.2 2.625)
(27.6 1.2 2.625)
(28 1.2 2.625)
(0 1.6 2.625)
(0.4 1.6 2.625)
(0.8 1.6 2.625)
(1.2 1.6 2.625)
(1.6 1.6 2.625)
(2 1.6 2.625)
(2.4 1.6 2.625)
(2.8 1.6 2.625)
(3.2 1.6 2.625)
(3.6 1.6 2.625)
(4 1.6 2.625)
(4.4 1.6 2.625)
(4.8 1.6 2.625)
(5.2 1.6 2.625)
(5.6 1.6 2.625)
(6 1.6 2.625)
(6.4 1.6 2.625)
(6.8 1.6 2.625)
(7.2 1.6 2.625)
(7.6 1.6 2.625)
(8 1.6 2.625)
(8.4 1.6 2.625)
(8.8 1.6 2.625)
(9.2 1.6 2.625)
(9.6 1.6 2.625)
(10 1.6 2.625)
(10.4 1.6 2.625)
(10.8 1.6 2.625)
(11.2 1.6 2.625)
(11.6 1.6 2.625)
(12 1.6 2.625)
(12.4 1.6 2.625)
(12.8 1.6 2.625)
(13.2 1.6 2.625)
(13.6 1.6 2.625)
(14 1.6 2.625)
(14.4 1.6 2.625)
(14.8 1.6 2.625)
(15.2 1.6 2.625)
(15.6 1.6 2.625)
(16 1.6 2.625)
(16.4 1.6 2.625)
(16.8 1.6 2.625)
(17.2 1.6 2.625)
(17.6 1.6 2.625)
(18 1.6 2.625)
(18.4 1.6 2.625)
(18.8 1.6 2.625)
(19.2 1.6 2.625)
(19.6 1.6 2.625)
(20 1.6 2.625)
(20.4 1.6 2.625)
(20.8 1.6 2.625)
(21.2 1.6 2.625)
(21.6 1.6 2.625)
(22 1.6 2.625)
(22.4 1.6 2.625)
(22.8 1.6 2.625)
(23.2 1.6 2.625)
(23.6 1.6 2.625)
(24 1.6 2.625)
(24.4 1.6 2.625)
(24.8 1.6 2.625)
(25.2 1.6 2.625)
(25.6 1.6 2.625)
(26 1.6 2.625)
(26.4 1.6 2.625)
(26.8 1.6 2.625)
(27.2 1.6 2.625)
(27.6 1.6 2.625)
(28 1.6 2.625)
(0 2 2.625)
(0.4 2 2.625)
(0.8 2 2.625)
(1.2 2 2.625)
(1.6 2 2.625)
(2 2 2.625)
(2.4 2 2.625)
(2.8 2 2.625)
(3.2 2 2.625)
(3.6 2 2.625)
(4 2 2.625)
(4.4 2 2.625)
(4.8 2 2.625)
(5.2 2 2.625)
(5.6 2 2.625)
(6 2 2.625)
(6.4 2 2.625)
(6.8 2 2.625)
(7.2 2 2.625)
(7.6 2 2.625)
(8 2 2.625)
(8.4 2 2.625)
(8.8 2 2.625)
(9.2 2 2.625)
(9.6 2 2.625)
(10 2 2.625)
(10.4 2 2.625)
(10.8 2 2.625)
(11.2 2 2.625)
(11.6 2 2.625)
(12 2 2.625)
(12.4 2 2.625)
(12.8 2 2.625)
(13.2 2 2.625)
(13.6 2 2.625)
(14 2 2.625)
(14.4 2 2.625)
(14.8 2 2.625)
(15.2 2 2.625)
(15.6 2 2.625)
(16 2 2.625)
(16.4 2 2.625)
(16.8 2 2.625)
(17.2 2 2.625)
(17.6 2 2.625)
(18 2 2.625)
(18.4 2 2.625)
(18.8 2 2.625)
(19.2 2 2.625)
(19.6 2 2.625)
(20 2 2.625)
(20.4 2 2.625)
(20.8 2 2.625)
(21.2 2 2.625)
(21.6 2 2.625)
(22 2 2.625)
(22.4 2 2.625)
(22.8 2 2.625)
(23.2 2 2.625)
(23.6 2 2.625)
(24 2 2.625)
(24.4 2 2.625)
(24.8 2 2.625)
(25.2 2 2.625)
(25.6 2 2.625)
(26 2 2.625)
(26.4 2 2.625)
(26.8 2 2.625)
(27.2 2 2.625)
(27.6 2 2.625)
(28 2 2.625)
(0 2.4 2.625)
(0.4 2.4 2.625)
(0.8 2.4 2.625)
(1.2 2.4 2.625)
(1.6 2.4 2.625)
(2 2.4 2.625)
(2.4 2.4 2.625)
(2.8 2.4 2.625)
(3.2 2.4 2.625)
(3.6 2.4 2.625)
(4 2.4 2.625)
(4.4 2.4 2.625)
(4.8 2.4 2.625)
(5.2 2.4 2.625)
(5.6 2.4 2.625)
(6 2.4 2.625)
(6.4 2.4 2.625)
(6.8 2.4 2.625)
(7.2 2.4 2.625)
(7.6 2.4 2.625)
(8 2.4 2.625)
(8.4 2.4 2.625)
(8.8 2.4 2.625)
(9.2 2.4 2.625)
(9.6 2.4 2.625)
(10 2.4 2.625)
(10.4 2.4 2.625)
(10.8 2.4 2.625)
(11.2 2.4 2.625)
(11.6 2.4 2.625)
(12 2.4 2.625)
(12.4 2.4 2.625)
(12.8 2.4 2.625)
(13.2 2.4 2.625)
(13.6 2.4 2.625)
(14 2.4 2.625)
(14.4 2.4 2.625)
(14.8 2.4 2.625)
(15.2 2.4 2.625)
(15.6 2.4 2.625)
(16 2.4 2.625)
(16.4 2.4 2.625)
(16.8 2.4 2.625)
(17.2 2.4 2.625)
(17.6 2.4 2.625)
(18 2.4 2.625)
(18.4 2.4 2.625)
(18.8 2.4 2.625)
(19.2 2.4 2.625)
(19.6 2.4 2.625)
(20 2.4 2.625)
(20.4 2.4 2.625)
(20.8 2.4 2.625)
(21.2 2.4 2.625)
(21.6 2.4 2.625)
(22 2.4 2.625)
(22.4 2.4 2.625)
(22.8 2.4 2.625)
(23.2 2.4 2.625)
(23.6 2.4 2.625)
(24 2.4 2.625)
(24.4 2.4 2.625)
(24.8 2.4 2.625)
(25.2 2.4 2.625)
(25.6 2.4 2.625)
(26 2.4 2.625)
(26.4 2.4 2.625)
(26.8 2.4 2.625)
(27.2 2.4 2.625)
(27.6 2.4 2.625)
(28 2.4 2.625)
(0 2.8 2.625)
(0.4 2.8 2.625)
(0.8 2.8 2.625)
(1.2 2.8 2.625)
(1.6 2.8 2.625)
(2 2.8 2.625)
(2.4 2.8 2.625)
(2.8 2.8 2.625)
(3.2 2.8 2.625)
(3.6 2.8 2.625)
(4 2.8 2.625)
(4.4 2.8 2.625)
(4.8 2.8 2.625)
(5.2 2.8 2.625)
(5.6 2.8 2.625)
(6 2.8 2.625)
(6.4 2.8 2.625)
(6.8 2.8 2.625)
(7.2 2.8 2.625)
(7.6 2.8 2.625)
(8 2.8 2.625)
(8.4 2.8 2.625)
(8.8 2.8 2.625)
(9.2 2.8 2.625)
(9.6 2.8 2.625)
(10 2.8 2.625)
(10.4 2.8 2.625)
(10.8 2.8 2.625)
(11.2 2.8 2.625)
(11.6 2.8 2.625)
(12 2.8 2.625)
(12.4 2.8 2.625)
(12.8 2.8 2.625)
(13.2 2.8 2.625)
(13.6 2.8 2.625)
(14 2.8 2.625)
(14.4 2.8 2.625)
(14.8 2.8 2.625)
(15.2 2.8 2.625)
(15.6 2.8 2.625)
(16 2.8 2.625)
(16.4 2.8 2.625)
(16.8 2.8 2.625)
(17.2 2.8 2.625)
(17.6 2.8 2.625)
(18 2.8 2.625)
(18.4 2.8 2.625)
(18.8 2.8 2.625)
(19.2 2.8 2.625)
(19.6 2.8 2.625)
(20 2.8 2.625)
(20.4 2.8 2.625)
(20.8 2.8 2.625)
(21.2 2.8 2.625)
(21.6 2.8 2.625)
(22 2.8 2.625)
(22.4 2.8 2.625)
(22.8 2.8 2.625)
(23.2 2.8 2.625)
(23.6 2.8 2.625)
(24 2.8 2.625)
(24.4 2.8 2.625)
(24.8 2.8 2.625)
(25.2 2.8 2.625)
(25.6 2.8 2.625)
(26 2.8 2.625)
(26.4 2.8 2.625)
(26.8 2.8 2.625)
(27.2 2.8 2.625)
(27.6 2.8 2.625)
(28 2.8 2.625)
(0 3.2 2.625)
(0.4 3.2 2.625)
(0.8 3.2 2.625)
(1.2 3.2 2.625)
(1.6 3.2 2.625)
(2 3.2 2.625)
(2.4 3.2 2.625)
(2.8 3.2 2.625)
(3.2 3.2 2.625)
(3.6 3.2 2.625)
(4 3.2 2.625)
(4.4 3.2 2.625)
(4.8 3.2 2.625)
(5.2 3.2 2.625)
(5.6 3.2 2.625)
(6 3.2 2.625)
(6.4 3.2 2.625)
(6.8 3.2 2.625)
(7.2 3.2 2.625)
(7.6 3.2 2.625)
(8 3.2 2.625)
(8.4 3.2 2.625)
(8.8 3.2 2.625)
(9.2 3.2 2.625)
(9.6 3.2 2.625)
(10 3.2 2.625)
(10.4 3.2 2.625)
(10.8 3.2 2.625)
(11.2 3.2 2.625)
(11.6 3.2 2.625)
(12 3.2 2.625)
(12.4 3.2 2.625)
(12.8 3.2 2.625)
(13.2 3.2 2.625)
(13.6 3.2 2.625)
(14 3.2 2.625)
(14.4 3.2 2.625)
(14.8 3.2 2.625)
(15.2 3.2 2.625)
(15.6 3.2 2.625)
(16 3.2 2.625)
(16.4 3.2 2.625)
(16.8 3.2 2.625)
(17.2 3.2 2.625)
(17.6 3.2 2.625)
(18 3.2 2.625)
(18.4 3.2 2.625)
(18.8 3.2 2.625)
(19.2 3.2 2.625)
(19.6 3.2 2.625)
(20 3.2 2.625)
(20.4 3.2 2.625)
(20.8 3.2 2.625)
(21.2 3.2 2.625)
(21.6 3.2 2.625)
(22 3.2 2.625)
(22.4 3.2 2.625)
(22.8 3.2 2.625)
(23.2 3.2 2.625)
(23.6 3.2 2.625)
(24 3.2 2.625)
(24.4 3.2 2.625)
(24.8 3.2 2.625)
(25.2 3.2 2.625)
(25.6 3.2 2.625)
(26 3.2 2.625)
(26.4 3.2 2.625)
(26.8 3.2 2.625)
(27.2 3.2 2.625)
(27.6 3.2 2.625)
(28 3.2 2.625)
(0 3.6 2.625)
(0.4 3.6 2.625)
(0.8 3.6 2.625)
(1.2 3.6 2.625)
(1.6 3.6 2.625)
(2 3.6 2.625)
(2.4 3.6 2.625)
(2.8 3.6 2.625)
(3.2 3.6 2.625)
(3.6 3.6 2.625)
(4 3.6 2.625)
(4.4 3.6 2.625)
(4.8 3.6 2.625)
(5.2 3.6 2.625)
(5.6 3.6 2.625)
(6 3.6 2.625)
(6.4 3.6 2.625)
(6.8 3.6 2.625)
(7.2 3.6 2.625)
(7.6 3.6 2.625)
(8 3.6 2.625)
(8.4 3.6 2.625)
(8.8 3.6 2.625)
(9.2 3.6 2.625)
(9.6 3.6 2.625)
(10 3.6 2.625)
(10.4 3.6 2.625)
(10.8 3.6 2.625)
(11.2 3.6 2.625)
(11.6 3.6 2.625)
(12 3.6 2.625)
(12.4 3.6 2.625)
(12.8 3.6 2.625)
(13.2 3.6 2.625)
(13.6 3.6 2.625)
(14 3.6 2.625)
(14.4 3.6 2.625)
(14.8 3.6 2.625)
(15.2 3.6 2.625)
(15.6 3.6 2.625)
(16 3.6 2.625)
(16.4 3.6 2.625)
(16.8 3.6 2.625)
(17.2 3.6 2.625)
(17.6 3.6 2.625)
(18 3.6 2.625)
(18.4 3.6 2.625)
(18.8 3.6 2.625)
(19.2 3.6 2.625)
(19.6 3.6 2.625)
(20 3.6 2.625)
(20.4 3.6 2.625)
(20.8 3.6 2.625)
(21.2 3.6 2.625)
(21.6 3.6 2.625)
(22 3.6 2.625)
(22.4 3.6 2.625)
(22.8 3.6 2.625)
(23.2 3.6 2.625)
(23.6 3.6 2.625)
(24 3.6 2.625)
(24.4 3.6 2.625)
(24.8 3.6 2.625)
(25.2 3.6 2.625)
(25.6 3.6 2.625)
(26 3.6 2.625)
(26.4 3.6 2.625)
(26.8 3.6 2.625)
(27.2 3.6 2.625)
(27.6 3.6 2.625)
(28 3.6 2.625)
(0 4 2.625)
(0.4 4 2.625)
(0.8 4 2.625)
(1.2 4 2.625)
(1.6 4 2.625)
(2 4 2.625)
(2.4 4 2.625)
(2.8 4 2.625)
(3.2 4 2.625)
(3.6 4 2.625)
(4 4 2.625)
(4.4 4 2.625)
(4.8 4 2.625)
(5.2 4 2.625)
(5.6 4 2.625)
(6 4 2.625)
(6.4 4 2.625)
(6.8 4 2.625)
(7.2 4 2.625)
(7.6 4 2.625)
(8 4 2.625)
(8.4 4 2.625)
(8.8 4 2.625)
(9.2 4 2.625)
(9.6 4 2.625)
(10 4 2.625)
(10.4 4 2.625)
(10.8 4 2.625)
(11.2 4 2.625)
(11.6 4 2.625)
(12 4 2.625)
(12.4 4 2.625)
(12.8 4 2.625)
(13.2 4 2.625)
(13.6 4 2.625)
(14 4 2.625)
(14.4 4 2.625)
(14.8 4 2.625)
(15.2 4 2.625)
(15.6 4 2.625)
(16 4 2.625)
(16.4 4 2.625)
(16.8 4 2.625)
(17.2 4 2.625)
(17.6 4 2.625)
(18 4 2.625)
(18.4 4 2.625)
(18.8 4 2.625)
(19.2 4 2.625)
(19.6 4 2.625)
(20 4 2.625)
(20.4 4 2.625)
(20.8 4 2.625)
(21.2 4 2.625)
(21.6 4 2.625)
(22 4 2.625)
(22.4 4 2.625)
(22.8 4 2.625)
(23.2 4 2.625)
(23.6 4 2.625)
(24 4 2.625)
(24.4 4 2.625)
(24.8 4 2.625)
(25.2 4 2.625)
(25.6 4 2.625)
(26 4 2.625)
(26.4 4 2.625)
(26.8 4 2.625)
(27.2 4 2.625)
(27.6 4 2.625)
(28 4 2.625)
(0 0 3)
(0.4 0 3)
(0.8 0 3)
(1.2 0 3)
(1.6 0 3)
(2 0 3)
(2.4 0 3)
(2.8 0 3)
(3.2 0 3)
(3.6 0 3)
(4 0 3)
(4.4 0 3)
(4.8 0 3)
(5.2 0 3)
(5.6 0 3)
(6 0 3)
(6.4 0 3)
(6.8 0 3)
(7.2 0 3)
(7.6 0 3)
(8 0 3)
(8.4 0 3)
(8.8 0 3)
(9.2 0 3)
(9.6 0 3)
(10 0 3)
(10.4 0 3)
(10.8 0 3)
(11.2 0 3)
(11.6 0 3)
(12 0 3)
(12.4 0 3)
(12.8 0 3)
(13.2 0 3)
(13.6 0 3)
(14 0 3)
(14.4 0 3)
(14.8 0 3)
(15.2 0 3)
(15.6 0 3)
(16 0 3)
(16.4 0 3)
(16.8 0 3)
(17.2 0 3)
(17.6 0 3)
(18 0 3)
(18.4 0 3)
(18.8 0 3)
(19.2 0 3)
(19.6 0 3)
(20 0 3)
(20.4 0 3)
(20.8 0 3)
(21.2 0 3)
(21.6 0 3)
(22 0 3)
(22.4 0 3)
(22.8 0 3)
(23.2 0 3)
(23.6 0 3)
(24 0 3)
(24.4 0 3)
(24.8 0 3)
(25.2 0 3)
(25.6 0 3)
(26 0 3)
(26.4 0 3)
(26.8 0 3)
(27.2 0 3)
(27.6 0 3)
(28 0 3)
(0 0.4 3)
(0.4 0.4 3)
(0.8 0.4 3)
(1.2 0.4 3)
(1.6 0.4 3)
(2 0.4 3)
(2.4 0.4 3)
(2.8 0.4 3)
(3.2 0.4 3)
(3.6 0.4 3)
(4 0.4 3)
(4.4 0.4 3)
(4.8 0.4 3)
(5.2 0.4 3)
(5.6 0.4 3)
(6 0.4 3)
(6.4 0.4 3)
(6.8 0.4 3)
(7.2 0.4 3)
(7.6 0.4 3)
(8 0.4 3)
(8.4 0.4 3)
(8.8 0.4 3)
(9.2 0.4 3)
(9.6 0.4 3)
(10 0.4 3)
(10.4 0.4 3)
(10.8 0.4 3)
(11.2 0.4 3)
(11.6 0.4 3)
(12 0.4 3)
(12.4 0.4 3)
(12.8 0.4 3)
(13.2 0.4 3)
(13.6 0.4 3)
(14 0.4 3)
(14.4 0.4 3)
(14.8 0.4 3)
(15.2 0.4 3)
(15.6 0.4 3)
(16 0.4 3)
(16.4 0.4 3)
(16.8 0.4 3)
(17.2 0.4 3)
(17.6 0.4 3)
(18 0.4 3)
(18.4 0.4 3)
(18.8 0.4 3)
(19.2 0.4 3)
(19.6 0.4 3)
(20 0.4 3)
(20.4 0.4 3)
(20.8 0.4 3)
(21.2 0.4 3)
(21.6 0.4 3)
(22 0.4 3)
(22.4 0.4 3)
(22.8 0.4 3)
(23.2 0.4 3)
(23.6 0.4 3)
(24 0.4 3)
(24.4 0.4 3)
(24.8 0.4 3)
(25.2 0.4 3)
(25.6 0.4 3)
(26 0.4 3)
(26.4 0.4 3)
(26.8 0.4 3)
(27.2 0.4 3)
(27.6 0.4 3)
(28 0.4 3)
(0 0.8 3)
(0.4 0.8 3)
(0.8 0.8 3)
(1.2 0.8 3)
(1.6 0.8 3)
(2 0.8 3)
(2.4 0.8 3)
(2.8 0.8 3)
(3.2 0.8 3)
(3.6 0.8 3)
(4 0.8 3)
(4.4 0.8 3)
(4.8 0.8 3)
(5.2 0.8 3)
(5.6 0.8 3)
(6 0.8 3)
(6.4 0.8 3)
(6.8 0.8 3)
(7.2 0.8 3)
(7.6 0.8 3)
(8 0.8 3)
(8.4 0.8 3)
(8.8 0.8 3)
(9.2 0.8 3)
(9.6 0.8 3)
(10 0.8 3)
(10.4 0.8 3)
(10.8 0.8 3)
(11.2 0.8 3)
(11.6 0.8 3)
(12 0.8 3)
(12.4 0.8 3)
(12.8 0.8 3)
(13.2 0.8 3)
(13.6 0.8 3)
(14 0.8 3)
(14.4 0.8 3)
(14.8 0.8 3)
(15.2 0.8 3)
(15.6 0.8 3)
(16 0.8 3)
(16.4 0.8 3)
(16.8 0.8 3)
(17.2 0.8 3)
(17.6 0.8 3)
(18 0.8 3)
(18.4 0.8 3)
(18.8 0.8 3)
(19.2 0.8 3)
(19.6 0.8 3)
(20 0.8 3)
(20.4 0.8 3)
(20.8 0.8 3)
(21.2 0.8 3)
(21.6 0.8 3)
(22 0.8 3)
(22.4 0.8 3)
(22.8 0.8 3)
(23.2 0.8 3)
(23.6 0.8 3)
(24 0.8 3)
(24.4 0.8 3)
(24.8 0.8 3)
(25.2 0.8 3)
(25.6 0.8 3)
(26 0.8 3)
(26.4 0.8 3)
(26.8 0.8 3)
(27.2 0.8 3)
(27.6 0.8 3)
(28 0.8 3)
(0 1.2 3)
(0.4 1.2 3)
(0.8 1.2 3)
(1.2 1.2 3)
(1.6 1.2 3)
(2 1.2 3)
(2.4 1.2 3)
(2.8 1.2 3)
(3.2 1.2 3)
(3.6 1.2 3)
(4 1.2 3)
(4.4 1.2 3)
(4.8 1.2 3)
(5.2 1.2 3)
(5.6 1.2 3)
(6 1.2 3)
(6.4 1.2 3)
(6.8 1.2 3)
(7.2 1.2 3)
(7.6 1.2 3)
(8 1.2 3)
(8.4 1.2 3)
(8.8 1.2 3)
(9.2 1.2 3)
(9.6 1.2 3)
(10 1.2 3)
(10.4 1.2 3)
(10.8 1.2 3)
(11.2 1.2 3)
(11.6 1.2 3)
(12 1.2 3)
(12.4 1.2 3)
(12.8 1.2 3)
(13.2 1.2 3)
(13.6 1.2 3)
(14 1.2 3)
(14.4 1.2 3)
(14.8 1.2 3)
(15.2 1.2 3)
(15.6 1.2 3)
(16 1.2 3)
(16.4 1.2 3)
(16.8 1.2 3)
(17.2 1.2 3)
(17.6 1.2 3)
(18 1.2 3)
(18.4 1.2 3)
(18.8 1.2 3)
(19.2 1.2 3)
(19.6 1.2 3)
(20 1.2 3)
(20.4 1.2 3)
(20.8 1.2 3)
(21.2 1.2 3)
(21.6 1.2 3)
(22 1.2 3)
(22.4 1.2 3)
(22.8 1.2 3)
(23.2 1.2 3)
(23.6 1.2 3)
(24 1.2 3)
(24.4 1.2 3)
(24.8 1.2 3)
(25.2 1.2 3)
(25.6 1.2 3)
(26 1.2 3)
(26.4 1.2 3)
(26.8 1.2 3)
(27.2 1.2 3)
(27.6 1.2 3)
(28 1.2 3)
(0 1.6 3)
(0.4 1.6 3)
(0.8 1.6 3)
(1.2 1.6 3)
(1.6 1.6 3)
(2 1.6 3)
(2.4 1.6 3)
(2.8 1.6 3)
(3.2 1.6 3)
(3.6 1.6 3)
(4 1.6 3)
(4.4 1.6 3)
(4.8 1.6 3)
(5.2 1.6 3)
(5.6 1.6 3)
(6 1.6 3)
(6.4 1.6 3)
(6.8 1.6 3)
(7.2 1.6 3)
(7.6 1.6 3)
(8 1.6 3)
(8.4 1.6 3)
(8.8 1.6 3)
(9.2 1.6 3)
(9.6 1.6 3)
(10 1.6 3)
(10.4 1.6 3)
(10.8 1.6 3)
(11.2 1.6 3)
(11.6 1.6 3)
(12 1.6 3)
(12.4 1.6 3)
(12.8 1.6 3)
(13.2 1.6 3)
(13.6 1.6 3)
(14 1.6 3)
(14.4 1.6 3)
(14.8 1.6 3)
(15.2 1.6 3)
(15.6 1.6 3)
(16 1.6 3)
(16.4 1.6 3)
(16.8 1.6 3)
(17.2 1.6 3)
(17.6 1.6 3)
(18 1.6 3)
(18.4 1.6 3)
(18.8 1.6 3)
(19.2 1.6 3)
(19.6 1.6 3)
(20 1.6 3)
(20.4 1.6 3)
(20.8 1.6 3)
(21.2 1.6 3)
(21.6 1.6 3)
(22 1.6 3)
(22.4 1.6 3)
(22.8 1.6 3)
(23.2 1.6 3)
(23.6 1.6 3)
(24 1.6 3)
(24.4 1.6 3)
(24.8 1.6 3)
(25.2 1.6 3)
(25.6 1.6 3)
(26 1.6 3)
(26.4 1.6 3)
(26.8 1.6 3)
(27.2 1.6 3)
(27.6 1.6 3)
(28 1.6 3)
(0 2 3)
(0.4 2 3)
(0.8 2 3)
(1.2 2 3)
(1.6 2 3)
(2 2 3)
(2.4 2 3)
(2.8 2 3)
(3.2 2 3)
(3.6 2 3)
(4 2 3)
(4.4 2 3)
(4.8 2 3)
(5.2 2 3)
(5.6 2 3)
(6 2 3)
(6.4 2 3)
(6.8 2 3)
(7.2 2 3)
(7.6 2 3)
(8 2 3)
(8.4 2 3)
(8.8 2 3)
(9.2 2 3)
(9.6 2 3)
(10 2 3)
(10.4 2 3)
(10.8 2 3)
(11.2 2 3)
(11.6 2 3)
(12 2 3)
(12.4 2 3)
(12.8 2 3)
(13.2 2 3)
(13.6 2 3)
(14 2 3)
(14.4 2 3)
(14.8 2 3)
(15.2 2 3)
(15.6 2 3)
(16 2 3)
(16.4 2 3)
(16.8 2 3)
(17.2 2 3)
(17.6 2 3)
(18 2 3)
(18.4 2 3)
(18.8 2 3)
(19.2 2 3)
(19.6 2 3)
(20 2 3)
(20.4 2 3)
(20.8 2 3)
(21.2 2 3)
(21.6 2 3)
(22 2 3)
(22.4 2 3)
(22.8 2 3)
(23.2 2 3)
(23.6 2 3)
(24 2 3)
(24.4 2 3)
(24.8 2 3)
(25.2 2 3)
(25.6 2 3)
(26 2 3)
(26.4 2 3)
(26.8 2 3)
(27.2 2 3)
(27.6 2 3)
(28 2 3)
(0 2.4 3)
(0.4 2.4 3)
(0.8 2.4 3)
(1.2 2.4 3)
(1.6 2.4 3)
(2 2.4 3)
(2.4 2.4 3)
(2.8 2.4 3)
(3.2 2.4 3)
(3.6 2.4 3)
(4 2.4 3)
(4.4 2.4 3)
(4.8 2.4 3)
(5.2 2.4 3)
(5.6 2.4 3)
(6 2.4 3)
(6.4 2.4 3)
(6.8 2.4 3)
(7.2 2.4 3)
(7.6 2.4 3)
(8 2.4 3)
(8.4 2.4 3)
(8.8 2.4 3)
(9.2 2.4 3)
(9.6 2.4 3)
(10 2.4 3)
(10.4 2.4 3)
(10.8 2.4 3)
(11.2 2.4 3)
(11.6 2.4 3)
(12 2.4 3)
(12.4 2.4 3)
(12.8 2.4 3)
(13.2 2.4 3)
(13.6 2.4 3)
(14 2.4 3)
(14.4 2.4 3)
(14.8 2.4 3)
(15.2 2.4 3)
(15.6 2.4 3)
(16 2.4 3)
(16.4 2.4 3)
(16.8 2.4 3)
(17.2 2.4 3)
(17.6 2.4 3)
(18 2.4 3)
(18.4 2.4 3)
(18.8 2.4 3)
(19.2 2.4 3)
(19.6 2.4 3)
(20 2.4 3)
(20.4 2.4 3)
(20.8 2.4 3)
(21.2 2.4 3)
(21.6 2.4 3)
(22 2.4 3)
(22.4 2.4 3)
(22.8 2.4 3)
(23.2 2.4 3)
(23.6 2.4 3)
(24 2.4 3)
(24.4 2.4 3)
(24.8 2.4 3)
(25.2 2.4 3)
(25.6 2.4 3)
(26 2.4 3)
(26.4 2.4 3)
(26.8 2.4 3)
(27.2 2.4 3)
(27.6 2.4 3)
(28 2.4 3)
(0 2.8 3)
(0.4 2.8 3)
(0.8 2.8 3)
(1.2 2.8 3)
(1.6 2.8 3)
(2 2.8 3)
(2.4 2.8 3)
(2.8 2.8 3)
(3.2 2.8 3)
(3.6 2.8 3)
(4 2.8 3)
(4.4 2.8 3)
(4.8 2.8 3)
(5.2 2.8 3)
(5.6 2.8 3)
(6 2.8 3)
(6.4 2.8 3)
(6.8 2.8 3)
(7.2 2.8 3)
(7.6 2.8 3)
(8 2.8 3)
(8.4 2.8 3)
(8.8 2.8 3)
(9.2 2.8 3)
(9.6 2.8 3)
(10 2.8 3)
(10.4 2.8 3)
(10.8 2.8 3)
(11.2 2.8 3)
(11.6 2.8 3)
(12 2.8 3)
(12.4 2.8 3)
(12.8 2.8 3)
(13.2 2.8 3)
(13.6 2.8 3)
(14 2.8 3)
(14.4 2.8 3)
(14.8 2.8 3)
(15.2 2.8 3)
(15.6 2.8 3)
(16 2.8 3)
(16.4 2.8 3)
(16.8 2.8 3)
(17.2 2.8 3)
(17.6 2.8 3)
(18 2.8 3)
(18.4 2.8 3)
(18.8 2.8 3)
(19.2 2.8 3)
(19.6 2.8 3)
(20 2.8 3)
(20.4 2.8 3)
(20.8 2.8 3)
(21.2 2.8 3)
(21.6 2.8 3)
(22 2.8 3)
(22.4 2.8 3)
(22.8 2.8 3)
(23.2 2.8 3)
(23.6 2.8 3)
(24 2.8 3)
(24.4 2.8 3)
(24.8 2.8 3)
(25.2 2.8 3)
(25.6 2.8 3)
(26 2.8 3)
(26.4 2.8 3)
(26.8 2.8 3)
(27.2 2.8 3)
(27.6 2.8 3)
(28 2.8 3)
(0 3.2 3)
(0.4 3.2 3)
(0.8 3.2 3)
(1.2 3.2 3)
(1.6 3.2 3)
(2 3.2 3)
(2.4 3.2 3)
(2.8 3.2 3)
(3.2 3.2 3)
(3.6 3.2 3)
(4 3.2 3)
(4.4 3.2 3)
(4.8 3.2 3)
(5.2 3.2 3)
(5.6 3.2 3)
(6 3.2 3)
(6.4 3.2 3)
(6.8 3.2 3)
(7.2 3.2 3)
(7.6 3.2 3)
(8 3.2 3)
(8.4 3.2 3)
(8.8 3.2 3)
(9.2 3.2 3)
(9.6 3.2 3)
(10 3.2 3)
(10.4 3.2 3)
(10.8 3.2 3)
(11.2 3.2 3)
(11.6 3.2 3)
(12 3.2 3)
(12.4 3.2 3)
(12.8 3.2 3)
(13.2 3.2 3)
(13.6 3.2 3)
(14 3.2 3)
(14.4 3.2 3)
(14.8 3.2 3)
(15.2 3.2 3)
(15.6 3.2 3)
(16 3.2 3)
(16.4 3.2 3)
(16.8 3.2 3)
(17.2 3.2 3)
(17.6 3.2 3)
(18 3.2 3)
(18.4 3.2 3)
(18.8 3.2 3)
(19.2 3.2 3)
(19.6 3.2 3)
(20 3.2 3)
(20.4 3.2 3)
(20.8 3.2 3)
(21.2 3.2 3)
(21.6 3.2 3)
(22 3.2 3)
(22.4 3.2 3)
(22.8 3.2 3)
(23.2 3.2 3)
(23.6 3.2 3)
(24 3.2 3)
(24.4 3.2 3)
(24.8 3.2 3)
(25.2 3.2 3)
(25.6 3.2 3)
(26 3.2 3)
(26.4 3.2 3)
(26.8 3.2 3)
(27.2 3.2 3)
(27.6 3.2 3)
(28 3.2 3)
(0 3.6 3)
(0.4 3.6 3)
(0.8 3.6 3)
(1.2 3.6 3)
(1.6 3.6 3)
(2 3.6 3)
(2.4 3.6 3)
(2.8 3.6 3)
(3.2 3.6 3)
(3.6 3.6 3)
(4 3.6 3)
(4.4 3.6 3)
(4.8 3.6 3)
(5.2 3.6 3)
(5.6 3.6 3)
(6 3.6 3)
(6.4 3.6 3)
(6.8 3.6 3)
(7.2 3.6 3)
(7.6 3.6 3)
(8 3.6 3)
(8.4 3.6 3)
(8.8 3.6 3)
(9.2 3.6 3)
(9.6 3.6 3)
(10 3.6 3)
(10.4 3.6 3)
(10.8 3.6 3)
(11.2 3.6 3)
(11.6 3.6 3)
(12 3.6 3)
(12.4 3.6 3)
(12.8 3.6 3)
(13.2 3.6 3)
(13.6 3.6 3)
(14 3.6 3)
(14.4 3.6 3)
(14.8 3.6 3)
(15.2 3.6 3)
(15.6 3.6 3)
(16 3.6 3)
(16.4 3.6 3)
(16.8 3.6 3)
(17.2 3.6 3)
(17.6 3.6 3)
(18 3.6 3)
(18.4 3.6 3)
(18.8 3.6 3)
(19.2 3.6 3)
(19.6 3.6 3)
(20 3.6 3)
(20.4 3.6 3)
(20.8 3.6 3)
(21.2 3.6 3)
(21.6 3.6 3)
(22 3.6 3)
(22.4 3.6 3)
(22.8 3.6 3)
(23.2 3.6 3)
(23.6 3.6 3)
(24 3.6 3)
(24.4 3.6 3)
(24.8 3.6 3)
(25.2 3.6 3)
(25.6 3.6 3)
(26 3.6 3)
(26.4 3.6 3)
(26.8 3.6 3)
(27.2 3.6 3)
(27.6 3.6 3)
(28 3.6 3)
(0 4 3)
(0.4 4 3)
(0.8 4 3)
(1.2 4 3)
(1.6 4 3)
(2 4 3)
(2.4 4 3)
(2.8 4 3)
(3.2 4 3)
(3.6 4 3)
(4 4 3)
(4.4 4 3)
(4.8 4 3)
(5.2 4 3)
(5.6 4 3)
(6 4 3)
(6.4 4 3)
(6.8 4 3)
(7.2 4 3)
(7.6 4 3)
(8 4 3)
(8.4 4 3)
(8.8 4 3)
(9.2 4 3)
(9.6 4 3)
(10 4 3)
(10.4 4 3)
(10.8 4 3)
(11.2 4 3)
(11.6 4 3)
(12 4 3)
(12.4 4 3)
(12.8 4 3)
(13.2 4 3)
(13.6 4 3)
(14 4 3)
(14.4 4 3)
(14.8 4 3)
(15.2 4 3)
(15.6 4 3)
(16 4 3)
(16.4 4 3)
(16.8 4 3)
(17.2 4 3)
(17.6 4 3)
(18 4 3)
(18.4 4 3)
(18.8 4 3)
(19.2 4 3)
(19.6 4 3)
(20 4 3)
(20.4 4 3)
(20.8 4 3)
(21.2 4 3)
(21.6 4 3)
(22 4 3)
(22.4 4 3)
(22.8 4 3)
(23.2 4 3)
(23.6 4 3)
(24 4 3)
(24.4 4 3)
(24.8 4 3)
(25.2 4 3)
(25.6 4 3)
(26 4 3)
(26.4 4 3)
(26.8 4 3)
(27.2 4 3)
(27.6 4 3)
(28 4 3)
(28.4 0 0)
(28.8 0 0)
(29.2 0 0)
(29.6 0 0)
(30 0 0)
(30.4 0 0)
(30.8 0 0)
(31.2 0 0)
(31.6 0 0)
(32 0 0)
(32.4 0 0)
(32.8 0 0)
(33.2 0 0)
(33.6 0 0)
(34 0 0)
(34.4 0 0)
(34.8 0 0)
(35.2 0 0)
(35.6 0 0)
(36 0 0)
(36.4 0 0)
(36.8 0 0)
(37.2 0 0)
(37.6 0 0)
(38 0 0)
(28.4 0.4 0)
(28.8 0.4 0)
(29.2 0.4 0)
(29.6 0.4 0)
(30 0.4 0)
(30.4 0.4 0)
(30.8 0.4 0)
(31.2 0.4 0)
(31.6 0.4 0)
(32 0.4 0)
(32.4 0.4 0)
(32.8 0.4 0)
(33.2 0.4 0)
(33.6 0.4 0)
(34 0.4 0)
(34.4 0.4 0)
(34.8 0.4 0)
(35.2 0.4 0)
(35.6 0.4 0)
(36 0.4 0)
(36.4 0.4 0)
(36.8 0.4 0)
(37.2 0.4 0)
(37.6 0.4 0)
(38 0.4 0)
(28.4 0.8 0)
(28.8 0.8 0)
(29.2 0.8 0)
(29.6 0.8 0)
(30 0.8 0)
(30.4 0.8 0)
(30.8 0.8 0)
(31.2 0.8 0)
(31.6 0.8 0)
(32 0.8 0)
(32.4 0.8 0)
(32.8 0.8 0)
(33.2 0.8 0)
(33.6 0.8 0)
(34 0.8 0)
(34.4 0.8 0)
(34.8 0.8 0)
(35.2 0.8 0)
(35.6 0.8 0)
(36 0.8 0)
(36.4 0.8 0)
(36.8 0.8 0)
(37.2 0.8 0)
(37.6 0.8 0)
(38 0.8 0)
(28.4 1.2 0)
(28.8 1.2 0)
(29.2 1.2 0)
(29.6 1.2 0)
(30 1.2 0)
(30.4 1.2 0)
(30.8 1.2 0)
(31.2 1.2 0)
(31.6 1.2 0)
(32 1.2 0)
(32.4 1.2 0)
(32.8 1.2 0)
(33.2 1.2 0)
(33.6 1.2 0)
(34 1.2 0)
(34.4 1.2 0)
(34.8 1.2 0)
(35.2 1.2 0)
(35.6 1.2 0)
(36 1.2 0)
(36.4 1.2 0)
(36.8 1.2 0)
(37.2 1.2 0)
(37.6 1.2 0)
(38 1.2 0)
(28.4 1.6 0)
(28.8 1.6 0)
(29.2 1.6 0)
(29.6 1.6 0)
(30 1.6 0)
(30.4 1.6 0)
(30.8 1.6 0)
(31.2 1.6 0)
(31.6 1.6 0)
(32 1.6 0)
(32.4 1.6 0)
(32.8 1.6 0)
(33.2 1.6 0)
(33.6 1.6 0)
(34 1.6 0)
(34.4 1.6 0)
(34.8 1.6 0)
(35.2 1.6 0)
(35.6 1.6 0)
(36 1.6 0)
(36.4 1.6 0)
(36.8 1.6 0)
(37.2 1.6 0)
(37.6 1.6 0)
(38 1.6 0)
(28.4 2 0)
(28.8 2 0)
(29.2 2 0)
(29.6 2 0)
(30 2 0)
(30.4 2 0)
(30.8 2 0)
(31.2 2 0)
(31.6 2 0)
(32 2 0)
(32.4 2 0)
(32.8 2 0)
(33.2 2 0)
(33.6 2 0)
(34 2 0)
(34.4 2 0)
(34.8 2 0)
(35.2 2 0)
(35.6 2 0)
(36 2 0)
(36.4 2 0)
(36.8 2 0)
(37.2 2 0)
(37.6 2 0)
(38 2 0)
(28.4 2.4 0)
(28.8 2.4 0)
(29.2 2.4 0)
(29.6 2.4 0)
(30 2.4 0)
(30.4 2.4 0)
(30.8 2.4 0)
(31.2 2.4 0)
(31.6 2.4 0)
(32 2.4 0)
(32.4 2.4 0)
(32.8 2.4 0)
(33.2 2.4 0)
(33.6 2.4 0)
(34 2.4 0)
(34.4 2.4 0)
(34.8 2.4 0)
(35.2 2.4 0)
(35.6 2.4 0)
(36 2.4 0)
(36.4 2.4 0)
(36.8 2.4 0)
(37.2 2.4 0)
(37.6 2.4 0)
(38 2.4 0)
(28.4 2.8 0)
(28.8 2.8 0)
(29.2 2.8 0)
(29.6 2.8 0)
(30 2.8 0)
(30.4 2.8 0)
(30.8 2.8 0)
(31.2 2.8 0)
(31.6 2.8 0)
(32 2.8 0)
(32.4 2.8 0)
(32.8 2.8 0)
(33.2 2.8 0)
(33.6 2.8 0)
(34 2.8 0)
(34.4 2.8 0)
(34.8 2.8 0)
(35.2 2.8 0)
(35.6 2.8 0)
(36 2.8 0)
(36.4 2.8 0)
(36.8 2.8 0)
(37.2 2.8 0)
(37.6 2.8 0)
(38 2.8 0)
(28.4 3.2 0)
(28.8 3.2 0)
(29.2 3.2 0)
(29.6 3.2 0)
(30 3.2 0)
(30.4 3.2 0)
(30.8 3.2 0)
(31.2 3.2 0)
(31.6 3.2 0)
(32 3.2 0)
(32.4 3.2 0)
(32.8 3.2 0)
(33.2 3.2 0)
(33.6 3.2 0)
(34 3.2 0)
(34.4 3.2 0)
(34.8 3.2 0)
(35.2 3.2 0)
(35.6 3.2 0)
(36 3.2 0)
(36.4 3.2 0)
(36.8 3.2 0)
(37.2 3.2 0)
(37.6 3.2 0)
(38 3.2 0)
(28.4 3.6 0)
(28.8 3.6 0)
(29.2 3.6 0)
(29.6 3.6 0)
(30 3.6 0)
(30.4 3.6 0)
(30.8 3.6 0)
(31.2 3.6 0)
(31.6 3.6 0)
(32 3.6 0)
(32.4 3.6 0)
(32.8 3.6 0)
(33.2 3.6 0)
(33.6 3.6 0)
(34 3.6 0)
(34.4 3.6 0)
(34.8 3.6 0)
(35.2 3.6 0)
(35.6 3.6 0)
(36 3.6 0)
(36.4 3.6 0)
(36.8 3.6 0)
(37.2 3.6 0)
(37.6 3.6 0)
(38 3.6 0)
(28.4 4 0)
(28.8 4 0)
(29.2 4 0)
(29.6 4 0)
(30 4 0)
(30.4 4 0)
(30.8 4 0)
(31.2 4 0)
(31.6 4 0)
(32 4 0)
(32.4 4 0)
(32.8 4 0)
(33.2 4 0)
(33.6 4 0)
(34 4 0)
(34.4 4 0)
(34.8 4 0)
(35.2 4 0)
(35.6 4 0)
(36 4 0)
(36.4 4 0)
(36.8 4 0)
(37.2 4 0)
(37.6 4 0)
(38 4 0)
(28.4 0 0.375)
(28.8 0 0.375)
(29.2 0 0.375)
(29.6 0 0.375)
(30 0 0.375)
(30.4 0 0.375)
(30.8 0 0.375)
(31.2 0 0.375)
(31.6 0 0.375)
(32 0 0.375)
(32.4 0 0.375)
(32.8 0 0.375)
(33.2 0 0.375)
(33.6 0 0.375)
(34 0 0.375)
(34.4 0 0.375)
(34.8 0 0.375)
(35.2 0 0.375)
(35.6 0 0.375)
(36 0 0.375)
(36.4 0 0.375)
(36.8 0 0.375)
(37.2 0 0.375)
(37.6 0 0.375)
(38 0 0.375)
(28.4 0.4 0.375)
(28.8 0.4 0.375)
(29.2 0.4 0.375)
(29.6 0.4 0.375)
(30 0.4 0.375)
(30.4 0.4 0.375)
(30.8 0.4 0.375)
(31.2 0.4 0.375)
(31.6 0.4 0.375)
(32 0.4 0.375)
(32.4 0.4 0.375)
(32.8 0.4 0.375)
(33.2 0.4 0.375)
(33.6 0.4 0.375)
(34 0.4 0.375)
(34.4 0.4 0.375)
(34.8 0.4 0.375)
(35.2 0.4 0.375)
(35.6 0.4 0.375)
(36 0.4 0.375)
(36.4 0.4 0.375)
(36.8 0.4 0.375)
(37.2 0.4 0.375)
(37.6 0.4 0.375)
(38 0.4 0.375)
(28.4 0.8 0.375)
(28.8 0.8 0.375)
(29.2 0.8 0.375)
(29.6 0.8 0.375)
(30 0.8 0.375)
(30.4 0.8 0.375)
(30.8 0.8 0.375)
(31.2 0.8 0.375)
(31.6 0.8 0.375)
(32 0.8 0.375)
(32.4 0.8 0.375)
(32.8 0.8 0.375)
(33.2 0.8 0.375)
(33.6 0.8 0.375)
(34 0.8 0.375)
(34.4 0.8 0.375)
(34.8 0.8 0.375)
(35.2 0.8 0.375)
(35.6 0.8 0.375)
(36 0.8 0.375)
(36.4 0.8 0.375)
(36.8 0.8 0.375)
(37.2 0.8 0.375)
(37.6 0.8 0.375)
(38 0.8 0.375)
(28.4 1.2 0.375)
(28.8 1.2 0.375)
(29.2 1.2 0.375)
(29.6 1.2 0.375)
(30 1.2 0.375)
(30.4 1.2 0.375)
(30.8 1.2 0.375)
(31.2 1.2 0.375)
(31.6 1.2 0.375)
(32 1.2 0.375)
(32.4 1.2 0.375)
(32.8 1.2 0.375)
(33.2 1.2 0.375)
(33.6 1.2 0.375)
(34 1.2 0.375)
(34.4 1.2 0.375)
(34.8 1.2 0.375)
(35.2 1.2 0.375)
(35.6 1.2 0.375)
(36 1.2 0.375)
(36.4 1.2 0.375)
(36.8 1.2 0.375)
(37.2 1.2 0.375)
(37.6 1.2 0.375)
(38 1.2 0.375)
(28.4 1.6 0.375)
(28.8 1.6 0.375)
(29.2 1.6 0.375)
(29.6 1.6 0.375)
(30 1.6 0.375)
(30.4 1.6 0.375)
(30.8 1.6 0.375)
(31.2 1.6 0.375)
(31.6 1.6 0.375)
(32 1.6 0.375)
(32.4 1.6 0.375)
(32.8 1.6 0.375)
(33.2 1.6 0.375)
(33.6 1.6 0.375)
(34 1.6 0.375)
(34.4 1.6 0.375)
(34.8 1.6 0.375)
(35.2 1.6 0.375)
(35.6 1.6 0.375)
(36 1.6 0.375)
(36.4 1.6 0.375)
(36.8 1.6 0.375)
(37.2 1.6 0.375)
(37.6 1.6 0.375)
(38 1.6 0.375)
(28.4 2 0.375)
(28.8 2 0.375)
(29.2 2 0.375)
(29.6 2 0.375)
(30 2 0.375)
(30.4 2 0.375)
(30.8 2 0.375)
(31.2 2 0.375)
(31.6 2 0.375)
(32 2 0.375)
(32.4 2 0.375)
(32.8 2 0.375)
(33.2 2 0.375)
(33.6 2 0.375)
(34 2 0.375)
(34.4 2 0.375)
(34.8 2 0.375)
(35.2 2 0.375)
(35.6 2 0.375)
(36 2 0.375)
(36.4 2 0.375)
(36.8 2 0.375)
(37.2 2 0.375)
(37.6 2 0.375)
(38 2 0.375)
(28.4 2.4 0.375)
(28.8 2.4 0.375)
(29.2 2.4 0.375)
(29.6 2.4 0.375)
(30 2.4 0.375)
(30.4 2.4 0.375)
(30.8 2.4 0.375)
(31.2 2.4 0.375)
(31.6 2.4 0.375)
(32 2.4 0.375)
(32.4 2.4 0.375)
(32.8 2.4 0.375)
(33.2 2.4 0.375)
(33.6 2.4 0.375)
(34 2.4 0.375)
(34.4 2.4 0.375)
(34.8 2.4 0.375)
(35.2 2.4 0.375)
(35.6 2.4 0.375)
(36 2.4 0.375)
(36.4 2.4 0.375)
(36.8 2.4 0.375)
(37.2 2.4 0.375)
(37.6 2.4 0.375)
(38 2.4 0.375)
(28.4 2.8 0.375)
(28.8 2.8 0.375)
(29.2 2.8 0.375)
(29.6 2.8 0.375)
(30 2.8 0.375)
(30.4 2.8 0.375)
(30.8 2.8 0.375)
(31.2 2.8 0.375)
(31.6 2.8 0.375)
(32 2.8 0.375)
(32.4 2.8 0.375)
(32.8 2.8 0.375)
(33.2 2.8 0.375)
(33.6 2.8 0.375)
(34 2.8 0.375)
(34.4 2.8 0.375)
(34.8 2.8 0.375)
(35.2 2.8 0.375)
(35.6 2.8 0.375)
(36 2.8 0.375)
(36.4 2.8 0.375)
(36.8 2.8 0.375)
(37.2 2.8 0.375)
(37.6 2.8 0.375)
(38 2.8 0.375)
(28.4 3.2 0.375)
(28.8 3.2 0.375)
(29.2 3.2 0.375)
(29.6 3.2 0.375)
(30 3.2 0.375)
(30.4 3.2 0.375)
(30.8 3.2 0.375)
(31.2 3.2 0.375)
(31.6 3.2 0.375)
(32 3.2 0.375)
(32.4 3.2 0.375)
(32.8 3.2 0.375)
(33.2 3.2 0.375)
(33.6 3.2 0.375)
(34 3.2 0.375)
(34.4 3.2 0.375)
(34.8 3.2 0.375)
(35.2 3.2 0.375)
(35.6 3.2 0.375)
(36 3.2 0.375)
(36.4 3.2 0.375)
(36.8 3.2 0.375)
(37.2 3.2 0.375)
(37.6 3.2 0.375)
(38 3.2 0.375)
(28.4 3.6 0.375)
(28.8 3.6 0.375)
(29.2 3.6 0.375)
(29.6 3.6 0.375)
(30 3.6 0.375)
(30.4 3.6 0.375)
(30.8 3.6 0.375)
(31.2 3.6 0.375)
(31.6 3.6 0.375)
(32 3.6 0.375)
(32.4 3.6 0.375)
(32.8 3.6 0.375)
(33.2 3.6 0.375)
(33.6 3.6 0.375)
(34 3.6 0.375)
(34.4 3.6 0.375)
(34.8 3.6 0.375)
(35.2 3.6 0.375)
(35.6 3.6 0.375)
(36 3.6 0.375)
(36.4 3.6 0.375)
(36.8 3.6 0.375)
(37.2 3.6 0.375)
(37.6 3.6 0.375)
(38 3.6 0.375)
(28.4 4 0.375)
(28.8 4 0.375)
(29.2 4 0.375)
(29.6 4 0.375)
(30 4 0.375)
(30.4 4 0.375)
(30.8 4 0.375)
(31.2 4 0.375)
(31.6 4 0.375)
(32 4 0.375)
(32.4 4 0.375)
(32.8 4 0.375)
(33.2 4 0.375)
(33.6 4 0.375)
(34 4 0.375)
(34.4 4 0.375)
(34.8 4 0.375)
(35.2 4 0.375)
(35.6 4 0.375)
(36 4 0.375)
(36.4 4 0.375)
(36.8 4 0.375)
(37.2 4 0.375)
(37.6 4 0.375)
(38 4 0.375)
(28.4 0 0.75)
(28.8 0 0.75)
(29.2 0 0.75)
(29.6 0 0.75)
(30 0 0.75)
(30.4 0 0.75)
(30.8 0 0.75)
(31.2 0 0.75)
(31.6 0 0.75)
(32 0 0.75)
(32.4 0 0.75)
(32.8 0 0.75)
(33.2 0 0.75)
(33.6 0 0.75)
(34 0 0.75)
(34.4 0 0.75)
(34.8 0 0.75)
(35.2 0 0.75)
(35.6 0 0.75)
(36 0 0.75)
(36.4 0 0.75)
(36.8 0 0.75)
(37.2 0 0.75)
(37.6 0 0.75)
(38 0 0.75)
(28.4 0.4 0.75)
(28.8 0.4 0.75)
(29.2 0.4 0.75)
(29.6 0.4 0.75)
(30 0.4 0.75)
(30.4 0.4 0.75)
(30.8 0.4 0.75)
(31.2 0.4 0.75)
(31.6 0.4 0.75)
(32 0.4 0.75)
(32.4 0.4 0.75)
(32.8 0.4 0.75)
(33.2 0.4 0.75)
(33.6 0.4 0.75)
(34 0.4 0.75)
(34.4 0.4 0.75)
(34.8 0.4 0.75)
(35.2 0.4 0.75)
(35.6 0.4 0.75)
(36 0.4 0.75)
(36.4 0.4 0.75)
(36.8 0.4 0.75)
(37.2 0.4 0.75)
(37.6 0.4 0.75)
(38 0.4 0.75)
(28.4 0.8 0.75)
(28.8 0.8 0.75)
(29.2 0.8 0.75)
(29.6 0.8 0.75)
(30 0.8 0.75)
(30.4 0.8 0.75)
(30.8 0.8 0.75)
(31.2 0.8 0.75)
(31.6 0.8 0.75)
(32 0.8 0.75)
(32.4 0.8 0.75)
(32.8 0.8 0.75)
(33.2 0.8 0.75)
(33.6 0.8 0.75)
(34 0.8 0.75)
(34.4 0.8 0.75)
(34.8 0.8 0.75)
(35.2 0.8 0.75)
(35.6 0.8 0.75)
(36 0.8 0.75)
(36.4 0.8 0.75)
(36.8 0.8 0.75)
(37.2 0.8 0.75)
(37.6 0.8 0.75)
(38 0.8 0.75)
(28.4 1.2 0.75)
(28.8 1.2 0.75)
(29.2 1.2 0.75)
(29.6 1.2 0.75)
(30 1.2 0.75)
(30.4 1.2 0.75)
(30.8 1.2 0.75)
(31.2 1.2 0.75)
(31.6 1.2 0.75)
(32 1.2 0.75)
(32.4 1.2 0.75)
(32.8 1.2 0.75)
(33.2 1.2 0.75)
(33.6 1.2 0.75)
(34 1.2 0.75)
(34.4 1.2 0.75)
(34.8 1.2 0.75)
(35.2 1.2 0.75)
(35.6 1.2 0.75)
(36 1.2 0.75)
(36.4 1.2 0.75)
(36.8 1.2 0.75)
(37.2 1.2 0.75)
(37.6 1.2 0.75)
(38 1.2 0.75)
(28.4 1.6 0.75)
(28.8 1.6 0.75)
(29.2 1.6 0.75)
(29.6 1.6 0.75)
(30 1.6 0.75)
(30.4 1.6 0.75)
(30.8 1.6 0.75)
(31.2 1.6 0.75)
(31.6 1.6 0.75)
(32 1.6 0.75)
(32.4 1.6 0.75)
(32.8 1.6 0.75)
(33.2 1.6 0.75)
(33.6 1.6 0.75)
(34 1.6 0.75)
(34.4 1.6 0.75)
(34.8 1.6 0.75)
(35.2 1.6 0.75)
(35.6 1.6 0.75)
(36 1.6 0.75)
(36.4 1.6 0.75)
(36.8 1.6 0.75)
(37.2 1.6 0.75)
(37.6 1.6 0.75)
(38 1.6 0.75)
(28.4 2 0.75)
(28.8 2 0.75)
(29.2 2 0.75)
(29.6 2 0.75)
(30 2 0.75)
(30.4 2 0.75)
(30.8 2 0.75)
(31.2 2 0.75)
(31.6 2 0.75)
(32 2 0.75)
(32.4 2 0.75)
(32.8 2 0.75)
(33.2 2 0.75)
(33.6 2 0.75)
(34 2 0.75)
(34.4 2 0.75)
(34.8 2 0.75)
(35.2 2 0.75)
(35.6 2 0.75)
(36 2 0.75)
(36.4 2 0.75)
(36.8 2 0.75)
(37.2 2 0.75)
(37.6 2 0.75)
(38 2 0.75)
(28.4 2.4 0.75)
(28.8 2.4 0.75)
(29.2 2.4 0.75)
(29.6 2.4 0.75)
(30 2.4 0.75)
(30.4 2.4 0.75)
(30.8 2.4 0.75)
(31.2 2.4 0.75)
(31.6 2.4 0.75)
(32 2.4 0.75)
(32.4 2.4 0.75)
(32.8 2.4 0.75)
(33.2 2.4 0.75)
(33.6 2.4 0.75)
(34 2.4 0.75)
(34.4 2.4 0.75)
(34.8 2.4 0.75)
(35.2 2.4 0.75)
(35.6 2.4 0.75)
(36 2.4 0.75)
(36.4 2.4 0.75)
(36.8 2.4 0.75)
(37.2 2.4 0.75)
(37.6 2.4 0.75)
(38 2.4 0.75)
(28.4 2.8 0.75)
(28.8 2.8 0.75)
(29.2 2.8 0.75)
(29.6 2.8 0.75)
(30 2.8 0.75)
(30.4 2.8 0.75)
(30.8 2.8 0.75)
(31.2 2.8 0.75)
(31.6 2.8 0.75)
(32 2.8 0.75)
(32.4 2.8 0.75)
(32.8 2.8 0.75)
(33.2 2.8 0.75)
(33.6 2.8 0.75)
(34 2.8 0.75)
(34.4 2.8 0.75)
(34.8 2.8 0.75)
(35.2 2.8 0.75)
(35.6 2.8 0.75)
(36 2.8 0.75)
(36.4 2.8 0.75)
(36.8 2.8 0.75)
(37.2 2.8 0.75)
(37.6 2.8 0.75)
(38 2.8 0.75)
(28.4 3.2 0.75)
(28.8 3.2 0.75)
(29.2 3.2 0.75)
(29.6 3.2 0.75)
(30 3.2 0.75)
(30.4 3.2 0.75)
(30.8 3.2 0.75)
(31.2 3.2 0.75)
(31.6 3.2 0.75)
(32 3.2 0.75)
(32.4 3.2 0.75)
(32.8 3.2 0.75)
(33.2 3.2 0.75)
(33.6 3.2 0.75)
(34 3.2 0.75)
(34.4 3.2 0.75)
(34.8 3.2 0.75)
(35.2 3.2 0.75)
(35.6 3.2 0.75)
(36 3.2 0.75)
(36.4 3.2 0.75)
(36.8 3.2 0.75)
(37.2 3.2 0.75)
(37.6 3.2 0.75)
(38 3.2 0.75)
(28.4 3.6 0.75)
(28.8 3.6 0.75)
(29.2 3.6 0.75)
(29.6 3.6 0.75)
(30 3.6 0.75)
(30.4 3.6 0.75)
(30.8 3.6 0.75)
(31.2 3.6 0.75)
(31.6 3.6 0.75)
(32 3.6 0.75)
(32.4 3.6 0.75)
(32.8 3.6 0.75)
(33.2 3.6 0.75)
(33.6 3.6 0.75)
(34 3.6 0.75)
(34.4 3.6 0.75)
(34.8 3.6 0.75)
(35.2 3.6 0.75)
(35.6 3.6 0.75)
(36 3.6 0.75)
(36.4 3.6 0.75)
(36.8 3.6 0.75)
(37.2 3.6 0.75)
(37.6 3.6 0.75)
(38 3.6 0.75)
(28.4 4 0.75)
(28.8 4 0.75)
(29.2 4 0.75)
(29.6 4 0.75)
(30 4 0.75)
(30.4 4 0.75)
(30.8 4 0.75)
(31.2 4 0.75)
(31.6 4 0.75)
(32 4 0.75)
(32.4 4 0.75)
(32.8 4 0.75)
(33.2 4 0.75)
(33.6 4 0.75)
(34 4 0.75)
(34.4 4 0.75)
(34.8 4 0.75)
(35.2 4 0.75)
(35.6 4 0.75)
(36 4 0.75)
(36.4 4 0.75)
(36.8 4 0.75)
(37.2 4 0.75)
(37.6 4 0.75)
(38 4 0.75)
(28.4 0 1.125)
(28.8 0 1.125)
(29.2 0 1.125)
(29.6 0 1.125)
(30 0 1.125)
(30.4 0 1.125)
(30.8 0 1.125)
(31.2 0 1.125)
(31.6 0 1.125)
(32 0 1.125)
(32.4 0 1.125)
(32.8 0 1.125)
(33.2 0 1.125)
(33.6 0 1.125)
(34 0 1.125)
(34.4 0 1.125)
(34.8 0 1.125)
(35.2 0 1.125)
(35.6 0 1.125)
(36 0 1.125)
(36.4 0 1.125)
(36.8 0 1.125)
(37.2 0 1.125)
(37.6 0 1.125)
(38 0 1.125)
(28.4 0.4 1.125)
(28.8 0.4 1.125)
(29.2 0.4 1.125)
(29.6 0.4 1.125)
(30 0.4 1.125)
(30.4 0.4 1.125)
(30.8 0.4 1.125)
(31.2 0.4 1.125)
(31.6 0.4 1.125)
(32 0.4 1.125)
(32.4 0.4 1.125)
(32.8 0.4 1.125)
(33.2 0.4 1.125)
(33.6 0.4 1.125)
(34 0.4 1.125)
(34.4 0.4 1.125)
(34.8 0.4 1.125)
(35.2 0.4 1.125)
(35.6 0.4 1.125)
(36 0.4 1.125)
(36.4 0.4 1.125)
(36.8 0.4 1.125)
(37.2 0.4 1.125)
(37.6 0.4 1.125)
(38 0.4 1.125)
(28.4 0.8 1.125)
(28.8 0.8 1.125)
(29.2 0.8 1.125)
(29.6 0.8 1.125)
(30 0.8 1.125)
(30.4 0.8 1.125)
(30.8 0.8 1.125)
(31.2 0.8 1.125)
(31.6 0.8 1.125)
(32 0.8 1.125)
(32.4 0.8 1.125)
(32.8 0.8 1.125)
(33.2 0.8 1.125)
(33.6 0.8 1.125)
(34 0.8 1.125)
(34.4 0.8 1.125)
(34.8 0.8 1.125)
(35.2 0.8 1.125)
(35.6 0.8 1.125)
(36 0.8 1.125)
(36.4 0.8 1.125)
(36.8 0.8 1.125)
(37.2 0.8 1.125)
(37.6 0.8 1.125)
(38 0.8 1.125)
(28.4 1.2 1.125)
(28.8 1.2 1.125)
(29.2 1.2 1.125)
(29.6 1.2 1.125)
(30 1.2 1.125)
(30.4 1.2 1.125)
(30.8 1.2 1.125)
(31.2 1.2 1.125)
(31.6 1.2 1.125)
(32 1.2 1.125)
(32.4 1.2 1.125)
(32.8 1.2 1.125)
(33.2 1.2 1.125)
(33.6 1.2 1.125)
(34 1.2 1.125)
(34.4 1.2 1.125)
(34.8 1.2 1.125)
(35.2 1.2 1.125)
(35.6 1.2 1.125)
(36 1.2 1.125)
(36.4 1.2 1.125)
(36.8 1.2 1.125)
(37.2 1.2 1.125)
(37.6 1.2 1.125)
(38 1.2 1.125)
(28.4 1.6 1.125)
(28.8 1.6 1.125)
(29.2 1.6 1.125)
(29.6 1.6 1.125)
(30 1.6 1.125)
(30.4 1.6 1.125)
(30.8 1.6 1.125)
(31.2 1.6 1.125)
(31.6 1.6 1.125)
(32 1.6 1.125)
(32.4 1.6 1.125)
(32.8 1.6 1.125)
(33.2 1.6 1.125)
(33.6 1.6 1.125)
(34 1.6 1.125)
(34.4 1.6 1.125)
(34.8 1.6 1.125)
(35.2 1.6 1.125)
(35.6 1.6 1.125)
(36 1.6 1.125)
(36.4 1.6 1.125)
(36.8 1.6 1.125)
(37.2 1.6 1.125)
(37.6 1.6 1.125)
(38 1.6 1.125)
(28.4 2 1.125)
(28.8 2 1.125)
(29.2 2 1.125)
(29.6 2 1.125)
(30 2 1.125)
(30.4 2 1.125)
(30.8 2 1.125)
(31.2 2 1.125)
(31.6 2 1.125)
(32 2 1.125)
(32.4 2 1.125)
(32.8 2 1.125)
(33.2 2 1.125)
(33.6 2 1.125)
(34 2 1.125)
(34.4 2 1.125)
(34.8 2 1.125)
(35.2 2 1.125)
(35.6 2 1.125)
(36 2 1.125)
(36.4 2 1.125)
(36.8 2 1.125)
(37.2 2 1.125)
(37.6 2 1.125)
(38 2 1.125)
(28.4 2.4 1.125)
(28.8 2.4 1.125)
(29.2 2.4 1.125)
(29.6 2.4 1.125)
(30 2.4 1.125)
(30.4 2.4 1.125)
(30.8 2.4 1.125)
(31.2 2.4 1.125)
(31.6 2.4 1.125)
(32 2.4 1.125)
(32.4 2.4 1.125)
(32.8 2.4 1.125)
(33.2 2.4 1.125)
(33.6 2.4 1.125)
(34 2.4 1.125)
(34.4 2.4 1.125)
(34.8 2.4 1.125)
(35.2 2.4 1.125)
(35.6 2.4 1.125)
(36 2.4 1.125)
(36.4 2.4 1.125)
(36.8 2.4 1.125)
(37.2 2.4 1.125)
(37.6 2.4 1.125)
(38 2.4 1.125)
(28.4 2.8 1.125)
(28.8 2.8 1.125)
(29.2 2.8 1.125)
(29.6 2.8 1.125)
(30 2.8 1.125)
(30.4 2.8 1.125)
(30.8 2.8 1.125)
(31.2 2.8 1.125)
(31.6 2.8 1.125)
(32 2.8 1.125)
(32.4 2.8 1.125)
(32.8 2.8 1.125)
(33.2 2.8 1.125)
(33.6 2.8 1.125)
(34 2.8 1.125)
(34.4 2.8 1.125)
(34.8 2.8 1.125)
(35.2 2.8 1.125)
(35.6 2.8 1.125)
(36 2.8 1.125)
(36.4 2.8 1.125)
(36.8 2.8 1.125)
(37.2 2.8 1.125)
(37.6 2.8 1.125)
(38 2.8 1.125)
(28.4 3.2 1.125)
(28.8 3.2 1.125)
(29.2 3.2 1.125)
(29.6 3.2 1.125)
(30 3.2 1.125)
(30.4 3.2 1.125)
(30.8 3.2 1.125)
(31.2 3.2 1.125)
(31.6 3.2 1.125)
(32 3.2 1.125)
(32.4 3.2 1.125)
(32.8 3.2 1.125)
(33.2 3.2 1.125)
(33.6 3.2 1.125)
(34 3.2 1.125)
(34.4 3.2 1.125)
(34.8 3.2 1.125)
(35.2 3.2 1.125)
(35.6 3.2 1.125)
(36 3.2 1.125)
(36.4 3.2 1.125)
(36.8 3.2 1.125)
(37.2 3.2 1.125)
(37.6 3.2 1.125)
(38 3.2 1.125)
(28.4 3.6 1.125)
(28.8 3.6 1.125)
(29.2 3.6 1.125)
(29.6 3.6 1.125)
(30 3.6 1.125)
(30.4 3.6 1.125)
(30.8 3.6 1.125)
(31.2 3.6 1.125)
(31.6 3.6 1.125)
(32 3.6 1.125)
(32.4 3.6 1.125)
(32.8 3.6 1.125)
(33.2 3.6 1.125)
(33.6 3.6 1.125)
(34 3.6 1.125)
(34.4 3.6 1.125)
(34.8 3.6 1.125)
(35.2 3.6 1.125)
(35.6 3.6 1.125)
(36 3.6 1.125)
(36.4 3.6 1.125)
(36.8 3.6 1.125)
(37.2 3.6 1.125)
(37.6 3.6 1.125)
(38 3.6 1.125)
(28.4 4 1.125)
(28.8 4 1.125)
(29.2 4 1.125)
(29.6 4 1.125)
(30 4 1.125)
(30.4 4 1.125)
(30.8 4 1.125)
(31.2 4 1.125)
(31.6 4 1.125)
(32 4 1.125)
(32.4 4 1.125)
(32.8 4 1.125)
(33.2 4 1.125)
(33.6 4 1.125)
(34 4 1.125)
(34.4 4 1.125)
(34.8 4 1.125)
(35.2 4 1.125)
(35.6 4 1.125)
(36 4 1.125)
(36.4 4 1.125)
(36.8 4 1.125)
(37.2 4 1.125)
(37.6 4 1.125)
(38 4 1.125)
(28.4 0 1.5)
(28.8 0 1.5)
(29.2 0 1.5)
(29.6 0 1.5)
(30 0 1.5)
(30.4 0 1.5)
(30.8 0 1.5)
(31.2 0 1.5)
(31.6 0 1.5)
(32 0 1.5)
(32.4 0 1.5)
(32.8 0 1.5)
(33.2 0 1.5)
(33.6 0 1.5)
(34 0 1.5)
(34.4 0 1.5)
(34.8 0 1.5)
(35.2 0 1.5)
(35.6 0 1.5)
(36 0 1.5)
(36.4 0 1.5)
(36.8 0 1.5)
(37.2 0 1.5)
(37.6 0 1.5)
(38 0 1.5)
(28.4 0.4 1.5)
(28.8 0.4 1.5)
(29.2 0.4 1.5)
(29.6 0.4 1.5)
(30 0.4 1.5)
(30.4 0.4 1.5)
(30.8 0.4 1.5)
(31.2 0.4 1.5)
(31.6 0.4 1.5)
(32 0.4 1.5)
(32.4 0.4 1.5)
(32.8 0.4 1.5)
(33.2 0.4 1.5)
(33.6 0.4 1.5)
(34 0.4 1.5)
(34.4 0.4 1.5)
(34.8 0.4 1.5)
(35.2 0.4 1.5)
(35.6 0.4 1.5)
(36 0.4 1.5)
(36.4 0.4 1.5)
(36.8 0.4 1.5)
(37.2 0.4 1.5)
(37.6 0.4 1.5)
(38 0.4 1.5)
(28.4 0.8 1.5)
(28.8 0.8 1.5)
(29.2 0.8 1.5)
(29.6 0.8 1.5)
(30 0.8 1.5)
(30.4 0.8 1.5)
(30.8 0.8 1.5)
(31.2 0.8 1.5)
(31.6 0.8 1.5)
(32 0.8 1.5)
(32.4 0.8 1.5)
(32.8 0.8 1.5)
(33.2 0.8 1.5)
(33.6 0.8 1.5)
(34 0.8 1.5)
(34.4 0.8 1.5)
(34.8 0.8 1.5)
(35.2 0.8 1.5)
(35.6 0.8 1.5)
(36 0.8 1.5)
(36.4 0.8 1.5)
(36.8 0.8 1.5)
(37.2 0.8 1.5)
(37.6 0.8 1.5)
(38 0.8 1.5)
(28.4 1.2 1.5)
(28.8 1.2 1.5)
(29.2 1.2 1.5)
(29.6 1.2 1.5)
(30 1.2 1.5)
(30.4 1.2 1.5)
(30.8 1.2 1.5)
(31.2 1.2 1.5)
(31.6 1.2 1.5)
(32 1.2 1.5)
(32.4 1.2 1.5)
(32.8 1.2 1.5)
(33.2 1.2 1.5)
(33.6 1.2 1.5)
(34 1.2 1.5)
(34.4 1.2 1.5)
(34.8 1.2 1.5)
(35.2 1.2 1.5)
(35.6 1.2 1.5)
(36 1.2 1.5)
(36.4 1.2 1.5)
(36.8 1.2 1.5)
(37.2 1.2 1.5)
(37.6 1.2 1.5)
(38 1.2 1.5)
(28.4 1.6 1.5)
(28.8 1.6 1.5)
(29.2 1.6 1.5)
(29.6 1.6 1.5)
(30 1.6 1.5)
(30.4 1.6 1.5)
(30.8 1.6 1.5)
(31.2 1.6 1.5)
(31.6 1.6 1.5)
(32 1.6 1.5)
(32.4 1.6 1.5)
(32.8 1.6 1.5)
(33.2 1.6 1.5)
(33.6 1.6 1.5)
(34 1.6 1.5)
(34.4 1.6 1.5)
(34.8 1.6 1.5)
(35.2 1.6 1.5)
(35.6 1.6 1.5)
(36 1.6 1.5)
(36.4 1.6 1.5)
(36.8 1.6 1.5)
(37.2 1.6 1.5)
(37.6 1.6 1.5)
(38 1.6 1.5)
(28.4 2 1.5)
(28.8 2 1.5)
(29.2 2 1.5)
(29.6 2 1.5)
(30 2 1.5)
(30.4 2 1.5)
(30.8 2 1.5)
(31.2 2 1.5)
(31.6 2 1.5)
(32 2 1.5)
(32.4 2 1.5)
(32.8 2 1.5)
(33.2 2 1.5)
(33.6 2 1.5)
(34 2 1.5)
(34.4 2 1.5)
(34.8 2 1.5)
(35.2 2 1.5)
(35.6 2 1.5)
(36 2 1.5)
(36.4 2 1.5)
(36.8 2 1.5)
(37.2 2 1.5)
(37.6 2 1.5)
(38 2 1.5)
(28.4 2.4 1.5)
(28.8 2.4 1.5)
(29.2 2.4 1.5)
(29.6 2.4 1.5)
(30 2.4 1.5)
(30.4 2.4 1.5)
(30.8 2.4 1.5)
(31.2 2.4 1.5)
(31.6 2.4 1.5)
(32 2.4 1.5)
(32.4 2.4 1.5)
(32.8 2.4 1.5)
(33.2 2.4 1.5)
(33.6 2.4 1.5)
(34 2.4 1.5)
(34.4 2.4 1.5)
(34.8 2.4 1.5)
(35.2 2.4 1.5)
(35.6 2.4 1.5)
(36 2.4 1.5)
(36.4 2.4 1.5)
(36.8 2.4 1.5)
(37.2 2.4 1.5)
(37.6 2.4 1.5)
(38 2.4 1.5)
(28.4 2.8 1.5)
(28.8 2.8 1.5)
(29.2 2.8 1.5)
(29.6 2.8 1.5)
(30 2.8 1.5)
(30.4 2.8 1.5)
(30.8 2.8 1.5)
(31.2 2.8 1.5)
(31.6 2.8 1.5)
(32 2.8 1.5)
(32.4 2.8 1.5)
(32.8 2.8 1.5)
(33.2 2.8 1.5)
(33.6 2.8 1.5)
(34 2.8 1.5)
(34.4 2.8 1.5)
(34.8 2.8 1.5)
(35.2 2.8 1.5)
(35.6 2.8 1.5)
(36 2.8 1.5)
(36.4 2.8 1.5)
(36.8 2.8 1.5)
(37.2 2.8 1.5)
(37.6 2.8 1.5)
(38 2.8 1.5)
(28.4 3.2 1.5)
(28.8 3.2 1.5)
(29.2 3.2 1.5)
(29.6 3.2 1.5)
(30 3.2 1.5)
(30.4 3.2 1.5)
(30.8 3.2 1.5)
(31.2 3.2 1.5)
(31.6 3.2 1.5)
(32 3.2 1.5)
(32.4 3.2 1.5)
(32.8 3.2 1.5)
(33.2 3.2 1.5)
(33.6 3.2 1.5)
(34 3.2 1.5)
(34.4 3.2 1.5)
(34.8 3.2 1.5)
(35.2 3.2 1.5)
(35.6 3.2 1.5)
(36 3.2 1.5)
(36.4 3.2 1.5)
(36.8 3.2 1.5)
(37.2 3.2 1.5)
(37.6 3.2 1.5)
(38 3.2 1.5)
(28.4 3.6 1.5)
(28.8 3.6 1.5)
(29.2 3.6 1.5)
(29.6 3.6 1.5)
(30 3.6 1.5)
(30.4 3.6 1.5)
(30.8 3.6 1.5)
(31.2 3.6 1.5)
(31.6 3.6 1.5)
(32 3.6 1.5)
(32.4 3.6 1.5)
(32.8 3.6 1.5)
(33.2 3.6 1.5)
(33.6 3.6 1.5)
(34 3.6 1.5)
(34.4 3.6 1.5)
(34.8 3.6 1.5)
(35.2 3.6 1.5)
(35.6 3.6 1.5)
(36 3.6 1.5)
(36.4 3.6 1.5)
(36.8 3.6 1.5)
(37.2 3.6 1.5)
(37.6 3.6 1.5)
(38 3.6 1.5)
(28.4 4 1.5)
(28.8 4 1.5)
(29.2 4 1.5)
(29.6 4 1.5)
(30 4 1.5)
(30.4 4 1.5)
(30.8 4 1.5)
(31.2 4 1.5)
(31.6 4 1.5)
(32 4 1.5)
(32.4 4 1.5)
(32.8 4 1.5)
(33.2 4 1.5)
(33.6 4 1.5)
(34 4 1.5)
(34.4 4 1.5)
(34.8 4 1.5)
(35.2 4 1.5)
(35.6 4 1.5)
(36 4 1.5)
(36.4 4 1.5)
(36.8 4 1.5)
(37.2 4 1.5)
(37.6 4 1.5)
(38 4 1.5)
(28.4 0 1.875)
(28.8 0 1.875)
(29.2 0 1.875)
(29.6 0 1.875)
(30 0 1.875)
(30.4 0 1.875)
(30.8 0 1.875)
(31.2 0 1.875)
(31.6 0 1.875)
(32 0 1.875)
(32.4 0 1.875)
(32.8 0 1.875)
(33.2 0 1.875)
(33.6 0 1.875)
(34 0 1.875)
(34.4 0 1.875)
(34.8 0 1.875)
(35.2 0 1.875)
(35.6 0 1.875)
(36 0 1.875)
(36.4 0 1.875)
(36.8 0 1.875)
(37.2 0 1.875)
(37.6 0 1.875)
(38 0 1.875)
(28.4 0.4 1.875)
(28.8 0.4 1.875)
(29.2 0.4 1.875)
(29.6 0.4 1.875)
(30 0.4 1.875)
(30.4 0.4 1.875)
(30.8 0.4 1.875)
(31.2 0.4 1.875)
(31.6 0.4 1.875)
(32 0.4 1.875)
(32.4 0.4 1.875)
(32.8 0.4 1.875)
(33.2 0.4 1.875)
(33.6 0.4 1.875)
(34 0.4 1.875)
(34.4 0.4 1.875)
(34.8 0.4 1.875)
(35.2 0.4 1.875)
(35.6 0.4 1.875)
(36 0.4 1.875)
(36.4 0.4 1.875)
(36.8 0.4 1.875)
(37.2 0.4 1.875)
(37.6 0.4 1.875)
(38 0.4 1.875)
(28.4 0.8 1.875)
(28.8 0.8 1.875)
(29.2 0.8 1.875)
(29.6 0.8 1.875)
(30 0.8 1.875)
(30.4 0.8 1.875)
(30.8 0.8 1.875)
(31.2 0.8 1.875)
(31.6 0.8 1.875)
(32 0.8 1.875)
(32.4 0.8 1.875)
(32.8 0.8 1.875)
(33.2 0.8 1.875)
(33.6 0.8 1.875)
(34 0.8 1.875)
(34.4 0.8 1.875)
(34.8 0.8 1.875)
(35.2 0.8 1.875)
(35.6 0.8 1.875)
(36 0.8 1.875)
(36.4 0.8 1.875)
(36.8 0.8 1.875)
(37.2 0.8 1.875)
(37.6 0.8 1.875)
(38 0.8 1.875)
(28.4 1.2 1.875)
(28.8 1.2 1.875)
(29.2 1.2 1.875)
(29.6 1.2 1.875)
(30 1.2 1.875)
(30.4 1.2 1.875)
(30.8 1.2 1.875)
(31.2 1.2 1.875)
(31.6 1.2 1.875)
(32 1.2 1.875)
(32.4 1.2 1.875)
(32.8 1.2 1.875)
(33.2 1.2 1.875)
(33.6 1.2 1.875)
(34 1.2 1.875)
(34.4 1.2 1.875)
(34.8 1.2 1.875)
(35.2 1.2 1.875)
(35.6 1.2 1.875)
(36 1.2 1.875)
(36.4 1.2 1.875)
(36.8 1.2 1.875)
(37.2 1.2 1.875)
(37.6 1.2 1.875)
(38 1.2 1.875)
(28.4 1.6 1.875)
(28.8 1.6 1.875)
(29.2 1.6 1.875)
(29.6 1.6 1.875)
(30 1.6 1.875)
(30.4 1.6 1.875)
(30.8 1.6 1.875)
(31.2 1.6 1.875)
(31.6 1.6 1.875)
(32 1.6 1.875)
(32.4 1.6 1.875)
(32.8 1.6 1.875)
(33.2 1.6 1.875)
(33.6 1.6 1.875)
(34 1.6 1.875)
(34.4 1.6 1.875)
(34.8 1.6 1.875)
(35.2 1.6 1.875)
(35.6 1.6 1.875)
(36 1.6 1.875)
(36.4 1.6 1.875)
(36.8 1.6 1.875)
(37.2 1.6 1.875)
(37.6 1.6 1.875)
(38 1.6 1.875)
(28.4 2 1.875)
(28.8 2 1.875)
(29.2 2 1.875)
(29.6 2 1.875)
(30 2 1.875)
(30.4 2 1.875)
(30.8 2 1.875)
(31.2 2 1.875)
(31.6 2 1.875)
(32 2 1.875)
(32.4 2 1.875)
(32.8 2 1.875)
(33.2 2 1.875)
(33.6 2 1.875)
(34 2 1.875)
(34.4 2 1.875)
(34.8 2 1.875)
(35.2 2 1.875)
(35.6 2 1.875)
(36 2 1.875)
(36.4 2 1.875)
(36.8 2 1.875)
(37.2 2 1.875)
(37.6 2 1.875)
(38 2 1.875)
(28.4 2.4 1.875)
(28.8 2.4 1.875)
(29.2 2.4 1.875)
(29.6 2.4 1.875)
(30 2.4 1.875)
(30.4 2.4 1.875)
(30.8 2.4 1.875)
(31.2 2.4 1.875)
(31.6 2.4 1.875)
(32 2.4 1.875)
(32.4 2.4 1.875)
(32.8 2.4 1.875)
(33.2 2.4 1.875)
(33.6 2.4 1.875)
(34 2.4 1.875)
(34.4 2.4 1.875)
(34.8 2.4 1.875)
(35.2 2.4 1.875)
(35.6 2.4 1.875)
(36 2.4 1.875)
(36.4 2.4 1.875)
(36.8 2.4 1.875)
(37.2 2.4 1.875)
(37.6 2.4 1.875)
(38 2.4 1.875)
(28.4 2.8 1.875)
(28.8 2.8 1.875)
(29.2 2.8 1.875)
(29.6 2.8 1.875)
(30 2.8 1.875)
(30.4 2.8 1.875)
(30.8 2.8 1.875)
(31.2 2.8 1.875)
(31.6 2.8 1.875)
(32 2.8 1.875)
(32.4 2.8 1.875)
(32.8 2.8 1.875)
(33.2 2.8 1.875)
(33.6 2.8 1.875)
(34 2.8 1.875)
(34.4 2.8 1.875)
(34.8 2.8 1.875)
(35.2 2.8 1.875)
(35.6 2.8 1.875)
(36 2.8 1.875)
(36.4 2.8 1.875)
(36.8 2.8 1.875)
(37.2 2.8 1.875)
(37.6 2.8 1.875)
(38 2.8 1.875)
(28.4 3.2 1.875)
(28.8 3.2 1.875)
(29.2 3.2 1.875)
(29.6 3.2 1.875)
(30 3.2 1.875)
(30.4 3.2 1.875)
(30.8 3.2 1.875)
(31.2 3.2 1.875)
(31.6 3.2 1.875)
(32 3.2 1.875)
(32.4 3.2 1.875)
(32.8 3.2 1.875)
(33.2 3.2 1.875)
(33.6 3.2 1.875)
(34 3.2 1.875)
(34.4 3.2 1.875)
(34.8 3.2 1.875)
(35.2 3.2 1.875)
(35.6 3.2 1.875)
(36 3.2 1.875)
(36.4 3.2 1.875)
(36.8 3.2 1.875)
(37.2 3.2 1.875)
(37.6 3.2 1.875)
(38 3.2 1.875)
(28.4 3.6 1.875)
(28.8 3.6 1.875)
(29.2 3.6 1.875)
(29.6 3.6 1.875)
(30 3.6 1.875)
(30.4 3.6 1.875)
(30.8 3.6 1.875)
(31.2 3.6 1.875)
(31.6 3.6 1.875)
(32 3.6 1.875)
(32.4 3.6 1.875)
(32.8 3.6 1.875)
(33.2 3.6 1.875)
(33.6 3.6 1.875)
(34 3.6 1.875)
(34.4 3.6 1.875)
(34.8 3.6 1.875)
(35.2 3.6 1.875)
(35.6 3.6 1.875)
(36 3.6 1.875)
(36.4 3.6 1.875)
(36.8 3.6 1.875)
(37.2 3.6 1.875)
(37.6 3.6 1.875)
(38 3.6 1.875)
(28.4 4 1.875)
(28.8 4 1.875)
(29.2 4 1.875)
(29.6 4 1.875)
(30 4 1.875)
(30.4 4 1.875)
(30.8 4 1.875)
(31.2 4 1.875)
(31.6 4 1.875)
(32 4 1.875)
(32.4 4 1.875)
(32.8 4 1.875)
(33.2 4 1.875)
(33.6 4 1.875)
(34 4 1.875)
(34.4 4 1.875)
(34.8 4 1.875)
(35.2 4 1.875)
(35.6 4 1.875)
(36 4 1.875)
(36.4 4 1.875)
(36.8 4 1.875)
(37.2 4 1.875)
(37.6 4 1.875)
(38 4 1.875)
(28.4 0 2.25)
(28.8 0 2.25)
(29.2 0 2.25)
(29.6 0 2.25)
(30 0 2.25)
(30.4 0 2.25)
(30.8 0 2.25)
(31.2 0 2.25)
(31.6 0 2.25)
(32 0 2.25)
(32.4 0 2.25)
(32.8 0 2.25)
(33.2 0 2.25)
(33.6 0 2.25)
(34 0 2.25)
(34.4 0 2.25)
(34.8 0 2.25)
(35.2 0 2.25)
(35.6 0 2.25)
(36 0 2.25)
(36.4 0 2.25)
(36.8 0 2.25)
(37.2 0 2.25)
(37.6 0 2.25)
(38 0 2.25)
(28.4 0.4 2.25)
(28.8 0.4 2.25)
(29.2 0.4 2.25)
(29.6 0.4 2.25)
(30 0.4 2.25)
(30.4 0.4 2.25)
(30.8 0.4 2.25)
(31.2 0.4 2.25)
(31.6 0.4 2.25)
(32 0.4 2.25)
(32.4 0.4 2.25)
(32.8 0.4 2.25)
(33.2 0.4 2.25)
(33.6 0.4 2.25)
(34 0.4 2.25)
(34.4 0.4 2.25)
(34.8 0.4 2.25)
(35.2 0.4 2.25)
(35.6 0.4 2.25)
(36 0.4 2.25)
(36.4 0.4 2.25)
(36.8 0.4 2.25)
(37.2 0.4 2.25)
(37.6 0.4 2.25)
(38 0.4 2.25)
(28.4 0.8 2.25)
(28.8 0.8 2.25)
(29.2 0.8 2.25)
(29.6 0.8 2.25)
(30 0.8 2.25)
(30.4 0.8 2.25)
(30.8 0.8 2.25)
(31.2 0.8 2.25)
(31.6 0.8 2.25)
(32 0.8 2.25)
(32.4 0.8 2.25)
(32.8 0.8 2.25)
(33.2 0.8 2.25)
(33.6 0.8 2.25)
(34 0.8 2.25)
(34.4 0.8 2.25)
(34.8 0.8 2.25)
(35.2 0.8 2.25)
(35.6 0.8 2.25)
(36 0.8 2.25)
(36.4 0.8 2.25)
(36.8 0.8 2.25)
(37.2 0.8 2.25)
(37.6 0.8 2.25)
(38 0.8 2.25)
(28.4 1.2 2.25)
(28.8 1.2 2.25)
(29.2 1.2 2.25)
(29.6 1.2 2.25)
(30 1.2 2.25)
(30.4 1.2 2.25)
(30.8 1.2 2.25)
(31.2 1.2 2.25)
(31.6 1.2 2.25)
(32 1.2 2.25)
(32.4 1.2 2.25)
(32.8 1.2 2.25)
(33.2 1.2 2.25)
(33.6 1.2 2.25)
(34 1.2 2.25)
(34.4 1.2 2.25)
(34.8 1.2 2.25)
(35.2 1.2 2.25)
(35.6 1.2 2.25)
(36 1.2 2.25)
(36.4 1.2 2.25)
(36.8 1.2 2.25)
(37.2 1.2 2.25)
(37.6 1.2 2.25)
(38 1.2 2.25)
(28.4 1.6 2.25)
(28.8 1.6 2.25)
(29.2 1.6 2.25)
(29.6 1.6 2.25)
(30 1.6 2.25)
(30.4 1.6 2.25)
(30.8 1.6 2.25)
(31.2 1.6 2.25)
(31.6 1.6 2.25)
(32 1.6 2.25)
(32.4 1.6 2.25)
(32.8 1.6 2.25)
(33.2 1.6 2.25)
(33.6 1.6 2.25)
(34 1.6 2.25)
(34.4 1.6 2.25)
(34.8 1.6 2.25)
(35.2 1.6 2.25)
(35.6 1.6 2.25)
(36 1.6 2.25)
(36.4 1.6 2.25)
(36.8 1.6 2.25)
(37.2 1.6 2.25)
(37.6 1.6 2.25)
(38 1.6 2.25)
(28.4 2 2.25)
(28.8 2 2.25)
(29.2 2 2.25)
(29.6 2 2.25)
(30 2 2.25)
(30.4 2 2.25)
(30.8 2 2.25)
(31.2 2 2.25)
(31.6 2 2.25)
(32 2 2.25)
(32.4 2 2.25)
(32.8 2 2.25)
(33.2 2 2.25)
(33.6 2 2.25)
(34 2 2.25)
(34.4 2 2.25)
(34.8 2 2.25)
(35.2 2 2.25)
(35.6 2 2.25)
(36 2 2.25)
(36.4 2 2.25)
(36.8 2 2.25)
(37.2 2 2.25)
(37.6 2 2.25)
(38 2 2.25)
(28.4 2.4 2.25)
(28.8 2.4 2.25)
(29.2 2.4 2.25)
(29.6 2.4 2.25)
(30 2.4 2.25)
(30.4 2.4 2.25)
(30.8 2.4 2.25)
(31.2 2.4 2.25)
(31.6 2.4 2.25)
(32 2.4 2.25)
(32.4 2.4 2.25)
(32.8 2.4 2.25)
(33.2 2.4 2.25)
(33.6 2.4 2.25)
(34 2.4 2.25)
(34.4 2.4 2.25)
(34.8 2.4 2.25)
(35.2 2.4 2.25)
(35.6 2.4 2.25)
(36 2.4 2.25)
(36.4 2.4 2.25)
(36.8 2.4 2.25)
(37.2 2.4 2.25)
(37.6 2.4 2.25)
(38 2.4 2.25)
(28.4 2.8 2.25)
(28.8 2.8 2.25)
(29.2 2.8 2.25)
(29.6 2.8 2.25)
(30 2.8 2.25)
(30.4 2.8 2.25)
(30.8 2.8 2.25)
(31.2 2.8 2.25)
(31.6 2.8 2.25)
(32 2.8 2.25)
(32.4 2.8 2.25)
(32.8 2.8 2.25)
(33.2 2.8 2.25)
(33.6 2.8 2.25)
(34 2.8 2.25)
(34.4 2.8 2.25)
(34.8 2.8 2.25)
(35.2 2.8 2.25)
(35.6 2.8 2.25)
(36 2.8 2.25)
(36.4 2.8 2.25)
(36.8 2.8 2.25)
(37.2 2.8 2.25)
(37.6 2.8 2.25)
(38 2.8 2.25)
(28.4 3.2 2.25)
(28.8 3.2 2.25)
(29.2 3.2 2.25)
(29.6 3.2 2.25)
(30 3.2 2.25)
(30.4 3.2 2.25)
(30.8 3.2 2.25)
(31.2 3.2 2.25)
(31.6 3.2 2.25)
(32 3.2 2.25)
(32.4 3.2 2.25)
(32.8 3.2 2.25)
(33.2 3.2 2.25)
(33.6 3.2 2.25)
(34 3.2 2.25)
(34.4 3.2 2.25)
(34.8 3.2 2.25)
(35.2 3.2 2.25)
(35.6 3.2 2.25)
(36 3.2 2.25)
(36.4 3.2 2.25)
(36.8 3.2 2.25)
(37.2 3.2 2.25)
(37.6 3.2 2.25)
(38 3.2 2.25)
(28.4 3.6 2.25)
(28.8 3.6 2.25)
(29.2 3.6 2.25)
(29.6 3.6 2.25)
(30 3.6 2.25)
(30.4 3.6 2.25)
(30.8 3.6 2.25)
(31.2 3.6 2.25)
(31.6 3.6 2.25)
(32 3.6 2.25)
(32.4 3.6 2.25)
(32.8 3.6 2.25)
(33.2 3.6 2.25)
(33.6 3.6 2.25)
(34 3.6 2.25)
(34.4 3.6 2.25)
(34.8 3.6 2.25)
(35.2 3.6 2.25)
(35.6 3.6 2.25)
(36 3.6 2.25)
(36.4 3.6 2.25)
(36.8 3.6 2.25)
(37.2 3.6 2.25)
(37.6 3.6 2.25)
(38 3.6 2.25)
(28.4 4 2.25)
(28.8 4 2.25)
(29.2 4 2.25)
(29.6 4 2.25)
(30 4 2.25)
(30.4 4 2.25)
(30.8 4 2.25)
(31.2 4 2.25)
(31.6 4 2.25)
(32 4 2.25)
(32.4 4 2.25)
(32.8 4 2.25)
(33.2 4 2.25)
(33.6 4 2.25)
(34 4 2.25)
(34.4 4 2.25)
(34.8 4 2.25)
(35.2 4 2.25)
(35.6 4 2.25)
(36 4 2.25)
(36.4 4 2.25)
(36.8 4 2.25)
(37.2 4 2.25)
(37.6 4 2.25)
(38 4 2.25)
(28.4 0 2.625)
(28.8 0 2.625)
(29.2 0 2.625)
(29.6 0 2.625)
(30 0 2.625)
(30.4 0 2.625)
(30.8 0 2.625)
(31.2 0 2.625)
(31.6 0 2.625)
(32 0 2.625)
(32.4 0 2.625)
(32.8 0 2.625)
(33.2 0 2.625)
(33.6 0 2.625)
(34 0 2.625)
(34.4 0 2.625)
(34.8 0 2.625)
(35.2 0 2.625)
(35.6 0 2.625)
(36 0 2.625)
(36.4 0 2.625)
(36.8 0 2.625)
(37.2 0 2.625)
(37.6 0 2.625)
(38 0 2.625)
(28.4 0.4 2.625)
(28.8 0.4 2.625)
(29.2 0.4 2.625)
(29.6 0.4 2.625)
(30 0.4 2.625)
(30.4 0.4 2.625)
(30.8 0.4 2.625)
(31.2 0.4 2.625)
(31.6 0.4 2.625)
(32 0.4 2.625)
(32.4 0.4 2.625)
(32.8 0.4 2.625)
(33.2 0.4 2.625)
(33.6 0.4 2.625)
(34 0.4 2.625)
(34.4 0.4 2.625)
(34.8 0.4 2.625)
(35.2 0.4 2.625)
(35.6 0.4 2.625)
(36 0.4 2.625)
(36.4 0.4 2.625)
(36.8 0.4 2.625)
(37.2 0.4 2.625)
(37.6 0.4 2.625)
(38 0.4 2.625)
(28.4 0.8 2.625)
(28.8 0.8 2.625)
(29.2 0.8 2.625)
(29.6 0.8 2.625)
(30 0.8 2.625)
(30.4 0.8 2.625)
(30.8 0.8 2.625)
(31.2 0.8 2.625)
(31.6 0.8 2.625)
(32 0.8 2.625)
(32.4 0.8 2.625)
(32.8 0.8 2.625)
(33.2 0.8 2.625)
(33.6 0.8 2.625)
(34 0.8 2.625)
(34.4 0.8 2.625)
(34.8 0.8 2.625)
(35.2 0.8 2.625)
(35.6 0.8 2.625)
(36 0.8 2.625)
(36.4 0.8 2.625)
(36.8 0.8 2.625)
(37.2 0.8 2.625)
(37.6 0.8 2.625)
(38 0.8 2.625)
(28.4 1.2 2.625)
(28.8 1.2 2.625)
(29.2 1.2 2.625)
(29.6 1.2 2.625)
(30 1.2 2.625)
(30.4 1.2 2.625)
(30.8 1.2 2.625)
(31.2 1.2 2.625)
(31.6 1.2 2.625)
(32 1.2 2.625)
(32.4 1.2 2.625)
(32.8 1.2 2.625)
(33.2 1.2 2.625)
(33.6 1.2 2.625)
(34 1.2 2.625)
(34.4 1.2 2.625)
(34.8 1.2 2.625)
(35.2 1.2 2.625)
(35.6 1.2 2.625)
(36 1.2 2.625)
(36.4 1.2 2.625)
(36.8 1.2 2.625)
(37.2 1.2 2.625)
(37.6 1.2 2.625)
(38 1.2 2.625)
(28.4 1.6 2.625)
(28.8 1.6 2.625)
(29.2 1.6 2.625)
(29.6 1.6 2.625)
(30 1.6 2.625)
(30.4 1.6 2.625)
(30.8 1.6 2.625)
(31.2 1.6 2.625)
(31.6 1.6 2.625)
(32 1.6 2.625)
(32.4 1.6 2.625)
(32.8 1.6 2.625)
(33.2 1.6 2.625)
(33.6 1.6 2.625)
(34 1.6 2.625)
(34.4 1.6 2.625)
(34.8 1.6 2.625)
(35.2 1.6 2.625)
(35.6 1.6 2.625)
(36 1.6 2.625)
(36.4 1.6 2.625)
(36.8 1.6 2.625)
(37.2 1.6 2.625)
(37.6 1.6 2.625)
(38 1.6 2.625)
(28.4 2 2.625)
(28.8 2 2.625)
(29.2 2 2.625)
(29.6 2 2.625)
(30 2 2.625)
(30.4 2 2.625)
(30.8 2 2.625)
(31.2 2 2.625)
(31.6 2 2.625)
(32 2 2.625)
(32.4 2 2.625)
(32.8 2 2.625)
(33.2 2 2.625)
(33.6 2 2.625)
(34 2 2.625)
(34.4 2 2.625)
(34.8 2 2.625)
(35.2 2 2.625)
(35.6 2 2.625)
(36 2 2.625)
(36.4 2 2.625)
(36.8 2 2.625)
(37.2 2 2.625)
(37.6 2 2.625)
(38 2 2.625)
(28.4 2.4 2.625)
(28.8 2.4 2.625)
(29.2 2.4 2.625)
(29.6 2.4 2.625)
(30 2.4 2.625)
(30.4 2.4 2.625)
(30.8 2.4 2.625)
(31.2 2.4 2.625)
(31.6 2.4 2.625)
(32 2.4 2.625)
(32.4 2.4 2.625)
(32.8 2.4 2.625)
(33.2 2.4 2.625)
(33.6 2.4 2.625)
(34 2.4 2.625)
(34.4 2.4 2.625)
(34.8 2.4 2.625)
(35.2 2.4 2.625)
(35.6 2.4 2.625)
(36 2.4 2.625)
(36.4 2.4 2.625)
(36.8 2.4 2.625)
(37.2 2.4 2.625)
(37.6 2.4 2.625)
(38 2.4 2.625)
(28.4 2.8 2.625)
(28.8 2.8 2.625)
(29.2 2.8 2.625)
(29.6 2.8 2.625)
(30 2.8 2.625)
(30.4 2.8 2.625)
(30.8 2.8 2.625)
(31.2 2.8 2.625)
(31.6 2.8 2.625)
(32 2.8 2.625)
(32.4 2.8 2.625)
(32.8 2.8 2.625)
(33.2 2.8 2.625)
(33.6 2.8 2.625)
(34 2.8 2.625)
(34.4 2.8 2.625)
(34.8 2.8 2.625)
(35.2 2.8 2.625)
(35.6 2.8 2.625)
(36 2.8 2.625)
(36.4 2.8 2.625)
(36.8 2.8 2.625)
(37.2 2.8 2.625)
(37.6 2.8 2.625)
(38 2.8 2.625)
(28.4 3.2 2.625)
(28.8 3.2 2.625)
(29.2 3.2 2.625)
(29.6 3.2 2.625)
(30 3.2 2.625)
(30.4 3.2 2.625)
(30.8 3.2 2.625)
(31.2 3.2 2.625)
(31.6 3.2 2.625)
(32 3.2 2.625)
(32.4 3.2 2.625)
(32.8 3.2 2.625)
(33.2 3.2 2.625)
(33.6 3.2 2.625)
(34 3.2 2.625)
(34.4 3.2 2.625)
(34.8 3.2 2.625)
(35.2 3.2 2.625)
(35.6 3.2 2.625)
(36 3.2 2.625)
(36.4 3.2 2.625)
(36.8 3.2 2.625)
(37.2 3.2 2.625)
(37.6 3.2 2.625)
(38 3.2 2.625)
(28.4 3.6 2.625)
(28.8 3.6 2.625)
(29.2 3.6 2.625)
(29.6 3.6 2.625)
(30 3.6 2.625)
(30.4 3.6 2.625)
(30.8 3.6 2.625)
(31.2 3.6 2.625)
(31.6 3.6 2.625)
(32 3.6 2.625)
(32.4 3.6 2.625)
(32.8 3.6 2.625)
(33.2 3.6 2.625)
(33.6 3.6 2.625)
(34 3.6 2.625)
(34.4 3.6 2.625)
(34.8 3.6 2.625)
(35.2 3.6 2.625)
(35.6 3.6 2.625)
(36 3.6 2.625)
(36.4 3.6 2.625)
(36.8 3.6 2.625)
(37.2 3.6 2.625)
(37.6 3.6 2.625)
(38 3.6 2.625)
(28.4 4 2.625)
(28.8 4 2.625)
(29.2 4 2.625)
(29.6 4 2.625)
(30 4 2.625)
(30.4 4 2.625)
(30.8 4 2.625)
(31.2 4 2.625)
(31.6 4 2.625)
(32 4 2.625)
(32.4 4 2.625)
(32.8 4 2.625)
(33.2 4 2.625)
(33.6 4 2.625)
(34 4 2.625)
(34.4 4 2.625)
(34.8 4 2.625)
(35.2 4 2.625)
(35.6 4 2.625)
(36 4 2.625)
(36.4 4 2.625)
(36.8 4 2.625)
(37.2 4 2.625)
(37.6 4 2.625)
(38 4 2.625)
(28.4 0 3)
(28.8 0 3)
(29.2 0 3)
(29.6 0 3)
(30 0 3)
(30.4 0 3)
(30.8 0 3)
(31.2 0 3)
(31.6 0 3)
(32 0 3)
(32.4 0 3)
(32.8 0 3)
(33.2 0 3)
(33.6 0 3)
(34 0 3)
(34.4 0 3)
(34.8 0 3)
(35.2 0 3)
(35.6 0 3)
(36 0 3)
(36.4 0 3)
(36.8 0 3)
(37.2 0 3)
(37.6 0 3)
(38 0 3)
(28.4 0.4 3)
(28.8 0.4 3)
(29.2 0.4 3)
(29.6 0.4 3)
(30 0.4 3)
(30.4 0.4 3)
(30.8 0.4 3)
(31.2 0.4 3)
(31.6 0.4 3)
(32 0.4 3)
(32.4 0.4 3)
(32.8 0.4 3)
(33.2 0.4 3)
(33.6 0.4 3)
(34 0.4 3)
(34.4 0.4 3)
(34.8 0.4 3)
(35.2 0.4 3)
(35.6 0.4 3)
(36 0.4 3)
(36.4 0.4 3)
(36.8 0.4 3)
(37.2 0.4 3)
(37.6 0.4 3)
(38 0.4 3)
(28.4 0.8 3)
(28.8 0.8 3)
(29.2 0.8 3)
(29.6 0.8 3)
(30 0.8 3)
(30.4 0.8 3)
(30.8 0.8 3)
(31.2 0.8 3)
(31.6 0.8 3)
(32 0.8 3)
(32.4 0.8 3)
(32.8 0.8 3)
(33.2 0.8 3)
(33.6 0.8 3)
(34 0.8 3)
(34.4 0.8 3)
(34.8 0.8 3)
(35.2 0.8 3)
(35.6 0.8 3)
(36 0.8 3)
(36.4 0.8 3)
(36.8 0.8 3)
(37.2 0.8 3)
(37.6 0.8 3)
(38 0.8 3)
(28.4 1.2 3)
(28.8 1.2 3)
(29.2 1.2 3)
(29.6 1.2 3)
(30 1.2 3)
(30.4 1.2 3)
(30.8 1.2 3)
(31.2 1.2 3)
(31.6 1.2 3)
(32 1.2 3)
(32.4 1.2 3)
(32.8 1.2 3)
(33.2 1.2 3)
(33.6 1.2 3)
(34 1.2 3)
(34.4 1.2 3)
(34.8 1.2 3)
(35.2 1.2 3)
(35.6 1.2 3)
(36 1.2 3)
(36.4 1.2 3)
(36.8 1.2 3)
(37.2 1.2 3)
(37.6 1.2 3)
(38 1.2 3)
(28.4 1.6 3)
(28.8 1.6 3)
(29.2 1.6 3)
(29.6 1.6 3)
(30 1.6 3)
(30.4 1.6 3)
(30.8 1.6 3)
(31.2 1.6 3)
(31.6 1.6 3)
(32 1.6 3)
(32.4 1.6 3)
(32.8 1.6 3)
(33.2 1.6 3)
(33.6 1.6 3)
(34 1.6 3)
(34.4 1.6 3)
(34.8 1.6 3)
(35.2 1.6 3)
(35.6 1.6 3)
(36 1.6 3)
(36.4 1.6 3)
(36.8 1.6 3)
(37.2 1.6 3)
(37.6 1.6 3)
(38 1.6 3)
(28.4 2 3)
(28.8 2 3)
(29.2 2 3)
(29.6 2 3)
(30 2 3)
(30.4 2 3)
(30.8 2 3)
(31.2 2 3)
(31.6 2 3)
(32 2 3)
(32.4 2 3)
(32.8 2 3)
(33.2 2 3)
(33.6 2 3)
(34 2 3)
(34.4 2 3)
(34.8 2 3)
(35.2 2 3)
(35.6 2 3)
(36 2 3)
(36.4 2 3)
(36.8 2 3)
(37.2 2 3)
(37.6 2 3)
(38 2 3)
(28.4 2.4 3)
(28.8 2.4 3)
(29.2 2.4 3)
(29.6 2.4 3)
(30 2.4 3)
(30.4 2.4 3)
(30.8 2.4 3)
(31.2 2.4 3)
(31.6 2.4 3)
(32 2.4 3)
(32.4 2.4 3)
(32.8 2.4 3)
(33.2 2.4 3)
(33.6 2.4 3)
(34 2.4 3)
(34.4 2.4 3)
(34.8 2.4 3)
(35.2 2.4 3)
(35.6 2.4 3)
(36 2.4 3)
(36.4 2.4 3)
(36.8 2.4 3)
(37.2 2.4 3)
(37.6 2.4 3)
(38 2.4 3)
(28.4 2.8 3)
(28.8 2.8 3)
(29.2 2.8 3)
(29.6 2.8 3)
(30 2.8 3)
(30.4 2.8 3)
(30.8 2.8 3)
(31.2 2.8 3)
(31.6 2.8 3)
(32 2.8 3)
(32.4 2.8 3)
(32.8 2.8 3)
(33.2 2.8 3)
(33.6 2.8 3)
(34 2.8 3)
(34.4 2.8 3)
(34.8 2.8 3)
(35.2 2.8 3)
(35.6 2.8 3)
(36 2.8 3)
(36.4 2.8 3)
(36.8 2.8 3)
(37.2 2.8 3)
(37.6 2.8 3)
(38 2.8 3)
(28.4 3.2 3)
(28.8 3.2 3)
(29.2 3.2 3)
(29.6 3.2 3)
(30 3.2 3)
(30.4 3.2 3)
(30.8 3.2 3)
(31.2 3.2 3)
(31.6 3.2 3)
(32 3.2 3)
(32.4 3.2 3)
(32.8 3.2 3)
(33.2 3.2 3)
(33.6 3.2 3)
(34 3.2 3)
(34.4 3.2 3)
(34.8 3.2 3)
(35.2 3.2 3)
(35.6 3.2 3)
(36 3.2 3)
(36.4 3.2 3)
(36.8 3.2 3)
(37.2 3.2 3)
(37.6 3.2 3)
(38 3.2 3)
(28.4 3.6 3)
(28.8 3.6 3)
(29.2 3.6 3)
(29.6 3.6 3)
(30 3.6 3)
(30.4 3.6 3)
(30.8 3.6 3)
(31.2 3.6 3)
(31.6 3.6 3)
(32 3.6 3)
(32.4 3.6 3)
(32.8 3.6 3)
(33.2 3.6 3)
(33.6 3.6 3)
(34 3.6 3)
(34.4 3.6 3)
(34.8 3.6 3)
(35.2 3.6 3)
(35.6 3.6 3)
(36 3.6 3)
(36.4 3.6 3)
(36.8 3.6 3)
(37.2 3.6 3)
(37.6 3.6 3)
(38 3.6 3)
(28.4 4 3)
(28.8 4 3)
(29.2 4 3)
(29.6 4 3)
(30 4 3)
(30.4 4 3)
(30.8 4 3)
(31.2 4 3)
(31.6 4 3)
(32 4 3)
(32.4 4 3)
(32.8 4 3)
(33.2 4 3)
(33.6 4 3)
(34 4 3)
(34.4 4 3)
(34.8 4 3)
(35.2 4 3)
(35.6 4 3)
(36 4 3)
(36.4 4 3)
(36.8 4 3)
(37.2 4 3)
(37.6 4 3)
(38 4 3)
(38.4 0 0)
(38.8 0 0)
(39.2 0 0)
(39.6 0 0)
(40 0 0)
(40.4 0 0)
(40.8 0 0)
(41.2 0 0)
(41.6 0 0)
(42 0 0)
(42.4 0 0)
(42.8 0 0)
(43.2 0 0)
(43.6 0 0)
(44 0 0)
(44.4 0 0)
(44.8 0 0)
(45.2 0 0)
(45.6 0 0)
(46 0 0)
(46.4 0 0)
(46.8 0 0)
(47.2 0 0)
(47.6 0 0)
(48 0 0)
(48.4 0 0)
(48.8 0 0)
(49.2 0 0)
(49.6 0 0)
(50 0 0)
(50.4 0 0)
(50.8 0 0)
(51.2 0 0)
(51.6 0 0)
(52 0 0)
(52.4 0 0)
(52.8 0 0)
(53.2 0 0)
(53.6 0 0)
(54 0 0)
(54.4 0 0)
(54.8 0 0)
(55.2 0 0)
(55.6 0 0)
(56 0 0)
(56.4 0 0)
(56.8 0 0)
(57.2 0 0)
(57.6 0 0)
(58 0 0)
(58.4 0 0)
(58.8 0 0)
(59.2 0 0)
(59.6 0 0)
(60 0 0)
(38.4 0.4 0)
(38.8 0.4 0)
(39.2 0.4 0)
(39.6 0.4 0)
(40 0.4 0)
(40.4 0.4 0)
(40.8 0.4 0)
(41.2 0.4 0)
(41.6 0.4 0)
(42 0.4 0)
(42.4 0.4 0)
(42.8 0.4 0)
(43.2 0.4 0)
(43.6 0.4 0)
(44 0.4 0)
(44.4 0.4 0)
(44.8 0.4 0)
(45.2 0.4 0)
(45.6 0.4 0)
(46 0.4 0)
(46.4 0.4 0)
(46.8 0.4 0)
(47.2 0.4 0)
(47.6 0.4 0)
(48 0.4 0)
(48.4 0.4 0)
(48.8 0.4 0)
(49.2 0.4 0)
(49.6 0.4 0)
(50 0.4 0)
(50.4 0.4 0)
(50.8 0.4 0)
(51.2 0.4 0)
(51.6 0.4 0)
(52 0.4 0)
(52.4 0.4 0)
(52.8 0.4 0)
(53.2 0.4 0)
(53.6 0.4 0)
(54 0.4 0)
(54.4 0.4 0)
(54.8 0.4 0)
(55.2 0.4 0)
(55.6 0.4 0)
(56 0.4 0)
(56.4 0.4 0)
(56.8 0.4 0)
(57.2 0.4 0)
(57.6 0.4 0)
(58 0.4 0)
(58.4 0.4 0)
(58.8 0.4 0)
(59.2 0.4 0)
(59.6 0.4 0)
(60 0.4 0)
(38.4 0.8 0)
(38.8 0.8 0)
(39.2 0.8 0)
(39.6 0.8 0)
(40 0.8 0)
(40.4 0.8 0)
(40.8 0.8 0)
(41.2 0.8 0)
(41.6 0.8 0)
(42 0.8 0)
(42.4 0.8 0)
(42.8 0.8 0)
(43.2 0.8 0)
(43.6 0.8 0)
(44 0.8 0)
(44.4 0.8 0)
(44.8 0.8 0)
(45.2 0.8 0)
(45.6 0.8 0)
(46 0.8 0)
(46.4 0.8 0)
(46.8 0.8 0)
(47.2 0.8 0)
(47.6 0.8 0)
(48 0.8 0)
(48.4 0.8 0)
(48.8 0.8 0)
(49.2 0.8 0)
(49.6 0.8 0)
(50 0.8 0)
(50.4 0.8 0)
(50.8 0.8 0)
(51.2 0.8 0)
(51.6 0.8 0)
(52 0.8 0)
(52.4 0.8 0)
(52.8 0.8 0)
(53.2 0.8 0)
(53.6 0.8 0)
(54 0.8 0)
(54.4 0.8 0)
(54.8 0.8 0)
(55.2 0.8 0)
(55.6 0.8 0)
(56 0.8 0)
(56.4 0.8 0)
(56.8 0.8 0)
(57.2 0.8 0)
(57.6 0.8 0)
(58 0.8 0)
(58.4 0.8 0)
(58.8 0.8 0)
(59.2 0.8 0)
(59.6 0.8 0)
(60 0.8 0)
(38.4 1.2 0)
(38.8 1.2 0)
(39.2 1.2 0)
(39.6 1.2 0)
(40 1.2 0)
(40.4 1.2 0)
(40.8 1.2 0)
(41.2 1.2 0)
(41.6 1.2 0)
(42 1.2 0)
(42.4 1.2 0)
(42.8 1.2 0)
(43.2 1.2 0)
(43.6 1.2 0)
(44 1.2 0)
(44.4 1.2 0)
(44.8 1.2 0)
(45.2 1.2 0)
(45.6 1.2 0)
(46 1.2 0)
(46.4 1.2 0)
(46.8 1.2 0)
(47.2 1.2 0)
(47.6 1.2 0)
(48 1.2 0)
(48.4 1.2 0)
(48.8 1.2 0)
(49.2 1.2 0)
(49.6 1.2 0)
(50 1.2 0)
(50.4 1.2 0)
(50.8 1.2 0)
(51.2 1.2 0)
(51.6 1.2 0)
(52 1.2 0)
(52.4 1.2 0)
(52.8 1.2 0)
(53.2 1.2 0)
(53.6 1.2 0)
(54 1.2 0)
(54.4 1.2 0)
(54.8 1.2 0)
(55.2 1.2 0)
(55.6 1.2 0)
(56 1.2 0)
(56.4 1.2 0)
(56.8 1.2 0)
(57.2 1.2 0)
(57.6 1.2 0)
(58 1.2 0)
(58.4 1.2 0)
(58.8 1.2 0)
(59.2 1.2 0)
(59.6 1.2 0)
(60 1.2 0)
(38.4 1.6 0)
(38.8 1.6 0)
(39.2 1.6 0)
(39.6 1.6 0)
(40 1.6 0)
(40.4 1.6 0)
(40.8 1.6 0)
(41.2 1.6 0)
(41.6 1.6 0)
(42 1.6 0)
(42.4 1.6 0)
(42.8 1.6 0)
(43.2 1.6 0)
(43.6 1.6 0)
(44 1.6 0)
(44.4 1.6 0)
(44.8 1.6 0)
(45.2 1.6 0)
(45.6 1.6 0)
(46 1.6 0)
(46.4 1.6 0)
(46.8 1.6 0)
(47.2 1.6 0)
(47.6 1.6 0)
(48 1.6 0)
(48.4 1.6 0)
(48.8 1.6 0)
(49.2 1.6 0)
(49.6 1.6 0)
(50 1.6 0)
(50.4 1.6 0)
(50.8 1.6 0)
(51.2 1.6 0)
(51.6 1.6 0)
(52 1.6 0)
(52.4 1.6 0)
(52.8 1.6 0)
(53.2 1.6 0)
(53.6 1.6 0)
(54 1.6 0)
(54.4 1.6 0)
(54.8 1.6 0)
(55.2 1.6 0)
(55.6 1.6 0)
(56 1.6 0)
(56.4 1.6 0)
(56.8 1.6 0)
(57.2 1.6 0)
(57.6 1.6 0)
(58 1.6 0)
(58.4 1.6 0)
(58.8 1.6 0)
(59.2 1.6 0)
(59.6 1.6 0)
(60 1.6 0)
(38.4 2 0)
(38.8 2 0)
(39.2 2 0)
(39.6 2 0)
(40 2 0)
(40.4 2 0)
(40.8 2 0)
(41.2 2 0)
(41.6 2 0)
(42 2 0)
(42.4 2 0)
(42.8 2 0)
(43.2 2 0)
(43.6 2 0)
(44 2 0)
(44.4 2 0)
(44.8 2 0)
(45.2 2 0)
(45.6 2 0)
(46 2 0)
(46.4 2 0)
(46.8 2 0)
(47.2 2 0)
(47.6 2 0)
(48 2 0)
(48.4 2 0)
(48.8 2 0)
(49.2 2 0)
(49.6 2 0)
(50 2 0)
(50.4 2 0)
(50.8 2 0)
(51.2 2 0)
(51.6 2 0)
(52 2 0)
(52.4 2 0)
(52.8 2 0)
(53.2 2 0)
(53.6 2 0)
(54 2 0)
(54.4 2 0)
(54.8 2 0)
(55.2 2 0)
(55.6 2 0)
(56 2 0)
(56.4 2 0)
(56.8 2 0)
(57.2 2 0)
(57.6 2 0)
(58 2 0)
(58.4 2 0)
(58.8 2 0)
(59.2 2 0)
(59.6 2 0)
(60 2 0)
(38.4 2.4 0)
(38.8 2.4 0)
(39.2 2.4 0)
(39.6 2.4 0)
(40 2.4 0)
(40.4 2.4 0)
(40.8 2.4 0)
(41.2 2.4 0)
(41.6 2.4 0)
(42 2.4 0)
(42.4 2.4 0)
(42.8 2.4 0)
(43.2 2.4 0)
(43.6 2.4 0)
(44 2.4 0)
(44.4 2.4 0)
(44.8 2.4 0)
(45.2 2.4 0)
(45.6 2.4 0)
(46 2.4 0)
(46.4 2.4 0)
(46.8 2.4 0)
(47.2 2.4 0)
(47.6 2.4 0)
(48 2.4 0)
(48.4 2.4 0)
(48.8 2.4 0)
(49.2 2.4 0)
(49.6 2.4 0)
(50 2.4 0)
(50.4 2.4 0)
(50.8 2.4 0)
(51.2 2.4 0)
(51.6 2.4 0)
(52 2.4 0)
(52.4 2.4 0)
(52.8 2.4 0)
(53.2 2.4 0)
(53.6 2.4 0)
(54 2.4 0)
(54.4 2.4 0)
(54.8 2.4 0)
(55.2 2.4 0)
(55.6 2.4 0)
(56 2.4 0)
(56.4 2.4 0)
(56.8 2.4 0)
(57.2 2.4 0)
(57.6 2.4 0)
(58 2.4 0)
(58.4 2.4 0)
(58.8 2.4 0)
(59.2 2.4 0)
(59.6 2.4 0)
(60 2.4 0)
(38.4 2.8 0)
(38.8 2.8 0)
(39.2 2.8 0)
(39.6 2.8 0)
(40 2.8 0)
(40.4 2.8 0)
(40.8 2.8 0)
(41.2 2.8 0)
(41.6 2.8 0)
(42 2.8 0)
(42.4 2.8 0)
(42.8 2.8 0)
(43.2 2.8 0)
(43.6 2.8 0)
(44 2.8 0)
(44.4 2.8 0)
(44.8 2.8 0)
(45.2 2.8 0)
(45.6 2.8 0)
(46 2.8 0)
(46.4 2.8 0)
(46.8 2.8 0)
(47.2 2.8 0)
(47.6 2.8 0)
(48 2.8 0)
(48.4 2.8 0)
(48.8 2.8 0)
(49.2 2.8 0)
(49.6 2.8 0)
(50 2.8 0)
(50.4 2.8 0)
(50.8 2.8 0)
(51.2 2.8 0)
(51.6 2.8 0)
(52 2.8 0)
(52.4 2.8 0)
(52.8 2.8 0)
(53.2 2.8 0)
(53.6 2.8 0)
(54 2.8 0)
(54.4 2.8 0)
(54.8 2.8 0)
(55.2 2.8 0)
(55.6 2.8 0)
(56 2.8 0)
(56.4 2.8 0)
(56.8 2.8 0)
(57.2 2.8 0)
(57.6 2.8 0)
(58 2.8 0)
(58.4 2.8 0)
(58.8 2.8 0)
(59.2 2.8 0)
(59.6 2.8 0)
(60 2.8 0)
(38.4 3.2 0)
(38.8 3.2 0)
(39.2 3.2 0)
(39.6 3.2 0)
(40 3.2 0)
(40.4 3.2 0)
(40.8 3.2 0)
(41.2 3.2 0)
(41.6 3.2 0)
(42 3.2 0)
(42.4 3.2 0)
(42.8 3.2 0)
(43.2 3.2 0)
(43.6 3.2 0)
(44 3.2 0)
(44.4 3.2 0)
(44.8 3.2 0)
(45.2 3.2 0)
(45.6 3.2 0)
(46 3.2 0)
(46.4 3.2 0)
(46.8 3.2 0)
(47.2 3.2 0)
(47.6 3.2 0)
(48 3.2 0)
(48.4 3.2 0)
(48.8 3.2 0)
(49.2 3.2 0)
(49.6 3.2 0)
(50 3.2 0)
(50.4 3.2 0)
(50.8 3.2 0)
(51.2 3.2 0)
(51.6 3.2 0)
(52 3.2 0)
(52.4 3.2 0)
(52.8 3.2 0)
(53.2 3.2 0)
(53.6 3.2 0)
(54 3.2 0)
(54.4 3.2 0)
(54.8 3.2 0)
(55.2 3.2 0)
(55.6 3.2 0)
(56 3.2 0)
(56.4 3.2 0)
(56.8 3.2 0)
(57.2 3.2 0)
(57.6 3.2 0)
(58 3.2 0)
(58.4 3.2 0)
(58.8 3.2 0)
(59.2 3.2 0)
(59.6 3.2 0)
(60 3.2 0)
(38.4 3.6 0)
(38.8 3.6 0)
(39.2 3.6 0)
(39.6 3.6 0)
(40 3.6 0)
(40.4 3.6 0)
(40.8 3.6 0)
(41.2 3.6 0)
(41.6 3.6 0)
(42 3.6 0)
(42.4 3.6 0)
(42.8 3.6 0)
(43.2 3.6 0)
(43.6 3.6 0)
(44 3.6 0)
(44.4 3.6 0)
(44.8 3.6 0)
(45.2 3.6 0)
(45.6 3.6 0)
(46 3.6 0)
(46.4 3.6 0)
(46.8 3.6 0)
(47.2 3.6 0)
(47.6 3.6 0)
(48 3.6 0)
(48.4 3.6 0)
(48.8 3.6 0)
(49.2 3.6 0)
(49.6 3.6 0)
(50 3.6 0)
(50.4 3.6 0)
(50.8 3.6 0)
(51.2 3.6 0)
(51.6 3.6 0)
(52 3.6 0)
(52.4 3.6 0)
(52.8 3.6 0)
(53.2 3.6 0)
(53.6 3.6 0)
(54 3.6 0)
(54.4 3.6 0)
(54.8 3.6 0)
(55.2 3.6 0)
(55.6 3.6 0)
(56 3.6 0)
(56.4 3.6 0)
(56.8 3.6 0)
(57.2 3.6 0)
(57.6 3.6 0)
(58 3.6 0)
(58.4 3.6 0)
(58.8 3.6 0)
(59.2 3.6 0)
(59.6 3.6 0)
(60 3.6 0)
(38.4 4 0)
(38.8 4 0)
(39.2 4 0)
(39.6 4 0)
(40 4 0)
(40.4 4 0)
(40.8 4 0)
(41.2 4 0)
(41.6 4 0)
(42 4 0)
(42.4 4 0)
(42.8 4 0)
(43.2 4 0)
(43.6 4 0)
(44 4 0)
(44.4 4 0)
(44.8 4 0)
(45.2 4 0)
(45.6 4 0)
(46 4 0)
(46.4 4 0)
(46.8 4 0)
(47.2 4 0)
(47.6 4 0)
(48 4 0)
(48.4 4 0)
(48.8 4 0)
(49.2 4 0)
(49.6 4 0)
(50 4 0)
(50.4 4 0)
(50.8 4 0)
(51.2 4 0)
(51.6 4 0)
(52 4 0)
(52.4 4 0)
(52.8 4 0)
(53.2 4 0)
(53.6 4 0)
(54 4 0)
(54.4 4 0)
(54.8 4 0)
(55.2 4 0)
(55.6 4 0)
(56 4 0)
(56.4 4 0)
(56.8 4 0)
(57.2 4 0)
(57.6 4 0)
(58 4 0)
(58.4 4 0)
(58.8 4 0)
(59.2 4 0)
(59.6 4 0)
(60 4 0)
(38.4 0 0.375)
(38.8 0 0.375)
(39.2 0 0.375)
(39.6 0 0.375)
(40 0 0.375)
(40.4 0 0.375)
(40.8 0 0.375)
(41.2 0 0.375)
(41.6 0 0.375)
(42 0 0.375)
(42.4 0 0.375)
(42.8 0 0.375)
(43.2 0 0.375)
(43.6 0 0.375)
(44 0 0.375)
(44.4 0 0.375)
(44.8 0 0.375)
(45.2 0 0.375)
(45.6 0 0.375)
(46 0 0.375)
(46.4 0 0.375)
(46.8 0 0.375)
(47.2 0 0.375)
(47.6 0 0.375)
(48 0 0.375)
(48.4 0 0.375)
(48.8 0 0.375)
(49.2 0 0.375)
(49.6 0 0.375)
(50 0 0.375)
(50.4 0 0.375)
(50.8 0 0.375)
(51.2 0 0.375)
(51.6 0 0.375)
(52 0 0.375)
(52.4 0 0.375)
(52.8 0 0.375)
(53.2 0 0.375)
(53.6 0 0.375)
(54 0 0.375)
(54.4 0 0.375)
(54.8 0 0.375)
(55.2 0 0.375)
(55.6 0 0.375)
(56 0 0.375)
(56.4 0 0.375)
(56.8 0 0.375)
(57.2 0 0.375)
(57.6 0 0.375)
(58 0 0.375)
(58.4 0 0.375)
(58.8 0 0.375)
(59.2 0 0.375)
(59.6 0 0.375)
(60 0 0.375)
(38.4 0.4 0.375)
(38.8 0.4 0.375)
(39.2 0.4 0.375)
(39.6 0.4 0.375)
(40 0.4 0.375)
(40.4 0.4 0.375)
(40.8 0.4 0.375)
(41.2 0.4 0.375)
(41.6 0.4 0.375)
(42 0.4 0.375)
(42.4 0.4 0.375)
(42.8 0.4 0.375)
(43.2 0.4 0.375)
(43.6 0.4 0.375)
(44 0.4 0.375)
(44.4 0.4 0.375)
(44.8 0.4 0.375)
(45.2 0.4 0.375)
(45.6 0.4 0.375)
(46 0.4 0.375)
(46.4 0.4 0.375)
(46.8 0.4 0.375)
(47.2 0.4 0.375)
(47.6 0.4 0.375)
(48 0.4 0.375)
(48.4 0.4 0.375)
(48.8 0.4 0.375)
(49.2 0.4 0.375)
(49.6 0.4 0.375)
(50 0.4 0.375)
(50.4 0.4 0.375)
(50.8 0.4 0.375)
(51.2 0.4 0.375)
(51.6 0.4 0.375)
(52 0.4 0.375)
(52.4 0.4 0.375)
(52.8 0.4 0.375)
(53.2 0.4 0.375)
(53.6 0.4 0.375)
(54 0.4 0.375)
(54.4 0.4 0.375)
(54.8 0.4 0.375)
(55.2 0.4 0.375)
(55.6 0.4 0.375)
(56 0.4 0.375)
(56.4 0.4 0.375)
(56.8 0.4 0.375)
(57.2 0.4 0.375)
(57.6 0.4 0.375)
(58 0.4 0.375)
(58.4 0.4 0.375)
(58.8 0.4 0.375)
(59.2 0.4 0.375)
(59.6 0.4 0.375)
(60 0.4 0.375)
(38.4 0.8 0.375)
(38.8 0.8 0.375)
(39.2 0.8 0.375)
(39.6 0.8 0.375)
(40 0.8 0.375)
(40.4 0.8 0.375)
(40.8 0.8 0.375)
(41.2 0.8 0.375)
(41.6 0.8 0.375)
(42 0.8 0.375)
(42.4 0.8 0.375)
(42.8 0.8 0.375)
(43.2 0.8 0.375)
(43.6 0.8 0.375)
(44 0.8 0.375)
(44.4 0.8 0.375)
(44.8 0.8 0.375)
(45.2 0.8 0.375)
(45.6 0.8 0.375)
(46 0.8 0.375)
(46.4 0.8 0.375)
(46.8 0.8 0.375)
(47.2 0.8 0.375)
(47.6 0.8 0.375)
(48 0.8 0.375)
(48.4 0.8 0.375)
(48.8 0.8 0.375)
(49.2 0.8 0.375)
(49.6 0.8 0.375)
(50 0.8 0.375)
(50.4 0.8 0.375)
(50.8 0.8 0.375)
(51.2 0.8 0.375)
(51.6 0.8 0.375)
(52 0.8 0.375)
(52.4 0.8 0.375)
(52.8 0.8 0.375)
(53.2 0.8 0.375)
(53.6 0.8 0.375)
(54 0.8 0.375)
(54.4 0.8 0.375)
(54.8 0.8 0.375)
(55.2 0.8 0.375)
(55.6 0.8 0.375)
(56 0.8 0.375)
(56.4 0.8 0.375)
(56.8 0.8 0.375)
(57.2 0.8 0.375)
(57.6 0.8 0.375)
(58 0.8 0.375)
(58.4 0.8 0.375)
(58.8 0.8 0.375)
(59.2 0.8 0.375)
(59.6 0.8 0.375)
(60 0.8 0.375)
(38.4 1.2 0.375)
(38.8 1.2 0.375)
(39.2 1.2 0.375)
(39.6 1.2 0.375)
(40 1.2 0.375)
(40.4 1.2 0.375)
(40.8 1.2 0.375)
(41.2 1.2 0.375)
(41.6 1.2 0.375)
(42 1.2 0.375)
(42.4 1.2 0.375)
(42.8 1.2 0.375)
(43.2 1.2 0.375)
(43.6 1.2 0.375)
(44 1.2 0.375)
(44.4 1.2 0.375)
(44.8 1.2 0.375)
(45.2 1.2 0.375)
(45.6 1.2 0.375)
(46 1.2 0.375)
(46.4 1.2 0.375)
(46.8 1.2 0.375)
(47.2 1.2 0.375)
(47.6 1.2 0.375)
(48 1.2 0.375)
(48.4 1.2 0.375)
(48.8 1.2 0.375)
(49.2 1.2 0.375)
(49.6 1.2 0.375)
(50 1.2 0.375)
(50.4 1.2 0.375)
(50.8 1.2 0.375)
(51.2 1.2 0.375)
(51.6 1.2 0.375)
(52 1.2 0.375)
(52.4 1.2 0.375)
(52.8 1.2 0.375)
(53.2 1.2 0.375)
(53.6 1.2 0.375)
(54 1.2 0.375)
(54.4 1.2 0.375)
(54.8 1.2 0.375)
(55.2 1.2 0.375)
(55.6 1.2 0.375)
(56 1.2 0.375)
(56.4 1.2 0.375)
(56.8 1.2 0.375)
(57.2 1.2 0.375)
(57.6 1.2 0.375)
(58 1.2 0.375)
(58.4 1.2 0.375)
(58.8 1.2 0.375)
(59.2 1.2 0.375)
(59.6 1.2 0.375)
(60 1.2 0.375)
(38.4 1.6 0.375)
(38.8 1.6 0.375)
(39.2 1.6 0.375)
(39.6 1.6 0.375)
(40 1.6 0.375)
(40.4 1.6 0.375)
(40.8 1.6 0.375)
(41.2 1.6 0.375)
(41.6 1.6 0.375)
(42 1.6 0.375)
(42.4 1.6 0.375)
(42.8 1.6 0.375)
(43.2 1.6 0.375)
(43.6 1.6 0.375)
(44 1.6 0.375)
(44.4 1.6 0.375)
(44.8 1.6 0.375)
(45.2 1.6 0.375)
(45.6 1.6 0.375)
(46 1.6 0.375)
(46.4 1.6 0.375)
(46.8 1.6 0.375)
(47.2 1.6 0.375)
(47.6 1.6 0.375)
(48 1.6 0.375)
(48.4 1.6 0.375)
(48.8 1.6 0.375)
(49.2 1.6 0.375)
(49.6 1.6 0.375)
(50 1.6 0.375)
(50.4 1.6 0.375)
(50.8 1.6 0.375)
(51.2 1.6 0.375)
(51.6 1.6 0.375)
(52 1.6 0.375)
(52.4 1.6 0.375)
(52.8 1.6 0.375)
(53.2 1.6 0.375)
(53.6 1.6 0.375)
(54 1.6 0.375)
(54.4 1.6 0.375)
(54.8 1.6 0.375)
(55.2 1.6 0.375)
(55.6 1.6 0.375)
(56 1.6 0.375)
(56.4 1.6 0.375)
(56.8 1.6 0.375)
(57.2 1.6 0.375)
(57.6 1.6 0.375)
(58 1.6 0.375)
(58.4 1.6 0.375)
(58.8 1.6 0.375)
(59.2 1.6 0.375)
(59.6 1.6 0.375)
(60 1.6 0.375)
(38.4 2 0.375)
(38.8 2 0.375)
(39.2 2 0.375)
(39.6 2 0.375)
(40 2 0.375)
(40.4 2 0.375)
(40.8 2 0.375)
(41.2 2 0.375)
(41.6 2 0.375)
(42 2 0.375)
(42.4 2 0.375)
(42.8 2 0.375)
(43.2 2 0.375)
(43.6 2 0.375)
(44 2 0.375)
(44.4 2 0.375)
(44.8 2 0.375)
(45.2 2 0.375)
(45.6 2 0.375)
(46 2 0.375)
(46.4 2 0.375)
(46.8 2 0.375)
(47.2 2 0.375)
(47.6 2 0.375)
(48 2 0.375)
(48.4 2 0.375)
(48.8 2 0.375)
(49.2 2 0.375)
(49.6 2 0.375)
(50 2 0.375)
(50.4 2 0.375)
(50.8 2 0.375)
(51.2 2 0.375)
(51.6 2 0.375)
(52 2 0.375)
(52.4 2 0.375)
(52.8 2 0.375)
(53.2 2 0.375)
(53.6 2 0.375)
(54 2 0.375)
(54.4 2 0.375)
(54.8 2 0.375)
(55.2 2 0.375)
(55.6 2 0.375)
(56 2 0.375)
(56.4 2 0.375)
(56.8 2 0.375)
(57.2 2 0.375)
(57.6 2 0.375)
(58 2 0.375)
(58.4 2 0.375)
(58.8 2 0.375)
(59.2 2 0.375)
(59.6 2 0.375)
(60 2 0.375)
(38.4 2.4 0.375)
(38.8 2.4 0.375)
(39.2 2.4 0.375)
(39.6 2.4 0.375)
(40 2.4 0.375)
(40.4 2.4 0.375)
(40.8 2.4 0.375)
(41.2 2.4 0.375)
(41.6 2.4 0.375)
(42 2.4 0.375)
(42.4 2.4 0.375)
(42.8 2.4 0.375)
(43.2 2.4 0.375)
(43.6 2.4 0.375)
(44 2.4 0.375)
(44.4 2.4 0.375)
(44.8 2.4 0.375)
(45.2 2.4 0.375)
(45.6 2.4 0.375)
(46 2.4 0.375)
(46.4 2.4 0.375)
(46.8 2.4 0.375)
(47.2 2.4 0.375)
(47.6 2.4 0.375)
(48 2.4 0.375)
(48.4 2.4 0.375)
(48.8 2.4 0.375)
(49.2 2.4 0.375)
(49.6 2.4 0.375)
(50 2.4 0.375)
(50.4 2.4 0.375)
(50.8 2.4 0.375)
(51.2 2.4 0.375)
(51.6 2.4 0.375)
(52 2.4 0.375)
(52.4 2.4 0.375)
(52.8 2.4 0.375)
(53.2 2.4 0.375)
(53.6 2.4 0.375)
(54 2.4 0.375)
(54.4 2.4 0.375)
(54.8 2.4 0.375)
(55.2 2.4 0.375)
(55.6 2.4 0.375)
(56 2.4 0.375)
(56.4 2.4 0.375)
(56.8 2.4 0.375)
(57.2 2.4 0.375)
(57.6 2.4 0.375)
(58 2.4 0.375)
(58.4 2.4 0.375)
(58.8 2.4 0.375)
(59.2 2.4 0.375)
(59.6 2.4 0.375)
(60 2.4 0.375)
(38.4 2.8 0.375)
(38.8 2.8 0.375)
(39.2 2.8 0.375)
(39.6 2.8 0.375)
(40 2.8 0.375)
(40.4 2.8 0.375)
(40.8 2.8 0.375)
(41.2 2.8 0.375)
(41.6 2.8 0.375)
(42 2.8 0.375)
(42.4 2.8 0.375)
(42.8 2.8 0.375)
(43.2 2.8 0.375)
(43.6 2.8 0.375)
(44 2.8 0.375)
(44.4 2.8 0.375)
(44.8 2.8 0.375)
(45.2 2.8 0.375)
(45.6 2.8 0.375)
(46 2.8 0.375)
(46.4 2.8 0.375)
(46.8 2.8 0.375)
(47.2 2.8 0.375)
(47.6 2.8 0.375)
(48 2.8 0.375)
(48.4 2.8 0.375)
(48.8 2.8 0.375)
(49.2 2.8 0.375)
(49.6 2.8 0.375)
(50 2.8 0.375)
(50.4 2.8 0.375)
(50.8 2.8 0.375)
(51.2 2.8 0.375)
(51.6 2.8 0.375)
(52 2.8 0.375)
(52.4 2.8 0.375)
(52.8 2.8 0.375)
(53.2 2.8 0.375)
(53.6 2.8 0.375)
(54 2.8 0.375)
(54.4 2.8 0.375)
(54.8 2.8 0.375)
(55.2 2.8 0.375)
(55.6 2.8 0.375)
(56 2.8 0.375)
(56.4 2.8 0.375)
(56.8 2.8 0.375)
(57.2 2.8 0.375)
(57.6 2.8 0.375)
(58 2.8 0.375)
(58.4 2.8 0.375)
(58.8 2.8 0.375)
(59.2 2.8 0.375)
(59.6 2.8 0.375)
(60 2.8 0.375)
(38.4 3.2 0.375)
(38.8 3.2 0.375)
(39.2 3.2 0.375)
(39.6 3.2 0.375)
(40 3.2 0.375)
(40.4 3.2 0.375)
(40.8 3.2 0.375)
(41.2 3.2 0.375)
(41.6 3.2 0.375)
(42 3.2 0.375)
(42.4 3.2 0.375)
(42.8 3.2 0.375)
(43.2 3.2 0.375)
(43.6 3.2 0.375)
(44 3.2 0.375)
(44.4 3.2 0.375)
(44.8 3.2 0.375)
(45.2 3.2 0.375)
(45.6 3.2 0.375)
(46 3.2 0.375)
(46.4 3.2 0.375)
(46.8 3.2 0.375)
(47.2 3.2 0.375)
(47.6 3.2 0.375)
(48 3.2 0.375)
(48.4 3.2 0.375)
(48.8 3.2 0.375)
(49.2 3.2 0.375)
(49.6 3.2 0.375)
(50 3.2 0.375)
(50.4 3.2 0.375)
(50.8 3.2 0.375)
(51.2 3.2 0.375)
(51.6 3.2 0.375)
(52 3.2 0.375)
(52.4 3.2 0.375)
(52.8 3.2 0.375)
(53.2 3.2 0.375)
(53.6 3.2 0.375)
(54 3.2 0.375)
(54.4 3.2 0.375)
(54.8 3.2 0.375)
(55.2 3.2 0.375)
(55.6 3.2 0.375)
(56 3.2 0.375)
(56.4 3.2 0.375)
(56.8 3.2 0.375)
(57.2 3.2 0.375)
(57.6 3.2 0.375)
(58 3.2 0.375)
(58.4 3.2 0.375)
(58.8 3.2 0.375)
(59.2 3.2 0.375)
(59.6 3.2 0.375)
(60 3.2 0.375)
(38.4 3.6 0.375)
(38.8 3.6 0.375)
(39.2 3.6 0.375)
(39.6 3.6 0.375)
(40 3.6 0.375)
(40.4 3.6 0.375)
(40.8 3.6 0.375)
(41.2 3.6 0.375)
(41.6 3.6 0.375)
(42 3.6 0.375)
(42.4 3.6 0.375)
(42.8 3.6 0.375)
(43.2 3.6 0.375)
(43.6 3.6 0.375)
(44 3.6 0.375)
(44.4 3.6 0.375)
(44.8 3.6 0.375)
(45.2 3.6 0.375)
(45.6 3.6 0.375)
(46 3.6 0.375)
(46.4 3.6 0.375)
(46.8 3.6 0.375)
(47.2 3.6 0.375)
(47.6 3.6 0.375)
(48 3.6 0.375)
(48.4 3.6 0.375)
(48.8 3.6 0.375)
(49.2 3.6 0.375)
(49.6 3.6 0.375)
(50 3.6 0.375)
(50.4 3.6 0.375)
(50.8 3.6 0.375)
(51.2 3.6 0.375)
(51.6 3.6 0.375)
(52 3.6 0.375)
(52.4 3.6 0.375)
(52.8 3.6 0.375)
(53.2 3.6 0.375)
(53.6 3.6 0.375)
(54 3.6 0.375)
(54.4 3.6 0.375)
(54.8 3.6 0.375)
(55.2 3.6 0.375)
(55.6 3.6 0.375)
(56 3.6 0.375)
(56.4 3.6 0.375)
(56.8 3.6 0.375)
(57.2 3.6 0.375)
(57.6 3.6 0.375)
(58 3.6 0.375)
(58.4 3.6 0.375)
(58.8 3.6 0.375)
(59.2 3.6 0.375)
(59.6 3.6 0.375)
(60 3.6 0.375)
(38.4 4 0.375)
(38.8 4 0.375)
(39.2 4 0.375)
(39.6 4 0.375)
(40 4 0.375)
(40.4 4 0.375)
(40.8 4 0.375)
(41.2 4 0.375)
(41.6 4 0.375)
(42 4 0.375)
(42.4 4 0.375)
(42.8 4 0.375)
(43.2 4 0.375)
(43.6 4 0.375)
(44 4 0.375)
(44.4 4 0.375)
(44.8 4 0.375)
(45.2 4 0.375)
(45.6 4 0.375)
(46 4 0.375)
(46.4 4 0.375)
(46.8 4 0.375)
(47.2 4 0.375)
(47.6 4 0.375)
(48 4 0.375)
(48.4 4 0.375)
(48.8 4 0.375)
(49.2 4 0.375)
(49.6 4 0.375)
(50 4 0.375)
(50.4 4 0.375)
(50.8 4 0.375)
(51.2 4 0.375)
(51.6 4 0.375)
(52 4 0.375)
(52.4 4 0.375)
(52.8 4 0.375)
(53.2 4 0.375)
(53.6 4 0.375)
(54 4 0.375)
(54.4 4 0.375)
(54.8 4 0.375)
(55.2 4 0.375)
(55.6 4 0.375)
(56 4 0.375)
(56.4 4 0.375)
(56.8 4 0.375)
(57.2 4 0.375)
(57.6 4 0.375)
(58 4 0.375)
(58.4 4 0.375)
(58.8 4 0.375)
(59.2 4 0.375)
(59.6 4 0.375)
(60 4 0.375)
(38.4 0 0.75)
(38.8 0 0.75)
(39.2 0 0.75)
(39.6 0 0.75)
(40 0 0.75)
(40.4 0 0.75)
(40.8 0 0.75)
(41.2 0 0.75)
(41.6 0 0.75)
(42 0 0.75)
(42.4 0 0.75)
(42.8 0 0.75)
(43.2 0 0.75)
(43.6 0 0.75)
(44 0 0.75)
(44.4 0 0.75)
(44.8 0 0.75)
(45.2 0 0.75)
(45.6 0 0.75)
(46 0 0.75)
(46.4 0 0.75)
(46.8 0 0.75)
(47.2 0 0.75)
(47.6 0 0.75)
(48 0 0.75)
(48.4 0 0.75)
(48.8 0 0.75)
(49.2 0 0.75)
(49.6 0 0.75)
(50 0 0.75)
(50.4 0 0.75)
(50.8 0 0.75)
(51.2 0 0.75)
(51.6 0 0.75)
(52 0 0.75)
(52.4 0 0.75)
(52.8 0 0.75)
(53.2 0 0.75)
(53.6 0 0.75)
(54 0 0.75)
(54.4 0 0.75)
(54.8 0 0.75)
(55.2 0 0.75)
(55.6 0 0.75)
(56 0 0.75)
(56.4 0 0.75)
(56.8 0 0.75)
(57.2 0 0.75)
(57.6 0 0.75)
(58 0 0.75)
(58.4 0 0.75)
(58.8 0 0.75)
(59.2 0 0.75)
(59.6 0 0.75)
(60 0 0.75)
(38.4 0.4 0.75)
(38.8 0.4 0.75)
(39.2 0.4 0.75)
(39.6 0.4 0.75)
(40 0.4 0.75)
(40.4 0.4 0.75)
(40.8 0.4 0.75)
(41.2 0.4 0.75)
(41.6 0.4 0.75)
(42 0.4 0.75)
(42.4 0.4 0.75)
(42.8 0.4 0.75)
(43.2 0.4 0.75)
(43.6 0.4 0.75)
(44 0.4 0.75)
(44.4 0.4 0.75)
(44.8 0.4 0.75)
(45.2 0.4 0.75)
(45.6 0.4 0.75)
(46 0.4 0.75)
(46.4 0.4 0.75)
(46.8 0.4 0.75)
(47.2 0.4 0.75)
(47.6 0.4 0.75)
(48 0.4 0.75)
(48.4 0.4 0.75)
(48.8 0.4 0.75)
(49.2 0.4 0.75)
(49.6 0.4 0.75)
(50 0.4 0.75)
(50.4 0.4 0.75)
(50.8 0.4 0.75)
(51.2 0.4 0.75)
(51.6 0.4 0.75)
(52 0.4 0.75)
(52.4 0.4 0.75)
(52.8 0.4 0.75)
(53.2 0.4 0.75)
(53.6 0.4 0.75)
(54 0.4 0.75)
(54.4 0.4 0.75)
(54.8 0.4 0.75)
(55.2 0.4 0.75)
(55.6 0.4 0.75)
(56 0.4 0.75)
(56.4 0.4 0.75)
(56.8 0.4 0.75)
(57.2 0.4 0.75)
(57.6 0.4 0.75)
(58 0.4 0.75)
(58.4 0.4 0.75)
(58.8 0.4 0.75)
(59.2 0.4 0.75)
(59.6 0.4 0.75)
(60 0.4 0.75)
(38.4 0.8 0.75)
(38.8 0.8 0.75)
(39.2 0.8 0.75)
(39.6 0.8 0.75)
(40 0.8 0.75)
(40.4 0.8 0.75)
(40.8 0.8 0.75)
(41.2 0.8 0.75)
(41.6 0.8 0.75)
(42 0.8 0.75)
(42.4 0.8 0.75)
(42.8 0.8 0.75)
(43.2 0.8 0.75)
(43.6 0.8 0.75)
(44 0.8 0.75)
(44.4 0.8 0.75)
(44.8 0.8 0.75)
(45.2 0.8 0.75)
(45.6 0.8 0.75)
(46 0.8 0.75)
(46.4 0.8 0.75)
(46.8 0.8 0.75)
(47.2 0.8 0.75)
(47.6 0.8 0.75)
(48 0.8 0.75)
(48.4 0.8 0.75)
(48.8 0.8 0.75)
(49.2 0.8 0.75)
(49.6 0.8 0.75)
(50 0.8 0.75)
(50.4 0.8 0.75)
(50.8 0.8 0.75)
(51.2 0.8 0.75)
(51.6 0.8 0.75)
(52 0.8 0.75)
(52.4 0.8 0.75)
(52.8 0.8 0.75)
(53.2 0.8 0.75)
(53.6 0.8 0.75)
(54 0.8 0.75)
(54.4 0.8 0.75)
(54.8 0.8 0.75)
(55.2 0.8 0.75)
(55.6 0.8 0.75)
(56 0.8 0.75)
(56.4 0.8 0.75)
(56.8 0.8 0.75)
(57.2 0.8 0.75)
(57.6 0.8 0.75)
(58 0.8 0.75)
(58.4 0.8 0.75)
(58.8 0.8 0.75)
(59.2 0.8 0.75)
(59.6 0.8 0.75)
(60 0.8 0.75)
(38.4 1.2 0.75)
(38.8 1.2 0.75)
(39.2 1.2 0.75)
(39.6 1.2 0.75)
(40 1.2 0.75)
(40.4 1.2 0.75)
(40.8 1.2 0.75)
(41.2 1.2 0.75)
(41.6 1.2 0.75)
(42 1.2 0.75)
(42.4 1.2 0.75)
(42.8 1.2 0.75)
(43.2 1.2 0.75)
(43.6 1.2 0.75)
(44 1.2 0.75)
(44.4 1.2 0.75)
(44.8 1.2 0.75)
(45.2 1.2 0.75)
(45.6 1.2 0.75)
(46 1.2 0.75)
(46.4 1.2 0.75)
(46.8 1.2 0.75)
(47.2 1.2 0.75)
(47.6 1.2 0.75)
(48 1.2 0.75)
(48.4 1.2 0.75)
(48.8 1.2 0.75)
(49.2 1.2 0.75)
(49.6 1.2 0.75)
(50 1.2 0.75)
(50.4 1.2 0.75)
(50.8 1.2 0.75)
(51.2 1.2 0.75)
(51.6 1.2 0.75)
(52 1.2 0.75)
(52.4 1.2 0.75)
(52.8 1.2 0.75)
(53.2 1.2 0.75)
(53.6 1.2 0.75)
(54 1.2 0.75)
(54.4 1.2 0.75)
(54.8 1.2 0.75)
(55.2 1.2 0.75)
(55.6 1.2 0.75)
(56 1.2 0.75)
(56.4 1.2 0.75)
(56.8 1.2 0.75)
(57.2 1.2 0.75)
(57.6 1.2 0.75)
(58 1.2 0.75)
(58.4 1.2 0.75)
(58.8 1.2 0.75)
(59.2 1.2 0.75)
(59.6 1.2 0.75)
(60 1.2 0.75)
(38.4 1.6 0.75)
(38.8 1.6 0.75)
(39.2 1.6 0.75)
(39.6 1.6 0.75)
(40 1.6 0.75)
(40.4 1.6 0.75)
(40.8 1.6 0.75)
(41.2 1.6 0.75)
(41.6 1.6 0.75)
(42 1.6 0.75)
(42.4 1.6 0.75)
(42.8 1.6 0.75)
(43.2 1.6 0.75)
(43.6 1.6 0.75)
(44 1.6 0.75)
(44.4 1.6 0.75)
(44.8 1.6 0.75)
(45.2 1.6 0.75)
(45.6 1.6 0.75)
(46 1.6 0.75)
(46.4 1.6 0.75)
(46.8 1.6 0.75)
(47.2 1.6 0.75)
(47.6 1.6 0.75)
(48 1.6 0.75)
(48.4 1.6 0.75)
(48.8 1.6 0.75)
(49.2 1.6 0.75)
(49.6 1.6 0.75)
(50 1.6 0.75)
(50.4 1.6 0.75)
(50.8 1.6 0.75)
(51.2 1.6 0.75)
(51.6 1.6 0.75)
(52 1.6 0.75)
(52.4 1.6 0.75)
(52.8 1.6 0.75)
(53.2 1.6 0.75)
(53.6 1.6 0.75)
(54 1.6 0.75)
(54.4 1.6 0.75)
(54.8 1.6 0.75)
(55.2 1.6 0.75)
(55.6 1.6 0.75)
(56 1.6 0.75)
(56.4 1.6 0.75)
(56.8 1.6 0.75)
(57.2 1.6 0.75)
(57.6 1.6 0.75)
(58 1.6 0.75)
(58.4 1.6 0.75)
(58.8 1.6 0.75)
(59.2 1.6 0.75)
(59.6 1.6 0.75)
(60 1.6 0.75)
(38.4 2 0.75)
(38.8 2 0.75)
(39.2 2 0.75)
(39.6 2 0.75)
(40 2 0.75)
(40.4 2 0.75)
(40.8 2 0.75)
(41.2 2 0.75)
(41.6 2 0.75)
(42 2 0.75)
(42.4 2 0.75)
(42.8 2 0.75)
(43.2 2 0.75)
(43.6 2 0.75)
(44 2 0.75)
(44.4 2 0.75)
(44.8 2 0.75)
(45.2 2 0.75)
(45.6 2 0.75)
(46 2 0.75)
(46.4 2 0.75)
(46.8 2 0.75)
(47.2 2 0.75)
(47.6 2 0.75)
(48 2 0.75)
(48.4 2 0.75)
(48.8 2 0.75)
(49.2 2 0.75)
(49.6 2 0.75)
(50 2 0.75)
(50.4 2 0.75)
(50.8 2 0.75)
(51.2 2 0.75)
(51.6 2 0.75)
(52 2 0.75)
(52.4 2 0.75)
(52.8 2 0.75)
(53.2 2 0.75)
(53.6 2 0.75)
(54 2 0.75)
(54.4 2 0.75)
(54.8 2 0.75)
(55.2 2 0.75)
(55.6 2 0.75)
(56 2 0.75)
(56.4 2 0.75)
(56.8 2 0.75)
(57.2 2 0.75)
(57.6 2 0.75)
(58 2 0.75)
(58.4 2 0.75)
(58.8 2 0.75)
(59.2 2 0.75)
(59.6 2 0.75)
(60 2 0.75)
(38.4 2.4 0.75)
(38.8 2.4 0.75)
(39.2 2.4 0.75)
(39.6 2.4 0.75)
(40 2.4 0.75)
(40.4 2.4 0.75)
(40.8 2.4 0.75)
(41.2 2.4 0.75)
(41.6 2.4 0.75)
(42 2.4 0.75)
(42.4 2.4 0.75)
(42.8 2.4 0.75)
(43.2 2.4 0.75)
(43.6 2.4 0.75)
(44 2.4 0.75)
(44.4 2.4 0.75)
(44.8 2.4 0.75)
(45.2 2.4 0.75)
(45.6 2.4 0.75)
(46 2.4 0.75)
(46.4 2.4 0.75)
(46.8 2.4 0.75)
(47.2 2.4 0.75)
(47.6 2.4 0.75)
(48 2.4 0.75)
(48.4 2.4 0.75)
(48.8 2.4 0.75)
(49.2 2.4 0.75)
(49.6 2.4 0.75)
(50 2.4 0.75)
(50.4 2.4 0.75)
(50.8 2.4 0.75)
(51.2 2.4 0.75)
(51.6 2.4 0.75)
(52 2.4 0.75)
(52.4 2.4 0.75)
(52.8 2.4 0.75)
(53.2 2.4 0.75)
(53.6 2.4 0.75)
(54 2.4 0.75)
(54.4 2.4 0.75)
(54.8 2.4 0.75)
(55.2 2.4 0.75)
(55.6 2.4 0.75)
(56 2.4 0.75)
(56.4 2.4 0.75)
(56.8 2.4 0.75)
(57.2 2.4 0.75)
(57.6 2.4 0.75)
(58 2.4 0.75)
(58.4 2.4 0.75)
(58.8 2.4 0.75)
(59.2 2.4 0.75)
(59.6 2.4 0.75)
(60 2.4 0.75)
(38.4 2.8 0.75)
(38.8 2.8 0.75)
(39.2 2.8 0.75)
(39.6 2.8 0.75)
(40 2.8 0.75)
(40.4 2.8 0.75)
(40.8 2.8 0.75)
(41.2 2.8 0.75)
(41.6 2.8 0.75)
(42 2.8 0.75)
(42.4 2.8 0.75)
(42.8 2.8 0.75)
(43.2 2.8 0.75)
(43.6 2.8 0.75)
(44 2.8 0.75)
(44.4 2.8 0.75)
(44.8 2.8 0.75)
(45.2 2.8 0.75)
(45.6 2.8 0.75)
(46 2.8 0.75)
(46.4 2.8 0.75)
(46.8 2.8 0.75)
(47.2 2.8 0.75)
(47.6 2.8 0.75)
(48 2.8 0.75)
(48.4 2.8 0.75)
(48.8 2.8 0.75)
(49.2 2.8 0.75)
(49.6 2.8 0.75)
(50 2.8 0.75)
(50.4 2.8 0.75)
(50.8 2.8 0.75)
(51.2 2.8 0.75)
(51.6 2.8 0.75)
(52 2.8 0.75)
(52.4 2.8 0.75)
(52.8 2.8 0.75)
(53.2 2.8 0.75)
(53.6 2.8 0.75)
(54 2.8 0.75)
(54.4 2.8 0.75)
(54.8 2.8 0.75)
(55.2 2.8 0.75)
(55.6 2.8 0.75)
(56 2.8 0.75)
(56.4 2.8 0.75)
(56.8 2.8 0.75)
(57.2 2.8 0.75)
(57.6 2.8 0.75)
(58 2.8 0.75)
(58.4 2.8 0.75)
(58.8 2.8 0.75)
(59.2 2.8 0.75)
(59.6 2.8 0.75)
(60 2.8 0.75)
(38.4 3.2 0.75)
(38.8 3.2 0.75)
(39.2 3.2 0.75)
(39.6 3.2 0.75)
(40 3.2 0.75)
(40.4 3.2 0.75)
(40.8 3.2 0.75)
(41.2 3.2 0.75)
(41.6 3.2 0.75)
(42 3.2 0.75)
(42.4 3.2 0.75)
(42.8 3.2 0.75)
(43.2 3.2 0.75)
(43.6 3.2 0.75)
(44 3.2 0.75)
(44.4 3.2 0.75)
(44.8 3.2 0.75)
(45.2 3.2 0.75)
(45.6 3.2 0.75)
(46 3.2 0.75)
(46.4 3.2 0.75)
(46.8 3.2 0.75)
(47.2 3.2 0.75)
(47.6 3.2 0.75)
(48 3.2 0.75)
(48.4 3.2 0.75)
(48.8 3.2 0.75)
(49.2 3.2 0.75)
(49.6 3.2 0.75)
(50 3.2 0.75)
(50.4 3.2 0.75)
(50.8 3.2 0.75)
(51.2 3.2 0.75)
(51.6 3.2 0.75)
(52 3.2 0.75)
(52.4 3.2 0.75)
(52.8 3.2 0.75)
(53.2 3.2 0.75)
(53.6 3.2 0.75)
(54 3.2 0.75)
(54.4 3.2 0.75)
(54.8 3.2 0.75)
(55.2 3.2 0.75)
(55.6 3.2 0.75)
(56 3.2 0.75)
(56.4 3.2 0.75)
(56.8 3.2 0.75)
(57.2 3.2 0.75)
(57.6 3.2 0.75)
(58 3.2 0.75)
(58.4 3.2 0.75)
(58.8 3.2 0.75)
(59.2 3.2 0.75)
(59.6 3.2 0.75)
(60 3.2 0.75)
(38.4 3.6 0.75)
(38.8 3.6 0.75)
(39.2 3.6 0.75)
(39.6 3.6 0.75)
(40 3.6 0.75)
(40.4 3.6 0.75)
(40.8 3.6 0.75)
(41.2 3.6 0.75)
(41.6 3.6 0.75)
(42 3.6 0.75)
(42.4 3.6 0.75)
(42.8 3.6 0.75)
(43.2 3.6 0.75)
(43.6 3.6 0.75)
(44 3.6 0.75)
(44.4 3.6 0.75)
(44.8 3.6 0.75)
(45.2 3.6 0.75)
(45.6 3.6 0.75)
(46 3.6 0.75)
(46.4 3.6 0.75)
(46.8 3.6 0.75)
(47.2 3.6 0.75)
(47.6 3.6 0.75)
(48 3.6 0.75)
(48.4 3.6 0.75)
(48.8 3.6 0.75)
(49.2 3.6 0.75)
(49.6 3.6 0.75)
(50 3.6 0.75)
(50.4 3.6 0.75)
(50.8 3.6 0.75)
(51.2 3.6 0.75)
(51.6 3.6 0.75)
(52 3.6 0.75)
(52.4 3.6 0.75)
(52.8 3.6 0.75)
(53.2 3.6 0.75)
(53.6 3.6 0.75)
(54 3.6 0.75)
(54.4 3.6 0.75)
(54.8 3.6 0.75)
(55.2 3.6 0.75)
(55.6 3.6 0.75)
(56 3.6 0.75)
(56.4 3.6 0.75)
(56.8 3.6 0.75)
(57.2 3.6 0.75)
(57.6 3.6 0.75)
(58 3.6 0.75)
(58.4 3.6 0.75)
(58.8 3.6 0.75)
(59.2 3.6 0.75)
(59.6 3.6 0.75)
(60 3.6 0.75)
(38.4 4 0.75)
(38.8 4 0.75)
(39.2 4 0.75)
(39.6 4 0.75)
(40 4 0.75)
(40.4 4 0.75)
(40.8 4 0.75)
(41.2 4 0.75)
(41.6 4 0.75)
(42 4 0.75)
(42.4 4 0.75)
(42.8 4 0.75)
(43.2 4 0.75)
(43.6 4 0.75)
(44 4 0.75)
(44.4 4 0.75)
(44.8 4 0.75)
(45.2 4 0.75)
(45.6 4 0.75)
(46 4 0.75)
(46.4 4 0.75)
(46.8 4 0.75)
(47.2 4 0.75)
(47.6 4 0.75)
(48 4 0.75)
(48.4 4 0.75)
(48.8 4 0.75)
(49.2 4 0.75)
(49.6 4 0.75)
(50 4 0.75)
(50.4 4 0.75)
(50.8 4 0.75)
(51.2 4 0.75)
(51.6 4 0.75)
(52 4 0.75)
(52.4 4 0.75)
(52.8 4 0.75)
(53.2 4 0.75)
(53.6 4 0.75)
(54 4 0.75)
(54.4 4 0.75)
(54.8 4 0.75)
(55.2 4 0.75)
(55.6 4 0.75)
(56 4 0.75)
(56.4 4 0.75)
(56.8 4 0.75)
(57.2 4 0.75)
(57.6 4 0.75)
(58 4 0.75)
(58.4 4 0.75)
(58.8 4 0.75)
(59.2 4 0.75)
(59.6 4 0.75)
(60 4 0.75)
(38.4 0 1.125)
(38.8 0 1.125)
(39.2 0 1.125)
(39.6 0 1.125)
(40 0 1.125)
(40.4 0 1.125)
(40.8 0 1.125)
(41.2 0 1.125)
(41.6 0 1.125)
(42 0 1.125)
(42.4 0 1.125)
(42.8 0 1.125)
(43.2 0 1.125)
(43.6 0 1.125)
(44 0 1.125)
(44.4 0 1.125)
(44.8 0 1.125)
(45.2 0 1.125)
(45.6 0 1.125)
(46 0 1.125)
(46.4 0 1.125)
(46.8 0 1.125)
(47.2 0 1.125)
(47.6 0 1.125)
(48 0 1.125)
(48.4 0 1.125)
(48.8 0 1.125)
(49.2 0 1.125)
(49.6 0 1.125)
(50 0 1.125)
(50.4 0 1.125)
(50.8 0 1.125)
(51.2 0 1.125)
(51.6 0 1.125)
(52 0 1.125)
(52.4 0 1.125)
(52.8 0 1.125)
(53.2 0 1.125)
(53.6 0 1.125)
(54 0 1.125)
(54.4 0 1.125)
(54.8 0 1.125)
(55.2 0 1.125)
(55.6 0 1.125)
(56 0 1.125)
(56.4 0 1.125)
(56.8 0 1.125)
(57.2 0 1.125)
(57.6 0 1.125)
(58 0 1.125)
(58.4 0 1.125)
(58.8 0 1.125)
(59.2 0 1.125)
(59.6 0 1.125)
(60 0 1.125)
(38.4 0.4 1.125)
(38.8 0.4 1.125)
(39.2 0.4 1.125)
(39.6 0.4 1.125)
(40 0.4 1.125)
(40.4 0.4 1.125)
(40.8 0.4 1.125)
(41.2 0.4 1.125)
(41.6 0.4 1.125)
(42 0.4 1.125)
(42.4 0.4 1.125)
(42.8 0.4 1.125)
(43.2 0.4 1.125)
(43.6 0.4 1.125)
(44 0.4 1.125)
(44.4 0.4 1.125)
(44.8 0.4 1.125)
(45.2 0.4 1.125)
(45.6 0.4 1.125)
(46 0.4 1.125)
(46.4 0.4 1.125)
(46.8 0.4 1.125)
(47.2 0.4 1.125)
(47.6 0.4 1.125)
(48 0.4 1.125)
(48.4 0.4 1.125)
(48.8 0.4 1.125)
(49.2 0.4 1.125)
(49.6 0.4 1.125)
(50 0.4 1.125)
(50.4 0.4 1.125)
(50.8 0.4 1.125)
(51.2 0.4 1.125)
(51.6 0.4 1.125)
(52 0.4 1.125)
(52.4 0.4 1.125)
(52.8 0.4 1.125)
(53.2 0.4 1.125)
(53.6 0.4 1.125)
(54 0.4 1.125)
(54.4 0.4 1.125)
(54.8 0.4 1.125)
(55.2 0.4 1.125)
(55.6 0.4 1.125)
(56 0.4 1.125)
(56.4 0.4 1.125)
(56.8 0.4 1.125)
(57.2 0.4 1.125)
(57.6 0.4 1.125)
(58 0.4 1.125)
(58.4 0.4 1.125)
(58.8 0.4 1.125)
(59.2 0.4 1.125)
(59.6 0.4 1.125)
(60 0.4 1.125)
(38.4 0.8 1.125)
(38.8 0.8 1.125)
(39.2 0.8 1.125)
(39.6 0.8 1.125)
(40 0.8 1.125)
(40.4 0.8 1.125)
(40.8 0.8 1.125)
(41.2 0.8 1.125)
(41.6 0.8 1.125)
(42 0.8 1.125)
(42.4 0.8 1.125)
(42.8 0.8 1.125)
(43.2 0.8 1.125)
(43.6 0.8 1.125)
(44 0.8 1.125)
(44.4 0.8 1.125)
(44.8 0.8 1.125)
(45.2 0.8 1.125)
(45.6 0.8 1.125)
(46 0.8 1.125)
(46.4 0.8 1.125)
(46.8 0.8 1.125)
(47.2 0.8 1.125)
(47.6 0.8 1.125)
(48 0.8 1.125)
(48.4 0.8 1.125)
(48.8 0.8 1.125)
(49.2 0.8 1.125)
(49.6 0.8 1.125)
(50 0.8 1.125)
(50.4 0.8 1.125)
(50.8 0.8 1.125)
(51.2 0.8 1.125)
(51.6 0.8 1.125)
(52 0.8 1.125)
(52.4 0.8 1.125)
(52.8 0.8 1.125)
(53.2 0.8 1.125)
(53.6 0.8 1.125)
(54 0.8 1.125)
(54.4 0.8 1.125)
(54.8 0.8 1.125)
(55.2 0.8 1.125)
(55.6 0.8 1.125)
(56 0.8 1.125)
(56.4 0.8 1.125)
(56.8 0.8 1.125)
(57.2 0.8 1.125)
(57.6 0.8 1.125)
(58 0.8 1.125)
(58.4 0.8 1.125)
(58.8 0.8 1.125)
(59.2 0.8 1.125)
(59.6 0.8 1.125)
(60 0.8 1.125)
(38.4 1.2 1.125)
(38.8 1.2 1.125)
(39.2 1.2 1.125)
(39.6 1.2 1.125)
(40 1.2 1.125)
(40.4 1.2 1.125)
(40.8 1.2 1.125)
(41.2 1.2 1.125)
(41.6 1.2 1.125)
(42 1.2 1.125)
(42.4 1.2 1.125)
(42.8 1.2 1.125)
(43.2 1.2 1.125)
(43.6 1.2 1.125)
(44 1.2 1.125)
(44.4 1.2 1.125)
(44.8 1.2 1.125)
(45.2 1.2 1.125)
(45.6 1.2 1.125)
(46 1.2 1.125)
(46.4 1.2 1.125)
(46.8 1.2 1.125)
(47.2 1.2 1.125)
(47.6 1.2 1.125)
(48 1.2 1.125)
(48.4 1.2 1.125)
(48.8 1.2 1.125)
(49.2 1.2 1.125)
(49.6 1.2 1.125)
(50 1.2 1.125)
(50.4 1.2 1.125)
(50.8 1.2 1.125)
(51.2 1.2 1.125)
(51.6 1.2 1.125)
(52 1.2 1.125)
(52.4 1.2 1.125)
(52.8 1.2 1.125)
(53.2 1.2 1.125)
(53.6 1.2 1.125)
(54 1.2 1.125)
(54.4 1.2 1.125)
(54.8 1.2 1.125)
(55.2 1.2 1.125)
(55.6 1.2 1.125)
(56 1.2 1.125)
(56.4 1.2 1.125)
(56.8 1.2 1.125)
(57.2 1.2 1.125)
(57.6 1.2 1.125)
(58 1.2 1.125)
(58.4 1.2 1.125)
(58.8 1.2 1.125)
(59.2 1.2 1.125)
(59.6 1.2 1.125)
(60 1.2 1.125)
(38.4 1.6 1.125)
(38.8 1.6 1.125)
(39.2 1.6 1.125)
(39.6 1.6 1.125)
(40 1.6 1.125)
(40.4 1.6 1.125)
(40.8 1.6 1.125)
(41.2 1.6 1.125)
(41.6 1.6 1.125)
(42 1.6 1.125)
(42.4 1.6 1.125)
(42.8 1.6 1.125)
(43.2 1.6 1.125)
(43.6 1.6 1.125)
(44 1.6 1.125)
(44.4 1.6 1.125)
(44.8 1.6 1.125)
(45.2 1.6 1.125)
(45.6 1.6 1.125)
(46 1.6 1.125)
(46.4 1.6 1.125)
(46.8 1.6 1.125)
(47.2 1.6 1.125)
(47.6 1.6 1.125)
(48 1.6 1.125)
(48.4 1.6 1.125)
(48.8 1.6 1.125)
(49.2 1.6 1.125)
(49.6 1.6 1.125)
(50 1.6 1.125)
(50.4 1.6 1.125)
(50.8 1.6 1.125)
(51.2 1.6 1.125)
(51.6 1.6 1.125)
(52 1.6 1.125)
(52.4 1.6 1.125)
(52.8 1.6 1.125)
(53.2 1.6 1.125)
(53.6 1.6 1.125)
(54 1.6 1.125)
(54.4 1.6 1.125)
(54.8 1.6 1.125)
(55.2 1.6 1.125)
(55.6 1.6 1.125)
(56 1.6 1.125)
(56.4 1.6 1.125)
(56.8 1.6 1.125)
(57.2 1.6 1.125)
(57.6 1.6 1.125)
(58 1.6 1.125)
(58.4 1.6 1.125)
(58.8 1.6 1.125)
(59.2 1.6 1.125)
(59.6 1.6 1.125)
(60 1.6 1.125)
(38.4 2 1.125)
(38.8 2 1.125)
(39.2 2 1.125)
(39.6 2 1.125)
(40 2 1.125)
(40.4 2 1.125)
(40.8 2 1.125)
(41.2 2 1.125)
(41.6 2 1.125)
(42 2 1.125)
(42.4 2 1.125)
(42.8 2 1.125)
(43.2 2 1.125)
(43.6 2 1.125)
(44 2 1.125)
(44.4 2 1.125)
(44.8 2 1.125)
(45.2 2 1.125)
(45.6 2 1.125)
(46 2 1.125)
(46.4 2 1.125)
(46.8 2 1.125)
(47.2 2 1.125)
(47.6 2 1.125)
(48 2 1.125)
(48.4 2 1.125)
(48.8 2 1.125)
(49.2 2 1.125)
(49.6 2 1.125)
(50 2 1.125)
(50.4 2 1.125)
(50.8 2 1.125)
(51.2 2 1.125)
(51.6 2 1.125)
(52 2 1.125)
(52.4 2 1.125)
(52.8 2 1.125)
(53.2 2 1.125)
(53.6 2 1.125)
(54 2 1.125)
(54.4 2 1.125)
(54.8 2 1.125)
(55.2 2 1.125)
(55.6 2 1.125)
(56 2 1.125)
(56.4 2 1.125)
(56.8 2 1.125)
(57.2 2 1.125)
(57.6 2 1.125)
(58 2 1.125)
(58.4 2 1.125)
(58.8 2 1.125)
(59.2 2 1.125)
(59.6 2 1.125)
(60 2 1.125)
(38.4 2.4 1.125)
(38.8 2.4 1.125)
(39.2 2.4 1.125)
(39.6 2.4 1.125)
(40 2.4 1.125)
(40.4 2.4 1.125)
(40.8 2.4 1.125)
(41.2 2.4 1.125)
(41.6 2.4 1.125)
(42 2.4 1.125)
(42.4 2.4 1.125)
(42.8 2.4 1.125)
(43.2 2.4 1.125)
(43.6 2.4 1.125)
(44 2.4 1.125)
(44.4 2.4 1.125)
(44.8 2.4 1.125)
(45.2 2.4 1.125)
(45.6 2.4 1.125)
(46 2.4 1.125)
(46.4 2.4 1.125)
(46.8 2.4 1.125)
(47.2 2.4 1.125)
(47.6 2.4 1.125)
(48 2.4 1.125)
(48.4 2.4 1.125)
(48.8 2.4 1.125)
(49.2 2.4 1.125)
(49.6 2.4 1.125)
(50 2.4 1.125)
(50.4 2.4 1.125)
(50.8 2.4 1.125)
(51.2 2.4 1.125)
(51.6 2.4 1.125)
(52 2.4 1.125)
(52.4 2.4 1.125)
(52.8 2.4 1.125)
(53.2 2.4 1.125)
(53.6 2.4 1.125)
(54 2.4 1.125)
(54.4 2.4 1.125)
(54.8 2.4 1.125)
(55.2 2.4 1.125)
(55.6 2.4 1.125)
(56 2.4 1.125)
(56.4 2.4 1.125)
(56.8 2.4 1.125)
(57.2 2.4 1.125)
(57.6 2.4 1.125)
(58 2.4 1.125)
(58.4 2.4 1.125)
(58.8 2.4 1.125)
(59.2 2.4 1.125)
(59.6 2.4 1.125)
(60 2.4 1.125)
(38.4 2.8 1.125)
(38.8 2.8 1.125)
(39.2 2.8 1.125)
(39.6 2.8 1.125)
(40 2.8 1.125)
(40.4 2.8 1.125)
(40.8 2.8 1.125)
(41.2 2.8 1.125)
(41.6 2.8 1.125)
(42 2.8 1.125)
(42.4 2.8 1.125)
(42.8 2.8 1.125)
(43.2 2.8 1.125)
(43.6 2.8 1.125)
(44 2.8 1.125)
(44.4 2.8 1.125)
(44.8 2.8 1.125)
(45.2 2.8 1.125)
(45.6 2.8 1.125)
(46 2.8 1.125)
(46.4 2.8 1.125)
(46.8 2.8 1.125)
(47.2 2.8 1.125)
(47.6 2.8 1.125)
(48 2.8 1.125)
(48.4 2.8 1.125)
(48.8 2.8 1.125)
(49.2 2.8 1.125)
(49.6 2.8 1.125)
(50 2.8 1.125)
(50.4 2.8 1.125)
(50.8 2.8 1.125)
(51.2 2.8 1.125)
(51.6 2.8 1.125)
(52 2.8 1.125)
(52.4 2.8 1.125)
(52.8 2.8 1.125)
(53.2 2.8 1.125)
(53.6 2.8 1.125)
(54 2.8 1.125)
(54.4 2.8 1.125)
(54.8 2.8 1.125)
(55.2 2.8 1.125)
(55.6 2.8 1.125)
(56 2.8 1.125)
(56.4 2.8 1.125)
(56.8 2.8 1.125)
(57.2 2.8 1.125)
(57.6 2.8 1.125)
(58 2.8 1.125)
(58.4 2.8 1.125)
(58.8 2.8 1.125)
(59.2 2.8 1.125)
(59.6 2.8 1.125)
(60 2.8 1.125)
(38.4 3.2 1.125)
(38.8 3.2 1.125)
(39.2 3.2 1.125)
(39.6 3.2 1.125)
(40 3.2 1.125)
(40.4 3.2 1.125)
(40.8 3.2 1.125)
(41.2 3.2 1.125)
(41.6 3.2 1.125)
(42 3.2 1.125)
(42.4 3.2 1.125)
(42.8 3.2 1.125)
(43.2 3.2 1.125)
(43.6 3.2 1.125)
(44 3.2 1.125)
(44.4 3.2 1.125)
(44.8 3.2 1.125)
(45.2 3.2 1.125)
(45.6 3.2 1.125)
(46 3.2 1.125)
(46.4 3.2 1.125)
(46.8 3.2 1.125)
(47.2 3.2 1.125)
(47.6 3.2 1.125)
(48 3.2 1.125)
(48.4 3.2 1.125)
(48.8 3.2 1.125)
(49.2 3.2 1.125)
(49.6 3.2 1.125)
(50 3.2 1.125)
(50.4 3.2 1.125)
(50.8 3.2 1.125)
(51.2 3.2 1.125)
(51.6 3.2 1.125)
(52 3.2 1.125)
(52.4 3.2 1.125)
(52.8 3.2 1.125)
(53.2 3.2 1.125)
(53.6 3.2 1.125)
(54 3.2 1.125)
(54.4 3.2 1.125)
(54.8 3.2 1.125)
(55.2 3.2 1.125)
(55.6 3.2 1.125)
(56 3.2 1.125)
(56.4 3.2 1.125)
(56.8 3.2 1.125)
(57.2 3.2 1.125)
(57.6 3.2 1.125)
(58 3.2 1.125)
(58.4 3.2 1.125)
(58.8 3.2 1.125)
(59.2 3.2 1.125)
(59.6 3.2 1.125)
(60 3.2 1.125)
(38.4 3.6 1.125)
(38.8 3.6 1.125)
(39.2 3.6 1.125)
(39.6 3.6 1.125)
(40 3.6 1.125)
(40.4 3.6 1.125)
(40.8 3.6 1.125)
(41.2 3.6 1.125)
(41.6 3.6 1.125)
(42 3.6 1.125)
(42.4 3.6 1.125)
(42.8 3.6 1.125)
(43.2 3.6 1.125)
(43.6 3.6 1.125)
(44 3.6 1.125)
(44.4 3.6 1.125)
(44.8 3.6 1.125)
(45.2 3.6 1.125)
(45.6 3.6 1.125)
(46 3.6 1.125)
(46.4 3.6 1.125)
(46.8 3.6 1.125)
(47.2 3.6 1.125)
(47.6 3.6 1.125)
(48 3.6 1.125)
(48.4 3.6 1.125)
(48.8 3.6 1.125)
(49.2 3.6 1.125)
(49.6 3.6 1.125)
(50 3.6 1.125)
(50.4 3.6 1.125)
(50.8 3.6 1.125)
(51.2 3.6 1.125)
(51.6 3.6 1.125)
(52 3.6 1.125)
(52.4 3.6 1.125)
(52.8 3.6 1.125)
(53.2 3.6 1.125)
(53.6 3.6 1.125)
(54 3.6 1.125)
(54.4 3.6 1.125)
(54.8 3.6 1.125)
(55.2 3.6 1.125)
(55.6 3.6 1.125)
(56 3.6 1.125)
(56.4 3.6 1.125)
(56.8 3.6 1.125)
(57.2 3.6 1.125)
(57.6 3.6 1.125)
(58 3.6 1.125)
(58.4 3.6 1.125)
(58.8 3.6 1.125)
(59.2 3.6 1.125)
(59.6 3.6 1.125)
(60 3.6 1.125)
(38.4 4 1.125)
(38.8 4 1.125)
(39.2 4 1.125)
(39.6 4 1.125)
(40 4 1.125)
(40.4 4 1.125)
(40.8 4 1.125)
(41.2 4 1.125)
(41.6 4 1.125)
(42 4 1.125)
(42.4 4 1.125)
(42.8 4 1.125)
(43.2 4 1.125)
(43.6 4 1.125)
(44 4 1.125)
(44.4 4 1.125)
(44.8 4 1.125)
(45.2 4 1.125)
(45.6 4 1.125)
(46 4 1.125)
(46.4 4 1.125)
(46.8 4 1.125)
(47.2 4 1.125)
(47.6 4 1.125)
(48 4 1.125)
(48.4 4 1.125)
(48.8 4 1.125)
(49.2 4 1.125)
(49.6 4 1.125)
(50 4 1.125)
(50.4 4 1.125)
(50.8 4 1.125)
(51.2 4 1.125)
(51.6 4 1.125)
(52 4 1.125)
(52.4 4 1.125)
(52.8 4 1.125)
(53.2 4 1.125)
(53.6 4 1.125)
(54 4 1.125)
(54.4 4 1.125)
(54.8 4 1.125)
(55.2 4 1.125)
(55.6 4 1.125)
(56 4 1.125)
(56.4 4 1.125)
(56.8 4 1.125)
(57.2 4 1.125)
(57.6 4 1.125)
(58 4 1.125)
(58.4 4 1.125)
(58.8 4 1.125)
(59.2 4 1.125)
(59.6 4 1.125)
(60 4 1.125)
(38.4 0 1.5)
(38.8 0 1.5)
(39.2 0 1.5)
(39.6 0 1.5)
(40 0 1.5)
(40.4 0 1.5)
(40.8 0 1.5)
(41.2 0 1.5)
(41.6 0 1.5)
(42 0 1.5)
(42.4 0 1.5)
(42.8 0 1.5)
(43.2 0 1.5)
(43.6 0 1.5)
(44 0 1.5)
(44.4 0 1.5)
(44.8 0 1.5)
(45.2 0 1.5)
(45.6 0 1.5)
(46 0 1.5)
(46.4 0 1.5)
(46.8 0 1.5)
(47.2 0 1.5)
(47.6 0 1.5)
(48 0 1.5)
(48.4 0 1.5)
(48.8 0 1.5)
(49.2 0 1.5)
(49.6 0 1.5)
(50 0 1.5)
(50.4 0 1.5)
(50.8 0 1.5)
(51.2 0 1.5)
(51.6 0 1.5)
(52 0 1.5)
(52.4 0 1.5)
(52.8 0 1.5)
(53.2 0 1.5)
(53.6 0 1.5)
(54 0 1.5)
(54.4 0 1.5)
(54.8 0 1.5)
(55.2 0 1.5)
(55.6 0 1.5)
(56 0 1.5)
(56.4 0 1.5)
(56.8 0 1.5)
(57.2 0 1.5)
(57.6 0 1.5)
(58 0 1.5)
(58.4 0 1.5)
(58.8 0 1.5)
(59.2 0 1.5)
(59.6 0 1.5)
(60 0 1.5)
(38.4 0.4 1.5)
(38.8 0.4 1.5)
(39.2 0.4 1.5)
(39.6 0.4 1.5)
(40 0.4 1.5)
(40.4 0.4 1.5)
(40.8 0.4 1.5)
(41.2 0.4 1.5)
(41.6 0.4 1.5)
(42 0.4 1.5)
(42.4 0.4 1.5)
(42.8 0.4 1.5)
(43.2 0.4 1.5)
(43.6 0.4 1.5)
(44 0.4 1.5)
(44.4 0.4 1.5)
(44.8 0.4 1.5)
(45.2 0.4 1.5)
(45.6 0.4 1.5)
(46 0.4 1.5)
(46.4 0.4 1.5)
(46.8 0.4 1.5)
(47.2 0.4 1.5)
(47.6 0.4 1.5)
(48 0.4 1.5)
(48.4 0.4 1.5)
(48.8 0.4 1.5)
(49.2 0.4 1.5)
(49.6 0.4 1.5)
(50 0.4 1.5)
(50.4 0.4 1.5)
(50.8 0.4 1.5)
(51.2 0.4 1.5)
(51.6 0.4 1.5)
(52 0.4 1.5)
(52.4 0.4 1.5)
(52.8 0.4 1.5)
(53.2 0.4 1.5)
(53.6 0.4 1.5)
(54 0.4 1.5)
(54.4 0.4 1.5)
(54.8 0.4 1.5)
(55.2 0.4 1.5)
(55.6 0.4 1.5)
(56 0.4 1.5)
(56.4 0.4 1.5)
(56.8 0.4 1.5)
(57.2 0.4 1.5)
(57.6 0.4 1.5)
(58 0.4 1.5)
(58.4 0.4 1.5)
(58.8 0.4 1.5)
(59.2 0.4 1.5)
(59.6 0.4 1.5)
(60 0.4 1.5)
(38.4 0.8 1.5)
(38.8 0.8 1.5)
(39.2 0.8 1.5)
(39.6 0.8 1.5)
(40 0.8 1.5)
(40.4 0.8 1.5)
(40.8 0.8 1.5)
(41.2 0.8 1.5)
(41.6 0.8 1.5)
(42 0.8 1.5)
(42.4 0.8 1.5)
(42.8 0.8 1.5)
(43.2 0.8 1.5)
(43.6 0.8 1.5)
(44 0.8 1.5)
(44.4 0.8 1.5)
(44.8 0.8 1.5)
(45.2 0.8 1.5)
(45.6 0.8 1.5)
(46 0.8 1.5)
(46.4 0.8 1.5)
(46.8 0.8 1.5)
(47.2 0.8 1.5)
(47.6 0.8 1.5)
(48 0.8 1.5)
(48.4 0.8 1.5)
(48.8 0.8 1.5)
(49.2 0.8 1.5)
(49.6 0.8 1.5)
(50 0.8 1.5)
(50.4 0.8 1.5)
(50.8 0.8 1.5)
(51.2 0.8 1.5)
(51.6 0.8 1.5)
(52 0.8 1.5)
(52.4 0.8 1.5)
(52.8 0.8 1.5)
(53.2 0.8 1.5)
(53.6 0.8 1.5)
(54 0.8 1.5)
(54.4 0.8 1.5)
(54.8 0.8 1.5)
(55.2 0.8 1.5)
(55.6 0.8 1.5)
(56 0.8 1.5)
(56.4 0.8 1.5)
(56.8 0.8 1.5)
(57.2 0.8 1.5)
(57.6 0.8 1.5)
(58 0.8 1.5)
(58.4 0.8 1.5)
(58.8 0.8 1.5)
(59.2 0.8 1.5)
(59.6 0.8 1.5)
(60 0.8 1.5)
(38.4 1.2 1.5)
(38.8 1.2 1.5)
(39.2 1.2 1.5)
(39.6 1.2 1.5)
(40 1.2 1.5)
(40.4 1.2 1.5)
(40.8 1.2 1.5)
(41.2 1.2 1.5)
(41.6 1.2 1.5)
(42 1.2 1.5)
(42.4 1.2 1.5)
(42.8 1.2 1.5)
(43.2 1.2 1.5)
(43.6 1.2 1.5)
(44 1.2 1.5)
(44.4 1.2 1.5)
(44.8 1.2 1.5)
(45.2 1.2 1.5)
(45.6 1.2 1.5)
(46 1.2 1.5)
(46.4 1.2 1.5)
(46.8 1.2 1.5)
(47.2 1.2 1.5)
(47.6 1.2 1.5)
(48 1.2 1.5)
(48.4 1.2 1.5)
(48.8 1.2 1.5)
(49.2 1.2 1.5)
(49.6 1.2 1.5)
(50 1.2 1.5)
(50.4 1.2 1.5)
(50.8 1.2 1.5)
(51.2 1.2 1.5)
(51.6 1.2 1.5)
(52 1.2 1.5)
(52.4 1.2 1.5)
(52.8 1.2 1.5)
(53.2 1.2 1.5)
(53.6 1.2 1.5)
(54 1.2 1.5)
(54.4 1.2 1.5)
(54.8 1.2 1.5)
(55.2 1.2 1.5)
(55.6 1.2 1.5)
(56 1.2 1.5)
(56.4 1.2 1.5)
(56.8 1.2 1.5)
(57.2 1.2 1.5)
(57.6 1.2 1.5)
(58 1.2 1.5)
(58.4 1.2 1.5)
(58.8 1.2 1.5)
(59.2 1.2 1.5)
(59.6 1.2 1.5)
(60 1.2 1.5)
(38.4 1.6 1.5)
(38.8 1.6 1.5)
(39.2 1.6 1.5)
(39.6 1.6 1.5)
(40 1.6 1.5)
(40.4 1.6 1.5)
(40.8 1.6 1.5)
(41.2 1.6 1.5)
(41.6 1.6 1.5)
(42 1.6 1.5)
(42.4 1.6 1.5)
(42.8 1.6 1.5)
(43.2 1.6 1.5)
(43.6 1.6 1.5)
(44 1.6 1.5)
(44.4 1.6 1.5)
(44.8 1.6 1.5)
(45.2 1.6 1.5)
(45.6 1.6 1.5)
(46 1.6 1.5)
(46.4 1.6 1.5)
(46.8 1.6 1.5)
(47.2 1.6 1.5)
(47.6 1.6 1.5)
(48 1.6 1.5)
(48.4 1.6 1.5)
(48.8 1.6 1.5)
(49.2 1.6 1.5)
(49.6 1.6 1.5)
(50 1.6 1.5)
(50.4 1.6 1.5)
(50.8 1.6 1.5)
(51.2 1.6 1.5)
(51.6 1.6 1.5)
(52 1.6 1.5)
(52.4 1.6 1.5)
(52.8 1.6 1.5)
(53.2 1.6 1.5)
(53.6 1.6 1.5)
(54 1.6 1.5)
(54.4 1.6 1.5)
(54.8 1.6 1.5)
(55.2 1.6 1.5)
(55.6 1.6 1.5)
(56 1.6 1.5)
(56.4 1.6 1.5)
(56.8 1.6 1.5)
(57.2 1.6 1.5)
(57.6 1.6 1.5)
(58 1.6 1.5)
(58.4 1.6 1.5)
(58.8 1.6 1.5)
(59.2 1.6 1.5)
(59.6 1.6 1.5)
(60 1.6 1.5)
(38.4 2 1.5)
(38.8 2 1.5)
(39.2 2 1.5)
(39.6 2 1.5)
(40 2 1.5)
(40.4 2 1.5)
(40.8 2 1.5)
(41.2 2 1.5)
(41.6 2 1.5)
(42 2 1.5)
(42.4 2 1.5)
(42.8 2 1.5)
(43.2 2 1.5)
(43.6 2 1.5)
(44 2 1.5)
(44.4 2 1.5)
(44.8 2 1.5)
(45.2 2 1.5)
(45.6 2 1.5)
(46 2 1.5)
(46.4 2 1.5)
(46.8 2 1.5)
(47.2 2 1.5)
(47.6 2 1.5)
(48 2 1.5)
(48.4 2 1.5)
(48.8 2 1.5)
(49.2 2 1.5)
(49.6 2 1.5)
(50 2 1.5)
(50.4 2 1.5)
(50.8 2 1.5)
(51.2 2 1.5)
(51.6 2 1.5)
(52 2 1.5)
(52.4 2 1.5)
(52.8 2 1.5)
(53.2 2 1.5)
(53.6 2 1.5)
(54 2 1.5)
(54.4 2 1.5)
(54.8 2 1.5)
(55.2 2 1.5)
(55.6 2 1.5)
(56 2 1.5)
(56.4 2 1.5)
(56.8 2 1.5)
(57.2 2 1.5)
(57.6 2 1.5)
(58 2 1.5)
(58.4 2 1.5)
(58.8 2 1.5)
(59.2 2 1.5)
(59.6 2 1.5)
(60 2 1.5)
(38.4 2.4 1.5)
(38.8 2.4 1.5)
(39.2 2.4 1.5)
(39.6 2.4 1.5)
(40 2.4 1.5)
(40.4 2.4 1.5)
(40.8 2.4 1.5)
(41.2 2.4 1.5)
(41.6 2.4 1.5)
(42 2.4 1.5)
(42.4 2.4 1.5)
(42.8 2.4 1.5)
(43.2 2.4 1.5)
(43.6 2.4 1.5)
(44 2.4 1.5)
(44.4 2.4 1.5)
(44.8 2.4 1.5)
(45.2 2.4 1.5)
(45.6 2.4 1.5)
(46 2.4 1.5)
(46.4 2.4 1.5)
(46.8 2.4 1.5)
(47.2 2.4 1.5)
(47.6 2.4 1.5)
(48 2.4 1.5)
(48.4 2.4 1.5)
(48.8 2.4 1.5)
(49.2 2.4 1.5)
(49.6 2.4 1.5)
(50 2.4 1.5)
(50.4 2.4 1.5)
(50.8 2.4 1.5)
(51.2 2.4 1.5)
(51.6 2.4 1.5)
(52 2.4 1.5)
(52.4 2.4 1.5)
(52.8 2.4 1.5)
(53.2 2.4 1.5)
(53.6 2.4 1.5)
(54 2.4 1.5)
(54.4 2.4 1.5)
(54.8 2.4 1.5)
(55.2 2.4 1.5)
(55.6 2.4 1.5)
(56 2.4 1.5)
(56.4 2.4 1.5)
(56.8 2.4 1.5)
(57.2 2.4 1.5)
(57.6 2.4 1.5)
(58 2.4 1.5)
(58.4 2.4 1.5)
(58.8 2.4 1.5)
(59.2 2.4 1.5)
(59.6 2.4 1.5)
(60 2.4 1.5)
(38.4 2.8 1.5)
(38.8 2.8 1.5)
(39.2 2.8 1.5)
(39.6 2.8 1.5)
(40 2.8 1.5)
(40.4 2.8 1.5)
(40.8 2.8 1.5)
(41.2 2.8 1.5)
(41.6 2.8 1.5)
(42 2.8 1.5)
(42.4 2.8 1.5)
(42.8 2.8 1.5)
(43.2 2.8 1.5)
(43.6 2.8 1.5)
(44 2.8 1.5)
(44.4 2.8 1.5)
(44.8 2.8 1.5)
(45.2 2.8 1.5)
(45.6 2.8 1.5)
(46 2.8 1.5)
(46.4 2.8 1.5)
(46.8 2.8 1.5)
(47.2 2.8 1.5)
(47.6 2.8 1.5)
(48 2.8 1.5)
(48.4 2.8 1.5)
(48.8 2.8 1.5)
(49.2 2.8 1.5)
(49.6 2.8 1.5)
(50 2.8 1.5)
(50.4 2.8 1.5)
(50.8 2.8 1.5)
(51.2 2.8 1.5)
(51.6 2.8 1.5)
(52 2.8 1.5)
(52.4 2.8 1.5)
(52.8 2.8 1.5)
(53.2 2.8 1.5)
(53.6 2.8 1.5)
(54 2.8 1.5)
(54.4 2.8 1.5)
(54.8 2.8 1.5)
(55.2 2.8 1.5)
(55.6 2.8 1.5)
(56 2.8 1.5)
(56.4 2.8 1.5)
(56.8 2.8 1.5)
(57.2 2.8 1.5)
(57.6 2.8 1.5)
(58 2.8 1.5)
(58.4 2.8 1.5)
(58.8 2.8 1.5)
(59.2 2.8 1.5)
(59.6 2.8 1.5)
(60 2.8 1.5)
(38.4 3.2 1.5)
(38.8 3.2 1.5)
(39.2 3.2 1.5)
(39.6 3.2 1.5)
(40 3.2 1.5)
(40.4 3.2 1.5)
(40.8 3.2 1.5)
(41.2 3.2 1.5)
(41.6 3.2 1.5)
(42 3.2 1.5)
(42.4 3.2 1.5)
(42.8 3.2 1.5)
(43.2 3.2 1.5)
(43.6 3.2 1.5)
(44 3.2 1.5)
(44.4 3.2 1.5)
(44.8 3.2 1.5)
(45.2 3.2 1.5)
(45.6 3.2 1.5)
(46 3.2 1.5)
(46.4 3.2 1.5)
(46.8 3.2 1.5)
(47.2 3.2 1.5)
(47.6 3.2 1.5)
(48 3.2 1.5)
(48.4 3.2 1.5)
(48.8 3.2 1.5)
(49.2 3.2 1.5)
(49.6 3.2 1.5)
(50 3.2 1.5)
(50.4 3.2 1.5)
(50.8 3.2 1.5)
(51.2 3.2 1.5)
(51.6 3.2 1.5)
(52 3.2 1.5)
(52.4 3.2 1.5)
(52.8 3.2 1.5)
(53.2 3.2 1.5)
(53.6 3.2 1.5)
(54 3.2 1.5)
(54.4 3.2 1.5)
(54.8 3.2 1.5)
(55.2 3.2 1.5)
(55.6 3.2 1.5)
(56 3.2 1.5)
(56.4 3.2 1.5)
(56.8 3.2 1.5)
(57.2 3.2 1.5)
(57.6 3.2 1.5)
(58 3.2 1.5)
(58.4 3.2 1.5)
(58.8 3.2 1.5)
(59.2 3.2 1.5)
(59.6 3.2 1.5)
(60 3.2 1.5)
(38.4 3.6 1.5)
(38.8 3.6 1.5)
(39.2 3.6 1.5)
(39.6 3.6 1.5)
(40 3.6 1.5)
(40.4 3.6 1.5)
(40.8 3.6 1.5)
(41.2 3.6 1.5)
(41.6 3.6 1.5)
(42 3.6 1.5)
(42.4 3.6 1.5)
(42.8 3.6 1.5)
(43.2 3.6 1.5)
(43.6 3.6 1.5)
(44 3.6 1.5)
(44.4 3.6 1.5)
(44.8 3.6 1.5)
(45.2 3.6 1.5)
(45.6 3.6 1.5)
(46 3.6 1.5)
(46.4 3.6 1.5)
(46.8 3.6 1.5)
(47.2 3.6 1.5)
(47.6 3.6 1.5)
(48 3.6 1.5)
(48.4 3.6 1.5)
(48.8 3.6 1.5)
(49.2 3.6 1.5)
(49.6 3.6 1.5)
(50 3.6 1.5)
(50.4 3.6 1.5)
(50.8 3.6 1.5)
(51.2 3.6 1.5)
(51.6 3.6 1.5)
(52 3.6 1.5)
(52.4 3.6 1.5)
(52.8 3.6 1.5)
(53.2 3.6 1.5)
(53.6 3.6 1.5)
(54 3.6 1.5)
(54.4 3.6 1.5)
(54.8 3.6 1.5)
(55.2 3.6 1.5)
(55.6 3.6 1.5)
(56 3.6 1.5)
(56.4 3.6 1.5)
(56.8 3.6 1.5)
(57.2 3.6 1.5)
(57.6 3.6 1.5)
(58 3.6 1.5)
(58.4 3.6 1.5)
(58.8 3.6 1.5)
(59.2 3.6 1.5)
(59.6 3.6 1.5)
(60 3.6 1.5)
(38.4 4 1.5)
(38.8 4 1.5)
(39.2 4 1.5)
(39.6 4 1.5)
(40 4 1.5)
(40.4 4 1.5)
(40.8 4 1.5)
(41.2 4 1.5)
(41.6 4 1.5)
(42 4 1.5)
(42.4 4 1.5)
(42.8 4 1.5)
(43.2 4 1.5)
(43.6 4 1.5)
(44 4 1.5)
(44.4 4 1.5)
(44.8 4 1.5)
(45.2 4 1.5)
(45.6 4 1.5)
(46 4 1.5)
(46.4 4 1.5)
(46.8 4 1.5)
(47.2 4 1.5)
(47.6 4 1.5)
(48 4 1.5)
(48.4 4 1.5)
(48.8 4 1.5)
(49.2 4 1.5)
(49.6 4 1.5)
(50 4 1.5)
(50.4 4 1.5)
(50.8 4 1.5)
(51.2 4 1.5)
(51.6 4 1.5)
(52 4 1.5)
(52.4 4 1.5)
(52.8 4 1.5)
(53.2 4 1.5)
(53.6 4 1.5)
(54 4 1.5)
(54.4 4 1.5)
(54.8 4 1.5)
(55.2 4 1.5)
(55.6 4 1.5)
(56 4 1.5)
(56.4 4 1.5)
(56.8 4 1.5)
(57.2 4 1.5)
(57.6 4 1.5)
(58 4 1.5)
(58.4 4 1.5)
(58.8 4 1.5)
(59.2 4 1.5)
(59.6 4 1.5)
(60 4 1.5)
(38.4 0 1.875)
(38.8 0 1.875)
(39.2 0 1.875)
(39.6 0 1.875)
(40 0 1.875)
(40.4 0 1.875)
(40.8 0 1.875)
(41.2 0 1.875)
(41.6 0 1.875)
(42 0 1.875)
(42.4 0 1.875)
(42.8 0 1.875)
(43.2 0 1.875)
(43.6 0 1.875)
(44 0 1.875)
(44.4 0 1.875)
(44.8 0 1.875)
(45.2 0 1.875)
(45.6 0 1.875)
(46 0 1.875)
(46.4 0 1.875)
(46.8 0 1.875)
(47.2 0 1.875)
(47.6 0 1.875)
(48 0 1.875)
(48.4 0 1.875)
(48.8 0 1.875)
(49.2 0 1.875)
(49.6 0 1.875)
(50 0 1.875)
(50.4 0 1.875)
(50.8 0 1.875)
(51.2 0 1.875)
(51.6 0 1.875)
(52 0 1.875)
(52.4 0 1.875)
(52.8 0 1.875)
(53.2 0 1.875)
(53.6 0 1.875)
(54 0 1.875)
(54.4 0 1.875)
(54.8 0 1.875)
(55.2 0 1.875)
(55.6 0 1.875)
(56 0 1.875)
(56.4 0 1.875)
(56.8 0 1.875)
(57.2 0 1.875)
(57.6 0 1.875)
(58 0 1.875)
(58.4 0 1.875)
(58.8 0 1.875)
(59.2 0 1.875)
(59.6 0 1.875)
(60 0 1.875)
(38.4 0.4 1.875)
(38.8 0.4 1.875)
(39.2 0.4 1.875)
(39.6 0.4 1.875)
(40 0.4 1.875)
(40.4 0.4 1.875)
(40.8 0.4 1.875)
(41.2 0.4 1.875)
(41.6 0.4 1.875)
(42 0.4 1.875)
(42.4 0.4 1.875)
(42.8 0.4 1.875)
(43.2 0.4 1.875)
(43.6 0.4 1.875)
(44 0.4 1.875)
(44.4 0.4 1.875)
(44.8 0.4 1.875)
(45.2 0.4 1.875)
(45.6 0.4 1.875)
(46 0.4 1.875)
(46.4 0.4 1.875)
(46.8 0.4 1.875)
(47.2 0.4 1.875)
(47.6 0.4 1.875)
(48 0.4 1.875)
(48.4 0.4 1.875)
(48.8 0.4 1.875)
(49.2 0.4 1.875)
(49.6 0.4 1.875)
(50 0.4 1.875)
(50.4 0.4 1.875)
(50.8 0.4 1.875)
(51.2 0.4 1.875)
(51.6 0.4 1.875)
(52 0.4 1.875)
(52.4 0.4 1.875)
(52.8 0.4 1.875)
(53.2 0.4 1.875)
(53.6 0.4 1.875)
(54 0.4 1.875)
(54.4 0.4 1.875)
(54.8 0.4 1.875)
(55.2 0.4 1.875)
(55.6 0.4 1.875)
(56 0.4 1.875)
(56.4 0.4 1.875)
(56.8 0.4 1.875)
(57.2 0.4 1.875)
(57.6 0.4 1.875)
(58 0.4 1.875)
(58.4 0.4 1.875)
(58.8 0.4 1.875)
(59.2 0.4 1.875)
(59.6 0.4 1.875)
(60 0.4 1.875)
(38.4 0.8 1.875)
(38.8 0.8 1.875)
(39.2 0.8 1.875)
(39.6 0.8 1.875)
(40 0.8 1.875)
(40.4 0.8 1.875)
(40.8 0.8 1.875)
(41.2 0.8 1.875)
(41.6 0.8 1.875)
(42 0.8 1.875)
(42.4 0.8 1.875)
(42.8 0.8 1.875)
(43.2 0.8 1.875)
(43.6 0.8 1.875)
(44 0.8 1.875)
(44.4 0.8 1.875)
(44.8 0.8 1.875)
(45.2 0.8 1.875)
(45.6 0.8 1.875)
(46 0.8 1.875)
(46.4 0.8 1.875)
(46.8 0.8 1.875)
(47.2 0.8 1.875)
(47.6 0.8 1.875)
(48 0.8 1.875)
(48.4 0.8 1.875)
(48.8 0.8 1.875)
(49.2 0.8 1.875)
(49.6 0.8 1.875)
(50 0.8 1.875)
(50.4 0.8 1.875)
(50.8 0.8 1.875)
(51.2 0.8 1.875)
(51.6 0.8 1.875)
(52 0.8 1.875)
(52.4 0.8 1.875)
(52.8 0.8 1.875)
(53.2 0.8 1.875)
(53.6 0.8 1.875)
(54 0.8 1.875)
(54.4 0.8 1.875)
(54.8 0.8 1.875)
(55.2 0.8 1.875)
(55.6 0.8 1.875)
(56 0.8 1.875)
(56.4 0.8 1.875)
(56.8 0.8 1.875)
(57.2 0.8 1.875)
(57.6 0.8 1.875)
(58 0.8 1.875)
(58.4 0.8 1.875)
(58.8 0.8 1.875)
(59.2 0.8 1.875)
(59.6 0.8 1.875)
(60 0.8 1.875)
(38.4 1.2 1.875)
(38.8 1.2 1.875)
(39.2 1.2 1.875)
(39.6 1.2 1.875)
(40 1.2 1.875)
(40.4 1.2 1.875)
(40.8 1.2 1.875)
(41.2 1.2 1.875)
(41.6 1.2 1.875)
(42 1.2 1.875)
(42.4 1.2 1.875)
(42.8 1.2 1.875)
(43.2 1.2 1.875)
(43.6 1.2 1.875)
(44 1.2 1.875)
(44.4 1.2 1.875)
(44.8 1.2 1.875)
(45.2 1.2 1.875)
(45.6 1.2 1.875)
(46 1.2 1.875)
(46.4 1.2 1.875)
(46.8 1.2 1.875)
(47.2 1.2 1.875)
(47.6 1.2 1.875)
(48 1.2 1.875)
(48.4 1.2 1.875)
(48.8 1.2 1.875)
(49.2 1.2 1.875)
(49.6 1.2 1.875)
(50 1.2 1.875)
(50.4 1.2 1.875)
(50.8 1.2 1.875)
(51.2 1.2 1.875)
(51.6 1.2 1.875)
(52 1.2 1.875)
(52.4 1.2 1.875)
(52.8 1.2 1.875)
(53.2 1.2 1.875)
(53.6 1.2 1.875)
(54 1.2 1.875)
(54.4 1.2 1.875)
(54.8 1.2 1.875)
(55.2 1.2 1.875)
(55.6 1.2 1.875)
(56 1.2 1.875)
(56.4 1.2 1.875)
(56.8 1.2 1.875)
(57.2 1.2 1.875)
(57.6 1.2 1.875)
(58 1.2 1.875)
(58.4 1.2 1.875)
(58.8 1.2 1.875)
(59.2 1.2 1.875)
(59.6 1.2 1.875)
(60 1.2 1.875)
(38.4 1.6 1.875)
(38.8 1.6 1.875)
(39.2 1.6 1.875)
(39.6 1.6 1.875)
(40 1.6 1.875)
(40.4 1.6 1.875)
(40.8 1.6 1.875)
(41.2 1.6 1.875)
(41.6 1.6 1.875)
(42 1.6 1.875)
(42.4 1.6 1.875)
(42.8 1.6 1.875)
(43.2 1.6 1.875)
(43.6 1.6 1.875)
(44 1.6 1.875)
(44.4 1.6 1.875)
(44.8 1.6 1.875)
(45.2 1.6 1.875)
(45.6 1.6 1.875)
(46 1.6 1.875)
(46.4 1.6 1.875)
(46.8 1.6 1.875)
(47.2 1.6 1.875)
(47.6 1.6 1.875)
(48 1.6 1.875)
(48.4 1.6 1.875)
(48.8 1.6 1.875)
(49.2 1.6 1.875)
(49.6 1.6 1.875)
(50 1.6 1.875)
(50.4 1.6 1.875)
(50.8 1.6 1.875)
(51.2 1.6 1.875)
(51.6 1.6 1.875)
(52 1.6 1.875)
(52.4 1.6 1.875)
(52.8 1.6 1.875)
(53.2 1.6 1.875)
(53.6 1.6 1.875)
(54 1.6 1.875)
(54.4 1.6 1.875)
(54.8 1.6 1.875)
(55.2 1.6 1.875)
(55.6 1.6 1.875)
(56 1.6 1.875)
(56.4 1.6 1.875)
(56.8 1.6 1.875)
(57.2 1.6 1.875)
(57.6 1.6 1.875)
(58 1.6 1.875)
(58.4 1.6 1.875)
(58.8 1.6 1.875)
(59.2 1.6 1.875)
(59.6 1.6 1.875)
(60 1.6 1.875)
(38.4 2 1.875)
(38.8 2 1.875)
(39.2 2 1.875)
(39.6 2 1.875)
(40 2 1.875)
(40.4 2 1.875)
(40.8 2 1.875)
(41.2 2 1.875)
(41.6 2 1.875)
(42 2 1.875)
(42.4 2 1.875)
(42.8 2 1.875)
(43.2 2 1.875)
(43.6 2 1.875)
(44 2 1.875)
(44.4 2 1.875)
(44.8 2 1.875)
(45.2 2 1.875)
(45.6 2 1.875)
(46 2 1.875)
(46.4 2 1.875)
(46.8 2 1.875)
(47.2 2 1.875)
(47.6 2 1.875)
(48 2 1.875)
(48.4 2 1.875)
(48.8 2 1.875)
(49.2 2 1.875)
(49.6 2 1.875)
(50 2 1.875)
(50.4 2 1.875)
(50.8 2 1.875)
(51.2 2 1.875)
(51.6 2 1.875)
(52 2 1.875)
(52.4 2 1.875)
(52.8 2 1.875)
(53.2 2 1.875)
(53.6 2 1.875)
(54 2 1.875)
(54.4 2 1.875)
(54.8 2 1.875)
(55.2 2 1.875)
(55.6 2 1.875)
(56 2 1.875)
(56.4 2 1.875)
(56.8 2 1.875)
(57.2 2 1.875)
(57.6 2 1.875)
(58 2 1.875)
(58.4 2 1.875)
(58.8 2 1.875)
(59.2 2 1.875)
(59.6 2 1.875)
(60 2 1.875)
(38.4 2.4 1.875)
(38.8 2.4 1.875)
(39.2 2.4 1.875)
(39.6 2.4 1.875)
(40 2.4 1.875)
(40.4 2.4 1.875)
(40.8 2.4 1.875)
(41.2 2.4 1.875)
(41.6 2.4 1.875)
(42 2.4 1.875)
(42.4 2.4 1.875)
(42.8 2.4 1.875)
(43.2 2.4 1.875)
(43.6 2.4 1.875)
(44 2.4 1.875)
(44.4 2.4 1.875)
(44.8 2.4 1.875)
(45.2 2.4 1.875)
(45.6 2.4 1.875)
(46 2.4 1.875)
(46.4 2.4 1.875)
(46.8 2.4 1.875)
(47.2 2.4 1.875)
(47.6 2.4 1.875)
(48 2.4 1.875)
(48.4 2.4 1.875)
(48.8 2.4 1.875)
(49.2 2.4 1.875)
(49.6 2.4 1.875)
(50 2.4 1.875)
(50.4 2.4 1.875)
(50.8 2.4 1.875)
(51.2 2.4 1.875)
(51.6 2.4 1.875)
(52 2.4 1.875)
(52.4 2.4 1.875)
(52.8 2.4 1.875)
(53.2 2.4 1.875)
(53.6 2.4 1.875)
(54 2.4 1.875)
(54.4 2.4 1.875)
(54.8 2.4 1.875)
(55.2 2.4 1.875)
(55.6 2.4 1.875)
(56 2.4 1.875)
(56.4 2.4 1.875)
(56.8 2.4 1.875)
(57.2 2.4 1.875)
(57.6 2.4 1.875)
(58 2.4 1.875)
(58.4 2.4 1.875)
(58.8 2.4 1.875)
(59.2 2.4 1.875)
(59.6 2.4 1.875)
(60 2.4 1.875)
(38.4 2.8 1.875)
(38.8 2.8 1.875)
(39.2 2.8 1.875)
(39.6 2.8 1.875)
(40 2.8 1.875)
(40.4 2.8 1.875)
(40.8 2.8 1.875)
(41.2 2.8 1.875)
(41.6 2.8 1.875)
(42 2.8 1.875)
(42.4 2.8 1.875)
(42.8 2.8 1.875)
(43.2 2.8 1.875)
(43.6 2.8 1.875)
(44 2.8 1.875)
(44.4 2.8 1.875)
(44.8 2.8 1.875)
(45.2 2.8 1.875)
(45.6 2.8 1.875)
(46 2.8 1.875)
(46.4 2.8 1.875)
(46.8 2.8 1.875)
(47.2 2.8 1.875)
(47.6 2.8 1.875)
(48 2.8 1.875)
(48.4 2.8 1.875)
(48.8 2.8 1.875)
(49.2 2.8 1.875)
(49.6 2.8 1.875)
(50 2.8 1.875)
(50.4 2.8 1.875)
(50.8 2.8 1.875)
(51.2 2.8 1.875)
(51.6 2.8 1.875)
(52 2.8 1.875)
(52.4 2.8 1.875)
(52.8 2.8 1.875)
(53.2 2.8 1.875)
(53.6 2.8 1.875)
(54 2.8 1.875)
(54.4 2.8 1.875)
(54.8 2.8 1.875)
(55.2 2.8 1.875)
(55.6 2.8 1.875)
(56 2.8 1.875)
(56.4 2.8 1.875)
(56.8 2.8 1.875)
(57.2 2.8 1.875)
(57.6 2.8 1.875)
(58 2.8 1.875)
(58.4 2.8 1.875)
(58.8 2.8 1.875)
(59.2 2.8 1.875)
(59.6 2.8 1.875)
(60 2.8 1.875)
(38.4 3.2 1.875)
(38.8 3.2 1.875)
(39.2 3.2 1.875)
(39.6 3.2 1.875)
(40 3.2 1.875)
(40.4 3.2 1.875)
(40.8 3.2 1.875)
(41.2 3.2 1.875)
(41.6 3.2 1.875)
(42 3.2 1.875)
(42.4 3.2 1.875)
(42.8 3.2 1.875)
(43.2 3.2 1.875)
(43.6 3.2 1.875)
(44 3.2 1.875)
(44.4 3.2 1.875)
(44.8 3.2 1.875)
(45.2 3.2 1.875)
(45.6 3.2 1.875)
(46 3.2 1.875)
(46.4 3.2 1.875)
(46.8 3.2 1.875)
(47.2 3.2 1.875)
(47.6 3.2 1.875)
(48 3.2 1.875)
(48.4 3.2 1.875)
(48.8 3.2 1.875)
(49.2 3.2 1.875)
(49.6 3.2 1.875)
(50 3.2 1.875)
(50.4 3.2 1.875)
(50.8 3.2 1.875)
(51.2 3.2 1.875)
(51.6 3.2 1.875)
(52 3.2 1.875)
(52.4 3.2 1.875)
(52.8 3.2 1.875)
(53.2 3.2 1.875)
(53.6 3.2 1.875)
(54 3.2 1.875)
(54.4 3.2 1.875)
(54.8 3.2 1.875)
(55.2 3.2 1.875)
(55.6 3.2 1.875)
(56 3.2 1.875)
(56.4 3.2 1.875)
(56.8 3.2 1.875)
(57.2 3.2 1.875)
(57.6 3.2 1.875)
(58 3.2 1.875)
(58.4 3.2 1.875)
(58.8 3.2 1.875)
(59.2 3.2 1.875)
(59.6 3.2 1.875)
(60 3.2 1.875)
(38.4 3.6 1.875)
(38.8 3.6 1.875)
(39.2 3.6 1.875)
(39.6 3.6 1.875)
(40 3.6 1.875)
(40.4 3.6 1.875)
(40.8 3.6 1.875)
(41.2 3.6 1.875)
(41.6 3.6 1.875)
(42 3.6 1.875)
(42.4 3.6 1.875)
(42.8 3.6 1.875)
(43.2 3.6 1.875)
(43.6 3.6 1.875)
(44 3.6 1.875)
(44.4 3.6 1.875)
(44.8 3.6 1.875)
(45.2 3.6 1.875)
(45.6 3.6 1.875)
(46 3.6 1.875)
(46.4 3.6 1.875)
(46.8 3.6 1.875)
(47.2 3.6 1.875)
(47.6 3.6 1.875)
(48 3.6 1.875)
(48.4 3.6 1.875)
(48.8 3.6 1.875)
(49.2 3.6 1.875)
(49.6 3.6 1.875)
(50 3.6 1.875)
(50.4 3.6 1.875)
(50.8 3.6 1.875)
(51.2 3.6 1.875)
(51.6 3.6 1.875)
(52 3.6 1.875)
(52.4 3.6 1.875)
(52.8 3.6 1.875)
(53.2 3.6 1.875)
(53.6 3.6 1.875)
(54 3.6 1.875)
(54.4 3.6 1.875)
(54.8 3.6 1.875)
(55.2 3.6 1.875)
(55.6 3.6 1.875)
(56 3.6 1.875)
(56.4 3.6 1.875)
(56.8 3.6 1.875)
(57.2 3.6 1.875)
(57.6 3.6 1.875)
(58 3.6 1.875)
(58.4 3.6 1.875)
(58.8 3.6 1.875)
(59.2 3.6 1.875)
(59.6 3.6 1.875)
(60 3.6 1.875)
(38.4 4 1.875)
(38.8 4 1.875)
(39.2 4 1.875)
(39.6 4 1.875)
(40 4 1.875)
(40.4 4 1.875)
(40.8 4 1.875)
(41.2 4 1.875)
(41.6 4 1.875)
(42 4 1.875)
(42.4 4 1.875)
(42.8 4 1.875)
(43.2 4 1.875)
(43.6 4 1.875)
(44 4 1.875)
(44.4 4 1.875)
(44.8 4 1.875)
(45.2 4 1.875)
(45.6 4 1.875)
(46 4 1.875)
(46.4 4 1.875)
(46.8 4 1.875)
(47.2 4 1.875)
(47.6 4 1.875)
(48 4 1.875)
(48.4 4 1.875)
(48.8 4 1.875)
(49.2 4 1.875)
(49.6 4 1.875)
(50 4 1.875)
(50.4 4 1.875)
(50.8 4 1.875)
(51.2 4 1.875)
(51.6 4 1.875)
(52 4 1.875)
(52.4 4 1.875)
(52.8 4 1.875)
(53.2 4 1.875)
(53.6 4 1.875)
(54 4 1.875)
(54.4 4 1.875)
(54.8 4 1.875)
(55.2 4 1.875)
(55.6 4 1.875)
(56 4 1.875)
(56.4 4 1.875)
(56.8 4 1.875)
(57.2 4 1.875)
(57.6 4 1.875)
(58 4 1.875)
(58.4 4 1.875)
(58.8 4 1.875)
(59.2 4 1.875)
(59.6 4 1.875)
(60 4 1.875)
(38.4 0 2.25)
(38.8 0 2.25)
(39.2 0 2.25)
(39.6 0 2.25)
(40 0 2.25)
(40.4 0 2.25)
(40.8 0 2.25)
(41.2 0 2.25)
(41.6 0 2.25)
(42 0 2.25)
(42.4 0 2.25)
(42.8 0 2.25)
(43.2 0 2.25)
(43.6 0 2.25)
(44 0 2.25)
(44.4 0 2.25)
(44.8 0 2.25)
(45.2 0 2.25)
(45.6 0 2.25)
(46 0 2.25)
(46.4 0 2.25)
(46.8 0 2.25)
(47.2 0 2.25)
(47.6 0 2.25)
(48 0 2.25)
(48.4 0 2.25)
(48.8 0 2.25)
(49.2 0 2.25)
(49.6 0 2.25)
(50 0 2.25)
(50.4 0 2.25)
(50.8 0 2.25)
(51.2 0 2.25)
(51.6 0 2.25)
(52 0 2.25)
(52.4 0 2.25)
(52.8 0 2.25)
(53.2 0 2.25)
(53.6 0 2.25)
(54 0 2.25)
(54.4 0 2.25)
(54.8 0 2.25)
(55.2 0 2.25)
(55.6 0 2.25)
(56 0 2.25)
(56.4 0 2.25)
(56.8 0 2.25)
(57.2 0 2.25)
(57.6 0 2.25)
(58 0 2.25)
(58.4 0 2.25)
(58.8 0 2.25)
(59.2 0 2.25)
(59.6 0 2.25)
(60 0 2.25)
(38.4 0.4 2.25)
(38.8 0.4 2.25)
(39.2 0.4 2.25)
(39.6 0.4 2.25)
(40 0.4 2.25)
(40.4 0.4 2.25)
(40.8 0.4 2.25)
(41.2 0.4 2.25)
(41.6 0.4 2.25)
(42 0.4 2.25)
(42.4 0.4 2.25)
(42.8 0.4 2.25)
(43.2 0.4 2.25)
(43.6 0.4 2.25)
(44 0.4 2.25)
(44.4 0.4 2.25)
(44.8 0.4 2.25)
(45.2 0.4 2.25)
(45.6 0.4 2.25)
(46 0.4 2.25)
(46.4 0.4 2.25)
(46.8 0.4 2.25)
(47.2 0.4 2.25)
(47.6 0.4 2.25)
(48 0.4 2.25)
(48.4 0.4 2.25)
(48.8 0.4 2.25)
(49.2 0.4 2.25)
(49.6 0.4 2.25)
(50 0.4 2.25)
(50.4 0.4 2.25)
(50.8 0.4 2.25)
(51.2 0.4 2.25)
(51.6 0.4 2.25)
(52 0.4 2.25)
(52.4 0.4 2.25)
(52.8 0.4 2.25)
(53.2 0.4 2.25)
(53.6 0.4 2.25)
(54 0.4 2.25)
(54.4 0.4 2.25)
(54.8 0.4 2.25)
(55.2 0.4 2.25)
(55.6 0.4 2.25)
(56 0.4 2.25)
(56.4 0.4 2.25)
(56.8 0.4 2.25)
(57.2 0.4 2.25)
(57.6 0.4 2.25)
(58 0.4 2.25)
(58.4 0.4 2.25)
(58.8 0.4 2.25)
(59.2 0.4 2.25)
(59.6 0.4 2.25)
(60 0.4 2.25)
(38.4 0.8 2.25)
(38.8 0.8 2.25)
(39.2 0.8 2.25)
(39.6 0.8 2.25)
(40 0.8 2.25)
(40.4 0.8 2.25)
(40.8 0.8 2.25)
(41.2 0.8 2.25)
(41.6 0.8 2.25)
(42 0.8 2.25)
(42.4 0.8 2.25)
(42.8 0.8 2.25)
(43.2 0.8 2.25)
(43.6 0.8 2.25)
(44 0.8 2.25)
(44.4 0.8 2.25)
(44.8 0.8 2.25)
(45.2 0.8 2.25)
(45.6 0.8 2.25)
(46 0.8 2.25)
(46.4 0.8 2.25)
(46.8 0.8 2.25)
(47.2 0.8 2.25)
(47.6 0.8 2.25)
(48 0.8 2.25)
(48.4 0.8 2.25)
(48.8 0.8 2.25)
(49.2 0.8 2.25)
(49.6 0.8 2.25)
(50 0.8 2.25)
(50.4 0.8 2.25)
(50.8 0.8 2.25)
(51.2 0.8 2.25)
(51.6 0.8 2.25)
(52 0.8 2.25)
(52.4 0.8 2.25)
(52.8 0.8 2.25)
(53.2 0.8 2.25)
(53.6 0.8 2.25)
(54 0.8 2.25)
(54.4 0.8 2.25)
(54.8 0.8 2.25)
(55.2 0.8 2.25)
(55.6 0.8 2.25)
(56 0.8 2.25)
(56.4 0.8 2.25)
(56.8 0.8 2.25)
(57.2 0.8 2.25)
(57.6 0.8 2.25)
(58 0.8 2.25)
(58.4 0.8 2.25)
(58.8 0.8 2.25)
(59.2 0.8 2.25)
(59.6 0.8 2.25)
(60 0.8 2.25)
(38.4 1.2 2.25)
(38.8 1.2 2.25)
(39.2 1.2 2.25)
(39.6 1.2 2.25)
(40 1.2 2.25)
(40.4 1.2 2.25)
(40.8 1.2 2.25)
(41.2 1.2 2.25)
(41.6 1.2 2.25)
(42 1.2 2.25)
(42.4 1.2 2.25)
(42.8 1.2 2.25)
(43.2 1.2 2.25)
(43.6 1.2 2.25)
(44 1.2 2.25)
(44.4 1.2 2.25)
(44.8 1.2 2.25)
(45.2 1.2 2.25)
(45.6 1.2 2.25)
(46 1.2 2.25)
(46.4 1.2 2.25)
(46.8 1.2 2.25)
(47.2 1.2 2.25)
(47.6 1.2 2.25)
(48 1.2 2.25)
(48.4 1.2 2.25)
(48.8 1.2 2.25)
(49.2 1.2 2.25)
(49.6 1.2 2.25)
(50 1.2 2.25)
(50.4 1.2 2.25)
(50.8 1.2 2.25)
(51.2 1.2 2.25)
(51.6 1.2 2.25)
(52 1.2 2.25)
(52.4 1.2 2.25)
(52.8 1.2 2.25)
(53.2 1.2 2.25)
(53.6 1.2 2.25)
(54 1.2 2.25)
(54.4 1.2 2.25)
(54.8 1.2 2.25)
(55.2 1.2 2.25)
(55.6 1.2 2.25)
(56 1.2 2.25)
(56.4 1.2 2.25)
(56.8 1.2 2.25)
(57.2 1.2 2.25)
(57.6 1.2 2.25)
(58 1.2 2.25)
(58.4 1.2 2.25)
(58.8 1.2 2.25)
(59.2 1.2 2.25)
(59.6 1.2 2.25)
(60 1.2 2.25)
(38.4 1.6 2.25)
(38.8 1.6 2.25)
(39.2 1.6 2.25)
(39.6 1.6 2.25)
(40 1.6 2.25)
(40.4 1.6 2.25)
(40.8 1.6 2.25)
(41.2 1.6 2.25)
(41.6 1.6 2.25)
(42 1.6 2.25)
(42.4 1.6 2.25)
(42.8 1.6 2.25)
(43.2 1.6 2.25)
(43.6 1.6 2.25)
(44 1.6 2.25)
(44.4 1.6 2.25)
(44.8 1.6 2.25)
(45.2 1.6 2.25)
(45.6 1.6 2.25)
(46 1.6 2.25)
(46.4 1.6 2.25)
(46.8 1.6 2.25)
(47.2 1.6 2.25)
(47.6 1.6 2.25)
(48 1.6 2.25)
(48.4 1.6 2.25)
(48.8 1.6 2.25)
(49.2 1.6 2.25)
(49.6 1.6 2.25)
(50 1.6 2.25)
(50.4 1.6 2.25)
(50.8 1.6 2.25)
(51.2 1.6 2.25)
(51.6 1.6 2.25)
(52 1.6 2.25)
(52.4 1.6 2.25)
(52.8 1.6 2.25)
(53.2 1.6 2.25)
(53.6 1.6 2.25)
(54 1.6 2.25)
(54.4 1.6 2.25)
(54.8 1.6 2.25)
(55.2 1.6 2.25)
(55.6 1.6 2.25)
(56 1.6 2.25)
(56.4 1.6 2.25)
(56.8 1.6 2.25)
(57.2 1.6 2.25)
(57.6 1.6 2.25)
(58 1.6 2.25)
(58.4 1.6 2.25)
(58.8 1.6 2.25)
(59.2 1.6 2.25)
(59.6 1.6 2.25)
(60 1.6 2.25)
(38.4 2 2.25)
(38.8 2 2.25)
(39.2 2 2.25)
(39.6 2 2.25)
(40 2 2.25)
(40.4 2 2.25)
(40.8 2 2.25)
(41.2 2 2.25)
(41.6 2 2.25)
(42 2 2.25)
(42.4 2 2.25)
(42.8 2 2.25)
(43.2 2 2.25)
(43.6 2 2.25)
(44 2 2.25)
(44.4 2 2.25)
(44.8 2 2.25)
(45.2 2 2.25)
(45.6 2 2.25)
(46 2 2.25)
(46.4 2 2.25)
(46.8 2 2.25)
(47.2 2 2.25)
(47.6 2 2.25)
(48 2 2.25)
(48.4 2 2.25)
(48.8 2 2.25)
(49.2 2 2.25)
(49.6 2 2.25)
(50 2 2.25)
(50.4 2 2.25)
(50.8 2 2.25)
(51.2 2 2.25)
(51.6 2 2.25)
(52 2 2.25)
(52.4 2 2.25)
(52.8 2 2.25)
(53.2 2 2.25)
(53.6 2 2.25)
(54 2 2.25)
(54.4 2 2.25)
(54.8 2 2.25)
(55.2 2 2.25)
(55.6 2 2.25)
(56 2 2.25)
(56.4 2 2.25)
(56.8 2 2.25)
(57.2 2 2.25)
(57.6 2 2.25)
(58 2 2.25)
(58.4 2 2.25)
(58.8 2 2.25)
(59.2 2 2.25)
(59.6 2 2.25)
(60 2 2.25)
(38.4 2.4 2.25)
(38.8 2.4 2.25)
(39.2 2.4 2.25)
(39.6 2.4 2.25)
(40 2.4 2.25)
(40.4 2.4 2.25)
(40.8 2.4 2.25)
(41.2 2.4 2.25)
(41.6 2.4 2.25)
(42 2.4 2.25)
(42.4 2.4 2.25)
(42.8 2.4 2.25)
(43.2 2.4 2.25)
(43.6 2.4 2.25)
(44 2.4 2.25)
(44.4 2.4 2.25)
(44.8 2.4 2.25)
(45.2 2.4 2.25)
(45.6 2.4 2.25)
(46 2.4 2.25)
(46.4 2.4 2.25)
(46.8 2.4 2.25)
(47.2 2.4 2.25)
(47.6 2.4 2.25)
(48 2.4 2.25)
(48.4 2.4 2.25)
(48.8 2.4 2.25)
(49.2 2.4 2.25)
(49.6 2.4 2.25)
(50 2.4 2.25)
(50.4 2.4 2.25)
(50.8 2.4 2.25)
(51.2 2.4 2.25)
(51.6 2.4 2.25)
(52 2.4 2.25)
(52.4 2.4 2.25)
(52.8 2.4 2.25)
(53.2 2.4 2.25)
(53.6 2.4 2.25)
(54 2.4 2.25)
(54.4 2.4 2.25)
(54.8 2.4 2.25)
(55.2 2.4 2.25)
(55.6 2.4 2.25)
(56 2.4 2.25)
(56.4 2.4 2.25)
(56.8 2.4 2.25)
(57.2 2.4 2.25)
(57.6 2.4 2.25)
(58 2.4 2.25)
(58.4 2.4 2.25)
(58.8 2.4 2.25)
(59.2 2.4 2.25)
(59.6 2.4 2.25)
(60 2.4 2.25)
(38.4 2.8 2.25)
(38.8 2.8 2.25)
(39.2 2.8 2.25)
(39.6 2.8 2.25)
(40 2.8 2.25)
(40.4 2.8 2.25)
(40.8 2.8 2.25)
(41.2 2.8 2.25)
(41.6 2.8 2.25)
(42 2.8 2.25)
(42.4 2.8 2.25)
(42.8 2.8 2.25)
(43.2 2.8 2.25)
(43.6 2.8 2.25)
(44 2.8 2.25)
(44.4 2.8 2.25)
(44.8 2.8 2.25)
(45.2 2.8 2.25)
(45.6 2.8 2.25)
(46 2.8 2.25)
(46.4 2.8 2.25)
(46.8 2.8 2.25)
(47.2 2.8 2.25)
(47.6 2.8 2.25)
(48 2.8 2.25)
(48.4 2.8 2.25)
(48.8 2.8 2.25)
(49.2 2.8 2.25)
(49.6 2.8 2.25)
(50 2.8 2.25)
(50.4 2.8 2.25)
(50.8 2.8 2.25)
(51.2 2.8 2.25)
(51.6 2.8 2.25)
(52 2.8 2.25)
(52.4 2.8 2.25)
(52.8 2.8 2.25)
(53.2 2.8 2.25)
(53.6 2.8 2.25)
(54 2.8 2.25)
(54.4 2.8 2.25)
(54.8 2.8 2.25)
(55.2 2.8 2.25)
(55.6 2.8 2.25)
(56 2.8 2.25)
(56.4 2.8 2.25)
(56.8 2.8 2.25)
(57.2 2.8 2.25)
(57.6 2.8 2.25)
(58 2.8 2.25)
(58.4 2.8 2.25)
(58.8 2.8 2.25)
(59.2 2.8 2.25)
(59.6 2.8 2.25)
(60 2.8 2.25)
(38.4 3.2 2.25)
(38.8 3.2 2.25)
(39.2 3.2 2.25)
(39.6 3.2 2.25)
(40 3.2 2.25)
(40.4 3.2 2.25)
(40.8 3.2 2.25)
(41.2 3.2 2.25)
(41.6 3.2 2.25)
(42 3.2 2.25)
(42.4 3.2 2.25)
(42.8 3.2 2.25)
(43.2 3.2 2.25)
(43.6 3.2 2.25)
(44 3.2 2.25)
(44.4 3.2 2.25)
(44.8 3.2 2.25)
(45.2 3.2 2.25)
(45.6 3.2 2.25)
(46 3.2 2.25)
(46.4 3.2 2.25)
(46.8 3.2 2.25)
(47.2 3.2 2.25)
(47.6 3.2 2.25)
(48 3.2 2.25)
(48.4 3.2 2.25)
(48.8 3.2 2.25)
(49.2 3.2 2.25)
(49.6 3.2 2.25)
(50 3.2 2.25)
(50.4 3.2 2.25)
(50.8 3.2 2.25)
(51.2 3.2 2.25)
(51.6 3.2 2.25)
(52 3.2 2.25)
(52.4 3.2 2.25)
(52.8 3.2 2.25)
(53.2 3.2 2.25)
(53.6 3.2 2.25)
(54 3.2 2.25)
(54.4 3.2 2.25)
(54.8 3.2 2.25)
(55.2 3.2 2.25)
(55.6 3.2 2.25)
(56 3.2 2.25)
(56.4 3.2 2.25)
(56.8 3.2 2.25)
(57.2 3.2 2.25)
(57.6 3.2 2.25)
(58 3.2 2.25)
(58.4 3.2 2.25)
(58.8 3.2 2.25)
(59.2 3.2 2.25)
(59.6 3.2 2.25)
(60 3.2 2.25)
(38.4 3.6 2.25)
(38.8 3.6 2.25)
(39.2 3.6 2.25)
(39.6 3.6 2.25)
(40 3.6 2.25)
(40.4 3.6 2.25)
(40.8 3.6 2.25)
(41.2 3.6 2.25)
(41.6 3.6 2.25)
(42 3.6 2.25)
(42.4 3.6 2.25)
(42.8 3.6 2.25)
(43.2 3.6 2.25)
(43.6 3.6 2.25)
(44 3.6 2.25)
(44.4 3.6 2.25)
(44.8 3.6 2.25)
(45.2 3.6 2.25)
(45.6 3.6 2.25)
(46 3.6 2.25)
(46.4 3.6 2.25)
(46.8 3.6 2.25)
(47.2 3.6 2.25)
(47.6 3.6 2.25)
(48 3.6 2.25)
(48.4 3.6 2.25)
(48.8 3.6 2.25)
(49.2 3.6 2.25)
(49.6 3.6 2.25)
(50 3.6 2.25)
(50.4 3.6 2.25)
(50.8 3.6 2.25)
(51.2 3.6 2.25)
(51.6 3.6 2.25)
(52 3.6 2.25)
(52.4 3.6 2.25)
(52.8 3.6 2.25)
(53.2 3.6 2.25)
(53.6 3.6 2.25)
(54 3.6 2.25)
(54.4 3.6 2.25)
(54.8 3.6 2.25)
(55.2 3.6 2.25)
(55.6 3.6 2.25)
(56 3.6 2.25)
(56.4 3.6 2.25)
(56.8 3.6 2.25)
(57.2 3.6 2.25)
(57.6 3.6 2.25)
(58 3.6 2.25)
(58.4 3.6 2.25)
(58.8 3.6 2.25)
(59.2 3.6 2.25)
(59.6 3.6 2.25)
(60 3.6 2.25)
(38.4 4 2.25)
(38.8 4 2.25)
(39.2 4 2.25)
(39.6 4 2.25)
(40 4 2.25)
(40.4 4 2.25)
(40.8 4 2.25)
(41.2 4 2.25)
(41.6 4 2.25)
(42 4 2.25)
(42.4 4 2.25)
(42.8 4 2.25)
(43.2 4 2.25)
(43.6 4 2.25)
(44 4 2.25)
(44.4 4 2.25)
(44.8 4 2.25)
(45.2 4 2.25)
(45.6 4 2.25)
(46 4 2.25)
(46.4 4 2.25)
(46.8 4 2.25)
(47.2 4 2.25)
(47.6 4 2.25)
(48 4 2.25)
(48.4 4 2.25)
(48.8 4 2.25)
(49.2 4 2.25)
(49.6 4 2.25)
(50 4 2.25)
(50.4 4 2.25)
(50.8 4 2.25)
(51.2 4 2.25)
(51.6 4 2.25)
(52 4 2.25)
(52.4 4 2.25)
(52.8 4 2.25)
(53.2 4 2.25)
(53.6 4 2.25)
(54 4 2.25)
(54.4 4 2.25)
(54.8 4 2.25)
(55.2 4 2.25)
(55.6 4 2.25)
(56 4 2.25)
(56.4 4 2.25)
(56.8 4 2.25)
(57.2 4 2.25)
(57.6 4 2.25)
(58 4 2.25)
(58.4 4 2.25)
(58.8 4 2.25)
(59.2 4 2.25)
(59.6 4 2.25)
(60 4 2.25)
(38.4 0 2.625)
(38.8 0 2.625)
(39.2 0 2.625)
(39.6 0 2.625)
(40 0 2.625)
(40.4 0 2.625)
(40.8 0 2.625)
(41.2 0 2.625)
(41.6 0 2.625)
(42 0 2.625)
(42.4 0 2.625)
(42.8 0 2.625)
(43.2 0 2.625)
(43.6 0 2.625)
(44 0 2.625)
(44.4 0 2.625)
(44.8 0 2.625)
(45.2 0 2.625)
(45.6 0 2.625)
(46 0 2.625)
(46.4 0 2.625)
(46.8 0 2.625)
(47.2 0 2.625)
(47.6 0 2.625)
(48 0 2.625)
(48.4 0 2.625)
(48.8 0 2.625)
(49.2 0 2.625)
(49.6 0 2.625)
(50 0 2.625)
(50.4 0 2.625)
(50.8 0 2.625)
(51.2 0 2.625)
(51.6 0 2.625)
(52 0 2.625)
(52.4 0 2.625)
(52.8 0 2.625)
(53.2 0 2.625)
(53.6 0 2.625)
(54 0 2.625)
(54.4 0 2.625)
(54.8 0 2.625)
(55.2 0 2.625)
(55.6 0 2.625)
(56 0 2.625)
(56.4 0 2.625)
(56.8 0 2.625)
(57.2 0 2.625)
(57.6 0 2.625)
(58 0 2.625)
(58.4 0 2.625)
(58.8 0 2.625)
(59.2 0 2.625)
(59.6 0 2.625)
(60 0 2.625)
(38.4 0.4 2.625)
(38.8 0.4 2.625)
(39.2 0.4 2.625)
(39.6 0.4 2.625)
(40 0.4 2.625)
(40.4 0.4 2.625)
(40.8 0.4 2.625)
(41.2 0.4 2.625)
(41.6 0.4 2.625)
(42 0.4 2.625)
(42.4 0.4 2.625)
(42.8 0.4 2.625)
(43.2 0.4 2.625)
(43.6 0.4 2.625)
(44 0.4 2.625)
(44.4 0.4 2.625)
(44.8 0.4 2.625)
(45.2 0.4 2.625)
(45.6 0.4 2.625)
(46 0.4 2.625)
(46.4 0.4 2.625)
(46.8 0.4 2.625)
(47.2 0.4 2.625)
(47.6 0.4 2.625)
(48 0.4 2.625)
(48.4 0.4 2.625)
(48.8 0.4 2.625)
(49.2 0.4 2.625)
(49.6 0.4 2.625)
(50 0.4 2.625)
(50.4 0.4 2.625)
(50.8 0.4 2.625)
(51.2 0.4 2.625)
(51.6 0.4 2.625)
(52 0.4 2.625)
(52.4 0.4 2.625)
(52.8 0.4 2.625)
(53.2 0.4 2.625)
(53.6 0.4 2.625)
(54 0.4 2.625)
(54.4 0.4 2.625)
(54.8 0.4 2.625)
(55.2 0.4 2.625)
(55.6 0.4 2.625)
(56 0.4 2.625)
(56.4 0.4 2.625)
(56.8 0.4 2.625)
(57.2 0.4 2.625)
(57.6 0.4 2.625)
(58 0.4 2.625)
(58.4 0.4 2.625)
(58.8 0.4 2.625)
(59.2 0.4 2.625)
(59.6 0.4 2.625)
(60 0.4 2.625)
(38.4 0.8 2.625)
(38.8 0.8 2.625)
(39.2 0.8 2.625)
(39.6 0.8 2.625)
(40 0.8 2.625)
(40.4 0.8 2.625)
(40.8 0.8 2.625)
(41.2 0.8 2.625)
(41.6 0.8 2.625)
(42 0.8 2.625)
(42.4 0.8 2.625)
(42.8 0.8 2.625)
(43.2 0.8 2.625)
(43.6 0.8 2.625)
(44 0.8 2.625)
(44.4 0.8 2.625)
(44.8 0.8 2.625)
(45.2 0.8 2.625)
(45.6 0.8 2.625)
(46 0.8 2.625)
(46.4 0.8 2.625)
(46.8 0.8 2.625)
(47.2 0.8 2.625)
(47.6 0.8 2.625)
(48 0.8 2.625)
(48.4 0.8 2.625)
(48.8 0.8 2.625)
(49.2 0.8 2.625)
(49.6 0.8 2.625)
(50 0.8 2.625)
(50.4 0.8 2.625)
(50.8 0.8 2.625)
(51.2 0.8 2.625)
(51.6 0.8 2.625)
(52 0.8 2.625)
(52.4 0.8 2.625)
(52.8 0.8 2.625)
(53.2 0.8 2.625)
(53.6 0.8 2.625)
(54 0.8 2.625)
(54.4 0.8 2.625)
(54.8 0.8 2.625)
(55.2 0.8 2.625)
(55.6 0.8 2.625)
(56 0.8 2.625)
(56.4 0.8 2.625)
(56.8 0.8 2.625)
(57.2 0.8 2.625)
(57.6 0.8 2.625)
(58 0.8 2.625)
(58.4 0.8 2.625)
(58.8 0.8 2.625)
(59.2 0.8 2.625)
(59.6 0.8 2.625)
(60 0.8 2.625)
(38.4 1.2 2.625)
(38.8 1.2 2.625)
(39.2 1.2 2.625)
(39.6 1.2 2.625)
(40 1.2 2.625)
(40.4 1.2 2.625)
(40.8 1.2 2.625)
(41.2 1.2 2.625)
(41.6 1.2 2.625)
(42 1.2 2.625)
(42.4 1.2 2.625)
(42.8 1.2 2.625)
(43.2 1.2 2.625)
(43.6 1.2 2.625)
(44 1.2 2.625)
(44.4 1.2 2.625)
(44.8 1.2 2.625)
(45.2 1.2 2.625)
(45.6 1.2 2.625)
(46 1.2 2.625)
(46.4 1.2 2.625)
(46.8 1.2 2.625)
(47.2 1.2 2.625)
(47.6 1.2 2.625)
(48 1.2 2.625)
(48.4 1.2 2.625)
(48.8 1.2 2.625)
(49.2 1.2 2.625)
(49.6 1.2 2.625)
(50 1.2 2.625)
(50.4 1.2 2.625)
(50.8 1.2 2.625)
(51.2 1.2 2.625)
(51.6 1.2 2.625)
(52 1.2 2.625)
(52.4 1.2 2.625)
(52.8 1.2 2.625)
(53.2 1.2 2.625)
(53.6 1.2 2.625)
(54 1.2 2.625)
(54.4 1.2 2.625)
(54.8 1.2 2.625)
(55.2 1.2 2.625)
(55.6 1.2 2.625)
(56 1.2 2.625)
(56.4 1.2 2.625)
(56.8 1.2 2.625)
(57.2 1.2 2.625)
(57.6 1.2 2.625)
(58 1.2 2.625)
(58.4 1.2 2.625)
(58.8 1.2 2.625)
(59.2 1.2 2.625)
(59.6 1.2 2.625)
(60 1.2 2.625)
(38.4 1.6 2.625)
(38.8 1.6 2.625)
(39.2 1.6 2.625)
(39.6 1.6 2.625)
(40 1.6 2.625)
(40.4 1.6 2.625)
(40.8 1.6 2.625)
(41.2 1.6 2.625)
(41.6 1.6 2.625)
(42 1.6 2.625)
(42.4 1.6 2.625)
(42.8 1.6 2.625)
(43.2 1.6 2.625)
(43.6 1.6 2.625)
(44 1.6 2.625)
(44.4 1.6 2.625)
(44.8 1.6 2.625)
(45.2 1.6 2.625)
(45.6 1.6 2.625)
(46 1.6 2.625)
(46.4 1.6 2.625)
(46.8 1.6 2.625)
(47.2 1.6 2.625)
(47.6 1.6 2.625)
(48 1.6 2.625)
(48.4 1.6 2.625)
(48.8 1.6 2.625)
(49.2 1.6 2.625)
(49.6 1.6 2.625)
(50 1.6 2.625)
(50.4 1.6 2.625)
(50.8 1.6 2.625)
(51.2 1.6 2.625)
(51.6 1.6 2.625)
(52 1.6 2.625)
(52.4 1.6 2.625)
(52.8 1.6 2.625)
(53.2 1.6 2.625)
(53.6 1.6 2.625)
(54 1.6 2.625)
(54.4 1.6 2.625)
(54.8 1.6 2.625)
(55.2 1.6 2.625)
(55.6 1.6 2.625)
(56 1.6 2.625)
(56.4 1.6 2.625)
(56.8 1.6 2.625)
(57.2 1.6 2.625)
(57.6 1.6 2.625)
(58 1.6 2.625)
(58.4 1.6 2.625)
(58.8 1.6 2.625)
(59.2 1.6 2.625)
(59.6 1.6 2.625)
(60 1.6 2.625)
(38.4 2 2.625)
(38.8 2 2.625)
(39.2 2 2.625)
(39.6 2 2.625)
(40 2 2.625)
(40.4 2 2.625)
(40.8 2 2.625)
(41.2 2 2.625)
(41.6 2 2.625)
(42 2 2.625)
(42.4 2 2.625)
(42.8 2 2.625)
(43.2 2 2.625)
(43.6 2 2.625)
(44 2 2.625)
(44.4 2 2.625)
(44.8 2 2.625)
(45.2 2 2.625)
(45.6 2 2.625)
(46 2 2.625)
(46.4 2 2.625)
(46.8 2 2.625)
(47.2 2 2.625)
(47.6 2 2.625)
(48 2 2.625)
(48.4 2 2.625)
(48.8 2 2.625)
(49.2 2 2.625)
(49.6 2 2.625)
(50 2 2.625)
(50.4 2 2.625)
(50.8 2 2.625)
(51.2 2 2.625)
(51.6 2 2.625)
(52 2 2.625)
(52.4 2 2.625)
(52.8 2 2.625)
(53.2 2 2.625)
(53.6 2 2.625)
(54 2 2.625)
(54.4 2 2.625)
(54.8 2 2.625)
(55.2 2 2.625)
(55.6 2 2.625)
(56 2 2.625)
(56.4 2 2.625)
(56.8 2 2.625)
(57.2 2 2.625)
(57.6 2 2.625)
(58 2 2.625)
(58.4 2 2.625)
(58.8 2 2.625)
(59.2 2 2.625)
(59.6 2 2.625)
(60 2 2.625)
(38.4 2.4 2.625)
(38.8 2.4 2.625)
(39.2 2.4 2.625)
(39.6 2.4 2.625)
(40 2.4 2.625)
(40.4 2.4 2.625)
(40.8 2.4 2.625)
(41.2 2.4 2.625)
(41.6 2.4 2.625)
(42 2.4 2.625)
(42.4 2.4 2.625)
(42.8 2.4 2.625)
(43.2 2.4 2.625)
(43.6 2.4 2.625)
(44 2.4 2.625)
(44.4 2.4 2.625)
(44.8 2.4 2.625)
(45.2 2.4 2.625)
(45.6 2.4 2.625)
(46 2.4 2.625)
(46.4 2.4 2.625)
(46.8 2.4 2.625)
(47.2 2.4 2.625)
(47.6 2.4 2.625)
(48 2.4 2.625)
(48.4 2.4 2.625)
(48.8 2.4 2.625)
(49.2 2.4 2.625)
(49.6 2.4 2.625)
(50 2.4 2.625)
(50.4 2.4 2.625)
(50.8 2.4 2.625)
(51.2 2.4 2.625)
(51.6 2.4 2.625)
(52 2.4 2.625)
(52.4 2.4 2.625)
(52.8 2.4 2.625)
(53.2 2.4 2.625)
(53.6 2.4 2.625)
(54 2.4 2.625)
(54.4 2.4 2.625)
(54.8 2.4 2.625)
(55.2 2.4 2.625)
(55.6 2.4 2.625)
(56 2.4 2.625)
(56.4 2.4 2.625)
(56.8 2.4 2.625)
(57.2 2.4 2.625)
(57.6 2.4 2.625)
(58 2.4 2.625)
(58.4 2.4 2.625)
(58.8 2.4 2.625)
(59.2 2.4 2.625)
(59.6 2.4 2.625)
(60 2.4 2.625)
(38.4 2.8 2.625)
(38.8 2.8 2.625)
(39.2 2.8 2.625)
(39.6 2.8 2.625)
(40 2.8 2.625)
(40.4 2.8 2.625)
(40.8 2.8 2.625)
(41.2 2.8 2.625)
(41.6 2.8 2.625)
(42 2.8 2.625)
(42.4 2.8 2.625)
(42.8 2.8 2.625)
(43.2 2.8 2.625)
(43.6 2.8 2.625)
(44 2.8 2.625)
(44.4 2.8 2.625)
(44.8 2.8 2.625)
(45.2 2.8 2.625)
(45.6 2.8 2.625)
(46 2.8 2.625)
(46.4 2.8 2.625)
(46.8 2.8 2.625)
(47.2 2.8 2.625)
(47.6 2.8 2.625)
(48 2.8 2.625)
(48.4 2.8 2.625)
(48.8 2.8 2.625)
(49.2 2.8 2.625)
(49.6 2.8 2.625)
(50 2.8 2.625)
(50.4 2.8 2.625)
(50.8 2.8 2.625)
(51.2 2.8 2.625)
(51.6 2.8 2.625)
(52 2.8 2.625)
(52.4 2.8 2.625)
(52.8 2.8 2.625)
(53.2 2.8 2.625)
(53.6 2.8 2.625)
(54 2.8 2.625)
(54.4 2.8 2.625)
(54.8 2.8 2.625)
(55.2 2.8 2.625)
(55.6 2.8 2.625)
(56 2.8 2.625)
(56.4 2.8 2.625)
(56.8 2.8 2.625)
(57.2 2.8 2.625)
(57.6 2.8 2.625)
(58 2.8 2.625)
(58.4 2.8 2.625)
(58.8 2.8 2.625)
(59.2 2.8 2.625)
(59.6 2.8 2.625)
(60 2.8 2.625)
(38.4 3.2 2.625)
(38.8 3.2 2.625)
(39.2 3.2 2.625)
(39.6 3.2 2.625)
(40 3.2 2.625)
(40.4 3.2 2.625)
(40.8 3.2 2.625)
(41.2 3.2 2.625)
(41.6 3.2 2.625)
(42 3.2 2.625)
(42.4 3.2 2.625)
(42.8 3.2 2.625)
(43.2 3.2 2.625)
(43.6 3.2 2.625)
(44 3.2 2.625)
(44.4 3.2 2.625)
(44.8 3.2 2.625)
(45.2 3.2 2.625)
(45.6 3.2 2.625)
(46 3.2 2.625)
(46.4 3.2 2.625)
(46.8 3.2 2.625)
(47.2 3.2 2.625)
(47.6 3.2 2.625)
(48 3.2 2.625)
(48.4 3.2 2.625)
(48.8 3.2 2.625)
(49.2 3.2 2.625)
(49.6 3.2 2.625)
(50 3.2 2.625)
(50.4 3.2 2.625)
(50.8 3.2 2.625)
(51.2 3.2 2.625)
(51.6 3.2 2.625)
(52 3.2 2.625)
(52.4 3.2 2.625)
(52.8 3.2 2.625)
(53.2 3.2 2.625)
(53.6 3.2 2.625)
(54 3.2 2.625)
(54.4 3.2 2.625)
(54.8 3.2 2.625)
(55.2 3.2 2.625)
(55.6 3.2 2.625)
(56 3.2 2.625)
(56.4 3.2 2.625)
(56.8 3.2 2.625)
(57.2 3.2 2.625)
(57.6 3.2 2.625)
(58 3.2 2.625)
(58.4 3.2 2.625)
(58.8 3.2 2.625)
(59.2 3.2 2.625)
(59.6 3.2 2.625)
(60 3.2 2.625)
(38.4 3.6 2.625)
(38.8 3.6 2.625)
(39.2 3.6 2.625)
(39.6 3.6 2.625)
(40 3.6 2.625)
(40.4 3.6 2.625)
(40.8 3.6 2.625)
(41.2 3.6 2.625)
(41.6 3.6 2.625)
(42 3.6 2.625)
(42.4 3.6 2.625)
(42.8 3.6 2.625)
(43.2 3.6 2.625)
(43.6 3.6 2.625)
(44 3.6 2.625)
(44.4 3.6 2.625)
(44.8 3.6 2.625)
(45.2 3.6 2.625)
(45.6 3.6 2.625)
(46 3.6 2.625)
(46.4 3.6 2.625)
(46.8 3.6 2.625)
(47.2 3.6 2.625)
(47.6 3.6 2.625)
(48 3.6 2.625)
(48.4 3.6 2.625)
(48.8 3.6 2.625)
(49.2 3.6 2.625)
(49.6 3.6 2.625)
(50 3.6 2.625)
(50.4 3.6 2.625)
(50.8 3.6 2.625)
(51.2 3.6 2.625)
(51.6 3.6 2.625)
(52 3.6 2.625)
(52.4 3.6 2.625)
(52.8 3.6 2.625)
(53.2 3.6 2.625)
(53.6 3.6 2.625)
(54 3.6 2.625)
(54.4 3.6 2.625)
(54.8 3.6 2.625)
(55.2 3.6 2.625)
(55.6 3.6 2.625)
(56 3.6 2.625)
(56.4 3.6 2.625)
(56.8 3.6 2.625)
(57.2 3.6 2.625)
(57.6 3.6 2.625)
(58 3.6 2.625)
(58.4 3.6 2.625)
(58.8 3.6 2.625)
(59.2 3.6 2.625)
(59.6 3.6 2.625)
(60 3.6 2.625)
(38.4 4 2.625)
(38.8 4 2.625)
(39.2 4 2.625)
(39.6 4 2.625)
(40 4 2.625)
(40.4 4 2.625)
(40.8 4 2.625)
(41.2 4 2.625)
(41.6 4 2.625)
(42 4 2.625)
(42.4 4 2.625)
(42.8 4 2.625)
(43.2 4 2.625)
(43.6 4 2.625)
(44 4 2.625)
(44.4 4 2.625)
(44.8 4 2.625)
(45.2 4 2.625)
(45.6 4 2.625)
(46 4 2.625)
(46.4 4 2.625)
(46.8 4 2.625)
(47.2 4 2.625)
(47.6 4 2.625)
(48 4 2.625)
(48.4 4 2.625)
(48.8 4 2.625)
(49.2 4 2.625)
(49.6 4 2.625)
(50 4 2.625)
(50.4 4 2.625)
(50.8 4 2.625)
(51.2 4 2.625)
(51.6 4 2.625)
(52 4 2.625)
(52.4 4 2.625)
(52.8 4 2.625)
(53.2 4 2.625)
(53.6 4 2.625)
(54 4 2.625)
(54.4 4 2.625)
(54.8 4 2.625)
(55.2 4 2.625)
(55.6 4 2.625)
(56 4 2.625)
(56.4 4 2.625)
(56.8 4 2.625)
(57.2 4 2.625)
(57.6 4 2.625)
(58 4 2.625)
(58.4 4 2.625)
(58.8 4 2.625)
(59.2 4 2.625)
(59.6 4 2.625)
(60 4 2.625)
(38.4 0 3)
(38.8 0 3)
(39.2 0 3)
(39.6 0 3)
(40 0 3)
(40.4 0 3)
(40.8 0 3)
(41.2 0 3)
(41.6 0 3)
(42 0 3)
(42.4 0 3)
(42.8 0 3)
(43.2 0 3)
(43.6 0 3)
(44 0 3)
(44.4 0 3)
(44.8 0 3)
(45.2 0 3)
(45.6 0 3)
(46 0 3)
(46.4 0 3)
(46.8 0 3)
(47.2 0 3)
(47.6 0 3)
(48 0 3)
(48.4 0 3)
(48.8 0 3)
(49.2 0 3)
(49.6 0 3)
(50 0 3)
(50.4 0 3)
(50.8 0 3)
(51.2 0 3)
(51.6 0 3)
(52 0 3)
(52.4 0 3)
(52.8 0 3)
(53.2 0 3)
(53.6 0 3)
(54 0 3)
(54.4 0 3)
(54.8 0 3)
(55.2 0 3)
(55.6 0 3)
(56 0 3)
(56.4 0 3)
(56.8 0 3)
(57.2 0 3)
(57.6 0 3)
(58 0 3)
(58.4 0 3)
(58.8 0 3)
(59.2 0 3)
(59.6 0 3)
(60 0 3)
(38.4 0.4 3)
(38.8 0.4 3)
(39.2 0.4 3)
(39.6 0.4 3)
(40 0.4 3)
(40.4 0.4 3)
(40.8 0.4 3)
(41.2 0.4 3)
(41.6 0.4 3)
(42 0.4 3)
(42.4 0.4 3)
(42.8 0.4 3)
(43.2 0.4 3)
(43.6 0.4 3)
(44 0.4 3)
(44.4 0.4 3)
(44.8 0.4 3)
(45.2 0.4 3)
(45.6 0.4 3)
(46 0.4 3)
(46.4 0.4 3)
(46.8 0.4 3)
(47.2 0.4 3)
(47.6 0.4 3)
(48 0.4 3)
(48.4 0.4 3)
(48.8 0.4 3)
(49.2 0.4 3)
(49.6 0.4 3)
(50 0.4 3)
(50.4 0.4 3)
(50.8 0.4 3)
(51.2 0.4 3)
(51.6 0.4 3)
(52 0.4 3)
(52.4 0.4 3)
(52.8 0.4 3)
(53.2 0.4 3)
(53.6 0.4 3)
(54 0.4 3)
(54.4 0.4 3)
(54.8 0.4 3)
(55.2 0.4 3)
(55.6 0.4 3)
(56 0.4 3)
(56.4 0.4 3)
(56.8 0.4 3)
(57.2 0.4 3)
(57.6 0.4 3)
(58 0.4 3)
(58.4 0.4 3)
(58.8 0.4 3)
(59.2 0.4 3)
(59.6 0.4 3)
(60 0.4 3)
(38.4 0.8 3)
(38.8 0.8 3)
(39.2 0.8 3)
(39.6 0.8 3)
(40 0.8 3)
(40.4 0.8 3)
(40.8 0.8 3)
(41.2 0.8 3)
(41.6 0.8 3)
(42 0.8 3)
(42.4 0.8 3)
(42.8 0.8 3)
(43.2 0.8 3)
(43.6 0.8 3)
(44 0.8 3)
(44.4 0.8 3)
(44.8 0.8 3)
(45.2 0.8 3)
(45.6 0.8 3)
(46 0.8 3)
(46.4 0.8 3)
(46.8 0.8 3)
(47.2 0.8 3)
(47.6 0.8 3)
(48 0.8 3)
(48.4 0.8 3)
(48.8 0.8 3)
(49.2 0.8 3)
(49.6 0.8 3)
(50 0.8 3)
(50.4 0.8 3)
(50.8 0.8 3)
(51.2 0.8 3)
(51.6 0.8 3)
(52 0.8 3)
(52.4 0.8 3)
(52.8 0.8 3)
(53.2 0.8 3)
(53.6 0.8 3)
(54 0.8 3)
(54.4 0.8 3)
(54.8 0.8 3)
(55.2 0.8 3)
(55.6 0.8 3)
(56 0.8 3)
(56.4 0.8 3)
(56.8 0.8 3)
(57.2 0.8 3)
(57.6 0.8 3)
(58 0.8 3)
(58.4 0.8 3)
(58.8 0.8 3)
(59.2 0.8 3)
(59.6 0.8 3)
(60 0.8 3)
(38.4 1.2 3)
(38.8 1.2 3)
(39.2 1.2 3)
(39.6 1.2 3)
(40 1.2 3)
(40.4 1.2 3)
(40.8 1.2 3)
(41.2 1.2 3)
(41.6 1.2 3)
(42 1.2 3)
(42.4 1.2 3)
(42.8 1.2 3)
(43.2 1.2 3)
(43.6 1.2 3)
(44 1.2 3)
(44.4 1.2 3)
(44.8 1.2 3)
(45.2 1.2 3)
(45.6 1.2 3)
(46 1.2 3)
(46.4 1.2 3)
(46.8 1.2 3)
(47.2 1.2 3)
(47.6 1.2 3)
(48 1.2 3)
(48.4 1.2 3)
(48.8 1.2 3)
(49.2 1.2 3)
(49.6 1.2 3)
(50 1.2 3)
(50.4 1.2 3)
(50.8 1.2 3)
(51.2 1.2 3)
(51.6 1.2 3)
(52 1.2 3)
(52.4 1.2 3)
(52.8 1.2 3)
(53.2 1.2 3)
(53.6 1.2 3)
(54 1.2 3)
(54.4 1.2 3)
(54.8 1.2 3)
(55.2 1.2 3)
(55.6 1.2 3)
(56 1.2 3)
(56.4 1.2 3)
(56.8 1.2 3)
(57.2 1.2 3)
(57.6 1.2 3)
(58 1.2 3)
(58.4 1.2 3)
(58.8 1.2 3)
(59.2 1.2 3)
(59.6 1.2 3)
(60 1.2 3)
(38.4 1.6 3)
(38.8 1.6 3)
(39.2 1.6 3)
(39.6 1.6 3)
(40 1.6 3)
(40.4 1.6 3)
(40.8 1.6 3)
(41.2 1.6 3)
(41.6 1.6 3)
(42 1.6 3)
(42.4 1.6 3)
(42.8 1.6 3)
(43.2 1.6 3)
(43.6 1.6 3)
(44 1.6 3)
(44.4 1.6 3)
(44.8 1.6 3)
(45.2 1.6 3)
(45.6 1.6 3)
(46 1.6 3)
(46.4 1.6 3)
(46.8 1.6 3)
(47.2 1.6 3)
(47.6 1.6 3)
(48 1.6 3)
(48.4 1.6 3)
(48.8 1.6 3)
(49.2 1.6 3)
(49.6 1.6 3)
(50 1.6 3)
(50.4 1.6 3)
(50.8 1.6 3)
(51.2 1.6 3)
(51.6 1.6 3)
(52 1.6 3)
(52.4 1.6 3)
(52.8 1.6 3)
(53.2 1.6 3)
(53.6 1.6 3)
(54 1.6 3)
(54.4 1.6 3)
(54.8 1.6 3)
(55.2 1.6 3)
(55.6 1.6 3)
(56 1.6 3)
(56.4 1.6 3)
(56.8 1.6 3)
(57.2 1.6 3)
(57.6 1.6 3)
(58 1.6 3)
(58.4 1.6 3)
(58.8 1.6 3)
(59.2 1.6 3)
(59.6 1.6 3)
(60 1.6 3)
(38.4 2 3)
(38.8 2 3)
(39.2 2 3)
(39.6 2 3)
(40 2 3)
(40.4 2 3)
(40.8 2 3)
(41.2 2 3)
(41.6 2 3)
(42 2 3)
(42.4 2 3)
(42.8 2 3)
(43.2 2 3)
(43.6 2 3)
(44 2 3)
(44.4 2 3)
(44.8 2 3)
(45.2 2 3)
(45.6 2 3)
(46 2 3)
(46.4 2 3)
(46.8 2 3)
(47.2 2 3)
(47.6 2 3)
(48 2 3)
(48.4 2 3)
(48.8 2 3)
(49.2 2 3)
(49.6 2 3)
(50 2 3)
(50.4 2 3)
(50.8 2 3)
(51.2 2 3)
(51.6 2 3)
(52 2 3)
(52.4 2 3)
(52.8 2 3)
(53.2 2 3)
(53.6 2 3)
(54 2 3)
(54.4 2 3)
(54.8 2 3)
(55.2 2 3)
(55.6 2 3)
(56 2 3)
(56.4 2 3)
(56.8 2 3)
(57.2 2 3)
(57.6 2 3)
(58 2 3)
(58.4 2 3)
(58.8 2 3)
(59.2 2 3)
(59.6 2 3)
(60 2 3)
(38.4 2.4 3)
(38.8 2.4 3)
(39.2 2.4 3)
(39.6 2.4 3)
(40 2.4 3)
(40.4 2.4 3)
(40.8 2.4 3)
(41.2 2.4 3)
(41.6 2.4 3)
(42 2.4 3)
(42.4 2.4 3)
(42.8 2.4 3)
(43.2 2.4 3)
(43.6 2.4 3)
(44 2.4 3)
(44.4 2.4 3)
(44.8 2.4 3)
(45.2 2.4 3)
(45.6 2.4 3)
(46 2.4 3)
(46.4 2.4 3)
(46.8 2.4 3)
(47.2 2.4 3)
(47.6 2.4 3)
(48 2.4 3)
(48.4 2.4 3)
(48.8 2.4 3)
(49.2 2.4 3)
(49.6 2.4 3)
(50 2.4 3)
(50.4 2.4 3)
(50.8 2.4 3)
(51.2 2.4 3)
(51.6 2.4 3)
(52 2.4 3)
(52.4 2.4 3)
(52.8 2.4 3)
(53.2 2.4 3)
(53.6 2.4 3)
(54 2.4 3)
(54.4 2.4 3)
(54.8 2.4 3)
(55.2 2.4 3)
(55.6 2.4 3)
(56 2.4 3)
(56.4 2.4 3)
(56.8 2.4 3)
(57.2 2.4 3)
(57.6 2.4 3)
(58 2.4 3)
(58.4 2.4 3)
(58.8 2.4 3)
(59.2 2.4 3)
(59.6 2.4 3)
(60 2.4 3)
(38.4 2.8 3)
(38.8 2.8 3)
(39.2 2.8 3)
(39.6 2.8 3)
(40 2.8 3)
(40.4 2.8 3)
(40.8 2.8 3)
(41.2 2.8 3)
(41.6 2.8 3)
(42 2.8 3)
(42.4 2.8 3)
(42.8 2.8 3)
(43.2 2.8 3)
(43.6 2.8 3)
(44 2.8 3)
(44.4 2.8 3)
(44.8 2.8 3)
(45.2 2.8 3)
(45.6 2.8 3)
(46 2.8 3)
(46.4 2.8 3)
(46.8 2.8 3)
(47.2 2.8 3)
(47.6 2.8 3)
(48 2.8 3)
(48.4 2.8 3)
(48.8 2.8 3)
(49.2 2.8 3)
(49.6 2.8 3)
(50 2.8 3)
(50.4 2.8 3)
(50.8 2.8 3)
(51.2 2.8 3)
(51.6 2.8 3)
(52 2.8 3)
(52.4 2.8 3)
(52.8 2.8 3)
(53.2 2.8 3)
(53.6 2.8 3)
(54 2.8 3)
(54.4 2.8 3)
(54.8 2.8 3)
(55.2 2.8 3)
(55.6 2.8 3)
(56 2.8 3)
(56.4 2.8 3)
(56.8 2.8 3)
(57.2 2.8 3)
(57.6 2.8 3)
(58 2.8 3)
(58.4 2.8 3)
(58.8 2.8 3)
(59.2 2.8 3)
(59.6 2.8 3)
(60 2.8 3)
(38.4 3.2 3)
(38.8 3.2 3)
(39.2 3.2 3)
(39.6 3.2 3)
(40 3.2 3)
(40.4 3.2 3)
(40.8 3.2 3)
(41.2 3.2 3)
(41.6 3.2 3)
(42 3.2 3)
(42.4 3.2 3)
(42.8 3.2 3)
(43.2 3.2 3)
(43.6 3.2 3)
(44 3.2 3)
(44.4 3.2 3)
(44.8 3.2 3)
(45.2 3.2 3)
(45.6 3.2 3)
(46 3.2 3)
(46.4 3.2 3)
(46.8 3.2 3)
(47.2 3.2 3)
(47.6 3.2 3)
(48 3.2 3)
(48.4 3.2 3)
(48.8 3.2 3)
(49.2 3.2 3)
(49.6 3.2 3)
(50 3.2 3)
(50.4 3.2 3)
(50.8 3.2 3)
(51.2 3.2 3)
(51.6 3.2 3)
(52 3.2 3)
(52.4 3.2 3)
(52.8 3.2 3)
(53.2 3.2 3)
(53.6 3.2 3)
(54 3.2 3)
(54.4 3.2 3)
(54.8 3.2 3)
(55.2 3.2 3)
(55.6 3.2 3)
(56 3.2 3)
(56.4 3.2 3)
(56.8 3.2 3)
(57.2 3.2 3)
(57.6 3.2 3)
(58 3.2 3)
(58.4 3.2 3)
(58.8 3.2 3)
(59.2 3.2 3)
(59.6 3.2 3)
(60 3.2 3)
(38.4 3.6 3)
(38.8 3.6 3)
(39.2 3.6 3)
(39.6 3.6 3)
(40 3.6 3)
(40.4 3.6 3)
(40.8 3.6 3)
(41.2 3.6 3)
(41.6 3.6 3)
(42 3.6 3)
(42.4 3.6 3)
(42.8 3.6 3)
(43.2 3.6 3)
(43.6 3.6 3)
(44 3.6 3)
(44.4 3.6 3)
(44.8 3.6 3)
(45.2 3.6 3)
(45.6 3.6 3)
(46 3.6 3)
(46.4 3.6 3)
(46.8 3.6 3)
(47.2 3.6 3)
(47.6 3.6 3)
(48 3.6 3)
(48.4 3.6 3)
(48.8 3.6 3)
(49.2 3.6 3)
(49.6 3.6 3)
(50 3.6 3)
(50.4 3.6 3)
(50.8 3.6 3)
(51.2 3.6 3)
(51.6 3.6 3)
(52 3.6 3)
(52.4 3.6 3)
(52.8 3.6 3)
(53.2 3.6 3)
(53.6 3.6 3)
(54 3.6 3)
(54.4 3.6 3)
(54.8 3.6 3)
(55.2 3.6 3)
(55.6 3.6 3)
(56 3.6 3)
(56.4 3.6 3)
(56.8 3.6 3)
(57.2 3.6 3)
(57.6 3.6 3)
(58 3.6 3)
(58.4 3.6 3)
(58.8 3.6 3)
(59.2 3.6 3)
(59.6 3.6 3)
(60 3.6 3)
(38.4 4 3)
(38.8 4 3)
(39.2 4 3)
(39.6 4 3)
(40 4 3)
(40.4 4 3)
(40.8 4 3)
(41.2 4 3)
(41.6 4 3)
(42 4 3)
(42.4 4 3)
(42.8 4 3)
(43.2 4 3)
(43.6 4 3)
(44 4 3)
(44.4 4 3)
(44.8 4 3)
(45.2 4 3)
(45.6 4 3)
(46 4 3)
(46.4 4 3)
(46.8 4 3)
(47.2 4 3)
(47.6 4 3)
(48 4 3)
(48.4 4 3)
(48.8 4 3)
(49.2 4 3)
(49.6 4 3)
(50 4 3)
(50.4 4 3)
(50.8 4 3)
(51.2 4 3)
(51.6 4 3)
(52 4 3)
(52.4 4 3)
(52.8 4 3)
(53.2 4 3)
(53.6 4 3)
(54 4 3)
(54.4 4 3)
(54.8 4 3)
(55.2 4 3)
(55.6 4 3)
(56 4 3)
(56.4 4 3)
(56.8 4 3)
(57.2 4 3)
(57.6 4 3)
(58 4 3)
(58.4 4 3)
(58.8 4 3)
(59.2 4 3)
(59.6 4 3)
(60 4 3)
(28 4.4 0)
(28.4 4.4 0)
(28.8 4.4 0)
(29.2 4.4 0)
(29.6 4.4 0)
(30 4.4 0)
(30.4 4.4 0)
(30.8 4.4 0)
(31.2 4.4 0)
(31.6 4.4 0)
(32 4.4 0)
(32.4 4.4 0)
(32.8 4.4 0)
(33.2 4.4 0)
(33.6 4.4 0)
(34 4.4 0)
(34.4 4.4 0)
(34.8 4.4 0)
(35.2 4.4 0)
(35.6 4.4 0)
(36 4.4 0)
(36.4 4.4 0)
(36.8 4.4 0)
(37.2 4.4 0)
(37.6 4.4 0)
(38 4.4 0)
(28 4.8 0)
(28.4 4.8 0)
(28.8 4.8 0)
(29.2 4.8 0)
(29.6 4.8 0)
(30 4.8 0)
(30.4 4.8 0)
(30.8 4.8 0)
(31.2 4.8 0)
(31.6 4.8 0)
(32 4.8 0)
(32.4 4.8 0)
(32.8 4.8 0)
(33.2 4.8 0)
(33.6 4.8 0)
(34 4.8 0)
(34.4 4.8 0)
(34.8 4.8 0)
(35.2 4.8 0)
(35.6 4.8 0)
(36 4.8 0)
(36.4 4.8 0)
(36.8 4.8 0)
(37.2 4.8 0)
(37.6 4.8 0)
(38 4.8 0)
(28 5.2 0)
(28.4 5.2 0)
(28.8 5.2 0)
(29.2 5.2 0)
(29.6 5.2 0)
(30 5.2 0)
(30.4 5.2 0)
(30.8 5.2 0)
(31.2 5.2 0)
(31.6 5.2 0)
(32 5.2 0)
(32.4 5.2 0)
(32.8 5.2 0)
(33.2 5.2 0)
(33.6 5.2 0)
(34 5.2 0)
(34.4 5.2 0)
(34.8 5.2 0)
(35.2 5.2 0)
(35.6 5.2 0)
(36 5.2 0)
(36.4 5.2 0)
(36.8 5.2 0)
(37.2 5.2 0)
(37.6 5.2 0)
(38 5.2 0)
(28 5.6 0)
(28.4 5.6 0)
(28.8 5.6 0)
(29.2 5.6 0)
(29.6 5.6 0)
(30 5.6 0)
(30.4 5.6 0)
(30.8 5.6 0)
(31.2 5.6 0)
(31.6 5.6 0)
(32 5.6 0)
(32.4 5.6 0)
(32.8 5.6 0)
(33.2 5.6 0)
(33.6 5.6 0)
(34 5.6 0)
(34.4 5.6 0)
(34.8 5.6 0)
(35.2 5.6 0)
(35.6 5.6 0)
(36 5.6 0)
(36.4 5.6 0)
(36.8 5.6 0)
(37.2 5.6 0)
(37.6 5.6 0)
(38 5.6 0)
(28 6 0)
(28.4 6 0)
(28.8 6 0)
(29.2 6 0)
(29.6 6 0)
(30 6 0)
(30.4 6 0)
(30.8 6 0)
(31.2 6 0)
(31.6 6 0)
(32 6 0)
(32.4 6 0)
(32.8 6 0)
(33.2 6 0)
(33.6 6 0)
(34 6 0)
(34.4 6 0)
(34.8 6 0)
(35.2 6 0)
(35.6 6 0)
(36 6 0)
(36.4 6 0)
(36.8 6 0)
(37.2 6 0)
(37.6 6 0)
(38 6 0)
(28 6.4 0)
(28.4 6.4 0)
(28.8 6.4 0)
(29.2 6.4 0)
(29.6 6.4 0)
(30 6.4 0)
(30.4 6.4 0)
(30.8 6.4 0)
(31.2 6.4 0)
(31.6 6.4 0)
(32 6.4 0)
(32.4 6.4 0)
(32.8 6.4 0)
(33.2 6.4 0)
(33.6 6.4 0)
(34 6.4 0)
(34.4 6.4 0)
(34.8 6.4 0)
(35.2 6.4 0)
(35.6 6.4 0)
(36 6.4 0)
(36.4 6.4 0)
(36.8 6.4 0)
(37.2 6.4 0)
(37.6 6.4 0)
(38 6.4 0)
(28 6.8 0)
(28.4 6.8 0)
(28.8 6.8 0)
(29.2 6.8 0)
(29.6 6.8 0)
(30 6.8 0)
(30.4 6.8 0)
(30.8 6.8 0)
(31.2 6.8 0)
(31.6 6.8 0)
(32 6.8 0)
(32.4 6.8 0)
(32.8 6.8 0)
(33.2 6.8 0)
(33.6 6.8 0)
(34 6.8 0)
(34.4 6.8 0)
(34.8 6.8 0)
(35.2 6.8 0)
(35.6 6.8 0)
(36 6.8 0)
(36.4 6.8 0)
(36.8 6.8 0)
(37.2 6.8 0)
(37.6 6.8 0)
(38 6.8 0)
(28 7.2 0)
(28.4 7.2 0)
(28.8 7.2 0)
(29.2 7.2 0)
(29.6 7.2 0)
(30 7.2 0)
(30.4 7.2 0)
(30.8 7.2 0)
(31.2 7.2 0)
(31.6 7.2 0)
(32 7.2 0)
(32.4 7.2 0)
(32.8 7.2 0)
(33.2 7.2 0)
(33.6 7.2 0)
(34 7.2 0)
(34.4 7.2 0)
(34.8 7.2 0)
(35.2 7.2 0)
(35.6 7.2 0)
(36 7.2 0)
(36.4 7.2 0)
(36.8 7.2 0)
(37.2 7.2 0)
(37.6 7.2 0)
(38 7.2 0)
(28 7.6 0)
(28.4 7.6 0)
(28.8 7.6 0)
(29.2 7.6 0)
(29.6 7.6 0)
(30 7.6 0)
(30.4 7.6 0)
(30.8 7.6 0)
(31.2 7.6 0)
(31.6 7.6 0)
(32 7.6 0)
(32.4 7.6 0)
(32.8 7.6 0)
(33.2 7.6 0)
(33.6 7.6 0)
(34 7.6 0)
(34.4 7.6 0)
(34.8 7.6 0)
(35.2 7.6 0)
(35.6 7.6 0)
(36 7.6 0)
(36.4 7.6 0)
(36.8 7.6 0)
(37.2 7.6 0)
(37.6 7.6 0)
(38 7.6 0)
(28 8 0)
(28.4 8 0)
(28.8 8 0)
(29.2 8 0)
(29.6 8 0)
(30 8 0)
(30.4 8 0)
(30.8 8 0)
(31.2 8 0)
(31.6 8 0)
(32 8 0)
(32.4 8 0)
(32.8 8 0)
(33.2 8 0)
(33.6 8 0)
(34 8 0)
(34.4 8 0)
(34.8 8 0)
(35.2 8 0)
(35.6 8 0)
(36 8 0)
(36.4 8 0)
(36.8 8 0)
(37.2 8 0)
(37.6 8 0)
(38 8 0)
(28 8.4 0)
(28.4 8.4 0)
(28.8 8.4 0)
(29.2 8.4 0)
(29.6 8.4 0)
(30 8.4 0)
(30.4 8.4 0)
(30.8 8.4 0)
(31.2 8.4 0)
(31.6 8.4 0)
(32 8.4 0)
(32.4 8.4 0)
(32.8 8.4 0)
(33.2 8.4 0)
(33.6 8.4 0)
(34 8.4 0)
(34.4 8.4 0)
(34.8 8.4 0)
(35.2 8.4 0)
(35.6 8.4 0)
(36 8.4 0)
(36.4 8.4 0)
(36.8 8.4 0)
(37.2 8.4 0)
(37.6 8.4 0)
(38 8.4 0)
(28 8.8 0)
(28.4 8.8 0)
(28.8 8.8 0)
(29.2 8.8 0)
(29.6 8.8 0)
(30 8.8 0)
(30.4 8.8 0)
(30.8 8.8 0)
(31.2 8.8 0)
(31.6 8.8 0)
(32 8.8 0)
(32.4 8.8 0)
(32.8 8.8 0)
(33.2 8.8 0)
(33.6 8.8 0)
(34 8.8 0)
(34.4 8.8 0)
(34.8 8.8 0)
(35.2 8.8 0)
(35.6 8.8 0)
(36 8.8 0)
(36.4 8.8 0)
(36.8 8.8 0)
(37.2 8.8 0)
(37.6 8.8 0)
(38 8.8 0)
(28 9.2 0)
(28.4 9.2 0)
(28.8 9.2 0)
(29.2 9.2 0)
(29.6 9.2 0)
(30 9.2 0)
(30.4 9.2 0)
(30.8 9.2 0)
(31.2 9.2 0)
(31.6 9.2 0)
(32 9.2 0)
(32.4 9.2 0)
(32.8 9.2 0)
(33.2 9.2 0)
(33.6 9.2 0)
(34 9.2 0)
(34.4 9.2 0)
(34.8 9.2 0)
(35.2 9.2 0)
(35.6 9.2 0)
(36 9.2 0)
(36.4 9.2 0)
(36.8 9.2 0)
(37.2 9.2 0)
(37.6 9.2 0)
(38 9.2 0)
(28 9.6 0)
(28.4 9.6 0)
(28.8 9.6 0)
(29.2 9.6 0)
(29.6 9.6 0)
(30 9.6 0)
(30.4 9.6 0)
(30.8 9.6 0)
(31.2 9.6 0)
(31.6 9.6 0)
(32 9.6 0)
(32.4 9.6 0)
(32.8 9.6 0)
(33.2 9.6 0)
(33.6 9.6 0)
(34 9.6 0)
(34.4 9.6 0)
(34.8 9.6 0)
(35.2 9.6 0)
(35.6 9.6 0)
(36 9.6 0)
(36.4 9.6 0)
(36.8 9.6 0)
(37.2 9.6 0)
(37.6 9.6 0)
(38 9.6 0)
(28 10 0)
(28.4 10 0)
(28.8 10 0)
(29.2 10 0)
(29.6 10 0)
(30 10 0)
(30.4 10 0)
(30.8 10 0)
(31.2 10 0)
(31.6 10 0)
(32 10 0)
(32.4 10 0)
(32.8 10 0)
(33.2 10 0)
(33.6 10 0)
(34 10 0)
(34.4 10 0)
(34.8 10 0)
(35.2 10 0)
(35.6 10 0)
(36 10 0)
(36.4 10 0)
(36.8 10 0)
(37.2 10 0)
(37.6 10 0)
(38 10 0)
(28 10.4 0)
(28.4 10.4 0)
(28.8 10.4 0)
(29.2 10.4 0)
(29.6 10.4 0)
(30 10.4 0)
(30.4 10.4 0)
(30.8 10.4 0)
(31.2 10.4 0)
(31.6 10.4 0)
(32 10.4 0)
(32.4 10.4 0)
(32.8 10.4 0)
(33.2 10.4 0)
(33.6 10.4 0)
(34 10.4 0)
(34.4 10.4 0)
(34.8 10.4 0)
(35.2 10.4 0)
(35.6 10.4 0)
(36 10.4 0)
(36.4 10.4 0)
(36.8 10.4 0)
(37.2 10.4 0)
(37.6 10.4 0)
(38 10.4 0)
(28 10.8 0)
(28.4 10.8 0)
(28.8 10.8 0)
(29.2 10.8 0)
(29.6 10.8 0)
(30 10.8 0)
(30.4 10.8 0)
(30.8 10.8 0)
(31.2 10.8 0)
(31.6 10.8 0)
(32 10.8 0)
(32.4 10.8 0)
(32.8 10.8 0)
(33.2 10.8 0)
(33.6 10.8 0)
(34 10.8 0)
(34.4 10.8 0)
(34.8 10.8 0)
(35.2 10.8 0)
(35.6 10.8 0)
(36 10.8 0)
(36.4 10.8 0)
(36.8 10.8 0)
(37.2 10.8 0)
(37.6 10.8 0)
(38 10.8 0)
(28 11.2 0)
(28.4 11.2 0)
(28.8 11.2 0)
(29.2 11.2 0)
(29.6 11.2 0)
(30 11.2 0)
(30.4 11.2 0)
(30.8 11.2 0)
(31.2 11.2 0)
(31.6 11.2 0)
(32 11.2 0)
(32.4 11.2 0)
(32.8 11.2 0)
(33.2 11.2 0)
(33.6 11.2 0)
(34 11.2 0)
(34.4 11.2 0)
(34.8 11.2 0)
(35.2 11.2 0)
(35.6 11.2 0)
(36 11.2 0)
(36.4 11.2 0)
(36.8 11.2 0)
(37.2 11.2 0)
(37.6 11.2 0)
(38 11.2 0)
(28 11.6 0)
(28.4 11.6 0)
(28.8 11.6 0)
(29.2 11.6 0)
(29.6 11.6 0)
(30 11.6 0)
(30.4 11.6 0)
(30.8 11.6 0)
(31.2 11.6 0)
(31.6 11.6 0)
(32 11.6 0)
(32.4 11.6 0)
(32.8 11.6 0)
(33.2 11.6 0)
(33.6 11.6 0)
(34 11.6 0)
(34.4 11.6 0)
(34.8 11.6 0)
(35.2 11.6 0)
(35.6 11.6 0)
(36 11.6 0)
(36.4 11.6 0)
(36.8 11.6 0)
(37.2 11.6 0)
(37.6 11.6 0)
(38 11.6 0)
(28 12 0)
(28.4 12 0)
(28.8 12 0)
(29.2 12 0)
(29.6 12 0)
(30 12 0)
(30.4 12 0)
(30.8 12 0)
(31.2 12 0)
(31.6 12 0)
(32 12 0)
(32.4 12 0)
(32.8 12 0)
(33.2 12 0)
(33.6 12 0)
(34 12 0)
(34.4 12 0)
(34.8 12 0)
(35.2 12 0)
(35.6 12 0)
(36 12 0)
(36.4 12 0)
(36.8 12 0)
(37.2 12 0)
(37.6 12 0)
(38 12 0)
(28 12.4 0)
(28.4 12.4 0)
(28.8 12.4 0)
(29.2 12.4 0)
(29.6 12.4 0)
(30 12.4 0)
(30.4 12.4 0)
(30.8 12.4 0)
(31.2 12.4 0)
(31.6 12.4 0)
(32 12.4 0)
(32.4 12.4 0)
(32.8 12.4 0)
(33.2 12.4 0)
(33.6 12.4 0)
(34 12.4 0)
(34.4 12.4 0)
(34.8 12.4 0)
(35.2 12.4 0)
(35.6 12.4 0)
(36 12.4 0)
(36.4 12.4 0)
(36.8 12.4 0)
(37.2 12.4 0)
(37.6 12.4 0)
(38 12.4 0)
(28 12.8 0)
(28.4 12.8 0)
(28.8 12.8 0)
(29.2 12.8 0)
(29.6 12.8 0)
(30 12.8 0)
(30.4 12.8 0)
(30.8 12.8 0)
(31.2 12.8 0)
(31.6 12.8 0)
(32 12.8 0)
(32.4 12.8 0)
(32.8 12.8 0)
(33.2 12.8 0)
(33.6 12.8 0)
(34 12.8 0)
(34.4 12.8 0)
(34.8 12.8 0)
(35.2 12.8 0)
(35.6 12.8 0)
(36 12.8 0)
(36.4 12.8 0)
(36.8 12.8 0)
(37.2 12.8 0)
(37.6 12.8 0)
(38 12.8 0)
(28 13.2 0)
(28.4 13.2 0)
(28.8 13.2 0)
(29.2 13.2 0)
(29.6 13.2 0)
(30 13.2 0)
(30.4 13.2 0)
(30.8 13.2 0)
(31.2 13.2 0)
(31.6 13.2 0)
(32 13.2 0)
(32.4 13.2 0)
(32.8 13.2 0)
(33.2 13.2 0)
(33.6 13.2 0)
(34 13.2 0)
(34.4 13.2 0)
(34.8 13.2 0)
(35.2 13.2 0)
(35.6 13.2 0)
(36 13.2 0)
(36.4 13.2 0)
(36.8 13.2 0)
(37.2 13.2 0)
(37.6 13.2 0)
(38 13.2 0)
(28 13.6 0)
(28.4 13.6 0)
(28.8 13.6 0)
(29.2 13.6 0)
(29.6 13.6 0)
(30 13.6 0)
(30.4 13.6 0)
(30.8 13.6 0)
(31.2 13.6 0)
(31.6 13.6 0)
(32 13.6 0)
(32.4 13.6 0)
(32.8 13.6 0)
(33.2 13.6 0)
(33.6 13.6 0)
(34 13.6 0)
(34.4 13.6 0)
(34.8 13.6 0)
(35.2 13.6 0)
(35.6 13.6 0)
(36 13.6 0)
(36.4 13.6 0)
(36.8 13.6 0)
(37.2 13.6 0)
(37.6 13.6 0)
(38 13.6 0)
(28 14 0)
(28.4 14 0)
(28.8 14 0)
(29.2 14 0)
(29.6 14 0)
(30 14 0)
(30.4 14 0)
(30.8 14 0)
(31.2 14 0)
(31.6 14 0)
(32 14 0)
(32.4 14 0)
(32.8 14 0)
(33.2 14 0)
(33.6 14 0)
(34 14 0)
(34.4 14 0)
(34.8 14 0)
(35.2 14 0)
(35.6 14 0)
(36 14 0)
(36.4 14 0)
(36.8 14 0)
(37.2 14 0)
(37.6 14 0)
(38 14 0)
(28 14.4 0)
(28.4 14.4 0)
(28.8 14.4 0)
(29.2 14.4 0)
(29.6 14.4 0)
(30 14.4 0)
(30.4 14.4 0)
(30.8 14.4 0)
(31.2 14.4 0)
(31.6 14.4 0)
(32 14.4 0)
(32.4 14.4 0)
(32.8 14.4 0)
(33.2 14.4 0)
(33.6 14.4 0)
(34 14.4 0)
(34.4 14.4 0)
(34.8 14.4 0)
(35.2 14.4 0)
(35.6 14.4 0)
(36 14.4 0)
(36.4 14.4 0)
(36.8 14.4 0)
(37.2 14.4 0)
(37.6 14.4 0)
(38 14.4 0)
(28 14.8 0)
(28.4 14.8 0)
(28.8 14.8 0)
(29.2 14.8 0)
(29.6 14.8 0)
(30 14.8 0)
(30.4 14.8 0)
(30.8 14.8 0)
(31.2 14.8 0)
(31.6 14.8 0)
(32 14.8 0)
(32.4 14.8 0)
(32.8 14.8 0)
(33.2 14.8 0)
(33.6 14.8 0)
(34 14.8 0)
(34.4 14.8 0)
(34.8 14.8 0)
(35.2 14.8 0)
(35.6 14.8 0)
(36 14.8 0)
(36.4 14.8 0)
(36.8 14.8 0)
(37.2 14.8 0)
(37.6 14.8 0)
(38 14.8 0)
(28 15.2 0)
(28.4 15.2 0)
(28.8 15.2 0)
(29.2 15.2 0)
(29.6 15.2 0)
(30 15.2 0)
(30.4 15.2 0)
(30.8 15.2 0)
(31.2 15.2 0)
(31.6 15.2 0)
(32 15.2 0)
(32.4 15.2 0)
(32.8 15.2 0)
(33.2 15.2 0)
(33.6 15.2 0)
(34 15.2 0)
(34.4 15.2 0)
(34.8 15.2 0)
(35.2 15.2 0)
(35.6 15.2 0)
(36 15.2 0)
(36.4 15.2 0)
(36.8 15.2 0)
(37.2 15.2 0)
(37.6 15.2 0)
(38 15.2 0)
(28 15.6 0)
(28.4 15.6 0)
(28.8 15.6 0)
(29.2 15.6 0)
(29.6 15.6 0)
(30 15.6 0)
(30.4 15.6 0)
(30.8 15.6 0)
(31.2 15.6 0)
(31.6 15.6 0)
(32 15.6 0)
(32.4 15.6 0)
(32.8 15.6 0)
(33.2 15.6 0)
(33.6 15.6 0)
(34 15.6 0)
(34.4 15.6 0)
(34.8 15.6 0)
(35.2 15.6 0)
(35.6 15.6 0)
(36 15.6 0)
(36.4 15.6 0)
(36.8 15.6 0)
(37.2 15.6 0)
(37.6 15.6 0)
(38 15.6 0)
(28 16 0)
(28.4 16 0)
(28.8 16 0)
(29.2 16 0)
(29.6 16 0)
(30 16 0)
(30.4 16 0)
(30.8 16 0)
(31.2 16 0)
(31.6 16 0)
(32 16 0)
(32.4 16 0)
(32.8 16 0)
(33.2 16 0)
(33.6 16 0)
(34 16 0)
(34.4 16 0)
(34.8 16 0)
(35.2 16 0)
(35.6 16 0)
(36 16 0)
(36.4 16 0)
(36.8 16 0)
(37.2 16 0)
(37.6 16 0)
(38 16 0)
(28 4.4 0.375)
(28.4 4.4 0.375)
(28.8 4.4 0.375)
(29.2 4.4 0.375)
(29.6 4.4 0.375)
(30 4.4 0.375)
(30.4 4.4 0.375)
(30.8 4.4 0.375)
(31.2 4.4 0.375)
(31.6 4.4 0.375)
(32 4.4 0.375)
(32.4 4.4 0.375)
(32.8 4.4 0.375)
(33.2 4.4 0.375)
(33.6 4.4 0.375)
(34 4.4 0.375)
(34.4 4.4 0.375)
(34.8 4.4 0.375)
(35.2 4.4 0.375)
(35.6 4.4 0.375)
(36 4.4 0.375)
(36.4 4.4 0.375)
(36.8 4.4 0.375)
(37.2 4.4 0.375)
(37.6 4.4 0.375)
(38 4.4 0.375)
(28 4.8 0.375)
(28.4 4.8 0.375)
(28.8 4.8 0.375)
(29.2 4.8 0.375)
(29.6 4.8 0.375)
(30 4.8 0.375)
(30.4 4.8 0.375)
(30.8 4.8 0.375)
(31.2 4.8 0.375)
(31.6 4.8 0.375)
(32 4.8 0.375)
(32.4 4.8 0.375)
(32.8 4.8 0.375)
(33.2 4.8 0.375)
(33.6 4.8 0.375)
(34 4.8 0.375)
(34.4 4.8 0.375)
(34.8 4.8 0.375)
(35.2 4.8 0.375)
(35.6 4.8 0.375)
(36 4.8 0.375)
(36.4 4.8 0.375)
(36.8 4.8 0.375)
(37.2 4.8 0.375)
(37.6 4.8 0.375)
(38 4.8 0.375)
(28 5.2 0.375)
(28.4 5.2 0.375)
(28.8 5.2 0.375)
(29.2 5.2 0.375)
(29.6 5.2 0.375)
(30 5.2 0.375)
(30.4 5.2 0.375)
(30.8 5.2 0.375)
(31.2 5.2 0.375)
(31.6 5.2 0.375)
(32 5.2 0.375)
(32.4 5.2 0.375)
(32.8 5.2 0.375)
(33.2 5.2 0.375)
(33.6 5.2 0.375)
(34 5.2 0.375)
(34.4 5.2 0.375)
(34.8 5.2 0.375)
(35.2 5.2 0.375)
(35.6 5.2 0.375)
(36 5.2 0.375)
(36.4 5.2 0.375)
(36.8 5.2 0.375)
(37.2 5.2 0.375)
(37.6 5.2 0.375)
(38 5.2 0.375)
(28 5.6 0.375)
(28.4 5.6 0.375)
(28.8 5.6 0.375)
(29.2 5.6 0.375)
(29.6 5.6 0.375)
(30 5.6 0.375)
(30.4 5.6 0.375)
(30.8 5.6 0.375)
(31.2 5.6 0.375)
(31.6 5.6 0.375)
(32 5.6 0.375)
(32.4 5.6 0.375)
(32.8 5.6 0.375)
(33.2 5.6 0.375)
(33.6 5.6 0.375)
(34 5.6 0.375)
(34.4 5.6 0.375)
(34.8 5.6 0.375)
(35.2 5.6 0.375)
(35.6 5.6 0.375)
(36 5.6 0.375)
(36.4 5.6 0.375)
(36.8 5.6 0.375)
(37.2 5.6 0.375)
(37.6 5.6 0.375)
(38 5.6 0.375)
(28 6 0.375)
(28.4 6 0.375)
(28.8 6 0.375)
(29.2 6 0.375)
(29.6 6 0.375)
(30 6 0.375)
(30.4 6 0.375)
(30.8 6 0.375)
(31.2 6 0.375)
(31.6 6 0.375)
(32 6 0.375)
(32.4 6 0.375)
(32.8 6 0.375)
(33.2 6 0.375)
(33.6 6 0.375)
(34 6 0.375)
(34.4 6 0.375)
(34.8 6 0.375)
(35.2 6 0.375)
(35.6 6 0.375)
(36 6 0.375)
(36.4 6 0.375)
(36.8 6 0.375)
(37.2 6 0.375)
(37.6 6 0.375)
(38 6 0.375)
(28 6.4 0.375)
(28.4 6.4 0.375)
(28.8 6.4 0.375)
(29.2 6.4 0.375)
(29.6 6.4 0.375)
(30 6.4 0.375)
(30.4 6.4 0.375)
(30.8 6.4 0.375)
(31.2 6.4 0.375)
(31.6 6.4 0.375)
(32 6.4 0.375)
(32.4 6.4 0.375)
(32.8 6.4 0.375)
(33.2 6.4 0.375)
(33.6 6.4 0.375)
(34 6.4 0.375)
(34.4 6.4 0.375)
(34.8 6.4 0.375)
(35.2 6.4 0.375)
(35.6 6.4 0.375)
(36 6.4 0.375)
(36.4 6.4 0.375)
(36.8 6.4 0.375)
(37.2 6.4 0.375)
(37.6 6.4 0.375)
(38 6.4 0.375)
(28 6.8 0.375)
(28.4 6.8 0.375)
(28.8 6.8 0.375)
(29.2 6.8 0.375)
(29.6 6.8 0.375)
(30 6.8 0.375)
(30.4 6.8 0.375)
(30.8 6.8 0.375)
(31.2 6.8 0.375)
(31.6 6.8 0.375)
(32 6.8 0.375)
(32.4 6.8 0.375)
(32.8 6.8 0.375)
(33.2 6.8 0.375)
(33.6 6.8 0.375)
(34 6.8 0.375)
(34.4 6.8 0.375)
(34.8 6.8 0.375)
(35.2 6.8 0.375)
(35.6 6.8 0.375)
(36 6.8 0.375)
(36.4 6.8 0.375)
(36.8 6.8 0.375)
(37.2 6.8 0.375)
(37.6 6.8 0.375)
(38 6.8 0.375)
(28 7.2 0.375)
(28.4 7.2 0.375)
(28.8 7.2 0.375)
(29.2 7.2 0.375)
(29.6 7.2 0.375)
(30 7.2 0.375)
(30.4 7.2 0.375)
(30.8 7.2 0.375)
(31.2 7.2 0.375)
(31.6 7.2 0.375)
(32 7.2 0.375)
(32.4 7.2 0.375)
(32.8 7.2 0.375)
(33.2 7.2 0.375)
(33.6 7.2 0.375)
(34 7.2 0.375)
(34.4 7.2 0.375)
(34.8 7.2 0.375)
(35.2 7.2 0.375)
(35.6 7.2 0.375)
(36 7.2 0.375)
(36.4 7.2 0.375)
(36.8 7.2 0.375)
(37.2 7.2 0.375)
(37.6 7.2 0.375)
(38 7.2 0.375)
(28 7.6 0.375)
(28.4 7.6 0.375)
(28.8 7.6 0.375)
(29.2 7.6 0.375)
(29.6 7.6 0.375)
(30 7.6 0.375)
(30.4 7.6 0.375)
(30.8 7.6 0.375)
(31.2 7.6 0.375)
(31.6 7.6 0.375)
(32 7.6 0.375)
(32.4 7.6 0.375)
(32.8 7.6 0.375)
(33.2 7.6 0.375)
(33.6 7.6 0.375)
(34 7.6 0.375)
(34.4 7.6 0.375)
(34.8 7.6 0.375)
(35.2 7.6 0.375)
(35.6 7.6 0.375)
(36 7.6 0.375)
(36.4 7.6 0.375)
(36.8 7.6 0.375)
(37.2 7.6 0.375)
(37.6 7.6 0.375)
(38 7.6 0.375)
(28 8 0.375)
(28.4 8 0.375)
(28.8 8 0.375)
(29.2 8 0.375)
(29.6 8 0.375)
(30 8 0.375)
(30.4 8 0.375)
(30.8 8 0.375)
(31.2 8 0.375)
(31.6 8 0.375)
(32 8 0.375)
(32.4 8 0.375)
(32.8 8 0.375)
(33.2 8 0.375)
(33.6 8 0.375)
(34 8 0.375)
(34.4 8 0.375)
(34.8 8 0.375)
(35.2 8 0.375)
(35.6 8 0.375)
(36 8 0.375)
(36.4 8 0.375)
(36.8 8 0.375)
(37.2 8 0.375)
(37.6 8 0.375)
(38 8 0.375)
(28 8.4 0.375)
(28.4 8.4 0.375)
(28.8 8.4 0.375)
(29.2 8.4 0.375)
(29.6 8.4 0.375)
(30 8.4 0.375)
(30.4 8.4 0.375)
(30.8 8.4 0.375)
(31.2 8.4 0.375)
(31.6 8.4 0.375)
(32 8.4 0.375)
(32.4 8.4 0.375)
(32.8 8.4 0.375)
(33.2 8.4 0.375)
(33.6 8.4 0.375)
(34 8.4 0.375)
(34.4 8.4 0.375)
(34.8 8.4 0.375)
(35.2 8.4 0.375)
(35.6 8.4 0.375)
(36 8.4 0.375)
(36.4 8.4 0.375)
(36.8 8.4 0.375)
(37.2 8.4 0.375)
(37.6 8.4 0.375)
(38 8.4 0.375)
(28 8.8 0.375)
(28.4 8.8 0.375)
(28.8 8.8 0.375)
(29.2 8.8 0.375)
(29.6 8.8 0.375)
(30 8.8 0.375)
(30.4 8.8 0.375)
(30.8 8.8 0.375)
(31.2 8.8 0.375)
(31.6 8.8 0.375)
(32 8.8 0.375)
(32.4 8.8 0.375)
(32.8 8.8 0.375)
(33.2 8.8 0.375)
(33.6 8.8 0.375)
(34 8.8 0.375)
(34.4 8.8 0.375)
(34.8 8.8 0.375)
(35.2 8.8 0.375)
(35.6 8.8 0.375)
(36 8.8 0.375)
(36.4 8.8 0.375)
(36.8 8.8 0.375)
(37.2 8.8 0.375)
(37.6 8.8 0.375)
(38 8.8 0.375)
(28 9.2 0.375)
(28.4 9.2 0.375)
(28.8 9.2 0.375)
(29.2 9.2 0.375)
(29.6 9.2 0.375)
(30 9.2 0.375)
(30.4 9.2 0.375)
(30.8 9.2 0.375)
(31.2 9.2 0.375)
(31.6 9.2 0.375)
(32 9.2 0.375)
(32.4 9.2 0.375)
(32.8 9.2 0.375)
(33.2 9.2 0.375)
(33.6 9.2 0.375)
(34 9.2 0.375)
(34.4 9.2 0.375)
(34.8 9.2 0.375)
(35.2 9.2 0.375)
(35.6 9.2 0.375)
(36 9.2 0.375)
(36.4 9.2 0.375)
(36.8 9.2 0.375)
(37.2 9.2 0.375)
(37.6 9.2 0.375)
(38 9.2 0.375)
(28 9.6 0.375)
(28.4 9.6 0.375)
(28.8 9.6 0.375)
(29.2 9.6 0.375)
(29.6 9.6 0.375)
(30 9.6 0.375)
(30.4 9.6 0.375)
(30.8 9.6 0.375)
(31.2 9.6 0.375)
(31.6 9.6 0.375)
(32 9.6 0.375)
(32.4 9.6 0.375)
(32.8 9.6 0.375)
(33.2 9.6 0.375)
(33.6 9.6 0.375)
(34 9.6 0.375)
(34.4 9.6 0.375)
(34.8 9.6 0.375)
(35.2 9.6 0.375)
(35.6 9.6 0.375)
(36 9.6 0.375)
(36.4 9.6 0.375)
(36.8 9.6 0.375)
(37.2 9.6 0.375)
(37.6 9.6 0.375)
(38 9.6 0.375)
(28 10 0.375)
(28.4 10 0.375)
(28.8 10 0.375)
(29.2 10 0.375)
(29.6 10 0.375)
(30 10 0.375)
(30.4 10 0.375)
(30.8 10 0.375)
(31.2 10 0.375)
(31.6 10 0.375)
(32 10 0.375)
(32.4 10 0.375)
(32.8 10 0.375)
(33.2 10 0.375)
(33.6 10 0.375)
(34 10 0.375)
(34.4 10 0.375)
(34.8 10 0.375)
(35.2 10 0.375)
(35.6 10 0.375)
(36 10 0.375)
(36.4 10 0.375)
(36.8 10 0.375)
(37.2 10 0.375)
(37.6 10 0.375)
(38 10 0.375)
(28 10.4 0.375)
(28.4 10.4 0.375)
(28.8 10.4 0.375)
(29.2 10.4 0.375)
(29.6 10.4 0.375)
(30 10.4 0.375)
(30.4 10.4 0.375)
(30.8 10.4 0.375)
(31.2 10.4 0.375)
(31.6 10.4 0.375)
(32 10.4 0.375)
(32.4 10.4 0.375)
(32.8 10.4 0.375)
(33.2 10.4 0.375)
(33.6 10.4 0.375)
(34 10.4 0.375)
(34.4 10.4 0.375)
(34.8 10.4 0.375)
(35.2 10.4 0.375)
(35.6 10.4 0.375)
(36 10.4 0.375)
(36.4 10.4 0.375)
(36.8 10.4 0.375)
(37.2 10.4 0.375)
(37.6 10.4 0.375)
(38 10.4 0.375)
(28 10.8 0.375)
(28.4 10.8 0.375)
(28.8 10.8 0.375)
(29.2 10.8 0.375)
(29.6 10.8 0.375)
(30 10.8 0.375)
(30.4 10.8 0.375)
(30.8 10.8 0.375)
(31.2 10.8 0.375)
(31.6 10.8 0.375)
(32 10.8 0.375)
(32.4 10.8 0.375)
(32.8 10.8 0.375)
(33.2 10.8 0.375)
(33.6 10.8 0.375)
(34 10.8 0.375)
(34.4 10.8 0.375)
(34.8 10.8 0.375)
(35.2 10.8 0.375)
(35.6 10.8 0.375)
(36 10.8 0.375)
(36.4 10.8 0.375)
(36.8 10.8 0.375)
(37.2 10.8 0.375)
(37.6 10.8 0.375)
(38 10.8 0.375)
(28 11.2 0.375)
(28.4 11.2 0.375)
(28.8 11.2 0.375)
(29.2 11.2 0.375)
(29.6 11.2 0.375)
(30 11.2 0.375)
(30.4 11.2 0.375)
(30.8 11.2 0.375)
(31.2 11.2 0.375)
(31.6 11.2 0.375)
(32 11.2 0.375)
(32.4 11.2 0.375)
(32.8 11.2 0.375)
(33.2 11.2 0.375)
(33.6 11.2 0.375)
(34 11.2 0.375)
(34.4 11.2 0.375)
(34.8 11.2 0.375)
(35.2 11.2 0.375)
(35.6 11.2 0.375)
(36 11.2 0.375)
(36.4 11.2 0.375)
(36.8 11.2 0.375)
(37.2 11.2 0.375)
(37.6 11.2 0.375)
(38 11.2 0.375)
(28 11.6 0.375)
(28.4 11.6 0.375)
(28.8 11.6 0.375)
(29.2 11.6 0.375)
(29.6 11.6 0.375)
(30 11.6 0.375)
(30.4 11.6 0.375)
(30.8 11.6 0.375)
(31.2 11.6 0.375)
(31.6 11.6 0.375)
(32 11.6 0.375)
(32.4 11.6 0.375)
(32.8 11.6 0.375)
(33.2 11.6 0.375)
(33.6 11.6 0.375)
(34 11.6 0.375)
(34.4 11.6 0.375)
(34.8 11.6 0.375)
(35.2 11.6 0.375)
(35.6 11.6 0.375)
(36 11.6 0.375)
(36.4 11.6 0.375)
(36.8 11.6 0.375)
(37.2 11.6 0.375)
(37.6 11.6 0.375)
(38 11.6 0.375)
(28 12 0.375)
(28.4 12 0.375)
(28.8 12 0.375)
(29.2 12 0.375)
(29.6 12 0.375)
(30 12 0.375)
(30.4 12 0.375)
(30.8 12 0.375)
(31.2 12 0.375)
(31.6 12 0.375)
(32 12 0.375)
(32.4 12 0.375)
(32.8 12 0.375)
(33.2 12 0.375)
(33.6 12 0.375)
(34 12 0.375)
(34.4 12 0.375)
(34.8 12 0.375)
(35.2 12 0.375)
(35.6 12 0.375)
(36 12 0.375)
(36.4 12 0.375)
(36.8 12 0.375)
(37.2 12 0.375)
(37.6 12 0.375)
(38 12 0.375)
(28 12.4 0.375)
(28.4 12.4 0.375)
(28.8 12.4 0.375)
(29.2 12.4 0.375)
(29.6 12.4 0.375)
(30 12.4 0.375)
(30.4 12.4 0.375)
(30.8 12.4 0.375)
(31.2 12.4 0.375)
(31.6 12.4 0.375)
(32 12.4 0.375)
(32.4 12.4 0.375)
(32.8 12.4 0.375)
(33.2 12.4 0.375)
(33.6 12.4 0.375)
(34 12.4 0.375)
(34.4 12.4 0.375)
(34.8 12.4 0.375)
(35.2 12.4 0.375)
(35.6 12.4 0.375)
(36 12.4 0.375)
(36.4 12.4 0.375)
(36.8 12.4 0.375)
(37.2 12.4 0.375)
(37.6 12.4 0.375)
(38 12.4 0.375)
(28 12.8 0.375)
(28.4 12.8 0.375)
(28.8 12.8 0.375)
(29.2 12.8 0.375)
(29.6 12.8 0.375)
(30 12.8 0.375)
(30.4 12.8 0.375)
(30.8 12.8 0.375)
(31.2 12.8 0.375)
(31.6 12.8 0.375)
(32 12.8 0.375)
(32.4 12.8 0.375)
(32.8 12.8 0.375)
(33.2 12.8 0.375)
(33.6 12.8 0.375)
(34 12.8 0.375)
(34.4 12.8 0.375)
(34.8 12.8 0.375)
(35.2 12.8 0.375)
(35.6 12.8 0.375)
(36 12.8 0.375)
(36.4 12.8 0.375)
(36.8 12.8 0.375)
(37.2 12.8 0.375)
(37.6 12.8 0.375)
(38 12.8 0.375)
(28 13.2 0.375)
(28.4 13.2 0.375)
(28.8 13.2 0.375)
(29.2 13.2 0.375)
(29.6 13.2 0.375)
(30 13.2 0.375)
(30.4 13.2 0.375)
(30.8 13.2 0.375)
(31.2 13.2 0.375)
(31.6 13.2 0.375)
(32 13.2 0.375)
(32.4 13.2 0.375)
(32.8 13.2 0.375)
(33.2 13.2 0.375)
(33.6 13.2 0.375)
(34 13.2 0.375)
(34.4 13.2 0.375)
(34.8 13.2 0.375)
(35.2 13.2 0.375)
(35.6 13.2 0.375)
(36 13.2 0.375)
(36.4 13.2 0.375)
(36.8 13.2 0.375)
(37.2 13.2 0.375)
(37.6 13.2 0.375)
(38 13.2 0.375)
(28 13.6 0.375)
(28.4 13.6 0.375)
(28.8 13.6 0.375)
(29.2 13.6 0.375)
(29.6 13.6 0.375)
(30 13.6 0.375)
(30.4 13.6 0.375)
(30.8 13.6 0.375)
(31.2 13.6 0.375)
(31.6 13.6 0.375)
(32 13.6 0.375)
(32.4 13.6 0.375)
(32.8 13.6 0.375)
(33.2 13.6 0.375)
(33.6 13.6 0.375)
(34 13.6 0.375)
(34.4 13.6 0.375)
(34.8 13.6 0.375)
(35.2 13.6 0.375)
(35.6 13.6 0.375)
(36 13.6 0.375)
(36.4 13.6 0.375)
(36.8 13.6 0.375)
(37.2 13.6 0.375)
(37.6 13.6 0.375)
(38 13.6 0.375)
(28 14 0.375)
(28.4 14 0.375)
(28.8 14 0.375)
(29.2 14 0.375)
(29.6 14 0.375)
(30 14 0.375)
(30.4 14 0.375)
(30.8 14 0.375)
(31.2 14 0.375)
(31.6 14 0.375)
(32 14 0.375)
(32.4 14 0.375)
(32.8 14 0.375)
(33.2 14 0.375)
(33.6 14 0.375)
(34 14 0.375)
(34.4 14 0.375)
(34.8 14 0.375)
(35.2 14 0.375)
(35.6 14 0.375)
(36 14 0.375)
(36.4 14 0.375)
(36.8 14 0.375)
(37.2 14 0.375)
(37.6 14 0.375)
(38 14 0.375)
(28 14.4 0.375)
(28.4 14.4 0.375)
(28.8 14.4 0.375)
(29.2 14.4 0.375)
(29.6 14.4 0.375)
(30 14.4 0.375)
(30.4 14.4 0.375)
(30.8 14.4 0.375)
(31.2 14.4 0.375)
(31.6 14.4 0.375)
(32 14.4 0.375)
(32.4 14.4 0.375)
(32.8 14.4 0.375)
(33.2 14.4 0.375)
(33.6 14.4 0.375)
(34 14.4 0.375)
(34.4 14.4 0.375)
(34.8 14.4 0.375)
(35.2 14.4 0.375)
(35.6 14.4 0.375)
(36 14.4 0.375)
(36.4 14.4 0.375)
(36.8 14.4 0.375)
(37.2 14.4 0.375)
(37.6 14.4 0.375)
(38 14.4 0.375)
(28 14.8 0.375)
(28.4 14.8 0.375)
(28.8 14.8 0.375)
(29.2 14.8 0.375)
(29.6 14.8 0.375)
(30 14.8 0.375)
(30.4 14.8 0.375)
(30.8 14.8 0.375)
(31.2 14.8 0.375)
(31.6 14.8 0.375)
(32 14.8 0.375)
(32.4 14.8 0.375)
(32.8 14.8 0.375)
(33.2 14.8 0.375)
(33.6 14.8 0.375)
(34 14.8 0.375)
(34.4 14.8 0.375)
(34.8 14.8 0.375)
(35.2 14.8 0.375)
(35.6 14.8 0.375)
(36 14.8 0.375)
(36.4 14.8 0.375)
(36.8 14.8 0.375)
(37.2 14.8 0.375)
(37.6 14.8 0.375)
(38 14.8 0.375)
(28 15.2 0.375)
(28.4 15.2 0.375)
(28.8 15.2 0.375)
(29.2 15.2 0.375)
(29.6 15.2 0.375)
(30 15.2 0.375)
(30.4 15.2 0.375)
(30.8 15.2 0.375)
(31.2 15.2 0.375)
(31.6 15.2 0.375)
(32 15.2 0.375)
(32.4 15.2 0.375)
(32.8 15.2 0.375)
(33.2 15.2 0.375)
(33.6 15.2 0.375)
(34 15.2 0.375)
(34.4 15.2 0.375)
(34.8 15.2 0.375)
(35.2 15.2 0.375)
(35.6 15.2 0.375)
(36 15.2 0.375)
(36.4 15.2 0.375)
(36.8 15.2 0.375)
(37.2 15.2 0.375)
(37.6 15.2 0.375)
(38 15.2 0.375)
(28 15.6 0.375)
(28.4 15.6 0.375)
(28.8 15.6 0.375)
(29.2 15.6 0.375)
(29.6 15.6 0.375)
(30 15.6 0.375)
(30.4 15.6 0.375)
(30.8 15.6 0.375)
(31.2 15.6 0.375)
(31.6 15.6 0.375)
(32 15.6 0.375)
(32.4 15.6 0.375)
(32.8 15.6 0.375)
(33.2 15.6 0.375)
(33.6 15.6 0.375)
(34 15.6 0.375)
(34.4 15.6 0.375)
(34.8 15.6 0.375)
(35.2 15.6 0.375)
(35.6 15.6 0.375)
(36 15.6 0.375)
(36.4 15.6 0.375)
(36.8 15.6 0.375)
(37.2 15.6 0.375)
(37.6 15.6 0.375)
(38 15.6 0.375)
(28 16 0.375)
(28.4 16 0.375)
(28.8 16 0.375)
(29.2 16 0.375)
(29.6 16 0.375)
(30 16 0.375)
(30.4 16 0.375)
(30.8 16 0.375)
(31.2 16 0.375)
(31.6 16 0.375)
(32 16 0.375)
(32.4 16 0.375)
(32.8 16 0.375)
(33.2 16 0.375)
(33.6 16 0.375)
(34 16 0.375)
(34.4 16 0.375)
(34.8 16 0.375)
(35.2 16 0.375)
(35.6 16 0.375)
(36 16 0.375)
(36.4 16 0.375)
(36.8 16 0.375)
(37.2 16 0.375)
(37.6 16 0.375)
(38 16 0.375)
(28 4.4 0.75)
(28.4 4.4 0.75)
(28.8 4.4 0.75)
(29.2 4.4 0.75)
(29.6 4.4 0.75)
(30 4.4 0.75)
(30.4 4.4 0.75)
(30.8 4.4 0.75)
(31.2 4.4 0.75)
(31.6 4.4 0.75)
(32 4.4 0.75)
(32.4 4.4 0.75)
(32.8 4.4 0.75)
(33.2 4.4 0.75)
(33.6 4.4 0.75)
(34 4.4 0.75)
(34.4 4.4 0.75)
(34.8 4.4 0.75)
(35.2 4.4 0.75)
(35.6 4.4 0.75)
(36 4.4 0.75)
(36.4 4.4 0.75)
(36.8 4.4 0.75)
(37.2 4.4 0.75)
(37.6 4.4 0.75)
(38 4.4 0.75)
(28 4.8 0.75)
(28.4 4.8 0.75)
(28.8 4.8 0.75)
(29.2 4.8 0.75)
(29.6 4.8 0.75)
(30 4.8 0.75)
(30.4 4.8 0.75)
(30.8 4.8 0.75)
(31.2 4.8 0.75)
(31.6 4.8 0.75)
(32 4.8 0.75)
(32.4 4.8 0.75)
(32.8 4.8 0.75)
(33.2 4.8 0.75)
(33.6 4.8 0.75)
(34 4.8 0.75)
(34.4 4.8 0.75)
(34.8 4.8 0.75)
(35.2 4.8 0.75)
(35.6 4.8 0.75)
(36 4.8 0.75)
(36.4 4.8 0.75)
(36.8 4.8 0.75)
(37.2 4.8 0.75)
(37.6 4.8 0.75)
(38 4.8 0.75)
(28 5.2 0.75)
(28.4 5.2 0.75)
(28.8 5.2 0.75)
(29.2 5.2 0.75)
(29.6 5.2 0.75)
(30 5.2 0.75)
(30.4 5.2 0.75)
(30.8 5.2 0.75)
(31.2 5.2 0.75)
(31.6 5.2 0.75)
(32 5.2 0.75)
(32.4 5.2 0.75)
(32.8 5.2 0.75)
(33.2 5.2 0.75)
(33.6 5.2 0.75)
(34 5.2 0.75)
(34.4 5.2 0.75)
(34.8 5.2 0.75)
(35.2 5.2 0.75)
(35.6 5.2 0.75)
(36 5.2 0.75)
(36.4 5.2 0.75)
(36.8 5.2 0.75)
(37.2 5.2 0.75)
(37.6 5.2 0.75)
(38 5.2 0.75)
(28 5.6 0.75)
(28.4 5.6 0.75)
(28.8 5.6 0.75)
(29.2 5.6 0.75)
(29.6 5.6 0.75)
(30 5.6 0.75)
(30.4 5.6 0.75)
(30.8 5.6 0.75)
(31.2 5.6 0.75)
(31.6 5.6 0.75)
(32 5.6 0.75)
(32.4 5.6 0.75)
(32.8 5.6 0.75)
(33.2 5.6 0.75)
(33.6 5.6 0.75)
(34 5.6 0.75)
(34.4 5.6 0.75)
(34.8 5.6 0.75)
(35.2 5.6 0.75)
(35.6 5.6 0.75)
(36 5.6 0.75)
(36.4 5.6 0.75)
(36.8 5.6 0.75)
(37.2 5.6 0.75)
(37.6 5.6 0.75)
(38 5.6 0.75)
(28 6 0.75)
(28.4 6 0.75)
(28.8 6 0.75)
(29.2 6 0.75)
(29.6 6 0.75)
(30 6 0.75)
(30.4 6 0.75)
(30.8 6 0.75)
(31.2 6 0.75)
(31.6 6 0.75)
(32 6 0.75)
(32.4 6 0.75)
(32.8 6 0.75)
(33.2 6 0.75)
(33.6 6 0.75)
(34 6 0.75)
(34.4 6 0.75)
(34.8 6 0.75)
(35.2 6 0.75)
(35.6 6 0.75)
(36 6 0.75)
(36.4 6 0.75)
(36.8 6 0.75)
(37.2 6 0.75)
(37.6 6 0.75)
(38 6 0.75)
(28 6.4 0.75)
(28.4 6.4 0.75)
(28.8 6.4 0.75)
(29.2 6.4 0.75)
(29.6 6.4 0.75)
(30 6.4 0.75)
(30.4 6.4 0.75)
(30.8 6.4 0.75)
(31.2 6.4 0.75)
(31.6 6.4 0.75)
(32 6.4 0.75)
(32.4 6.4 0.75)
(32.8 6.4 0.75)
(33.2 6.4 0.75)
(33.6 6.4 0.75)
(34 6.4 0.75)
(34.4 6.4 0.75)
(34.8 6.4 0.75)
(35.2 6.4 0.75)
(35.6 6.4 0.75)
(36 6.4 0.75)
(36.4 6.4 0.75)
(36.8 6.4 0.75)
(37.2 6.4 0.75)
(37.6 6.4 0.75)
(38 6.4 0.75)
(28 6.8 0.75)
(28.4 6.8 0.75)
(28.8 6.8 0.75)
(29.2 6.8 0.75)
(29.6 6.8 0.75)
(30 6.8 0.75)
(30.4 6.8 0.75)
(30.8 6.8 0.75)
(31.2 6.8 0.75)
(31.6 6.8 0.75)
(32 6.8 0.75)
(32.4 6.8 0.75)
(32.8 6.8 0.75)
(33.2 6.8 0.75)
(33.6 6.8 0.75)
(34 6.8 0.75)
(34.4 6.8 0.75)
(34.8 6.8 0.75)
(35.2 6.8 0.75)
(35.6 6.8 0.75)
(36 6.8 0.75)
(36.4 6.8 0.75)
(36.8 6.8 0.75)
(37.2 6.8 0.75)
(37.6 6.8 0.75)
(38 6.8 0.75)
(28 7.2 0.75)
(28.4 7.2 0.75)
(28.8 7.2 0.75)
(29.2 7.2 0.75)
(29.6 7.2 0.75)
(30 7.2 0.75)
(30.4 7.2 0.75)
(30.8 7.2 0.75)
(31.2 7.2 0.75)
(31.6 7.2 0.75)
(32 7.2 0.75)
(32.4 7.2 0.75)
(32.8 7.2 0.75)
(33.2 7.2 0.75)
(33.6 7.2 0.75)
(34 7.2 0.75)
(34.4 7.2 0.75)
(34.8 7.2 0.75)
(35.2 7.2 0.75)
(35.6 7.2 0.75)
(36 7.2 0.75)
(36.4 7.2 0.75)
(36.8 7.2 0.75)
(37.2 7.2 0.75)
(37.6 7.2 0.75)
(38 7.2 0.75)
(28 7.6 0.75)
(28.4 7.6 0.75)
(28.8 7.6 0.75)
(29.2 7.6 0.75)
(29.6 7.6 0.75)
(30 7.6 0.75)
(30.4 7.6 0.75)
(30.8 7.6 0.75)
(31.2 7.6 0.75)
(31.6 7.6 0.75)
(32 7.6 0.75)
(32.4 7.6 0.75)
(32.8 7.6 0.75)
(33.2 7.6 0.75)
(33.6 7.6 0.75)
(34 7.6 0.75)
(34.4 7.6 0.75)
(34.8 7.6 0.75)
(35.2 7.6 0.75)
(35.6 7.6 0.75)
(36 7.6 0.75)
(36.4 7.6 0.75)
(36.8 7.6 0.75)
(37.2 7.6 0.75)
(37.6 7.6 0.75)
(38 7.6 0.75)
(28 8 0.75)
(28.4 8 0.75)
(28.8 8 0.75)
(29.2 8 0.75)
(29.6 8 0.75)
(30 8 0.75)
(30.4 8 0.75)
(30.8 8 0.75)
(31.2 8 0.75)
(31.6 8 0.75)
(32 8 0.75)
(32.4 8 0.75)
(32.8 8 0.75)
(33.2 8 0.75)
(33.6 8 0.75)
(34 8 0.75)
(34.4 8 0.75)
(34.8 8 0.75)
(35.2 8 0.75)
(35.6 8 0.75)
(36 8 0.75)
(36.4 8 0.75)
(36.8 8 0.75)
(37.2 8 0.75)
(37.6 8 0.75)
(38 8 0.75)
(28 8.4 0.75)
(28.4 8.4 0.75)
(28.8 8.4 0.75)
(29.2 8.4 0.75)
(29.6 8.4 0.75)
(30 8.4 0.75)
(30.4 8.4 0.75)
(30.8 8.4 0.75)
(31.2 8.4 0.75)
(31.6 8.4 0.75)
(32 8.4 0.75)
(32.4 8.4 0.75)
(32.8 8.4 0.75)
(33.2 8.4 0.75)
(33.6 8.4 0.75)
(34 8.4 0.75)
(34.4 8.4 0.75)
(34.8 8.4 0.75)
(35.2 8.4 0.75)
(35.6 8.4 0.75)
(36 8.4 0.75)
(36.4 8.4 0.75)
(36.8 8.4 0.75)
(37.2 8.4 0.75)
(37.6 8.4 0.75)
(38 8.4 0.75)
(28 8.8 0.75)
(28.4 8.8 0.75)
(28.8 8.8 0.75)
(29.2 8.8 0.75)
(29.6 8.8 0.75)
(30 8.8 0.75)
(30.4 8.8 0.75)
(30.8 8.8 0.75)
(31.2 8.8 0.75)
(31.6 8.8 0.75)
(32 8.8 0.75)
(32.4 8.8 0.75)
(32.8 8.8 0.75)
(33.2 8.8 0.75)
(33.6 8.8 0.75)
(34 8.8 0.75)
(34.4 8.8 0.75)
(34.8 8.8 0.75)
(35.2 8.8 0.75)
(35.6 8.8 0.75)
(36 8.8 0.75)
(36.4 8.8 0.75)
(36.8 8.8 0.75)
(37.2 8.8 0.75)
(37.6 8.8 0.75)
(38 8.8 0.75)
(28 9.2 0.75)
(28.4 9.2 0.75)
(28.8 9.2 0.75)
(29.2 9.2 0.75)
(29.6 9.2 0.75)
(30 9.2 0.75)
(30.4 9.2 0.75)
(30.8 9.2 0.75)
(31.2 9.2 0.75)
(31.6 9.2 0.75)
(32 9.2 0.75)
(32.4 9.2 0.75)
(32.8 9.2 0.75)
(33.2 9.2 0.75)
(33.6 9.2 0.75)
(34 9.2 0.75)
(34.4 9.2 0.75)
(34.8 9.2 0.75)
(35.2 9.2 0.75)
(35.6 9.2 0.75)
(36 9.2 0.75)
(36.4 9.2 0.75)
(36.8 9.2 0.75)
(37.2 9.2 0.75)
(37.6 9.2 0.75)
(38 9.2 0.75)
(28 9.6 0.75)
(28.4 9.6 0.75)
(28.8 9.6 0.75)
(29.2 9.6 0.75)
(29.6 9.6 0.75)
(30 9.6 0.75)
(30.4 9.6 0.75)
(30.8 9.6 0.75)
(31.2 9.6 0.75)
(31.6 9.6 0.75)
(32 9.6 0.75)
(32.4 9.6 0.75)
(32.8 9.6 0.75)
(33.2 9.6 0.75)
(33.6 9.6 0.75)
(34 9.6 0.75)
(34.4 9.6 0.75)
(34.8 9.6 0.75)
(35.2 9.6 0.75)
(35.6 9.6 0.75)
(36 9.6 0.75)
(36.4 9.6 0.75)
(36.8 9.6 0.75)
(37.2 9.6 0.75)
(37.6 9.6 0.75)
(38 9.6 0.75)
(28 10 0.75)
(28.4 10 0.75)
(28.8 10 0.75)
(29.2 10 0.75)
(29.6 10 0.75)
(30 10 0.75)
(30.4 10 0.75)
(30.8 10 0.75)
(31.2 10 0.75)
(31.6 10 0.75)
(32 10 0.75)
(32.4 10 0.75)
(32.8 10 0.75)
(33.2 10 0.75)
(33.6 10 0.75)
(34 10 0.75)
(34.4 10 0.75)
(34.8 10 0.75)
(35.2 10 0.75)
(35.6 10 0.75)
(36 10 0.75)
(36.4 10 0.75)
(36.8 10 0.75)
(37.2 10 0.75)
(37.6 10 0.75)
(38 10 0.75)
(28 10.4 0.75)
(28.4 10.4 0.75)
(28.8 10.4 0.75)
(29.2 10.4 0.75)
(29.6 10.4 0.75)
(30 10.4 0.75)
(30.4 10.4 0.75)
(30.8 10.4 0.75)
(31.2 10.4 0.75)
(31.6 10.4 0.75)
(32 10.4 0.75)
(32.4 10.4 0.75)
(32.8 10.4 0.75)
(33.2 10.4 0.75)
(33.6 10.4 0.75)
(34 10.4 0.75)
(34.4 10.4 0.75)
(34.8 10.4 0.75)
(35.2 10.4 0.75)
(35.6 10.4 0.75)
(36 10.4 0.75)
(36.4 10.4 0.75)
(36.8 10.4 0.75)
(37.2 10.4 0.75)
(37.6 10.4 0.75)
(38 10.4 0.75)
(28 10.8 0.75)
(28.4 10.8 0.75)
(28.8 10.8 0.75)
(29.2 10.8 0.75)
(29.6 10.8 0.75)
(30 10.8 0.75)
(30.4 10.8 0.75)
(30.8 10.8 0.75)
(31.2 10.8 0.75)
(31.6 10.8 0.75)
(32 10.8 0.75)
(32.4 10.8 0.75)
(32.8 10.8 0.75)
(33.2 10.8 0.75)
(33.6 10.8 0.75)
(34 10.8 0.75)
(34.4 10.8 0.75)
(34.8 10.8 0.75)
(35.2 10.8 0.75)
(35.6 10.8 0.75)
(36 10.8 0.75)
(36.4 10.8 0.75)
(36.8 10.8 0.75)
(37.2 10.8 0.75)
(37.6 10.8 0.75)
(38 10.8 0.75)
(28 11.2 0.75)
(28.4 11.2 0.75)
(28.8 11.2 0.75)
(29.2 11.2 0.75)
(29.6 11.2 0.75)
(30 11.2 0.75)
(30.4 11.2 0.75)
(30.8 11.2 0.75)
(31.2 11.2 0.75)
(31.6 11.2 0.75)
(32 11.2 0.75)
(32.4 11.2 0.75)
(32.8 11.2 0.75)
(33.2 11.2 0.75)
(33.6 11.2 0.75)
(34 11.2 0.75)
(34.4 11.2 0.75)
(34.8 11.2 0.75)
(35.2 11.2 0.75)
(35.6 11.2 0.75)
(36 11.2 0.75)
(36.4 11.2 0.75)
(36.8 11.2 0.75)
(37.2 11.2 0.75)
(37.6 11.2 0.75)
(38 11.2 0.75)
(28 11.6 0.75)
(28.4 11.6 0.75)
(28.8 11.6 0.75)
(29.2 11.6 0.75)
(29.6 11.6 0.75)
(30 11.6 0.75)
(30.4 11.6 0.75)
(30.8 11.6 0.75)
(31.2 11.6 0.75)
(31.6 11.6 0.75)
(32 11.6 0.75)
(32.4 11.6 0.75)
(32.8 11.6 0.75)
(33.2 11.6 0.75)
(33.6 11.6 0.75)
(34 11.6 0.75)
(34.4 11.6 0.75)
(34.8 11.6 0.75)
(35.2 11.6 0.75)
(35.6 11.6 0.75)
(36 11.6 0.75)
(36.4 11.6 0.75)
(36.8 11.6 0.75)
(37.2 11.6 0.75)
(37.6 11.6 0.75)
(38 11.6 0.75)
(28 12 0.75)
(28.4 12 0.75)
(28.8 12 0.75)
(29.2 12 0.75)
(29.6 12 0.75)
(30 12 0.75)
(30.4 12 0.75)
(30.8 12 0.75)
(31.2 12 0.75)
(31.6 12 0.75)
(32 12 0.75)
(32.4 12 0.75)
(32.8 12 0.75)
(33.2 12 0.75)
(33.6 12 0.75)
(34 12 0.75)
(34.4 12 0.75)
(34.8 12 0.75)
(35.2 12 0.75)
(35.6 12 0.75)
(36 12 0.75)
(36.4 12 0.75)
(36.8 12 0.75)
(37.2 12 0.75)
(37.6 12 0.75)
(38 12 0.75)
(28 12.4 0.75)
(28.4 12.4 0.75)
(28.8 12.4 0.75)
(29.2 12.4 0.75)
(29.6 12.4 0.75)
(30 12.4 0.75)
(30.4 12.4 0.75)
(30.8 12.4 0.75)
(31.2 12.4 0.75)
(31.6 12.4 0.75)
(32 12.4 0.75)
(32.4 12.4 0.75)
(32.8 12.4 0.75)
(33.2 12.4 0.75)
(33.6 12.4 0.75)
(34 12.4 0.75)
(34.4 12.4 0.75)
(34.8 12.4 0.75)
(35.2 12.4 0.75)
(35.6 12.4 0.75)
(36 12.4 0.75)
(36.4 12.4 0.75)
(36.8 12.4 0.75)
(37.2 12.4 0.75)
(37.6 12.4 0.75)
(38 12.4 0.75)
(28 12.8 0.75)
(28.4 12.8 0.75)
(28.8 12.8 0.75)
(29.2 12.8 0.75)
(29.6 12.8 0.75)
(30 12.8 0.75)
(30.4 12.8 0.75)
(30.8 12.8 0.75)
(31.2 12.8 0.75)
(31.6 12.8 0.75)
(32 12.8 0.75)
(32.4 12.8 0.75)
(32.8 12.8 0.75)
(33.2 12.8 0.75)
(33.6 12.8 0.75)
(34 12.8 0.75)
(34.4 12.8 0.75)
(34.8 12.8 0.75)
(35.2 12.8 0.75)
(35.6 12.8 0.75)
(36 12.8 0.75)
(36.4 12.8 0.75)
(36.8 12.8 0.75)
(37.2 12.8 0.75)
(37.6 12.8 0.75)
(38 12.8 0.75)
(28 13.2 0.75)
(28.4 13.2 0.75)
(28.8 13.2 0.75)
(29.2 13.2 0.75)
(29.6 13.2 0.75)
(30 13.2 0.75)
(30.4 13.2 0.75)
(30.8 13.2 0.75)
(31.2 13.2 0.75)
(31.6 13.2 0.75)
(32 13.2 0.75)
(32.4 13.2 0.75)
(32.8 13.2 0.75)
(33.2 13.2 0.75)
(33.6 13.2 0.75)
(34 13.2 0.75)
(34.4 13.2 0.75)
(34.8 13.2 0.75)
(35.2 13.2 0.75)
(35.6 13.2 0.75)
(36 13.2 0.75)
(36.4 13.2 0.75)
(36.8 13.2 0.75)
(37.2 13.2 0.75)
(37.6 13.2 0.75)
(38 13.2 0.75)
(28 13.6 0.75)
(28.4 13.6 0.75)
(28.8 13.6 0.75)
(29.2 13.6 0.75)
(29.6 13.6 0.75)
(30 13.6 0.75)
(30.4 13.6 0.75)
(30.8 13.6 0.75)
(31.2 13.6 0.75)
(31.6 13.6 0.75)
(32 13.6 0.75)
(32.4 13.6 0.75)
(32.8 13.6 0.75)
(33.2 13.6 0.75)
(33.6 13.6 0.75)
(34 13.6 0.75)
(34.4 13.6 0.75)
(34.8 13.6 0.75)
(35.2 13.6 0.75)
(35.6 13.6 0.75)
(36 13.6 0.75)
(36.4 13.6 0.75)
(36.8 13.6 0.75)
(37.2 13.6 0.75)
(37.6 13.6 0.75)
(38 13.6 0.75)
(28 14 0.75)
(28.4 14 0.75)
(28.8 14 0.75)
(29.2 14 0.75)
(29.6 14 0.75)
(30 14 0.75)
(30.4 14 0.75)
(30.8 14 0.75)
(31.2 14 0.75)
(31.6 14 0.75)
(32 14 0.75)
(32.4 14 0.75)
(32.8 14 0.75)
(33.2 14 0.75)
(33.6 14 0.75)
(34 14 0.75)
(34.4 14 0.75)
(34.8 14 0.75)
(35.2 14 0.75)
(35.6 14 0.75)
(36 14 0.75)
(36.4 14 0.75)
(36.8 14 0.75)
(37.2 14 0.75)
(37.6 14 0.75)
(38 14 0.75)
(28 14.4 0.75)
(28.4 14.4 0.75)
(28.8 14.4 0.75)
(29.2 14.4 0.75)
(29.6 14.4 0.75)
(30 14.4 0.75)
(30.4 14.4 0.75)
(30.8 14.4 0.75)
(31.2 14.4 0.75)
(31.6 14.4 0.75)
(32 14.4 0.75)
(32.4 14.4 0.75)
(32.8 14.4 0.75)
(33.2 14.4 0.75)
(33.6 14.4 0.75)
(34 14.4 0.75)
(34.4 14.4 0.75)
(34.8 14.4 0.75)
(35.2 14.4 0.75)
(35.6 14.4 0.75)
(36 14.4 0.75)
(36.4 14.4 0.75)
(36.8 14.4 0.75)
(37.2 14.4 0.75)
(37.6 14.4 0.75)
(38 14.4 0.75)
(28 14.8 0.75)
(28.4 14.8 0.75)
(28.8 14.8 0.75)
(29.2 14.8 0.75)
(29.6 14.8 0.75)
(30 14.8 0.75)
(30.4 14.8 0.75)
(30.8 14.8 0.75)
(31.2 14.8 0.75)
(31.6 14.8 0.75)
(32 14.8 0.75)
(32.4 14.8 0.75)
(32.8 14.8 0.75)
(33.2 14.8 0.75)
(33.6 14.8 0.75)
(34 14.8 0.75)
(34.4 14.8 0.75)
(34.8 14.8 0.75)
(35.2 14.8 0.75)
(35.6 14.8 0.75)
(36 14.8 0.75)
(36.4 14.8 0.75)
(36.8 14.8 0.75)
(37.2 14.8 0.75)
(37.6 14.8 0.75)
(38 14.8 0.75)
(28 15.2 0.75)
(28.4 15.2 0.75)
(28.8 15.2 0.75)
(29.2 15.2 0.75)
(29.6 15.2 0.75)
(30 15.2 0.75)
(30.4 15.2 0.75)
(30.8 15.2 0.75)
(31.2 15.2 0.75)
(31.6 15.2 0.75)
(32 15.2 0.75)
(32.4 15.2 0.75)
(32.8 15.2 0.75)
(33.2 15.2 0.75)
(33.6 15.2 0.75)
(34 15.2 0.75)
(34.4 15.2 0.75)
(34.8 15.2 0.75)
(35.2 15.2 0.75)
(35.6 15.2 0.75)
(36 15.2 0.75)
(36.4 15.2 0.75)
(36.8 15.2 0.75)
(37.2 15.2 0.75)
(37.6 15.2 0.75)
(38 15.2 0.75)
(28 15.6 0.75)
(28.4 15.6 0.75)
(28.8 15.6 0.75)
(29.2 15.6 0.75)
(29.6 15.6 0.75)
(30 15.6 0.75)
(30.4 15.6 0.75)
(30.8 15.6 0.75)
(31.2 15.6 0.75)
(31.6 15.6 0.75)
(32 15.6 0.75)
(32.4 15.6 0.75)
(32.8 15.6 0.75)
(33.2 15.6 0.75)
(33.6 15.6 0.75)
(34 15.6 0.75)
(34.4 15.6 0.75)
(34.8 15.6 0.75)
(35.2 15.6 0.75)
(35.6 15.6 0.75)
(36 15.6 0.75)
(36.4 15.6 0.75)
(36.8 15.6 0.75)
(37.2 15.6 0.75)
(37.6 15.6 0.75)
(38 15.6 0.75)
(28 16 0.75)
(28.4 16 0.75)
(28.8 16 0.75)
(29.2 16 0.75)
(29.6 16 0.75)
(30 16 0.75)
(30.4 16 0.75)
(30.8 16 0.75)
(31.2 16 0.75)
(31.6 16 0.75)
(32 16 0.75)
(32.4 16 0.75)
(32.8 16 0.75)
(33.2 16 0.75)
(33.6 16 0.75)
(34 16 0.75)
(34.4 16 0.75)
(34.8 16 0.75)
(35.2 16 0.75)
(35.6 16 0.75)
(36 16 0.75)
(36.4 16 0.75)
(36.8 16 0.75)
(37.2 16 0.75)
(37.6 16 0.75)
(38 16 0.75)
(28 4.4 1.125)
(28.4 4.4 1.125)
(28.8 4.4 1.125)
(29.2 4.4 1.125)
(29.6 4.4 1.125)
(30 4.4 1.125)
(30.4 4.4 1.125)
(30.8 4.4 1.125)
(31.2 4.4 1.125)
(31.6 4.4 1.125)
(32 4.4 1.125)
(32.4 4.4 1.125)
(32.8 4.4 1.125)
(33.2 4.4 1.125)
(33.6 4.4 1.125)
(34 4.4 1.125)
(34.4 4.4 1.125)
(34.8 4.4 1.125)
(35.2 4.4 1.125)
(35.6 4.4 1.125)
(36 4.4 1.125)
(36.4 4.4 1.125)
(36.8 4.4 1.125)
(37.2 4.4 1.125)
(37.6 4.4 1.125)
(38 4.4 1.125)
(28 4.8 1.125)
(28.4 4.8 1.125)
(28.8 4.8 1.125)
(29.2 4.8 1.125)
(29.6 4.8 1.125)
(30 4.8 1.125)
(30.4 4.8 1.125)
(30.8 4.8 1.125)
(31.2 4.8 1.125)
(31.6 4.8 1.125)
(32 4.8 1.125)
(32.4 4.8 1.125)
(32.8 4.8 1.125)
(33.2 4.8 1.125)
(33.6 4.8 1.125)
(34 4.8 1.125)
(34.4 4.8 1.125)
(34.8 4.8 1.125)
(35.2 4.8 1.125)
(35.6 4.8 1.125)
(36 4.8 1.125)
(36.4 4.8 1.125)
(36.8 4.8 1.125)
(37.2 4.8 1.125)
(37.6 4.8 1.125)
(38 4.8 1.125)
(28 5.2 1.125)
(28.4 5.2 1.125)
(28.8 5.2 1.125)
(29.2 5.2 1.125)
(29.6 5.2 1.125)
(30 5.2 1.125)
(30.4 5.2 1.125)
(30.8 5.2 1.125)
(31.2 5.2 1.125)
(31.6 5.2 1.125)
(32 5.2 1.125)
(32.4 5.2 1.125)
(32.8 5.2 1.125)
(33.2 5.2 1.125)
(33.6 5.2 1.125)
(34 5.2 1.125)
(34.4 5.2 1.125)
(34.8 5.2 1.125)
(35.2 5.2 1.125)
(35.6 5.2 1.125)
(36 5.2 1.125)
(36.4 5.2 1.125)
(36.8 5.2 1.125)
(37.2 5.2 1.125)
(37.6 5.2 1.125)
(38 5.2 1.125)
(28 5.6 1.125)
(28.4 5.6 1.125)
(28.8 5.6 1.125)
(29.2 5.6 1.125)
(29.6 5.6 1.125)
(30 5.6 1.125)
(30.4 5.6 1.125)
(30.8 5.6 1.125)
(31.2 5.6 1.125)
(31.6 5.6 1.125)
(32 5.6 1.125)
(32.4 5.6 1.125)
(32.8 5.6 1.125)
(33.2 5.6 1.125)
(33.6 5.6 1.125)
(34 5.6 1.125)
(34.4 5.6 1.125)
(34.8 5.6 1.125)
(35.2 5.6 1.125)
(35.6 5.6 1.125)
(36 5.6 1.125)
(36.4 5.6 1.125)
(36.8 5.6 1.125)
(37.2 5.6 1.125)
(37.6 5.6 1.125)
(38 5.6 1.125)
(28 6 1.125)
(28.4 6 1.125)
(28.8 6 1.125)
(29.2 6 1.125)
(29.6 6 1.125)
(30 6 1.125)
(30.4 6 1.125)
(30.8 6 1.125)
(31.2 6 1.125)
(31.6 6 1.125)
(32 6 1.125)
(32.4 6 1.125)
(32.8 6 1.125)
(33.2 6 1.125)
(33.6 6 1.125)
(34 6 1.125)
(34.4 6 1.125)
(34.8 6 1.125)
(35.2 6 1.125)
(35.6 6 1.125)
(36 6 1.125)
(36.4 6 1.125)
(36.8 6 1.125)
(37.2 6 1.125)
(37.6 6 1.125)
(38 6 1.125)
(28 6.4 1.125)
(28.4 6.4 1.125)
(28.8 6.4 1.125)
(29.2 6.4 1.125)
(29.6 6.4 1.125)
(30 6.4 1.125)
(30.4 6.4 1.125)
(30.8 6.4 1.125)
(31.2 6.4 1.125)
(31.6 6.4 1.125)
(32 6.4 1.125)
(32.4 6.4 1.125)
(32.8 6.4 1.125)
(33.2 6.4 1.125)
(33.6 6.4 1.125)
(34 6.4 1.125)
(34.4 6.4 1.125)
(34.8 6.4 1.125)
(35.2 6.4 1.125)
(35.6 6.4 1.125)
(36 6.4 1.125)
(36.4 6.4 1.125)
(36.8 6.4 1.125)
(37.2 6.4 1.125)
(37.6 6.4 1.125)
(38 6.4 1.125)
(28 6.8 1.125)
(28.4 6.8 1.125)
(28.8 6.8 1.125)
(29.2 6.8 1.125)
(29.6 6.8 1.125)
(30 6.8 1.125)
(30.4 6.8 1.125)
(30.8 6.8 1.125)
(31.2 6.8 1.125)
(31.6 6.8 1.125)
(32 6.8 1.125)
(32.4 6.8 1.125)
(32.8 6.8 1.125)
(33.2 6.8 1.125)
(33.6 6.8 1.125)
(34 6.8 1.125)
(34.4 6.8 1.125)
(34.8 6.8 1.125)
(35.2 6.8 1.125)
(35.6 6.8 1.125)
(36 6.8 1.125)
(36.4 6.8 1.125)
(36.8 6.8 1.125)
(37.2 6.8 1.125)
(37.6 6.8 1.125)
(38 6.8 1.125)
(28 7.2 1.125)
(28.4 7.2 1.125)
(28.8 7.2 1.125)
(29.2 7.2 1.125)
(29.6 7.2 1.125)
(30 7.2 1.125)
(30.4 7.2 1.125)
(30.8 7.2 1.125)
(31.2 7.2 1.125)
(31.6 7.2 1.125)
(32 7.2 1.125)
(32.4 7.2 1.125)
(32.8 7.2 1.125)
(33.2 7.2 1.125)
(33.6 7.2 1.125)
(34 7.2 1.125)
(34.4 7.2 1.125)
(34.8 7.2 1.125)
(35.2 7.2 1.125)
(35.6 7.2 1.125)
(36 7.2 1.125)
(36.4 7.2 1.125)
(36.8 7.2 1.125)
(37.2 7.2 1.125)
(37.6 7.2 1.125)
(38 7.2 1.125)
(28 7.6 1.125)
(28.4 7.6 1.125)
(28.8 7.6 1.125)
(29.2 7.6 1.125)
(29.6 7.6 1.125)
(30 7.6 1.125)
(30.4 7.6 1.125)
(30.8 7.6 1.125)
(31.2 7.6 1.125)
(31.6 7.6 1.125)
(32 7.6 1.125)
(32.4 7.6 1.125)
(32.8 7.6 1.125)
(33.2 7.6 1.125)
(33.6 7.6 1.125)
(34 7.6 1.125)
(34.4 7.6 1.125)
(34.8 7.6 1.125)
(35.2 7.6 1.125)
(35.6 7.6 1.125)
(36 7.6 1.125)
(36.4 7.6 1.125)
(36.8 7.6 1.125)
(37.2 7.6 1.125)
(37.6 7.6 1.125)
(38 7.6 1.125)
(28 8 1.125)
(28.4 8 1.125)
(28.8 8 1.125)
(29.2 8 1.125)
(29.6 8 1.125)
(30 8 1.125)
(30.4 8 1.125)
(30.8 8 1.125)
(31.2 8 1.125)
(31.6 8 1.125)
(32 8 1.125)
(32.4 8 1.125)
(32.8 8 1.125)
(33.2 8 1.125)
(33.6 8 1.125)
(34 8 1.125)
(34.4 8 1.125)
(34.8 8 1.125)
(35.2 8 1.125)
(35.6 8 1.125)
(36 8 1.125)
(36.4 8 1.125)
(36.8 8 1.125)
(37.2 8 1.125)
(37.6 8 1.125)
(38 8 1.125)
(28 8.4 1.125)
(28.4 8.4 1.125)
(28.8 8.4 1.125)
(29.2 8.4 1.125)
(29.6 8.4 1.125)
(30 8.4 1.125)
(30.4 8.4 1.125)
(30.8 8.4 1.125)
(31.2 8.4 1.125)
(31.6 8.4 1.125)
(32 8.4 1.125)
(32.4 8.4 1.125)
(32.8 8.4 1.125)
(33.2 8.4 1.125)
(33.6 8.4 1.125)
(34 8.4 1.125)
(34.4 8.4 1.125)
(34.8 8.4 1.125)
(35.2 8.4 1.125)
(35.6 8.4 1.125)
(36 8.4 1.125)
(36.4 8.4 1.125)
(36.8 8.4 1.125)
(37.2 8.4 1.125)
(37.6 8.4 1.125)
(38 8.4 1.125)
(28 8.8 1.125)
(28.4 8.8 1.125)
(28.8 8.8 1.125)
(29.2 8.8 1.125)
(29.6 8.8 1.125)
(30 8.8 1.125)
(30.4 8.8 1.125)
(30.8 8.8 1.125)
(31.2 8.8 1.125)
(31.6 8.8 1.125)
(32 8.8 1.125)
(32.4 8.8 1.125)
(32.8 8.8 1.125)
(33.2 8.8 1.125)
(33.6 8.8 1.125)
(34 8.8 1.125)
(34.4 8.8 1.125)
(34.8 8.8 1.125)
(35.2 8.8 1.125)
(35.6 8.8 1.125)
(36 8.8 1.125)
(36.4 8.8 1.125)
(36.8 8.8 1.125)
(37.2 8.8 1.125)
(37.6 8.8 1.125)
(38 8.8 1.125)
(28 9.2 1.125)
(28.4 9.2 1.125)
(28.8 9.2 1.125)
(29.2 9.2 1.125)
(29.6 9.2 1.125)
(30 9.2 1.125)
(30.4 9.2 1.125)
(30.8 9.2 1.125)
(31.2 9.2 1.125)
(31.6 9.2 1.125)
(32 9.2 1.125)
(32.4 9.2 1.125)
(32.8 9.2 1.125)
(33.2 9.2 1.125)
(33.6 9.2 1.125)
(34 9.2 1.125)
(34.4 9.2 1.125)
(34.8 9.2 1.125)
(35.2 9.2 1.125)
(35.6 9.2 1.125)
(36 9.2 1.125)
(36.4 9.2 1.125)
(36.8 9.2 1.125)
(37.2 9.2 1.125)
(37.6 9.2 1.125)
(38 9.2 1.125)
(28 9.6 1.125)
(28.4 9.6 1.125)
(28.8 9.6 1.125)
(29.2 9.6 1.125)
(29.6 9.6 1.125)
(30 9.6 1.125)
(30.4 9.6 1.125)
(30.8 9.6 1.125)
(31.2 9.6 1.125)
(31.6 9.6 1.125)
(32 9.6 1.125)
(32.4 9.6 1.125)
(32.8 9.6 1.125)
(33.2 9.6 1.125)
(33.6 9.6 1.125)
(34 9.6 1.125)
(34.4 9.6 1.125)
(34.8 9.6 1.125)
(35.2 9.6 1.125)
(35.6 9.6 1.125)
(36 9.6 1.125)
(36.4 9.6 1.125)
(36.8 9.6 1.125)
(37.2 9.6 1.125)
(37.6 9.6 1.125)
(38 9.6 1.125)
(28 10 1.125)
(28.4 10 1.125)
(28.8 10 1.125)
(29.2 10 1.125)
(29.6 10 1.125)
(30 10 1.125)
(30.4 10 1.125)
(30.8 10 1.125)
(31.2 10 1.125)
(31.6 10 1.125)
(32 10 1.125)
(32.4 10 1.125)
(32.8 10 1.125)
(33.2 10 1.125)
(33.6 10 1.125)
(34 10 1.125)
(34.4 10 1.125)
(34.8 10 1.125)
(35.2 10 1.125)
(35.6 10 1.125)
(36 10 1.125)
(36.4 10 1.125)
(36.8 10 1.125)
(37.2 10 1.125)
(37.6 10 1.125)
(38 10 1.125)
(28 10.4 1.125)
(28.4 10.4 1.125)
(28.8 10.4 1.125)
(29.2 10.4 1.125)
(29.6 10.4 1.125)
(30 10.4 1.125)
(30.4 10.4 1.125)
(30.8 10.4 1.125)
(31.2 10.4 1.125)
(31.6 10.4 1.125)
(32 10.4 1.125)
(32.4 10.4 1.125)
(32.8 10.4 1.125)
(33.2 10.4 1.125)
(33.6 10.4 1.125)
(34 10.4 1.125)
(34.4 10.4 1.125)
(34.8 10.4 1.125)
(35.2 10.4 1.125)
(35.6 10.4 1.125)
(36 10.4 1.125)
(36.4 10.4 1.125)
(36.8 10.4 1.125)
(37.2 10.4 1.125)
(37.6 10.4 1.125)
(38 10.4 1.125)
(28 10.8 1.125)
(28.4 10.8 1.125)
(28.8 10.8 1.125)
(29.2 10.8 1.125)
(29.6 10.8 1.125)
(30 10.8 1.125)
(30.4 10.8 1.125)
(30.8 10.8 1.125)
(31.2 10.8 1.125)
(31.6 10.8 1.125)
(32 10.8 1.125)
(32.4 10.8 1.125)
(32.8 10.8 1.125)
(33.2 10.8 1.125)
(33.6 10.8 1.125)
(34 10.8 1.125)
(34.4 10.8 1.125)
(34.8 10.8 1.125)
(35.2 10.8 1.125)
(35.6 10.8 1.125)
(36 10.8 1.125)
(36.4 10.8 1.125)
(36.8 10.8 1.125)
(37.2 10.8 1.125)
(37.6 10.8 1.125)
(38 10.8 1.125)
(28 11.2 1.125)
(28.4 11.2 1.125)
(28.8 11.2 1.125)
(29.2 11.2 1.125)
(29.6 11.2 1.125)
(30 11.2 1.125)
(30.4 11.2 1.125)
(30.8 11.2 1.125)
(31.2 11.2 1.125)
(31.6 11.2 1.125)
(32 11.2 1.125)
(32.4 11.2 1.125)
(32.8 11.2 1.125)
(33.2 11.2 1.125)
(33.6 11.2 1.125)
(34 11.2 1.125)
(34.4 11.2 1.125)
(34.8 11.2 1.125)
(35.2 11.2 1.125)
(35.6 11.2 1.125)
(36 11.2 1.125)
(36.4 11.2 1.125)
(36.8 11.2 1.125)
(37.2 11.2 1.125)
(37.6 11.2 1.125)
(38 11.2 1.125)
(28 11.6 1.125)
(28.4 11.6 1.125)
(28.8 11.6 1.125)
(29.2 11.6 1.125)
(29.6 11.6 1.125)
(30 11.6 1.125)
(30.4 11.6 1.125)
(30.8 11.6 1.125)
(31.2 11.6 1.125)
(31.6 11.6 1.125)
(32 11.6 1.125)
(32.4 11.6 1.125)
(32.8 11.6 1.125)
(33.2 11.6 1.125)
(33.6 11.6 1.125)
(34 11.6 1.125)
(34.4 11.6 1.125)
(34.8 11.6 1.125)
(35.2 11.6 1.125)
(35.6 11.6 1.125)
(36 11.6 1.125)
(36.4 11.6 1.125)
(36.8 11.6 1.125)
(37.2 11.6 1.125)
(37.6 11.6 1.125)
(38 11.6 1.125)
(28 12 1.125)
(28.4 12 1.125)
(28.8 12 1.125)
(29.2 12 1.125)
(29.6 12 1.125)
(30 12 1.125)
(30.4 12 1.125)
(30.8 12 1.125)
(31.2 12 1.125)
(31.6 12 1.125)
(32 12 1.125)
(32.4 12 1.125)
(32.8 12 1.125)
(33.2 12 1.125)
(33.6 12 1.125)
(34 12 1.125)
(34.4 12 1.125)
(34.8 12 1.125)
(35.2 12 1.125)
(35.6 12 1.125)
(36 12 1.125)
(36.4 12 1.125)
(36.8 12 1.125)
(37.2 12 1.125)
(37.6 12 1.125)
(38 12 1.125)
(28 12.4 1.125)
(28.4 12.4 1.125)
(28.8 12.4 1.125)
(29.2 12.4 1.125)
(29.6 12.4 1.125)
(30 12.4 1.125)
(30.4 12.4 1.125)
(30.8 12.4 1.125)
(31.2 12.4 1.125)
(31.6 12.4 1.125)
(32 12.4 1.125)
(32.4 12.4 1.125)
(32.8 12.4 1.125)
(33.2 12.4 1.125)
(33.6 12.4 1.125)
(34 12.4 1.125)
(34.4 12.4 1.125)
(34.8 12.4 1.125)
(35.2 12.4 1.125)
(35.6 12.4 1.125)
(36 12.4 1.125)
(36.4 12.4 1.125)
(36.8 12.4 1.125)
(37.2 12.4 1.125)
(37.6 12.4 1.125)
(38 12.4 1.125)
(28 12.8 1.125)
(28.4 12.8 1.125)
(28.8 12.8 1.125)
(29.2 12.8 1.125)
(29.6 12.8 1.125)
(30 12.8 1.125)
(30.4 12.8 1.125)
(30.8 12.8 1.125)
(31.2 12.8 1.125)
(31.6 12.8 1.125)
(32 12.8 1.125)
(32.4 12.8 1.125)
(32.8 12.8 1.125)
(33.2 12.8 1.125)
(33.6 12.8 1.125)
(34 12.8 1.125)
(34.4 12.8 1.125)
(34.8 12.8 1.125)
(35.2 12.8 1.125)
(35.6 12.8 1.125)
(36 12.8 1.125)
(36.4 12.8 1.125)
(36.8 12.8 1.125)
(37.2 12.8 1.125)
(37.6 12.8 1.125)
(38 12.8 1.125)
(28 13.2 1.125)
(28.4 13.2 1.125)
(28.8 13.2 1.125)
(29.2 13.2 1.125)
(29.6 13.2 1.125)
(30 13.2 1.125)
(30.4 13.2 1.125)
(30.8 13.2 1.125)
(31.2 13.2 1.125)
(31.6 13.2 1.125)
(32 13.2 1.125)
(32.4 13.2 1.125)
(32.8 13.2 1.125)
(33.2 13.2 1.125)
(33.6 13.2 1.125)
(34 13.2 1.125)
(34.4 13.2 1.125)
(34.8 13.2 1.125)
(35.2 13.2 1.125)
(35.6 13.2 1.125)
(36 13.2 1.125)
(36.4 13.2 1.125)
(36.8 13.2 1.125)
(37.2 13.2 1.125)
(37.6 13.2 1.125)
(38 13.2 1.125)
(28 13.6 1.125)
(28.4 13.6 1.125)
(28.8 13.6 1.125)
(29.2 13.6 1.125)
(29.6 13.6 1.125)
(30 13.6 1.125)
(30.4 13.6 1.125)
(30.8 13.6 1.125)
(31.2 13.6 1.125)
(31.6 13.6 1.125)
(32 13.6 1.125)
(32.4 13.6 1.125)
(32.8 13.6 1.125)
(33.2 13.6 1.125)
(33.6 13.6 1.125)
(34 13.6 1.125)
(34.4 13.6 1.125)
(34.8 13.6 1.125)
(35.2 13.6 1.125)
(35.6 13.6 1.125)
(36 13.6 1.125)
(36.4 13.6 1.125)
(36.8 13.6 1.125)
(37.2 13.6 1.125)
(37.6 13.6 1.125)
(38 13.6 1.125)
(28 14 1.125)
(28.4 14 1.125)
(28.8 14 1.125)
(29.2 14 1.125)
(29.6 14 1.125)
(30 14 1.125)
(30.4 14 1.125)
(30.8 14 1.125)
(31.2 14 1.125)
(31.6 14 1.125)
(32 14 1.125)
(32.4 14 1.125)
(32.8 14 1.125)
(33.2 14 1.125)
(33.6 14 1.125)
(34 14 1.125)
(34.4 14 1.125)
(34.8 14 1.125)
(35.2 14 1.125)
(35.6 14 1.125)
(36 14 1.125)
(36.4 14 1.125)
(36.8 14 1.125)
(37.2 14 1.125)
(37.6 14 1.125)
(38 14 1.125)
(28 14.4 1.125)
(28.4 14.4 1.125)
(28.8 14.4 1.125)
(29.2 14.4 1.125)
(29.6 14.4 1.125)
(30 14.4 1.125)
(30.4 14.4 1.125)
(30.8 14.4 1.125)
(31.2 14.4 1.125)
(31.6 14.4 1.125)
(32 14.4 1.125)
(32.4 14.4 1.125)
(32.8 14.4 1.125)
(33.2 14.4 1.125)
(33.6 14.4 1.125)
(34 14.4 1.125)
(34.4 14.4 1.125)
(34.8 14.4 1.125)
(35.2 14.4 1.125)
(35.6 14.4 1.125)
(36 14.4 1.125)
(36.4 14.4 1.125)
(36.8 14.4 1.125)
(37.2 14.4 1.125)
(37.6 14.4 1.125)
(38 14.4 1.125)
(28 14.8 1.125)
(28.4 14.8 1.125)
(28.8 14.8 1.125)
(29.2 14.8 1.125)
(29.6 14.8 1.125)
(30 14.8 1.125)
(30.4 14.8 1.125)
(30.8 14.8 1.125)
(31.2 14.8 1.125)
(31.6 14.8 1.125)
(32 14.8 1.125)
(32.4 14.8 1.125)
(32.8 14.8 1.125)
(33.2 14.8 1.125)
(33.6 14.8 1.125)
(34 14.8 1.125)
(34.4 14.8 1.125)
(34.8 14.8 1.125)
(35.2 14.8 1.125)
(35.6 14.8 1.125)
(36 14.8 1.125)
(36.4 14.8 1.125)
(36.8 14.8 1.125)
(37.2 14.8 1.125)
(37.6 14.8 1.125)
(38 14.8 1.125)
(28 15.2 1.125)
(28.4 15.2 1.125)
(28.8 15.2 1.125)
(29.2 15.2 1.125)
(29.6 15.2 1.125)
(30 15.2 1.125)
(30.4 15.2 1.125)
(30.8 15.2 1.125)
(31.2 15.2 1.125)
(31.6 15.2 1.125)
(32 15.2 1.125)
(32.4 15.2 1.125)
(32.8 15.2 1.125)
(33.2 15.2 1.125)
(33.6 15.2 1.125)
(34 15.2 1.125)
(34.4 15.2 1.125)
(34.8 15.2 1.125)
(35.2 15.2 1.125)
(35.6 15.2 1.125)
(36 15.2 1.125)
(36.4 15.2 1.125)
(36.8 15.2 1.125)
(37.2 15.2 1.125)
(37.6 15.2 1.125)
(38 15.2 1.125)
(28 15.6 1.125)
(28.4 15.6 1.125)
(28.8 15.6 1.125)
(29.2 15.6 1.125)
(29.6 15.6 1.125)
(30 15.6 1.125)
(30.4 15.6 1.125)
(30.8 15.6 1.125)
(31.2 15.6 1.125)
(31.6 15.6 1.125)
(32 15.6 1.125)
(32.4 15.6 1.125)
(32.8 15.6 1.125)
(33.2 15.6 1.125)
(33.6 15.6 1.125)
(34 15.6 1.125)
(34.4 15.6 1.125)
(34.8 15.6 1.125)
(35.2 15.6 1.125)
(35.6 15.6 1.125)
(36 15.6 1.125)
(36.4 15.6 1.125)
(36.8 15.6 1.125)
(37.2 15.6 1.125)
(37.6 15.6 1.125)
(38 15.6 1.125)
(28 16 1.125)
(28.4 16 1.125)
(28.8 16 1.125)
(29.2 16 1.125)
(29.6 16 1.125)
(30 16 1.125)
(30.4 16 1.125)
(30.8 16 1.125)
(31.2 16 1.125)
(31.6 16 1.125)
(32 16 1.125)
(32.4 16 1.125)
(32.8 16 1.125)
(33.2 16 1.125)
(33.6 16 1.125)
(34 16 1.125)
(34.4 16 1.125)
(34.8 16 1.125)
(35.2 16 1.125)
(35.6 16 1.125)
(36 16 1.125)
(36.4 16 1.125)
(36.8 16 1.125)
(37.2 16 1.125)
(37.6 16 1.125)
(38 16 1.125)
(28 4.4 1.5)
(28.4 4.4 1.5)
(28.8 4.4 1.5)
(29.2 4.4 1.5)
(29.6 4.4 1.5)
(30 4.4 1.5)
(30.4 4.4 1.5)
(30.8 4.4 1.5)
(31.2 4.4 1.5)
(31.6 4.4 1.5)
(32 4.4 1.5)
(32.4 4.4 1.5)
(32.8 4.4 1.5)
(33.2 4.4 1.5)
(33.6 4.4 1.5)
(34 4.4 1.5)
(34.4 4.4 1.5)
(34.8 4.4 1.5)
(35.2 4.4 1.5)
(35.6 4.4 1.5)
(36 4.4 1.5)
(36.4 4.4 1.5)
(36.8 4.4 1.5)
(37.2 4.4 1.5)
(37.6 4.4 1.5)
(38 4.4 1.5)
(28 4.8 1.5)
(28.4 4.8 1.5)
(28.8 4.8 1.5)
(29.2 4.8 1.5)
(29.6 4.8 1.5)
(30 4.8 1.5)
(30.4 4.8 1.5)
(30.8 4.8 1.5)
(31.2 4.8 1.5)
(31.6 4.8 1.5)
(32 4.8 1.5)
(32.4 4.8 1.5)
(32.8 4.8 1.5)
(33.2 4.8 1.5)
(33.6 4.8 1.5)
(34 4.8 1.5)
(34.4 4.8 1.5)
(34.8 4.8 1.5)
(35.2 4.8 1.5)
(35.6 4.8 1.5)
(36 4.8 1.5)
(36.4 4.8 1.5)
(36.8 4.8 1.5)
(37.2 4.8 1.5)
(37.6 4.8 1.5)
(38 4.8 1.5)
(28 5.2 1.5)
(28.4 5.2 1.5)
(28.8 5.2 1.5)
(29.2 5.2 1.5)
(29.6 5.2 1.5)
(30 5.2 1.5)
(30.4 5.2 1.5)
(30.8 5.2 1.5)
(31.2 5.2 1.5)
(31.6 5.2 1.5)
(32 5.2 1.5)
(32.4 5.2 1.5)
(32.8 5.2 1.5)
(33.2 5.2 1.5)
(33.6 5.2 1.5)
(34 5.2 1.5)
(34.4 5.2 1.5)
(34.8 5.2 1.5)
(35.2 5.2 1.5)
(35.6 5.2 1.5)
(36 5.2 1.5)
(36.4 5.2 1.5)
(36.8 5.2 1.5)
(37.2 5.2 1.5)
(37.6 5.2 1.5)
(38 5.2 1.5)
(28 5.6 1.5)
(28.4 5.6 1.5)
(28.8 5.6 1.5)
(29.2 5.6 1.5)
(29.6 5.6 1.5)
(30 5.6 1.5)
(30.4 5.6 1.5)
(30.8 5.6 1.5)
(31.2 5.6 1.5)
(31.6 5.6 1.5)
(32 5.6 1.5)
(32.4 5.6 1.5)
(32.8 5.6 1.5)
(33.2 5.6 1.5)
(33.6 5.6 1.5)
(34 5.6 1.5)
(34.4 5.6 1.5)
(34.8 5.6 1.5)
(35.2 5.6 1.5)
(35.6 5.6 1.5)
(36 5.6 1.5)
(36.4 5.6 1.5)
(36.8 5.6 1.5)
(37.2 5.6 1.5)
(37.6 5.6 1.5)
(38 5.6 1.5)
(28 6 1.5)
(28.4 6 1.5)
(28.8 6 1.5)
(29.2 6 1.5)
(29.6 6 1.5)
(30 6 1.5)
(30.4 6 1.5)
(30.8 6 1.5)
(31.2 6 1.5)
(31.6 6 1.5)
(32 6 1.5)
(32.4 6 1.5)
(32.8 6 1.5)
(33.2 6 1.5)
(33.6 6 1.5)
(34 6 1.5)
(34.4 6 1.5)
(34.8 6 1.5)
(35.2 6 1.5)
(35.6 6 1.5)
(36 6 1.5)
(36.4 6 1.5)
(36.8 6 1.5)
(37.2 6 1.5)
(37.6 6 1.5)
(38 6 1.5)
(28 6.4 1.5)
(28.4 6.4 1.5)
(28.8 6.4 1.5)
(29.2 6.4 1.5)
(29.6 6.4 1.5)
(30 6.4 1.5)
(30.4 6.4 1.5)
(30.8 6.4 1.5)
(31.2 6.4 1.5)
(31.6 6.4 1.5)
(32 6.4 1.5)
(32.4 6.4 1.5)
(32.8 6.4 1.5)
(33.2 6.4 1.5)
(33.6 6.4 1.5)
(34 6.4 1.5)
(34.4 6.4 1.5)
(34.8 6.4 1.5)
(35.2 6.4 1.5)
(35.6 6.4 1.5)
(36 6.4 1.5)
(36.4 6.4 1.5)
(36.8 6.4 1.5)
(37.2 6.4 1.5)
(37.6 6.4 1.5)
(38 6.4 1.5)
(28 6.8 1.5)
(28.4 6.8 1.5)
(28.8 6.8 1.5)
(29.2 6.8 1.5)
(29.6 6.8 1.5)
(30 6.8 1.5)
(30.4 6.8 1.5)
(30.8 6.8 1.5)
(31.2 6.8 1.5)
(31.6 6.8 1.5)
(32 6.8 1.5)
(32.4 6.8 1.5)
(32.8 6.8 1.5)
(33.2 6.8 1.5)
(33.6 6.8 1.5)
(34 6.8 1.5)
(34.4 6.8 1.5)
(34.8 6.8 1.5)
(35.2 6.8 1.5)
(35.6 6.8 1.5)
(36 6.8 1.5)
(36.4 6.8 1.5)
(36.8 6.8 1.5)
(37.2 6.8 1.5)
(37.6 6.8 1.5)
(38 6.8 1.5)
(28 7.2 1.5)
(28.4 7.2 1.5)
(28.8 7.2 1.5)
(29.2 7.2 1.5)
(29.6 7.2 1.5)
(30 7.2 1.5)
(30.4 7.2 1.5)
(30.8 7.2 1.5)
(31.2 7.2 1.5)
(31.6 7.2 1.5)
(32 7.2 1.5)
(32.4 7.2 1.5)
(32.8 7.2 1.5)
(33.2 7.2 1.5)
(33.6 7.2 1.5)
(34 7.2 1.5)
(34.4 7.2 1.5)
(34.8 7.2 1.5)
(35.2 7.2 1.5)
(35.6 7.2 1.5)
(36 7.2 1.5)
(36.4 7.2 1.5)
(36.8 7.2 1.5)
(37.2 7.2 1.5)
(37.6 7.2 1.5)
(38 7.2 1.5)
(28 7.6 1.5)
(28.4 7.6 1.5)
(28.8 7.6 1.5)
(29.2 7.6 1.5)
(29.6 7.6 1.5)
(30 7.6 1.5)
(30.4 7.6 1.5)
(30.8 7.6 1.5)
(31.2 7.6 1.5)
(31.6 7.6 1.5)
(32 7.6 1.5)
(32.4 7.6 1.5)
(32.8 7.6 1.5)
(33.2 7.6 1.5)
(33.6 7.6 1.5)
(34 7.6 1.5)
(34.4 7.6 1.5)
(34.8 7.6 1.5)
(35.2 7.6 1.5)
(35.6 7.6 1.5)
(36 7.6 1.5)
(36.4 7.6 1.5)
(36.8 7.6 1.5)
(37.2 7.6 1.5)
(37.6 7.6 1.5)
(38 7.6 1.5)
(28 8 1.5)
(28.4 8 1.5)
(28.8 8 1.5)
(29.2 8 1.5)
(29.6 8 1.5)
(30 8 1.5)
(30.4 8 1.5)
(30.8 8 1.5)
(31.2 8 1.5)
(31.6 8 1.5)
(32 8 1.5)
(32.4 8 1.5)
(32.8 8 1.5)
(33.2 8 1.5)
(33.6 8 1.5)
(34 8 1.5)
(34.4 8 1.5)
(34.8 8 1.5)
(35.2 8 1.5)
(35.6 8 1.5)
(36 8 1.5)
(36.4 8 1.5)
(36.8 8 1.5)
(37.2 8 1.5)
(37.6 8 1.5)
(38 8 1.5)
(28 8.4 1.5)
(28.4 8.4 1.5)
(28.8 8.4 1.5)
(29.2 8.4 1.5)
(29.6 8.4 1.5)
(30 8.4 1.5)
(30.4 8.4 1.5)
(30.8 8.4 1.5)
(31.2 8.4 1.5)
(31.6 8.4 1.5)
(32 8.4 1.5)
(32.4 8.4 1.5)
(32.8 8.4 1.5)
(33.2 8.4 1.5)
(33.6 8.4 1.5)
(34 8.4 1.5)
(34.4 8.4 1.5)
(34.8 8.4 1.5)
(35.2 8.4 1.5)
(35.6 8.4 1.5)
(36 8.4 1.5)
(36.4 8.4 1.5)
(36.8 8.4 1.5)
(37.2 8.4 1.5)
(37.6 8.4 1.5)
(38 8.4 1.5)
(28 8.8 1.5)
(28.4 8.8 1.5)
(28.8 8.8 1.5)
(29.2 8.8 1.5)
(29.6 8.8 1.5)
(30 8.8 1.5)
(30.4 8.8 1.5)
(30.8 8.8 1.5)
(31.2 8.8 1.5)
(31.6 8.8 1.5)
(32 8.8 1.5)
(32.4 8.8 1.5)
(32.8 8.8 1.5)
(33.2 8.8 1.5)
(33.6 8.8 1.5)
(34 8.8 1.5)
(34.4 8.8 1.5)
(34.8 8.8 1.5)
(35.2 8.8 1.5)
(35.6 8.8 1.5)
(36 8.8 1.5)
(36.4 8.8 1.5)
(36.8 8.8 1.5)
(37.2 8.8 1.5)
(37.6 8.8 1.5)
(38 8.8 1.5)
(28 9.2 1.5)
(28.4 9.2 1.5)
(28.8 9.2 1.5)
(29.2 9.2 1.5)
(29.6 9.2 1.5)
(30 9.2 1.5)
(30.4 9.2 1.5)
(30.8 9.2 1.5)
(31.2 9.2 1.5)
(31.6 9.2 1.5)
(32 9.2 1.5)
(32.4 9.2 1.5)
(32.8 9.2 1.5)
(33.2 9.2 1.5)
(33.6 9.2 1.5)
(34 9.2 1.5)
(34.4 9.2 1.5)
(34.8 9.2 1.5)
(35.2 9.2 1.5)
(35.6 9.2 1.5)
(36 9.2 1.5)
(36.4 9.2 1.5)
(36.8 9.2 1.5)
(37.2 9.2 1.5)
(37.6 9.2 1.5)
(38 9.2 1.5)
(28 9.6 1.5)
(28.4 9.6 1.5)
(28.8 9.6 1.5)
(29.2 9.6 1.5)
(29.6 9.6 1.5)
(30 9.6 1.5)
(30.4 9.6 1.5)
(30.8 9.6 1.5)
(31.2 9.6 1.5)
(31.6 9.6 1.5)
(32 9.6 1.5)
(32.4 9.6 1.5)
(32.8 9.6 1.5)
(33.2 9.6 1.5)
(33.6 9.6 1.5)
(34 9.6 1.5)
(34.4 9.6 1.5)
(34.8 9.6 1.5)
(35.2 9.6 1.5)
(35.6 9.6 1.5)
(36 9.6 1.5)
(36.4 9.6 1.5)
(36.8 9.6 1.5)
(37.2 9.6 1.5)
(37.6 9.6 1.5)
(38 9.6 1.5)
(28 10 1.5)
(28.4 10 1.5)
(28.8 10 1.5)
(29.2 10 1.5)
(29.6 10 1.5)
(30 10 1.5)
(30.4 10 1.5)
(30.8 10 1.5)
(31.2 10 1.5)
(31.6 10 1.5)
(32 10 1.5)
(32.4 10 1.5)
(32.8 10 1.5)
(33.2 10 1.5)
(33.6 10 1.5)
(34 10 1.5)
(34.4 10 1.5)
(34.8 10 1.5)
(35.2 10 1.5)
(35.6 10 1.5)
(36 10 1.5)
(36.4 10 1.5)
(36.8 10 1.5)
(37.2 10 1.5)
(37.6 10 1.5)
(38 10 1.5)
(28 10.4 1.5)
(28.4 10.4 1.5)
(28.8 10.4 1.5)
(29.2 10.4 1.5)
(29.6 10.4 1.5)
(30 10.4 1.5)
(30.4 10.4 1.5)
(30.8 10.4 1.5)
(31.2 10.4 1.5)
(31.6 10.4 1.5)
(32 10.4 1.5)
(32.4 10.4 1.5)
(32.8 10.4 1.5)
(33.2 10.4 1.5)
(33.6 10.4 1.5)
(34 10.4 1.5)
(34.4 10.4 1.5)
(34.8 10.4 1.5)
(35.2 10.4 1.5)
(35.6 10.4 1.5)
(36 10.4 1.5)
(36.4 10.4 1.5)
(36.8 10.4 1.5)
(37.2 10.4 1.5)
(37.6 10.4 1.5)
(38 10.4 1.5)
(28 10.8 1.5)
(28.4 10.8 1.5)
(28.8 10.8 1.5)
(29.2 10.8 1.5)
(29.6 10.8 1.5)
(30 10.8 1.5)
(30.4 10.8 1.5)
(30.8 10.8 1.5)
(31.2 10.8 1.5)
(31.6 10.8 1.5)
(32 10.8 1.5)
(32.4 10.8 1.5)
(32.8 10.8 1.5)
(33.2 10.8 1.5)
(33.6 10.8 1.5)
(34 10.8 1.5)
(34.4 10.8 1.5)
(34.8 10.8 1.5)
(35.2 10.8 1.5)
(35.6 10.8 1.5)
(36 10.8 1.5)
(36.4 10.8 1.5)
(36.8 10.8 1.5)
(37.2 10.8 1.5)
(37.6 10.8 1.5)
(38 10.8 1.5)
(28 11.2 1.5)
(28.4 11.2 1.5)
(28.8 11.2 1.5)
(29.2 11.2 1.5)
(29.6 11.2 1.5)
(30 11.2 1.5)
(30.4 11.2 1.5)
(30.8 11.2 1.5)
(31.2 11.2 1.5)
(31.6 11.2 1.5)
(32 11.2 1.5)
(32.4 11.2 1.5)
(32.8 11.2 1.5)
(33.2 11.2 1.5)
(33.6 11.2 1.5)
(34 11.2 1.5)
(34.4 11.2 1.5)
(34.8 11.2 1.5)
(35.2 11.2 1.5)
(35.6 11.2 1.5)
(36 11.2 1.5)
(36.4 11.2 1.5)
(36.8 11.2 1.5)
(37.2 11.2 1.5)
(37.6 11.2 1.5)
(38 11.2 1.5)
(28 11.6 1.5)
(28.4 11.6 1.5)
(28.8 11.6 1.5)
(29.2 11.6 1.5)
(29.6 11.6 1.5)
(30 11.6 1.5)
(30.4 11.6 1.5)
(30.8 11.6 1.5)
(31.2 11.6 1.5)
(31.6 11.6 1.5)
(32 11.6 1.5)
(32.4 11.6 1.5)
(32.8 11.6 1.5)
(33.2 11.6 1.5)
(33.6 11.6 1.5)
(34 11.6 1.5)
(34.4 11.6 1.5)
(34.8 11.6 1.5)
(35.2 11.6 1.5)
(35.6 11.6 1.5)
(36 11.6 1.5)
(36.4 11.6 1.5)
(36.8 11.6 1.5)
(37.2 11.6 1.5)
(37.6 11.6 1.5)
(38 11.6 1.5)
(28 12 1.5)
(28.4 12 1.5)
(28.8 12 1.5)
(29.2 12 1.5)
(29.6 12 1.5)
(30 12 1.5)
(30.4 12 1.5)
(30.8 12 1.5)
(31.2 12 1.5)
(31.6 12 1.5)
(32 12 1.5)
(32.4 12 1.5)
(32.8 12 1.5)
(33.2 12 1.5)
(33.6 12 1.5)
(34 12 1.5)
(34.4 12 1.5)
(34.8 12 1.5)
(35.2 12 1.5)
(35.6 12 1.5)
(36 12 1.5)
(36.4 12 1.5)
(36.8 12 1.5)
(37.2 12 1.5)
(37.6 12 1.5)
(38 12 1.5)
(28 12.4 1.5)
(28.4 12.4 1.5)
(28.8 12.4 1.5)
(29.2 12.4 1.5)
(29.6 12.4 1.5)
(30 12.4 1.5)
(30.4 12.4 1.5)
(30.8 12.4 1.5)
(31.2 12.4 1.5)
(31.6 12.4 1.5)
(32 12.4 1.5)
(32.4 12.4 1.5)
(32.8 12.4 1.5)
(33.2 12.4 1.5)
(33.6 12.4 1.5)
(34 12.4 1.5)
(34.4 12.4 1.5)
(34.8 12.4 1.5)
(35.2 12.4 1.5)
(35.6 12.4 1.5)
(36 12.4 1.5)
(36.4 12.4 1.5)
(36.8 12.4 1.5)
(37.2 12.4 1.5)
(37.6 12.4 1.5)
(38 12.4 1.5)
(28 12.8 1.5)
(28.4 12.8 1.5)
(28.8 12.8 1.5)
(29.2 12.8 1.5)
(29.6 12.8 1.5)
(30 12.8 1.5)
(30.4 12.8 1.5)
(30.8 12.8 1.5)
(31.2 12.8 1.5)
(31.6 12.8 1.5)
(32 12.8 1.5)
(32.4 12.8 1.5)
(32.8 12.8 1.5)
(33.2 12.8 1.5)
(33.6 12.8 1.5)
(34 12.8 1.5)
(34.4 12.8 1.5)
(34.8 12.8 1.5)
(35.2 12.8 1.5)
(35.6 12.8 1.5)
(36 12.8 1.5)
(36.4 12.8 1.5)
(36.8 12.8 1.5)
(37.2 12.8 1.5)
(37.6 12.8 1.5)
(38 12.8 1.5)
(28 13.2 1.5)
(28.4 13.2 1.5)
(28.8 13.2 1.5)
(29.2 13.2 1.5)
(29.6 13.2 1.5)
(30 13.2 1.5)
(30.4 13.2 1.5)
(30.8 13.2 1.5)
(31.2 13.2 1.5)
(31.6 13.2 1.5)
(32 13.2 1.5)
(32.4 13.2 1.5)
(32.8 13.2 1.5)
(33.2 13.2 1.5)
(33.6 13.2 1.5)
(34 13.2 1.5)
(34.4 13.2 1.5)
(34.8 13.2 1.5)
(35.2 13.2 1.5)
(35.6 13.2 1.5)
(36 13.2 1.5)
(36.4 13.2 1.5)
(36.8 13.2 1.5)
(37.2 13.2 1.5)
(37.6 13.2 1.5)
(38 13.2 1.5)
(28 13.6 1.5)
(28.4 13.6 1.5)
(28.8 13.6 1.5)
(29.2 13.6 1.5)
(29.6 13.6 1.5)
(30 13.6 1.5)
(30.4 13.6 1.5)
(30.8 13.6 1.5)
(31.2 13.6 1.5)
(31.6 13.6 1.5)
(32 13.6 1.5)
(32.4 13.6 1.5)
(32.8 13.6 1.5)
(33.2 13.6 1.5)
(33.6 13.6 1.5)
(34 13.6 1.5)
(34.4 13.6 1.5)
(34.8 13.6 1.5)
(35.2 13.6 1.5)
(35.6 13.6 1.5)
(36 13.6 1.5)
(36.4 13.6 1.5)
(36.8 13.6 1.5)
(37.2 13.6 1.5)
(37.6 13.6 1.5)
(38 13.6 1.5)
(28 14 1.5)
(28.4 14 1.5)
(28.8 14 1.5)
(29.2 14 1.5)
(29.6 14 1.5)
(30 14 1.5)
(30.4 14 1.5)
(30.8 14 1.5)
(31.2 14 1.5)
(31.6 14 1.5)
(32 14 1.5)
(32.4 14 1.5)
(32.8 14 1.5)
(33.2 14 1.5)
(33.6 14 1.5)
(34 14 1.5)
(34.4 14 1.5)
(34.8 14 1.5)
(35.2 14 1.5)
(35.6 14 1.5)
(36 14 1.5)
(36.4 14 1.5)
(36.8 14 1.5)
(37.2 14 1.5)
(37.6 14 1.5)
(38 14 1.5)
(28 14.4 1.5)
(28.4 14.4 1.5)
(28.8 14.4 1.5)
(29.2 14.4 1.5)
(29.6 14.4 1.5)
(30 14.4 1.5)
(30.4 14.4 1.5)
(30.8 14.4 1.5)
(31.2 14.4 1.5)
(31.6 14.4 1.5)
(32 14.4 1.5)
(32.4 14.4 1.5)
(32.8 14.4 1.5)
(33.2 14.4 1.5)
(33.6 14.4 1.5)
(34 14.4 1.5)
(34.4 14.4 1.5)
(34.8 14.4 1.5)
(35.2 14.4 1.5)
(35.6 14.4 1.5)
(36 14.4 1.5)
(36.4 14.4 1.5)
(36.8 14.4 1.5)
(37.2 14.4 1.5)
(37.6 14.4 1.5)
(38 14.4 1.5)
(28 14.8 1.5)
(28.4 14.8 1.5)
(28.8 14.8 1.5)
(29.2 14.8 1.5)
(29.6 14.8 1.5)
(30 14.8 1.5)
(30.4 14.8 1.5)
(30.8 14.8 1.5)
(31.2 14.8 1.5)
(31.6 14.8 1.5)
(32 14.8 1.5)
(32.4 14.8 1.5)
(32.8 14.8 1.5)
(33.2 14.8 1.5)
(33.6 14.8 1.5)
(34 14.8 1.5)
(34.4 14.8 1.5)
(34.8 14.8 1.5)
(35.2 14.8 1.5)
(35.6 14.8 1.5)
(36 14.8 1.5)
(36.4 14.8 1.5)
(36.8 14.8 1.5)
(37.2 14.8 1.5)
(37.6 14.8 1.5)
(38 14.8 1.5)
(28 15.2 1.5)
(28.4 15.2 1.5)
(28.8 15.2 1.5)
(29.2 15.2 1.5)
(29.6 15.2 1.5)
(30 15.2 1.5)
(30.4 15.2 1.5)
(30.8 15.2 1.5)
(31.2 15.2 1.5)
(31.6 15.2 1.5)
(32 15.2 1.5)
(32.4 15.2 1.5)
(32.8 15.2 1.5)
(33.2 15.2 1.5)
(33.6 15.2 1.5)
(34 15.2 1.5)
(34.4 15.2 1.5)
(34.8 15.2 1.5)
(35.2 15.2 1.5)
(35.6 15.2 1.5)
(36 15.2 1.5)
(36.4 15.2 1.5)
(36.8 15.2 1.5)
(37.2 15.2 1.5)
(37.6 15.2 1.5)
(38 15.2 1.5)
(28 15.6 1.5)
(28.4 15.6 1.5)
(28.8 15.6 1.5)
(29.2 15.6 1.5)
(29.6 15.6 1.5)
(30 15.6 1.5)
(30.4 15.6 1.5)
(30.8 15.6 1.5)
(31.2 15.6 1.5)
(31.6 15.6 1.5)
(32 15.6 1.5)
(32.4 15.6 1.5)
(32.8 15.6 1.5)
(33.2 15.6 1.5)
(33.6 15.6 1.5)
(34 15.6 1.5)
(34.4 15.6 1.5)
(34.8 15.6 1.5)
(35.2 15.6 1.5)
(35.6 15.6 1.5)
(36 15.6 1.5)
(36.4 15.6 1.5)
(36.8 15.6 1.5)
(37.2 15.6 1.5)
(37.6 15.6 1.5)
(38 15.6 1.5)
(28 16 1.5)
(28.4 16 1.5)
(28.8 16 1.5)
(29.2 16 1.5)
(29.6 16 1.5)
(30 16 1.5)
(30.4 16 1.5)
(30.8 16 1.5)
(31.2 16 1.5)
(31.6 16 1.5)
(32 16 1.5)
(32.4 16 1.5)
(32.8 16 1.5)
(33.2 16 1.5)
(33.6 16 1.5)
(34 16 1.5)
(34.4 16 1.5)
(34.8 16 1.5)
(35.2 16 1.5)
(35.6 16 1.5)
(36 16 1.5)
(36.4 16 1.5)
(36.8 16 1.5)
(37.2 16 1.5)
(37.6 16 1.5)
(38 16 1.5)
(28 4.4 1.875)
(28.4 4.4 1.875)
(28.8 4.4 1.875)
(29.2 4.4 1.875)
(29.6 4.4 1.875)
(30 4.4 1.875)
(30.4 4.4 1.875)
(30.8 4.4 1.875)
(31.2 4.4 1.875)
(31.6 4.4 1.875)
(32 4.4 1.875)
(32.4 4.4 1.875)
(32.8 4.4 1.875)
(33.2 4.4 1.875)
(33.6 4.4 1.875)
(34 4.4 1.875)
(34.4 4.4 1.875)
(34.8 4.4 1.875)
(35.2 4.4 1.875)
(35.6 4.4 1.875)
(36 4.4 1.875)
(36.4 4.4 1.875)
(36.8 4.4 1.875)
(37.2 4.4 1.875)
(37.6 4.4 1.875)
(38 4.4 1.875)
(28 4.8 1.875)
(28.4 4.8 1.875)
(28.8 4.8 1.875)
(29.2 4.8 1.875)
(29.6 4.8 1.875)
(30 4.8 1.875)
(30.4 4.8 1.875)
(30.8 4.8 1.875)
(31.2 4.8 1.875)
(31.6 4.8 1.875)
(32 4.8 1.875)
(32.4 4.8 1.875)
(32.8 4.8 1.875)
(33.2 4.8 1.875)
(33.6 4.8 1.875)
(34 4.8 1.875)
(34.4 4.8 1.875)
(34.8 4.8 1.875)
(35.2 4.8 1.875)
(35.6 4.8 1.875)
(36 4.8 1.875)
(36.4 4.8 1.875)
(36.8 4.8 1.875)
(37.2 4.8 1.875)
(37.6 4.8 1.875)
(38 4.8 1.875)
(28 5.2 1.875)
(28.4 5.2 1.875)
(28.8 5.2 1.875)
(29.2 5.2 1.875)
(29.6 5.2 1.875)
(30 5.2 1.875)
(30.4 5.2 1.875)
(30.8 5.2 1.875)
(31.2 5.2 1.875)
(31.6 5.2 1.875)
(32 5.2 1.875)
(32.4 5.2 1.875)
(32.8 5.2 1.875)
(33.2 5.2 1.875)
(33.6 5.2 1.875)
(34 5.2 1.875)
(34.4 5.2 1.875)
(34.8 5.2 1.875)
(35.2 5.2 1.875)
(35.6 5.2 1.875)
(36 5.2 1.875)
(36.4 5.2 1.875)
(36.8 5.2 1.875)
(37.2 5.2 1.875)
(37.6 5.2 1.875)
(38 5.2 1.875)
(28 5.6 1.875)
(28.4 5.6 1.875)
(28.8 5.6 1.875)
(29.2 5.6 1.875)
(29.6 5.6 1.875)
(30 5.6 1.875)
(30.4 5.6 1.875)
(30.8 5.6 1.875)
(31.2 5.6 1.875)
(31.6 5.6 1.875)
(32 5.6 1.875)
(32.4 5.6 1.875)
(32.8 5.6 1.875)
(33.2 5.6 1.875)
(33.6 5.6 1.875)
(34 5.6 1.875)
(34.4 5.6 1.875)
(34.8 5.6 1.875)
(35.2 5.6 1.875)
(35.6 5.6 1.875)
(36 5.6 1.875)
(36.4 5.6 1.875)
(36.8 5.6 1.875)
(37.2 5.6 1.875)
(37.6 5.6 1.875)
(38 5.6 1.875)
(28 6 1.875)
(28.4 6 1.875)
(28.8 6 1.875)
(29.2 6 1.875)
(29.6 6 1.875)
(30 6 1.875)
(30.4 6 1.875)
(30.8 6 1.875)
(31.2 6 1.875)
(31.6 6 1.875)
(32 6 1.875)
(32.4 6 1.875)
(32.8 6 1.875)
(33.2 6 1.875)
(33.6 6 1.875)
(34 6 1.875)
(34.4 6 1.875)
(34.8 6 1.875)
(35.2 6 1.875)
(35.6 6 1.875)
(36 6 1.875)
(36.4 6 1.875)
(36.8 6 1.875)
(37.2 6 1.875)
(37.6 6 1.875)
(38 6 1.875)
(28 6.4 1.875)
(28.4 6.4 1.875)
(28.8 6.4 1.875)
(29.2 6.4 1.875)
(29.6 6.4 1.875)
(30 6.4 1.875)
(30.4 6.4 1.875)
(30.8 6.4 1.875)
(31.2 6.4 1.875)
(31.6 6.4 1.875)
(32 6.4 1.875)
(32.4 6.4 1.875)
(32.8 6.4 1.875)
(33.2 6.4 1.875)
(33.6 6.4 1.875)
(34 6.4 1.875)
(34.4 6.4 1.875)
(34.8 6.4 1.875)
(35.2 6.4 1.875)
(35.6 6.4 1.875)
(36 6.4 1.875)
(36.4 6.4 1.875)
(36.8 6.4 1.875)
(37.2 6.4 1.875)
(37.6 6.4 1.875)
(38 6.4 1.875)
(28 6.8 1.875)
(28.4 6.8 1.875)
(28.8 6.8 1.875)
(29.2 6.8 1.875)
(29.6 6.8 1.875)
(30 6.8 1.875)
(30.4 6.8 1.875)
(30.8 6.8 1.875)
(31.2 6.8 1.875)
(31.6 6.8 1.875)
(32 6.8 1.875)
(32.4 6.8 1.875)
(32.8 6.8 1.875)
(33.2 6.8 1.875)
(33.6 6.8 1.875)
(34 6.8 1.875)
(34.4 6.8 1.875)
(34.8 6.8 1.875)
(35.2 6.8 1.875)
(35.6 6.8 1.875)
(36 6.8 1.875)
(36.4 6.8 1.875)
(36.8 6.8 1.875)
(37.2 6.8 1.875)
(37.6 6.8 1.875)
(38 6.8 1.875)
(28 7.2 1.875)
(28.4 7.2 1.875)
(28.8 7.2 1.875)
(29.2 7.2 1.875)
(29.6 7.2 1.875)
(30 7.2 1.875)
(30.4 7.2 1.875)
(30.8 7.2 1.875)
(31.2 7.2 1.875)
(31.6 7.2 1.875)
(32 7.2 1.875)
(32.4 7.2 1.875)
(32.8 7.2 1.875)
(33.2 7.2 1.875)
(33.6 7.2 1.875)
(34 7.2 1.875)
(34.4 7.2 1.875)
(34.8 7.2 1.875)
(35.2 7.2 1.875)
(35.6 7.2 1.875)
(36 7.2 1.875)
(36.4 7.2 1.875)
(36.8 7.2 1.875)
(37.2 7.2 1.875)
(37.6 7.2 1.875)
(38 7.2 1.875)
(28 7.6 1.875)
(28.4 7.6 1.875)
(28.8 7.6 1.875)
(29.2 7.6 1.875)
(29.6 7.6 1.875)
(30 7.6 1.875)
(30.4 7.6 1.875)
(30.8 7.6 1.875)
(31.2 7.6 1.875)
(31.6 7.6 1.875)
(32 7.6 1.875)
(32.4 7.6 1.875)
(32.8 7.6 1.875)
(33.2 7.6 1.875)
(33.6 7.6 1.875)
(34 7.6 1.875)
(34.4 7.6 1.875)
(34.8 7.6 1.875)
(35.2 7.6 1.875)
(35.6 7.6 1.875)
(36 7.6 1.875)
(36.4 7.6 1.875)
(36.8 7.6 1.875)
(37.2 7.6 1.875)
(37.6 7.6 1.875)
(38 7.6 1.875)
(28 8 1.875)
(28.4 8 1.875)
(28.8 8 1.875)
(29.2 8 1.875)
(29.6 8 1.875)
(30 8 1.875)
(30.4 8 1.875)
(30.8 8 1.875)
(31.2 8 1.875)
(31.6 8 1.875)
(32 8 1.875)
(32.4 8 1.875)
(32.8 8 1.875)
(33.2 8 1.875)
(33.6 8 1.875)
(34 8 1.875)
(34.4 8 1.875)
(34.8 8 1.875)
(35.2 8 1.875)
(35.6 8 1.875)
(36 8 1.875)
(36.4 8 1.875)
(36.8 8 1.875)
(37.2 8 1.875)
(37.6 8 1.875)
(38 8 1.875)
(28 8.4 1.875)
(28.4 8.4 1.875)
(28.8 8.4 1.875)
(29.2 8.4 1.875)
(29.6 8.4 1.875)
(30 8.4 1.875)
(30.4 8.4 1.875)
(30.8 8.4 1.875)
(31.2 8.4 1.875)
(31.6 8.4 1.875)
(32 8.4 1.875)
(32.4 8.4 1.875)
(32.8 8.4 1.875)
(33.2 8.4 1.875)
(33.6 8.4 1.875)
(34 8.4 1.875)
(34.4 8.4 1.875)
(34.8 8.4 1.875)
(35.2 8.4 1.875)
(35.6 8.4 1.875)
(36 8.4 1.875)
(36.4 8.4 1.875)
(36.8 8.4 1.875)
(37.2 8.4 1.875)
(37.6 8.4 1.875)
(38 8.4 1.875)
(28 8.8 1.875)
(28.4 8.8 1.875)
(28.8 8.8 1.875)
(29.2 8.8 1.875)
(29.6 8.8 1.875)
(30 8.8 1.875)
(30.4 8.8 1.875)
(30.8 8.8 1.875)
(31.2 8.8 1.875)
(31.6 8.8 1.875)
(32 8.8 1.875)
(32.4 8.8 1.875)
(32.8 8.8 1.875)
(33.2 8.8 1.875)
(33.6 8.8 1.875)
(34 8.8 1.875)
(34.4 8.8 1.875)
(34.8 8.8 1.875)
(35.2 8.8 1.875)
(35.6 8.8 1.875)
(36 8.8 1.875)
(36.4 8.8 1.875)
(36.8 8.8 1.875)
(37.2 8.8 1.875)
(37.6 8.8 1.875)
(38 8.8 1.875)
(28 9.2 1.875)
(28.4 9.2 1.875)
(28.8 9.2 1.875)
(29.2 9.2 1.875)
(29.6 9.2 1.875)
(30 9.2 1.875)
(30.4 9.2 1.875)
(30.8 9.2 1.875)
(31.2 9.2 1.875)
(31.6 9.2 1.875)
(32 9.2 1.875)
(32.4 9.2 1.875)
(32.8 9.2 1.875)
(33.2 9.2 1.875)
(33.6 9.2 1.875)
(34 9.2 1.875)
(34.4 9.2 1.875)
(34.8 9.2 1.875)
(35.2 9.2 1.875)
(35.6 9.2 1.875)
(36 9.2 1.875)
(36.4 9.2 1.875)
(36.8 9.2 1.875)
(37.2 9.2 1.875)
(37.6 9.2 1.875)
(38 9.2 1.875)
(28 9.6 1.875)
(28.4 9.6 1.875)
(28.8 9.6 1.875)
(29.2 9.6 1.875)
(29.6 9.6 1.875)
(30 9.6 1.875)
(30.4 9.6 1.875)
(30.8 9.6 1.875)
(31.2 9.6 1.875)
(31.6 9.6 1.875)
(32 9.6 1.875)
(32.4 9.6 1.875)
(32.8 9.6 1.875)
(33.2 9.6 1.875)
(33.6 9.6 1.875)
(34 9.6 1.875)
(34.4 9.6 1.875)
(34.8 9.6 1.875)
(35.2 9.6 1.875)
(35.6 9.6 1.875)
(36 9.6 1.875)
(36.4 9.6 1.875)
(36.8 9.6 1.875)
(37.2 9.6 1.875)
(37.6 9.6 1.875)
(38 9.6 1.875)
(28 10 1.875)
(28.4 10 1.875)
(28.8 10 1.875)
(29.2 10 1.875)
(29.6 10 1.875)
(30 10 1.875)
(30.4 10 1.875)
(30.8 10 1.875)
(31.2 10 1.875)
(31.6 10 1.875)
(32 10 1.875)
(32.4 10 1.875)
(32.8 10 1.875)
(33.2 10 1.875)
(33.6 10 1.875)
(34 10 1.875)
(34.4 10 1.875)
(34.8 10 1.875)
(35.2 10 1.875)
(35.6 10 1.875)
(36 10 1.875)
(36.4 10 1.875)
(36.8 10 1.875)
(37.2 10 1.875)
(37.6 10 1.875)
(38 10 1.875)
(28 10.4 1.875)
(28.4 10.4 1.875)
(28.8 10.4 1.875)
(29.2 10.4 1.875)
(29.6 10.4 1.875)
(30 10.4 1.875)
(30.4 10.4 1.875)
(30.8 10.4 1.875)
(31.2 10.4 1.875)
(31.6 10.4 1.875)
(32 10.4 1.875)
(32.4 10.4 1.875)
(32.8 10.4 1.875)
(33.2 10.4 1.875)
(33.6 10.4 1.875)
(34 10.4 1.875)
(34.4 10.4 1.875)
(34.8 10.4 1.875)
(35.2 10.4 1.875)
(35.6 10.4 1.875)
(36 10.4 1.875)
(36.4 10.4 1.875)
(36.8 10.4 1.875)
(37.2 10.4 1.875)
(37.6 10.4 1.875)
(38 10.4 1.875)
(28 10.8 1.875)
(28.4 10.8 1.875)
(28.8 10.8 1.875)
(29.2 10.8 1.875)
(29.6 10.8 1.875)
(30 10.8 1.875)
(30.4 10.8 1.875)
(30.8 10.8 1.875)
(31.2 10.8 1.875)
(31.6 10.8 1.875)
(32 10.8 1.875)
(32.4 10.8 1.875)
(32.8 10.8 1.875)
(33.2 10.8 1.875)
(33.6 10.8 1.875)
(34 10.8 1.875)
(34.4 10.8 1.875)
(34.8 10.8 1.875)
(35.2 10.8 1.875)
(35.6 10.8 1.875)
(36 10.8 1.875)
(36.4 10.8 1.875)
(36.8 10.8 1.875)
(37.2 10.8 1.875)
(37.6 10.8 1.875)
(38 10.8 1.875)
(28 11.2 1.875)
(28.4 11.2 1.875)
(28.8 11.2 1.875)
(29.2 11.2 1.875)
(29.6 11.2 1.875)
(30 11.2 1.875)
(30.4 11.2 1.875)
(30.8 11.2 1.875)
(31.2 11.2 1.875)
(31.6 11.2 1.875)
(32 11.2 1.875)
(32.4 11.2 1.875)
(32.8 11.2 1.875)
(33.2 11.2 1.875)
(33.6 11.2 1.875)
(34 11.2 1.875)
(34.4 11.2 1.875)
(34.8 11.2 1.875)
(35.2 11.2 1.875)
(35.6 11.2 1.875)
(36 11.2 1.875)
(36.4 11.2 1.875)
(36.8 11.2 1.875)
(37.2 11.2 1.875)
(37.6 11.2 1.875)
(38 11.2 1.875)
(28 11.6 1.875)
(28.4 11.6 1.875)
(28.8 11.6 1.875)
(29.2 11.6 1.875)
(29.6 11.6 1.875)
(30 11.6 1.875)
(30.4 11.6 1.875)
(30.8 11.6 1.875)
(31.2 11.6 1.875)
(31.6 11.6 1.875)
(32 11.6 1.875)
(32.4 11.6 1.875)
(32.8 11.6 1.875)
(33.2 11.6 1.875)
(33.6 11.6 1.875)
(34 11.6 1.875)
(34.4 11.6 1.875)
(34.8 11.6 1.875)
(35.2 11.6 1.875)
(35.6 11.6 1.875)
(36 11.6 1.875)
(36.4 11.6 1.875)
(36.8 11.6 1.875)
(37.2 11.6 1.875)
(37.6 11.6 1.875)
(38 11.6 1.875)
(28 12 1.875)
(28.4 12 1.875)
(28.8 12 1.875)
(29.2 12 1.875)
(29.6 12 1.875)
(30 12 1.875)
(30.4 12 1.875)
(30.8 12 1.875)
(31.2 12 1.875)
(31.6 12 1.875)
(32 12 1.875)
(32.4 12 1.875)
(32.8 12 1.875)
(33.2 12 1.875)
(33.6 12 1.875)
(34 12 1.875)
(34.4 12 1.875)
(34.8 12 1.875)
(35.2 12 1.875)
(35.6 12 1.875)
(36 12 1.875)
(36.4 12 1.875)
(36.8 12 1.875)
(37.2 12 1.875)
(37.6 12 1.875)
(38 12 1.875)
(28 12.4 1.875)
(28.4 12.4 1.875)
(28.8 12.4 1.875)
(29.2 12.4 1.875)
(29.6 12.4 1.875)
(30 12.4 1.875)
(30.4 12.4 1.875)
(30.8 12.4 1.875)
(31.2 12.4 1.875)
(31.6 12.4 1.875)
(32 12.4 1.875)
(32.4 12.4 1.875)
(32.8 12.4 1.875)
(33.2 12.4 1.875)
(33.6 12.4 1.875)
(34 12.4 1.875)
(34.4 12.4 1.875)
(34.8 12.4 1.875)
(35.2 12.4 1.875)
(35.6 12.4 1.875)
(36 12.4 1.875)
(36.4 12.4 1.875)
(36.8 12.4 1.875)
(37.2 12.4 1.875)
(37.6 12.4 1.875)
(38 12.4 1.875)
(28 12.8 1.875)
(28.4 12.8 1.875)
(28.8 12.8 1.875)
(29.2 12.8 1.875)
(29.6 12.8 1.875)
(30 12.8 1.875)
(30.4 12.8 1.875)
(30.8 12.8 1.875)
(31.2 12.8 1.875)
(31.6 12.8 1.875)
(32 12.8 1.875)
(32.4 12.8 1.875)
(32.8 12.8 1.875)
(33.2 12.8 1.875)
(33.6 12.8 1.875)
(34 12.8 1.875)
(34.4 12.8 1.875)
(34.8 12.8 1.875)
(35.2 12.8 1.875)
(35.6 12.8 1.875)
(36 12.8 1.875)
(36.4 12.8 1.875)
(36.8 12.8 1.875)
(37.2 12.8 1.875)
(37.6 12.8 1.875)
(38 12.8 1.875)
(28 13.2 1.875)
(28.4 13.2 1.875)
(28.8 13.2 1.875)
(29.2 13.2 1.875)
(29.6 13.2 1.875)
(30 13.2 1.875)
(30.4 13.2 1.875)
(30.8 13.2 1.875)
(31.2 13.2 1.875)
(31.6 13.2 1.875)
(32 13.2 1.875)
(32.4 13.2 1.875)
(32.8 13.2 1.875)
(33.2 13.2 1.875)
(33.6 13.2 1.875)
(34 13.2 1.875)
(34.4 13.2 1.875)
(34.8 13.2 1.875)
(35.2 13.2 1.875)
(35.6 13.2 1.875)
(36 13.2 1.875)
(36.4 13.2 1.875)
(36.8 13.2 1.875)
(37.2 13.2 1.875)
(37.6 13.2 1.875)
(38 13.2 1.875)
(28 13.6 1.875)
(28.4 13.6 1.875)
(28.8 13.6 1.875)
(29.2 13.6 1.875)
(29.6 13.6 1.875)
(30 13.6 1.875)
(30.4 13.6 1.875)
(30.8 13.6 1.875)
(31.2 13.6 1.875)
(31.6 13.6 1.875)
(32 13.6 1.875)
(32.4 13.6 1.875)
(32.8 13.6 1.875)
(33.2 13.6 1.875)
(33.6 13.6 1.875)
(34 13.6 1.875)
(34.4 13.6 1.875)
(34.8 13.6 1.875)
(35.2 13.6 1.875)
(35.6 13.6 1.875)
(36 13.6 1.875)
(36.4 13.6 1.875)
(36.8 13.6 1.875)
(37.2 13.6 1.875)
(37.6 13.6 1.875)
(38 13.6 1.875)
(28 14 1.875)
(28.4 14 1.875)
(28.8 14 1.875)
(29.2 14 1.875)
(29.6 14 1.875)
(30 14 1.875)
(30.4 14 1.875)
(30.8 14 1.875)
(31.2 14 1.875)
(31.6 14 1.875)
(32 14 1.875)
(32.4 14 1.875)
(32.8 14 1.875)
(33.2 14 1.875)
(33.6 14 1.875)
(34 14 1.875)
(34.4 14 1.875)
(34.8 14 1.875)
(35.2 14 1.875)
(35.6 14 1.875)
(36 14 1.875)
(36.4 14 1.875)
(36.8 14 1.875)
(37.2 14 1.875)
(37.6 14 1.875)
(38 14 1.875)
(28 14.4 1.875)
(28.4 14.4 1.875)
(28.8 14.4 1.875)
(29.2 14.4 1.875)
(29.6 14.4 1.875)
(30 14.4 1.875)
(30.4 14.4 1.875)
(30.8 14.4 1.875)
(31.2 14.4 1.875)
(31.6 14.4 1.875)
(32 14.4 1.875)
(32.4 14.4 1.875)
(32.8 14.4 1.875)
(33.2 14.4 1.875)
(33.6 14.4 1.875)
(34 14.4 1.875)
(34.4 14.4 1.875)
(34.8 14.4 1.875)
(35.2 14.4 1.875)
(35.6 14.4 1.875)
(36 14.4 1.875)
(36.4 14.4 1.875)
(36.8 14.4 1.875)
(37.2 14.4 1.875)
(37.6 14.4 1.875)
(38 14.4 1.875)
(28 14.8 1.875)
(28.4 14.8 1.875)
(28.8 14.8 1.875)
(29.2 14.8 1.875)
(29.6 14.8 1.875)
(30 14.8 1.875)
(30.4 14.8 1.875)
(30.8 14.8 1.875)
(31.2 14.8 1.875)
(31.6 14.8 1.875)
(32 14.8 1.875)
(32.4 14.8 1.875)
(32.8 14.8 1.875)
(33.2 14.8 1.875)
(33.6 14.8 1.875)
(34 14.8 1.875)
(34.4 14.8 1.875)
(34.8 14.8 1.875)
(35.2 14.8 1.875)
(35.6 14.8 1.875)
(36 14.8 1.875)
(36.4 14.8 1.875)
(36.8 14.8 1.875)
(37.2 14.8 1.875)
(37.6 14.8 1.875)
(38 14.8 1.875)
(28 15.2 1.875)
(28.4 15.2 1.875)
(28.8 15.2 1.875)
(29.2 15.2 1.875)
(29.6 15.2 1.875)
(30 15.2 1.875)
(30.4 15.2 1.875)
(30.8 15.2 1.875)
(31.2 15.2 1.875)
(31.6 15.2 1.875)
(32 15.2 1.875)
(32.4 15.2 1.875)
(32.8 15.2 1.875)
(33.2 15.2 1.875)
(33.6 15.2 1.875)
(34 15.2 1.875)
(34.4 15.2 1.875)
(34.8 15.2 1.875)
(35.2 15.2 1.875)
(35.6 15.2 1.875)
(36 15.2 1.875)
(36.4 15.2 1.875)
(36.8 15.2 1.875)
(37.2 15.2 1.875)
(37.6 15.2 1.875)
(38 15.2 1.875)
(28 15.6 1.875)
(28.4 15.6 1.875)
(28.8 15.6 1.875)
(29.2 15.6 1.875)
(29.6 15.6 1.875)
(30 15.6 1.875)
(30.4 15.6 1.875)
(30.8 15.6 1.875)
(31.2 15.6 1.875)
(31.6 15.6 1.875)
(32 15.6 1.875)
(32.4 15.6 1.875)
(32.8 15.6 1.875)
(33.2 15.6 1.875)
(33.6 15.6 1.875)
(34 15.6 1.875)
(34.4 15.6 1.875)
(34.8 15.6 1.875)
(35.2 15.6 1.875)
(35.6 15.6 1.875)
(36 15.6 1.875)
(36.4 15.6 1.875)
(36.8 15.6 1.875)
(37.2 15.6 1.875)
(37.6 15.6 1.875)
(38 15.6 1.875)
(28 16 1.875)
(28.4 16 1.875)
(28.8 16 1.875)
(29.2 16 1.875)
(29.6 16 1.875)
(30 16 1.875)
(30.4 16 1.875)
(30.8 16 1.875)
(31.2 16 1.875)
(31.6 16 1.875)
(32 16 1.875)
(32.4 16 1.875)
(32.8 16 1.875)
(33.2 16 1.875)
(33.6 16 1.875)
(34 16 1.875)
(34.4 16 1.875)
(34.8 16 1.875)
(35.2 16 1.875)
(35.6 16 1.875)
(36 16 1.875)
(36.4 16 1.875)
(36.8 16 1.875)
(37.2 16 1.875)
(37.6 16 1.875)
(38 16 1.875)
(28 4.4 2.25)
(28.4 4.4 2.25)
(28.8 4.4 2.25)
(29.2 4.4 2.25)
(29.6 4.4 2.25)
(30 4.4 2.25)
(30.4 4.4 2.25)
(30.8 4.4 2.25)
(31.2 4.4 2.25)
(31.6 4.4 2.25)
(32 4.4 2.25)
(32.4 4.4 2.25)
(32.8 4.4 2.25)
(33.2 4.4 2.25)
(33.6 4.4 2.25)
(34 4.4 2.25)
(34.4 4.4 2.25)
(34.8 4.4 2.25)
(35.2 4.4 2.25)
(35.6 4.4 2.25)
(36 4.4 2.25)
(36.4 4.4 2.25)
(36.8 4.4 2.25)
(37.2 4.4 2.25)
(37.6 4.4 2.25)
(38 4.4 2.25)
(28 4.8 2.25)
(28.4 4.8 2.25)
(28.8 4.8 2.25)
(29.2 4.8 2.25)
(29.6 4.8 2.25)
(30 4.8 2.25)
(30.4 4.8 2.25)
(30.8 4.8 2.25)
(31.2 4.8 2.25)
(31.6 4.8 2.25)
(32 4.8 2.25)
(32.4 4.8 2.25)
(32.8 4.8 2.25)
(33.2 4.8 2.25)
(33.6 4.8 2.25)
(34 4.8 2.25)
(34.4 4.8 2.25)
(34.8 4.8 2.25)
(35.2 4.8 2.25)
(35.6 4.8 2.25)
(36 4.8 2.25)
(36.4 4.8 2.25)
(36.8 4.8 2.25)
(37.2 4.8 2.25)
(37.6 4.8 2.25)
(38 4.8 2.25)
(28 5.2 2.25)
(28.4 5.2 2.25)
(28.8 5.2 2.25)
(29.2 5.2 2.25)
(29.6 5.2 2.25)
(30 5.2 2.25)
(30.4 5.2 2.25)
(30.8 5.2 2.25)
(31.2 5.2 2.25)
(31.6 5.2 2.25)
(32 5.2 2.25)
(32.4 5.2 2.25)
(32.8 5.2 2.25)
(33.2 5.2 2.25)
(33.6 5.2 2.25)
(34 5.2 2.25)
(34.4 5.2 2.25)
(34.8 5.2 2.25)
(35.2 5.2 2.25)
(35.6 5.2 2.25)
(36 5.2 2.25)
(36.4 5.2 2.25)
(36.8 5.2 2.25)
(37.2 5.2 2.25)
(37.6 5.2 2.25)
(38 5.2 2.25)
(28 5.6 2.25)
(28.4 5.6 2.25)
(28.8 5.6 2.25)
(29.2 5.6 2.25)
(29.6 5.6 2.25)
(30 5.6 2.25)
(30.4 5.6 2.25)
(30.8 5.6 2.25)
(31.2 5.6 2.25)
(31.6 5.6 2.25)
(32 5.6 2.25)
(32.4 5.6 2.25)
(32.8 5.6 2.25)
(33.2 5.6 2.25)
(33.6 5.6 2.25)
(34 5.6 2.25)
(34.4 5.6 2.25)
(34.8 5.6 2.25)
(35.2 5.6 2.25)
(35.6 5.6 2.25)
(36 5.6 2.25)
(36.4 5.6 2.25)
(36.8 5.6 2.25)
(37.2 5.6 2.25)
(37.6 5.6 2.25)
(38 5.6 2.25)
(28 6 2.25)
(28.4 6 2.25)
(28.8 6 2.25)
(29.2 6 2.25)
(29.6 6 2.25)
(30 6 2.25)
(30.4 6 2.25)
(30.8 6 2.25)
(31.2 6 2.25)
(31.6 6 2.25)
(32 6 2.25)
(32.4 6 2.25)
(32.8 6 2.25)
(33.2 6 2.25)
(33.6 6 2.25)
(34 6 2.25)
(34.4 6 2.25)
(34.8 6 2.25)
(35.2 6 2.25)
(35.6 6 2.25)
(36 6 2.25)
(36.4 6 2.25)
(36.8 6 2.25)
(37.2 6 2.25)
(37.6 6 2.25)
(38 6 2.25)
(28 6.4 2.25)
(28.4 6.4 2.25)
(28.8 6.4 2.25)
(29.2 6.4 2.25)
(29.6 6.4 2.25)
(30 6.4 2.25)
(30.4 6.4 2.25)
(30.8 6.4 2.25)
(31.2 6.4 2.25)
(31.6 6.4 2.25)
(32 6.4 2.25)
(32.4 6.4 2.25)
(32.8 6.4 2.25)
(33.2 6.4 2.25)
(33.6 6.4 2.25)
(34 6.4 2.25)
(34.4 6.4 2.25)
(34.8 6.4 2.25)
(35.2 6.4 2.25)
(35.6 6.4 2.25)
(36 6.4 2.25)
(36.4 6.4 2.25)
(36.8 6.4 2.25)
(37.2 6.4 2.25)
(37.6 6.4 2.25)
(38 6.4 2.25)
(28 6.8 2.25)
(28.4 6.8 2.25)
(28.8 6.8 2.25)
(29.2 6.8 2.25)
(29.6 6.8 2.25)
(30 6.8 2.25)
(30.4 6.8 2.25)
(30.8 6.8 2.25)
(31.2 6.8 2.25)
(31.6 6.8 2.25)
(32 6.8 2.25)
(32.4 6.8 2.25)
(32.8 6.8 2.25)
(33.2 6.8 2.25)
(33.6 6.8 2.25)
(34 6.8 2.25)
(34.4 6.8 2.25)
(34.8 6.8 2.25)
(35.2 6.8 2.25)
(35.6 6.8 2.25)
(36 6.8 2.25)
(36.4 6.8 2.25)
(36.8 6.8 2.25)
(37.2 6.8 2.25)
(37.6 6.8 2.25)
(38 6.8 2.25)
(28 7.2 2.25)
(28.4 7.2 2.25)
(28.8 7.2 2.25)
(29.2 7.2 2.25)
(29.6 7.2 2.25)
(30 7.2 2.25)
(30.4 7.2 2.25)
(30.8 7.2 2.25)
(31.2 7.2 2.25)
(31.6 7.2 2.25)
(32 7.2 2.25)
(32.4 7.2 2.25)
(32.8 7.2 2.25)
(33.2 7.2 2.25)
(33.6 7.2 2.25)
(34 7.2 2.25)
(34.4 7.2 2.25)
(34.8 7.2 2.25)
(35.2 7.2 2.25)
(35.6 7.2 2.25)
(36 7.2 2.25)
(36.4 7.2 2.25)
(36.8 7.2 2.25)
(37.2 7.2 2.25)
(37.6 7.2 2.25)
(38 7.2 2.25)
(28 7.6 2.25)
(28.4 7.6 2.25)
(28.8 7.6 2.25)
(29.2 7.6 2.25)
(29.6 7.6 2.25)
(30 7.6 2.25)
(30.4 7.6 2.25)
(30.8 7.6 2.25)
(31.2 7.6 2.25)
(31.6 7.6 2.25)
(32 7.6 2.25)
(32.4 7.6 2.25)
(32.8 7.6 2.25)
(33.2 7.6 2.25)
(33.6 7.6 2.25)
(34 7.6 2.25)
(34.4 7.6 2.25)
(34.8 7.6 2.25)
(35.2 7.6 2.25)
(35.6 7.6 2.25)
(36 7.6 2.25)
(36.4 7.6 2.25)
(36.8 7.6 2.25)
(37.2 7.6 2.25)
(37.6 7.6 2.25)
(38 7.6 2.25)
(28 8 2.25)
(28.4 8 2.25)
(28.8 8 2.25)
(29.2 8 2.25)
(29.6 8 2.25)
(30 8 2.25)
(30.4 8 2.25)
(30.8 8 2.25)
(31.2 8 2.25)
(31.6 8 2.25)
(32 8 2.25)
(32.4 8 2.25)
(32.8 8 2.25)
(33.2 8 2.25)
(33.6 8 2.25)
(34 8 2.25)
(34.4 8 2.25)
(34.8 8 2.25)
(35.2 8 2.25)
(35.6 8 2.25)
(36 8 2.25)
(36.4 8 2.25)
(36.8 8 2.25)
(37.2 8 2.25)
(37.6 8 2.25)
(38 8 2.25)
(28 8.4 2.25)
(28.4 8.4 2.25)
(28.8 8.4 2.25)
(29.2 8.4 2.25)
(29.6 8.4 2.25)
(30 8.4 2.25)
(30.4 8.4 2.25)
(30.8 8.4 2.25)
(31.2 8.4 2.25)
(31.6 8.4 2.25)
(32 8.4 2.25)
(32.4 8.4 2.25)
(32.8 8.4 2.25)
(33.2 8.4 2.25)
(33.6 8.4 2.25)
(34 8.4 2.25)
(34.4 8.4 2.25)
(34.8 8.4 2.25)
(35.2 8.4 2.25)
(35.6 8.4 2.25)
(36 8.4 2.25)
(36.4 8.4 2.25)
(36.8 8.4 2.25)
(37.2 8.4 2.25)
(37.6 8.4 2.25)
(38 8.4 2.25)
(28 8.8 2.25)
(28.4 8.8 2.25)
(28.8 8.8 2.25)
(29.2 8.8 2.25)
(29.6 8.8 2.25)
(30 8.8 2.25)
(30.4 8.8 2.25)
(30.8 8.8 2.25)
(31.2 8.8 2.25)
(31.6 8.8 2.25)
(32 8.8 2.25)
(32.4 8.8 2.25)
(32.8 8.8 2.25)
(33.2 8.8 2.25)
(33.6 8.8 2.25)
(34 8.8 2.25)
(34.4 8.8 2.25)
(34.8 8.8 2.25)
(35.2 8.8 2.25)
(35.6 8.8 2.25)
(36 8.8 2.25)
(36.4 8.8 2.25)
(36.8 8.8 2.25)
(37.2 8.8 2.25)
(37.6 8.8 2.25)
(38 8.8 2.25)
(28 9.2 2.25)
(28.4 9.2 2.25)
(28.8 9.2 2.25)
(29.2 9.2 2.25)
(29.6 9.2 2.25)
(30 9.2 2.25)
(30.4 9.2 2.25)
(30.8 9.2 2.25)
(31.2 9.2 2.25)
(31.6 9.2 2.25)
(32 9.2 2.25)
(32.4 9.2 2.25)
(32.8 9.2 2.25)
(33.2 9.2 2.25)
(33.6 9.2 2.25)
(34 9.2 2.25)
(34.4 9.2 2.25)
(34.8 9.2 2.25)
(35.2 9.2 2.25)
(35.6 9.2 2.25)
(36 9.2 2.25)
(36.4 9.2 2.25)
(36.8 9.2 2.25)
(37.2 9.2 2.25)
(37.6 9.2 2.25)
(38 9.2 2.25)
(28 9.6 2.25)
(28.4 9.6 2.25)
(28.8 9.6 2.25)
(29.2 9.6 2.25)
(29.6 9.6 2.25)
(30 9.6 2.25)
(30.4 9.6 2.25)
(30.8 9.6 2.25)
(31.2 9.6 2.25)
(31.6 9.6 2.25)
(32 9.6 2.25)
(32.4 9.6 2.25)
(32.8 9.6 2.25)
(33.2 9.6 2.25)
(33.6 9.6 2.25)
(34 9.6 2.25)
(34.4 9.6 2.25)
(34.8 9.6 2.25)
(35.2 9.6 2.25)
(35.6 9.6 2.25)
(36 9.6 2.25)
(36.4 9.6 2.25)
(36.8 9.6 2.25)
(37.2 9.6 2.25)
(37.6 9.6 2.25)
(38 9.6 2.25)
(28 10 2.25)
(28.4 10 2.25)
(28.8 10 2.25)
(29.2 10 2.25)
(29.6 10 2.25)
(30 10 2.25)
(30.4 10 2.25)
(30.8 10 2.25)
(31.2 10 2.25)
(31.6 10 2.25)
(32 10 2.25)
(32.4 10 2.25)
(32.8 10 2.25)
(33.2 10 2.25)
(33.6 10 2.25)
(34 10 2.25)
(34.4 10 2.25)
(34.8 10 2.25)
(35.2 10 2.25)
(35.6 10 2.25)
(36 10 2.25)
(36.4 10 2.25)
(36.8 10 2.25)
(37.2 10 2.25)
(37.6 10 2.25)
(38 10 2.25)
(28 10.4 2.25)
(28.4 10.4 2.25)
(28.8 10.4 2.25)
(29.2 10.4 2.25)
(29.6 10.4 2.25)
(30 10.4 2.25)
(30.4 10.4 2.25)
(30.8 10.4 2.25)
(31.2 10.4 2.25)
(31.6 10.4 2.25)
(32 10.4 2.25)
(32.4 10.4 2.25)
(32.8 10.4 2.25)
(33.2 10.4 2.25)
(33.6 10.4 2.25)
(34 10.4 2.25)
(34.4 10.4 2.25)
(34.8 10.4 2.25)
(35.2 10.4 2.25)
(35.6 10.4 2.25)
(36 10.4 2.25)
(36.4 10.4 2.25)
(36.8 10.4 2.25)
(37.2 10.4 2.25)
(37.6 10.4 2.25)
(38 10.4 2.25)
(28 10.8 2.25)
(28.4 10.8 2.25)
(28.8 10.8 2.25)
(29.2 10.8 2.25)
(29.6 10.8 2.25)
(30 10.8 2.25)
(30.4 10.8 2.25)
(30.8 10.8 2.25)
(31.2 10.8 2.25)
(31.6 10.8 2.25)
(32 10.8 2.25)
(32.4 10.8 2.25)
(32.8 10.8 2.25)
(33.2 10.8 2.25)
(33.6 10.8 2.25)
(34 10.8 2.25)
(34.4 10.8 2.25)
(34.8 10.8 2.25)
(35.2 10.8 2.25)
(35.6 10.8 2.25)
(36 10.8 2.25)
(36.4 10.8 2.25)
(36.8 10.8 2.25)
(37.2 10.8 2.25)
(37.6 10.8 2.25)
(38 10.8 2.25)
(28 11.2 2.25)
(28.4 11.2 2.25)
(28.8 11.2 2.25)
(29.2 11.2 2.25)
(29.6 11.2 2.25)
(30 11.2 2.25)
(30.4 11.2 2.25)
(30.8 11.2 2.25)
(31.2 11.2 2.25)
(31.6 11.2 2.25)
(32 11.2 2.25)
(32.4 11.2 2.25)
(32.8 11.2 2.25)
(33.2 11.2 2.25)
(33.6 11.2 2.25)
(34 11.2 2.25)
(34.4 11.2 2.25)
(34.8 11.2 2.25)
(35.2 11.2 2.25)
(35.6 11.2 2.25)
(36 11.2 2.25)
(36.4 11.2 2.25)
(36.8 11.2 2.25)
(37.2 11.2 2.25)
(37.6 11.2 2.25)
(38 11.2 2.25)
(28 11.6 2.25)
(28.4 11.6 2.25)
(28.8 11.6 2.25)
(29.2 11.6 2.25)
(29.6 11.6 2.25)
(30 11.6 2.25)
(30.4 11.6 2.25)
(30.8 11.6 2.25)
(31.2 11.6 2.25)
(31.6 11.6 2.25)
(32 11.6 2.25)
(32.4 11.6 2.25)
(32.8 11.6 2.25)
(33.2 11.6 2.25)
(33.6 11.6 2.25)
(34 11.6 2.25)
(34.4 11.6 2.25)
(34.8 11.6 2.25)
(35.2 11.6 2.25)
(35.6 11.6 2.25)
(36 11.6 2.25)
(36.4 11.6 2.25)
(36.8 11.6 2.25)
(37.2 11.6 2.25)
(37.6 11.6 2.25)
(38 11.6 2.25)
(28 12 2.25)
(28.4 12 2.25)
(28.8 12 2.25)
(29.2 12 2.25)
(29.6 12 2.25)
(30 12 2.25)
(30.4 12 2.25)
(30.8 12 2.25)
(31.2 12 2.25)
(31.6 12 2.25)
(32 12 2.25)
(32.4 12 2.25)
(32.8 12 2.25)
(33.2 12 2.25)
(33.6 12 2.25)
(34 12 2.25)
(34.4 12 2.25)
(34.8 12 2.25)
(35.2 12 2.25)
(35.6 12 2.25)
(36 12 2.25)
(36.4 12 2.25)
(36.8 12 2.25)
(37.2 12 2.25)
(37.6 12 2.25)
(38 12 2.25)
(28 12.4 2.25)
(28.4 12.4 2.25)
(28.8 12.4 2.25)
(29.2 12.4 2.25)
(29.6 12.4 2.25)
(30 12.4 2.25)
(30.4 12.4 2.25)
(30.8 12.4 2.25)
(31.2 12.4 2.25)
(31.6 12.4 2.25)
(32 12.4 2.25)
(32.4 12.4 2.25)
(32.8 12.4 2.25)
(33.2 12.4 2.25)
(33.6 12.4 2.25)
(34 12.4 2.25)
(34.4 12.4 2.25)
(34.8 12.4 2.25)
(35.2 12.4 2.25)
(35.6 12.4 2.25)
(36 12.4 2.25)
(36.4 12.4 2.25)
(36.8 12.4 2.25)
(37.2 12.4 2.25)
(37.6 12.4 2.25)
(38 12.4 2.25)
(28 12.8 2.25)
(28.4 12.8 2.25)
(28.8 12.8 2.25)
(29.2 12.8 2.25)
(29.6 12.8 2.25)
(30 12.8 2.25)
(30.4 12.8 2.25)
(30.8 12.8 2.25)
(31.2 12.8 2.25)
(31.6 12.8 2.25)
(32 12.8 2.25)
(32.4 12.8 2.25)
(32.8 12.8 2.25)
(33.2 12.8 2.25)
(33.6 12.8 2.25)
(34 12.8 2.25)
(34.4 12.8 2.25)
(34.8 12.8 2.25)
(35.2 12.8 2.25)
(35.6 12.8 2.25)
(36 12.8 2.25)
(36.4 12.8 2.25)
(36.8 12.8 2.25)
(37.2 12.8 2.25)
(37.6 12.8 2.25)
(38 12.8 2.25)
(28 13.2 2.25)
(28.4 13.2 2.25)
(28.8 13.2 2.25)
(29.2 13.2 2.25)
(29.6 13.2 2.25)
(30 13.2 2.25)
(30.4 13.2 2.25)
(30.8 13.2 2.25)
(31.2 13.2 2.25)
(31.6 13.2 2.25)
(32 13.2 2.25)
(32.4 13.2 2.25)
(32.8 13.2 2.25)
(33.2 13.2 2.25)
(33.6 13.2 2.25)
(34 13.2 2.25)
(34.4 13.2 2.25)
(34.8 13.2 2.25)
(35.2 13.2 2.25)
(35.6 13.2 2.25)
(36 13.2 2.25)
(36.4 13.2 2.25)
(36.8 13.2 2.25)
(37.2 13.2 2.25)
(37.6 13.2 2.25)
(38 13.2 2.25)
(28 13.6 2.25)
(28.4 13.6 2.25)
(28.8 13.6 2.25)
(29.2 13.6 2.25)
(29.6 13.6 2.25)
(30 13.6 2.25)
(30.4 13.6 2.25)
(30.8 13.6 2.25)
(31.2 13.6 2.25)
(31.6 13.6 2.25)
(32 13.6 2.25)
(32.4 13.6 2.25)
(32.8 13.6 2.25)
(33.2 13.6 2.25)
(33.6 13.6 2.25)
(34 13.6 2.25)
(34.4 13.6 2.25)
(34.8 13.6 2.25)
(35.2 13.6 2.25)
(35.6 13.6 2.25)
(36 13.6 2.25)
(36.4 13.6 2.25)
(36.8 13.6 2.25)
(37.2 13.6 2.25)
(37.6 13.6 2.25)
(38 13.6 2.25)
(28 14 2.25)
(28.4 14 2.25)
(28.8 14 2.25)
(29.2 14 2.25)
(29.6 14 2.25)
(30 14 2.25)
(30.4 14 2.25)
(30.8 14 2.25)
(31.2 14 2.25)
(31.6 14 2.25)
(32 14 2.25)
(32.4 14 2.25)
(32.8 14 2.25)
(33.2 14 2.25)
(33.6 14 2.25)
(34 14 2.25)
(34.4 14 2.25)
(34.8 14 2.25)
(35.2 14 2.25)
(35.6 14 2.25)
(36 14 2.25)
(36.4 14 2.25)
(36.8 14 2.25)
(37.2 14 2.25)
(37.6 14 2.25)
(38 14 2.25)
(28 14.4 2.25)
(28.4 14.4 2.25)
(28.8 14.4 2.25)
(29.2 14.4 2.25)
(29.6 14.4 2.25)
(30 14.4 2.25)
(30.4 14.4 2.25)
(30.8 14.4 2.25)
(31.2 14.4 2.25)
(31.6 14.4 2.25)
(32 14.4 2.25)
(32.4 14.4 2.25)
(32.8 14.4 2.25)
(33.2 14.4 2.25)
(33.6 14.4 2.25)
(34 14.4 2.25)
(34.4 14.4 2.25)
(34.8 14.4 2.25)
(35.2 14.4 2.25)
(35.6 14.4 2.25)
(36 14.4 2.25)
(36.4 14.4 2.25)
(36.8 14.4 2.25)
(37.2 14.4 2.25)
(37.6 14.4 2.25)
(38 14.4 2.25)
(28 14.8 2.25)
(28.4 14.8 2.25)
(28.8 14.8 2.25)
(29.2 14.8 2.25)
(29.6 14.8 2.25)
(30 14.8 2.25)
(30.4 14.8 2.25)
(30.8 14.8 2.25)
(31.2 14.8 2.25)
(31.6 14.8 2.25)
(32 14.8 2.25)
(32.4 14.8 2.25)
(32.8 14.8 2.25)
(33.2 14.8 2.25)
(33.6 14.8 2.25)
(34 14.8 2.25)
(34.4 14.8 2.25)
(34.8 14.8 2.25)
(35.2 14.8 2.25)
(35.6 14.8 2.25)
(36 14.8 2.25)
(36.4 14.8 2.25)
(36.8 14.8 2.25)
(37.2 14.8 2.25)
(37.6 14.8 2.25)
(38 14.8 2.25)
(28 15.2 2.25)
(28.4 15.2 2.25)
(28.8 15.2 2.25)
(29.2 15.2 2.25)
(29.6 15.2 2.25)
(30 15.2 2.25)
(30.4 15.2 2.25)
(30.8 15.2 2.25)
(31.2 15.2 2.25)
(31.6 15.2 2.25)
(32 15.2 2.25)
(32.4 15.2 2.25)
(32.8 15.2 2.25)
(33.2 15.2 2.25)
(33.6 15.2 2.25)
(34 15.2 2.25)
(34.4 15.2 2.25)
(34.8 15.2 2.25)
(35.2 15.2 2.25)
(35.6 15.2 2.25)
(36 15.2 2.25)
(36.4 15.2 2.25)
(36.8 15.2 2.25)
(37.2 15.2 2.25)
(37.6 15.2 2.25)
(38 15.2 2.25)
(28 15.6 2.25)
(28.4 15.6 2.25)
(28.8 15.6 2.25)
(29.2 15.6 2.25)
(29.6 15.6 2.25)
(30 15.6 2.25)
(30.4 15.6 2.25)
(30.8 15.6 2.25)
(31.2 15.6 2.25)
(31.6 15.6 2.25)
(32 15.6 2.25)
(32.4 15.6 2.25)
(32.8 15.6 2.25)
(33.2 15.6 2.25)
(33.6 15.6 2.25)
(34 15.6 2.25)
(34.4 15.6 2.25)
(34.8 15.6 2.25)
(35.2 15.6 2.25)
(35.6 15.6 2.25)
(36 15.6 2.25)
(36.4 15.6 2.25)
(36.8 15.6 2.25)
(37.2 15.6 2.25)
(37.6 15.6 2.25)
(38 15.6 2.25)
(28 16 2.25)
(28.4 16 2.25)
(28.8 16 2.25)
(29.2 16 2.25)
(29.6 16 2.25)
(30 16 2.25)
(30.4 16 2.25)
(30.8 16 2.25)
(31.2 16 2.25)
(31.6 16 2.25)
(32 16 2.25)
(32.4 16 2.25)
(32.8 16 2.25)
(33.2 16 2.25)
(33.6 16 2.25)
(34 16 2.25)
(34.4 16 2.25)
(34.8 16 2.25)
(35.2 16 2.25)
(35.6 16 2.25)
(36 16 2.25)
(36.4 16 2.25)
(36.8 16 2.25)
(37.2 16 2.25)
(37.6 16 2.25)
(38 16 2.25)
(28 4.4 2.625)
(28.4 4.4 2.625)
(28.8 4.4 2.625)
(29.2 4.4 2.625)
(29.6 4.4 2.625)
(30 4.4 2.625)
(30.4 4.4 2.625)
(30.8 4.4 2.625)
(31.2 4.4 2.625)
(31.6 4.4 2.625)
(32 4.4 2.625)
(32.4 4.4 2.625)
(32.8 4.4 2.625)
(33.2 4.4 2.625)
(33.6 4.4 2.625)
(34 4.4 2.625)
(34.4 4.4 2.625)
(34.8 4.4 2.625)
(35.2 4.4 2.625)
(35.6 4.4 2.625)
(36 4.4 2.625)
(36.4 4.4 2.625)
(36.8 4.4 2.625)
(37.2 4.4 2.625)
(37.6 4.4 2.625)
(38 4.4 2.625)
(28 4.8 2.625)
(28.4 4.8 2.625)
(28.8 4.8 2.625)
(29.2 4.8 2.625)
(29.6 4.8 2.625)
(30 4.8 2.625)
(30.4 4.8 2.625)
(30.8 4.8 2.625)
(31.2 4.8 2.625)
(31.6 4.8 2.625)
(32 4.8 2.625)
(32.4 4.8 2.625)
(32.8 4.8 2.625)
(33.2 4.8 2.625)
(33.6 4.8 2.625)
(34 4.8 2.625)
(34.4 4.8 2.625)
(34.8 4.8 2.625)
(35.2 4.8 2.625)
(35.6 4.8 2.625)
(36 4.8 2.625)
(36.4 4.8 2.625)
(36.8 4.8 2.625)
(37.2 4.8 2.625)
(37.6 4.8 2.625)
(38 4.8 2.625)
(28 5.2 2.625)
(28.4 5.2 2.625)
(28.8 5.2 2.625)
(29.2 5.2 2.625)
(29.6 5.2 2.625)
(30 5.2 2.625)
(30.4 5.2 2.625)
(30.8 5.2 2.625)
(31.2 5.2 2.625)
(31.6 5.2 2.625)
(32 5.2 2.625)
(32.4 5.2 2.625)
(32.8 5.2 2.625)
(33.2 5.2 2.625)
(33.6 5.2 2.625)
(34 5.2 2.625)
(34.4 5.2 2.625)
(34.8 5.2 2.625)
(35.2 5.2 2.625)
(35.6 5.2 2.625)
(36 5.2 2.625)
(36.4 5.2 2.625)
(36.8 5.2 2.625)
(37.2 5.2 2.625)
(37.6 5.2 2.625)
(38 5.2 2.625)
(28 5.6 2.625)
(28.4 5.6 2.625)
(28.8 5.6 2.625)
(29.2 5.6 2.625)
(29.6 5.6 2.625)
(30 5.6 2.625)
(30.4 5.6 2.625)
(30.8 5.6 2.625)
(31.2 5.6 2.625)
(31.6 5.6 2.625)
(32 5.6 2.625)
(32.4 5.6 2.625)
(32.8 5.6 2.625)
(33.2 5.6 2.625)
(33.6 5.6 2.625)
(34 5.6 2.625)
(34.4 5.6 2.625)
(34.8 5.6 2.625)
(35.2 5.6 2.625)
(35.6 5.6 2.625)
(36 5.6 2.625)
(36.4 5.6 2.625)
(36.8 5.6 2.625)
(37.2 5.6 2.625)
(37.6 5.6 2.625)
(38 5.6 2.625)
(28 6 2.625)
(28.4 6 2.625)
(28.8 6 2.625)
(29.2 6 2.625)
(29.6 6 2.625)
(30 6 2.625)
(30.4 6 2.625)
(30.8 6 2.625)
(31.2 6 2.625)
(31.6 6 2.625)
(32 6 2.625)
(32.4 6 2.625)
(32.8 6 2.625)
(33.2 6 2.625)
(33.6 6 2.625)
(34 6 2.625)
(34.4 6 2.625)
(34.8 6 2.625)
(35.2 6 2.625)
(35.6 6 2.625)
(36 6 2.625)
(36.4 6 2.625)
(36.8 6 2.625)
(37.2 6 2.625)
(37.6 6 2.625)
(38 6 2.625)
(28 6.4 2.625)
(28.4 6.4 2.625)
(28.8 6.4 2.625)
(29.2 6.4 2.625)
(29.6 6.4 2.625)
(30 6.4 2.625)
(30.4 6.4 2.625)
(30.8 6.4 2.625)
(31.2 6.4 2.625)
(31.6 6.4 2.625)
(32 6.4 2.625)
(32.4 6.4 2.625)
(32.8 6.4 2.625)
(33.2 6.4 2.625)
(33.6 6.4 2.625)
(34 6.4 2.625)
(34.4 6.4 2.625)
(34.8 6.4 2.625)
(35.2 6.4 2.625)
(35.6 6.4 2.625)
(36 6.4 2.625)
(36.4 6.4 2.625)
(36.8 6.4 2.625)
(37.2 6.4 2.625)
(37.6 6.4 2.625)
(38 6.4 2.625)
(28 6.8 2.625)
(28.4 6.8 2.625)
(28.8 6.8 2.625)
(29.2 6.8 2.625)
(29.6 6.8 2.625)
(30 6.8 2.625)
(30.4 6.8 2.625)
(30.8 6.8 2.625)
(31.2 6.8 2.625)
(31.6 6.8 2.625)
(32 6.8 2.625)
(32.4 6.8 2.625)
(32.8 6.8 2.625)
(33.2 6.8 2.625)
(33.6 6.8 2.625)
(34 6.8 2.625)
(34.4 6.8 2.625)
(34.8 6.8 2.625)
(35.2 6.8 2.625)
(35.6 6.8 2.625)
(36 6.8 2.625)
(36.4 6.8 2.625)
(36.8 6.8 2.625)
(37.2 6.8 2.625)
(37.6 6.8 2.625)
(38 6.8 2.625)
(28 7.2 2.625)
(28.4 7.2 2.625)
(28.8 7.2 2.625)
(29.2 7.2 2.625)
(29.6 7.2 2.625)
(30 7.2 2.625)
(30.4 7.2 2.625)
(30.8 7.2 2.625)
(31.2 7.2 2.625)
(31.6 7.2 2.625)
(32 7.2 2.625)
(32.4 7.2 2.625)
(32.8 7.2 2.625)
(33.2 7.2 2.625)
(33.6 7.2 2.625)
(34 7.2 2.625)
(34.4 7.2 2.625)
(34.8 7.2 2.625)
(35.2 7.2 2.625)
(35.6 7.2 2.625)
(36 7.2 2.625)
(36.4 7.2 2.625)
(36.8 7.2 2.625)
(37.2 7.2 2.625)
(37.6 7.2 2.625)
(38 7.2 2.625)
(28 7.6 2.625)
(28.4 7.6 2.625)
(28.8 7.6 2.625)
(29.2 7.6 2.625)
(29.6 7.6 2.625)
(30 7.6 2.625)
(30.4 7.6 2.625)
(30.8 7.6 2.625)
(31.2 7.6 2.625)
(31.6 7.6 2.625)
(32 7.6 2.625)
(32.4 7.6 2.625)
(32.8 7.6 2.625)
(33.2 7.6 2.625)
(33.6 7.6 2.625)
(34 7.6 2.625)
(34.4 7.6 2.625)
(34.8 7.6 2.625)
(35.2 7.6 2.625)
(35.6 7.6 2.625)
(36 7.6 2.625)
(36.4 7.6 2.625)
(36.8 7.6 2.625)
(37.2 7.6 2.625)
(37.6 7.6 2.625)
(38 7.6 2.625)
(28 8 2.625)
(28.4 8 2.625)
(28.8 8 2.625)
(29.2 8 2.625)
(29.6 8 2.625)
(30 8 2.625)
(30.4 8 2.625)
(30.8 8 2.625)
(31.2 8 2.625)
(31.6 8 2.625)
(32 8 2.625)
(32.4 8 2.625)
(32.8 8 2.625)
(33.2 8 2.625)
(33.6 8 2.625)
(34 8 2.625)
(34.4 8 2.625)
(34.8 8 2.625)
(35.2 8 2.625)
(35.6 8 2.625)
(36 8 2.625)
(36.4 8 2.625)
(36.8 8 2.625)
(37.2 8 2.625)
(37.6 8 2.625)
(38 8 2.625)
(28 8.4 2.625)
(28.4 8.4 2.625)
(28.8 8.4 2.625)
(29.2 8.4 2.625)
(29.6 8.4 2.625)
(30 8.4 2.625)
(30.4 8.4 2.625)
(30.8 8.4 2.625)
(31.2 8.4 2.625)
(31.6 8.4 2.625)
(32 8.4 2.625)
(32.4 8.4 2.625)
(32.8 8.4 2.625)
(33.2 8.4 2.625)
(33.6 8.4 2.625)
(34 8.4 2.625)
(34.4 8.4 2.625)
(34.8 8.4 2.625)
(35.2 8.4 2.625)
(35.6 8.4 2.625)
(36 8.4 2.625)
(36.4 8.4 2.625)
(36.8 8.4 2.625)
(37.2 8.4 2.625)
(37.6 8.4 2.625)
(38 8.4 2.625)
(28 8.8 2.625)
(28.4 8.8 2.625)
(28.8 8.8 2.625)
(29.2 8.8 2.625)
(29.6 8.8 2.625)
(30 8.8 2.625)
(30.4 8.8 2.625)
(30.8 8.8 2.625)
(31.2 8.8 2.625)
(31.6 8.8 2.625)
(32 8.8 2.625)
(32.4 8.8 2.625)
(32.8 8.8 2.625)
(33.2 8.8 2.625)
(33.6 8.8 2.625)
(34 8.8 2.625)
(34.4 8.8 2.625)
(34.8 8.8 2.625)
(35.2 8.8 2.625)
(35.6 8.8 2.625)
(36 8.8 2.625)
(36.4 8.8 2.625)
(36.8 8.8 2.625)
(37.2 8.8 2.625)
(37.6 8.8 2.625)
(38 8.8 2.625)
(28 9.2 2.625)
(28.4 9.2 2.625)
(28.8 9.2 2.625)
(29.2 9.2 2.625)
(29.6 9.2 2.625)
(30 9.2 2.625)
(30.4 9.2 2.625)
(30.8 9.2 2.625)
(31.2 9.2 2.625)
(31.6 9.2 2.625)
(32 9.2 2.625)
(32.4 9.2 2.625)
(32.8 9.2 2.625)
(33.2 9.2 2.625)
(33.6 9.2 2.625)
(34 9.2 2.625)
(34.4 9.2 2.625)
(34.8 9.2 2.625)
(35.2 9.2 2.625)
(35.6 9.2 2.625)
(36 9.2 2.625)
(36.4 9.2 2.625)
(36.8 9.2 2.625)
(37.2 9.2 2.625)
(37.6 9.2 2.625)
(38 9.2 2.625)
(28 9.6 2.625)
(28.4 9.6 2.625)
(28.8 9.6 2.625)
(29.2 9.6 2.625)
(29.6 9.6 2.625)
(30 9.6 2.625)
(30.4 9.6 2.625)
(30.8 9.6 2.625)
(31.2 9.6 2.625)
(31.6 9.6 2.625)
(32 9.6 2.625)
(32.4 9.6 2.625)
(32.8 9.6 2.625)
(33.2 9.6 2.625)
(33.6 9.6 2.625)
(34 9.6 2.625)
(34.4 9.6 2.625)
(34.8 9.6 2.625)
(35.2 9.6 2.625)
(35.6 9.6 2.625)
(36 9.6 2.625)
(36.4 9.6 2.625)
(36.8 9.6 2.625)
(37.2 9.6 2.625)
(37.6 9.6 2.625)
(38 9.6 2.625)
(28 10 2.625)
(28.4 10 2.625)
(28.8 10 2.625)
(29.2 10 2.625)
(29.6 10 2.625)
(30 10 2.625)
(30.4 10 2.625)
(30.8 10 2.625)
(31.2 10 2.625)
(31.6 10 2.625)
(32 10 2.625)
(32.4 10 2.625)
(32.8 10 2.625)
(33.2 10 2.625)
(33.6 10 2.625)
(34 10 2.625)
(34.4 10 2.625)
(34.8 10 2.625)
(35.2 10 2.625)
(35.6 10 2.625)
(36 10 2.625)
(36.4 10 2.625)
(36.8 10 2.625)
(37.2 10 2.625)
(37.6 10 2.625)
(38 10 2.625)
(28 10.4 2.625)
(28.4 10.4 2.625)
(28.8 10.4 2.625)
(29.2 10.4 2.625)
(29.6 10.4 2.625)
(30 10.4 2.625)
(30.4 10.4 2.625)
(30.8 10.4 2.625)
(31.2 10.4 2.625)
(31.6 10.4 2.625)
(32 10.4 2.625)
(32.4 10.4 2.625)
(32.8 10.4 2.625)
(33.2 10.4 2.625)
(33.6 10.4 2.625)
(34 10.4 2.625)
(34.4 10.4 2.625)
(34.8 10.4 2.625)
(35.2 10.4 2.625)
(35.6 10.4 2.625)
(36 10.4 2.625)
(36.4 10.4 2.625)
(36.8 10.4 2.625)
(37.2 10.4 2.625)
(37.6 10.4 2.625)
(38 10.4 2.625)
(28 10.8 2.625)
(28.4 10.8 2.625)
(28.8 10.8 2.625)
(29.2 10.8 2.625)
(29.6 10.8 2.625)
(30 10.8 2.625)
(30.4 10.8 2.625)
(30.8 10.8 2.625)
(31.2 10.8 2.625)
(31.6 10.8 2.625)
(32 10.8 2.625)
(32.4 10.8 2.625)
(32.8 10.8 2.625)
(33.2 10.8 2.625)
(33.6 10.8 2.625)
(34 10.8 2.625)
(34.4 10.8 2.625)
(34.8 10.8 2.625)
(35.2 10.8 2.625)
(35.6 10.8 2.625)
(36 10.8 2.625)
(36.4 10.8 2.625)
(36.8 10.8 2.625)
(37.2 10.8 2.625)
(37.6 10.8 2.625)
(38 10.8 2.625)
(28 11.2 2.625)
(28.4 11.2 2.625)
(28.8 11.2 2.625)
(29.2 11.2 2.625)
(29.6 11.2 2.625)
(30 11.2 2.625)
(30.4 11.2 2.625)
(30.8 11.2 2.625)
(31.2 11.2 2.625)
(31.6 11.2 2.625)
(32 11.2 2.625)
(32.4 11.2 2.625)
(32.8 11.2 2.625)
(33.2 11.2 2.625)
(33.6 11.2 2.625)
(34 11.2 2.625)
(34.4 11.2 2.625)
(34.8 11.2 2.625)
(35.2 11.2 2.625)
(35.6 11.2 2.625)
(36 11.2 2.625)
(36.4 11.2 2.625)
(36.8 11.2 2.625)
(37.2 11.2 2.625)
(37.6 11.2 2.625)
(38 11.2 2.625)
(28 11.6 2.625)
(28.4 11.6 2.625)
(28.8 11.6 2.625)
(29.2 11.6 2.625)
(29.6 11.6 2.625)
(30 11.6 2.625)
(30.4 11.6 2.625)
(30.8 11.6 2.625)
(31.2 11.6 2.625)
(31.6 11.6 2.625)
(32 11.6 2.625)
(32.4 11.6 2.625)
(32.8 11.6 2.625)
(33.2 11.6 2.625)
(33.6 11.6 2.625)
(34 11.6 2.625)
(34.4 11.6 2.625)
(34.8 11.6 2.625)
(35.2 11.6 2.625)
(35.6 11.6 2.625)
(36 11.6 2.625)
(36.4 11.6 2.625)
(36.8 11.6 2.625)
(37.2 11.6 2.625)
(37.6 11.6 2.625)
(38 11.6 2.625)
(28 12 2.625)
(28.4 12 2.625)
(28.8 12 2.625)
(29.2 12 2.625)
(29.6 12 2.625)
(30 12 2.625)
(30.4 12 2.625)
(30.8 12 2.625)
(31.2 12 2.625)
(31.6 12 2.625)
(32 12 2.625)
(32.4 12 2.625)
(32.8 12 2.625)
(33.2 12 2.625)
(33.6 12 2.625)
(34 12 2.625)
(34.4 12 2.625)
(34.8 12 2.625)
(35.2 12 2.625)
(35.6 12 2.625)
(36 12 2.625)
(36.4 12 2.625)
(36.8 12 2.625)
(37.2 12 2.625)
(37.6 12 2.625)
(38 12 2.625)
(28 12.4 2.625)
(28.4 12.4 2.625)
(28.8 12.4 2.625)
(29.2 12.4 2.625)
(29.6 12.4 2.625)
(30 12.4 2.625)
(30.4 12.4 2.625)
(30.8 12.4 2.625)
(31.2 12.4 2.625)
(31.6 12.4 2.625)
(32 12.4 2.625)
(32.4 12.4 2.625)
(32.8 12.4 2.625)
(33.2 12.4 2.625)
(33.6 12.4 2.625)
(34 12.4 2.625)
(34.4 12.4 2.625)
(34.8 12.4 2.625)
(35.2 12.4 2.625)
(35.6 12.4 2.625)
(36 12.4 2.625)
(36.4 12.4 2.625)
(36.8 12.4 2.625)
(37.2 12.4 2.625)
(37.6 12.4 2.625)
(38 12.4 2.625)
(28 12.8 2.625)
(28.4 12.8 2.625)
(28.8 12.8 2.625)
(29.2 12.8 2.625)
(29.6 12.8 2.625)
(30 12.8 2.625)
(30.4 12.8 2.625)
(30.8 12.8 2.625)
(31.2 12.8 2.625)
(31.6 12.8 2.625)
(32 12.8 2.625)
(32.4 12.8 2.625)
(32.8 12.8 2.625)
(33.2 12.8 2.625)
(33.6 12.8 2.625)
(34 12.8 2.625)
(34.4 12.8 2.625)
(34.8 12.8 2.625)
(35.2 12.8 2.625)
(35.6 12.8 2.625)
(36 12.8 2.625)
(36.4 12.8 2.625)
(36.8 12.8 2.625)
(37.2 12.8 2.625)
(37.6 12.8 2.625)
(38 12.8 2.625)
(28 13.2 2.625)
(28.4 13.2 2.625)
(28.8 13.2 2.625)
(29.2 13.2 2.625)
(29.6 13.2 2.625)
(30 13.2 2.625)
(30.4 13.2 2.625)
(30.8 13.2 2.625)
(31.2 13.2 2.625)
(31.6 13.2 2.625)
(32 13.2 2.625)
(32.4 13.2 2.625)
(32.8 13.2 2.625)
(33.2 13.2 2.625)
(33.6 13.2 2.625)
(34 13.2 2.625)
(34.4 13.2 2.625)
(34.8 13.2 2.625)
(35.2 13.2 2.625)
(35.6 13.2 2.625)
(36 13.2 2.625)
(36.4 13.2 2.625)
(36.8 13.2 2.625)
(37.2 13.2 2.625)
(37.6 13.2 2.625)
(38 13.2 2.625)
(28 13.6 2.625)
(28.4 13.6 2.625)
(28.8 13.6 2.625)
(29.2 13.6 2.625)
(29.6 13.6 2.625)
(30 13.6 2.625)
(30.4 13.6 2.625)
(30.8 13.6 2.625)
(31.2 13.6 2.625)
(31.6 13.6 2.625)
(32 13.6 2.625)
(32.4 13.6 2.625)
(32.8 13.6 2.625)
(33.2 13.6 2.625)
(33.6 13.6 2.625)
(34 13.6 2.625)
(34.4 13.6 2.625)
(34.8 13.6 2.625)
(35.2 13.6 2.625)
(35.6 13.6 2.625)
(36 13.6 2.625)
(36.4 13.6 2.625)
(36.8 13.6 2.625)
(37.2 13.6 2.625)
(37.6 13.6 2.625)
(38 13.6 2.625)
(28 14 2.625)
(28.4 14 2.625)
(28.8 14 2.625)
(29.2 14 2.625)
(29.6 14 2.625)
(30 14 2.625)
(30.4 14 2.625)
(30.8 14 2.625)
(31.2 14 2.625)
(31.6 14 2.625)
(32 14 2.625)
(32.4 14 2.625)
(32.8 14 2.625)
(33.2 14 2.625)
(33.6 14 2.625)
(34 14 2.625)
(34.4 14 2.625)
(34.8 14 2.625)
(35.2 14 2.625)
(35.6 14 2.625)
(36 14 2.625)
(36.4 14 2.625)
(36.8 14 2.625)
(37.2 14 2.625)
(37.6 14 2.625)
(38 14 2.625)
(28 14.4 2.625)
(28.4 14.4 2.625)
(28.8 14.4 2.625)
(29.2 14.4 2.625)
(29.6 14.4 2.625)
(30 14.4 2.625)
(30.4 14.4 2.625)
(30.8 14.4 2.625)
(31.2 14.4 2.625)
(31.6 14.4 2.625)
(32 14.4 2.625)
(32.4 14.4 2.625)
(32.8 14.4 2.625)
(33.2 14.4 2.625)
(33.6 14.4 2.625)
(34 14.4 2.625)
(34.4 14.4 2.625)
(34.8 14.4 2.625)
(35.2 14.4 2.625)
(35.6 14.4 2.625)
(36 14.4 2.625)
(36.4 14.4 2.625)
(36.8 14.4 2.625)
(37.2 14.4 2.625)
(37.6 14.4 2.625)
(38 14.4 2.625)
(28 14.8 2.625)
(28.4 14.8 2.625)
(28.8 14.8 2.625)
(29.2 14.8 2.625)
(29.6 14.8 2.625)
(30 14.8 2.625)
(30.4 14.8 2.625)
(30.8 14.8 2.625)
(31.2 14.8 2.625)
(31.6 14.8 2.625)
(32 14.8 2.625)
(32.4 14.8 2.625)
(32.8 14.8 2.625)
(33.2 14.8 2.625)
(33.6 14.8 2.625)
(34 14.8 2.625)
(34.4 14.8 2.625)
(34.8 14.8 2.625)
(35.2 14.8 2.625)
(35.6 14.8 2.625)
(36 14.8 2.625)
(36.4 14.8 2.625)
(36.8 14.8 2.625)
(37.2 14.8 2.625)
(37.6 14.8 2.625)
(38 14.8 2.625)
(28 15.2 2.625)
(28.4 15.2 2.625)
(28.8 15.2 2.625)
(29.2 15.2 2.625)
(29.6 15.2 2.625)
(30 15.2 2.625)
(30.4 15.2 2.625)
(30.8 15.2 2.625)
(31.2 15.2 2.625)
(31.6 15.2 2.625)
(32 15.2 2.625)
(32.4 15.2 2.625)
(32.8 15.2 2.625)
(33.2 15.2 2.625)
(33.6 15.2 2.625)
(34 15.2 2.625)
(34.4 15.2 2.625)
(34.8 15.2 2.625)
(35.2 15.2 2.625)
(35.6 15.2 2.625)
(36 15.2 2.625)
(36.4 15.2 2.625)
(36.8 15.2 2.625)
(37.2 15.2 2.625)
(37.6 15.2 2.625)
(38 15.2 2.625)
(28 15.6 2.625)
(28.4 15.6 2.625)
(28.8 15.6 2.625)
(29.2 15.6 2.625)
(29.6 15.6 2.625)
(30 15.6 2.625)
(30.4 15.6 2.625)
(30.8 15.6 2.625)
(31.2 15.6 2.625)
(31.6 15.6 2.625)
(32 15.6 2.625)
(32.4 15.6 2.625)
(32.8 15.6 2.625)
(33.2 15.6 2.625)
(33.6 15.6 2.625)
(34 15.6 2.625)
(34.4 15.6 2.625)
(34.8 15.6 2.625)
(35.2 15.6 2.625)
(35.6 15.6 2.625)
(36 15.6 2.625)
(36.4 15.6 2.625)
(36.8 15.6 2.625)
(37.2 15.6 2.625)
(37.6 15.6 2.625)
(38 15.6 2.625)
(28 16 2.625)
(28.4 16 2.625)
(28.8 16 2.625)
(29.2 16 2.625)
(29.6 16 2.625)
(30 16 2.625)
(30.4 16 2.625)
(30.8 16 2.625)
(31.2 16 2.625)
(31.6 16 2.625)
(32 16 2.625)
(32.4 16 2.625)
(32.8 16 2.625)
(33.2 16 2.625)
(33.6 16 2.625)
(34 16 2.625)
(34.4 16 2.625)
(34.8 16 2.625)
(35.2 16 2.625)
(35.6 16 2.625)
(36 16 2.625)
(36.4 16 2.625)
(36.8 16 2.625)
(37.2 16 2.625)
(37.6 16 2.625)
(38 16 2.625)
(28 4.4 3)
(28.4 4.4 3)
(28.8 4.4 3)
(29.2 4.4 3)
(29.6 4.4 3)
(30 4.4 3)
(30.4 4.4 3)
(30.8 4.4 3)
(31.2 4.4 3)
(31.6 4.4 3)
(32 4.4 3)
(32.4 4.4 3)
(32.8 4.4 3)
(33.2 4.4 3)
(33.6 4.4 3)
(34 4.4 3)
(34.4 4.4 3)
(34.8 4.4 3)
(35.2 4.4 3)
(35.6 4.4 3)
(36 4.4 3)
(36.4 4.4 3)
(36.8 4.4 3)
(37.2 4.4 3)
(37.6 4.4 3)
(38 4.4 3)
(28 4.8 3)
(28.4 4.8 3)
(28.8 4.8 3)
(29.2 4.8 3)
(29.6 4.8 3)
(30 4.8 3)
(30.4 4.8 3)
(30.8 4.8 3)
(31.2 4.8 3)
(31.6 4.8 3)
(32 4.8 3)
(32.4 4.8 3)
(32.8 4.8 3)
(33.2 4.8 3)
(33.6 4.8 3)
(34 4.8 3)
(34.4 4.8 3)
(34.8 4.8 3)
(35.2 4.8 3)
(35.6 4.8 3)
(36 4.8 3)
(36.4 4.8 3)
(36.8 4.8 3)
(37.2 4.8 3)
(37.6 4.8 3)
(38 4.8 3)
(28 5.2 3)
(28.4 5.2 3)
(28.8 5.2 3)
(29.2 5.2 3)
(29.6 5.2 3)
(30 5.2 3)
(30.4 5.2 3)
(30.8 5.2 3)
(31.2 5.2 3)
(31.6 5.2 3)
(32 5.2 3)
(32.4 5.2 3)
(32.8 5.2 3)
(33.2 5.2 3)
(33.6 5.2 3)
(34 5.2 3)
(34.4 5.2 3)
(34.8 5.2 3)
(35.2 5.2 3)
(35.6 5.2 3)
(36 5.2 3)
(36.4 5.2 3)
(36.8 5.2 3)
(37.2 5.2 3)
(37.6 5.2 3)
(38 5.2 3)
(28 5.6 3)
(28.4 5.6 3)
(28.8 5.6 3)
(29.2 5.6 3)
(29.6 5.6 3)
(30 5.6 3)
(30.4 5.6 3)
(30.8 5.6 3)
(31.2 5.6 3)
(31.6 5.6 3)
(32 5.6 3)
(32.4 5.6 3)
(32.8 5.6 3)
(33.2 5.6 3)
(33.6 5.6 3)
(34 5.6 3)
(34.4 5.6 3)
(34.8 5.6 3)
(35.2 5.6 3)
(35.6 5.6 3)
(36 5.6 3)
(36.4 5.6 3)
(36.8 5.6 3)
(37.2 5.6 3)
(37.6 5.6 3)
(38 5.6 3)
(28 6 3)
(28.4 6 3)
(28.8 6 3)
(29.2 6 3)
(29.6 6 3)
(30 6 3)
(30.4 6 3)
(30.8 6 3)
(31.2 6 3)
(31.6 6 3)
(32 6 3)
(32.4 6 3)
(32.8 6 3)
(33.2 6 3)
(33.6 6 3)
(34 6 3)
(34.4 6 3)
(34.8 6 3)
(35.2 6 3)
(35.6 6 3)
(36 6 3)
(36.4 6 3)
(36.8 6 3)
(37.2 6 3)
(37.6 6 3)
(38 6 3)
(28 6.4 3)
(28.4 6.4 3)
(28.8 6.4 3)
(29.2 6.4 3)
(29.6 6.4 3)
(30 6.4 3)
(30.4 6.4 3)
(30.8 6.4 3)
(31.2 6.4 3)
(31.6 6.4 3)
(32 6.4 3)
(32.4 6.4 3)
(32.8 6.4 3)
(33.2 6.4 3)
(33.6 6.4 3)
(34 6.4 3)
(34.4 6.4 3)
(34.8 6.4 3)
(35.2 6.4 3)
(35.6 6.4 3)
(36 6.4 3)
(36.4 6.4 3)
(36.8 6.4 3)
(37.2 6.4 3)
(37.6 6.4 3)
(38 6.4 3)
(28 6.8 3)
(28.4 6.8 3)
(28.8 6.8 3)
(29.2 6.8 3)
(29.6 6.8 3)
(30 6.8 3)
(30.4 6.8 3)
(30.8 6.8 3)
(31.2 6.8 3)
(31.6 6.8 3)
(32 6.8 3)
(32.4 6.8 3)
(32.8 6.8 3)
(33.2 6.8 3)
(33.6 6.8 3)
(34 6.8 3)
(34.4 6.8 3)
(34.8 6.8 3)
(35.2 6.8 3)
(35.6 6.8 3)
(36 6.8 3)
(36.4 6.8 3)
(36.8 6.8 3)
(37.2 6.8 3)
(37.6 6.8 3)
(38 6.8 3)
(28 7.2 3)
(28.4 7.2 3)
(28.8 7.2 3)
(29.2 7.2 3)
(29.6 7.2 3)
(30 7.2 3)
(30.4 7.2 3)
(30.8 7.2 3)
(31.2 7.2 3)
(31.6 7.2 3)
(32 7.2 3)
(32.4 7.2 3)
(32.8 7.2 3)
(33.2 7.2 3)
(33.6 7.2 3)
(34 7.2 3)
(34.4 7.2 3)
(34.8 7.2 3)
(35.2 7.2 3)
(35.6 7.2 3)
(36 7.2 3)
(36.4 7.2 3)
(36.8 7.2 3)
(37.2 7.2 3)
(37.6 7.2 3)
(38 7.2 3)
(28 7.6 3)
(28.4 7.6 3)
(28.8 7.6 3)
(29.2 7.6 3)
(29.6 7.6 3)
(30 7.6 3)
(30.4 7.6 3)
(30.8 7.6 3)
(31.2 7.6 3)
(31.6 7.6 3)
(32 7.6 3)
(32.4 7.6 3)
(32.8 7.6 3)
(33.2 7.6 3)
(33.6 7.6 3)
(34 7.6 3)
(34.4 7.6 3)
(34.8 7.6 3)
(35.2 7.6 3)
(35.6 7.6 3)
(36 7.6 3)
(36.4 7.6 3)
(36.8 7.6 3)
(37.2 7.6 3)
(37.6 7.6 3)
(38 7.6 3)
(28 8 3)
(28.4 8 3)
(28.8 8 3)
(29.2 8 3)
(29.6 8 3)
(30 8 3)
(30.4 8 3)
(30.8 8 3)
(31.2 8 3)
(31.6 8 3)
(32 8 3)
(32.4 8 3)
(32.8 8 3)
(33.2 8 3)
(33.6 8 3)
(34 8 3)
(34.4 8 3)
(34.8 8 3)
(35.2 8 3)
(35.6 8 3)
(36 8 3)
(36.4 8 3)
(36.8 8 3)
(37.2 8 3)
(37.6 8 3)
(38 8 3)
(28 8.4 3)
(28.4 8.4 3)
(28.8 8.4 3)
(29.2 8.4 3)
(29.6 8.4 3)
(30 8.4 3)
(30.4 8.4 3)
(30.8 8.4 3)
(31.2 8.4 3)
(31.6 8.4 3)
(32 8.4 3)
(32.4 8.4 3)
(32.8 8.4 3)
(33.2 8.4 3)
(33.6 8.4 3)
(34 8.4 3)
(34.4 8.4 3)
(34.8 8.4 3)
(35.2 8.4 3)
(35.6 8.4 3)
(36 8.4 3)
(36.4 8.4 3)
(36.8 8.4 3)
(37.2 8.4 3)
(37.6 8.4 3)
(38 8.4 3)
(28 8.8 3)
(28.4 8.8 3)
(28.8 8.8 3)
(29.2 8.8 3)
(29.6 8.8 3)
(30 8.8 3)
(30.4 8.8 3)
(30.8 8.8 3)
(31.2 8.8 3)
(31.6 8.8 3)
(32 8.8 3)
(32.4 8.8 3)
(32.8 8.8 3)
(33.2 8.8 3)
(33.6 8.8 3)
(34 8.8 3)
(34.4 8.8 3)
(34.8 8.8 3)
(35.2 8.8 3)
(35.6 8.8 3)
(36 8.8 3)
(36.4 8.8 3)
(36.8 8.8 3)
(37.2 8.8 3)
(37.6 8.8 3)
(38 8.8 3)
(28 9.2 3)
(28.4 9.2 3)
(28.8 9.2 3)
(29.2 9.2 3)
(29.6 9.2 3)
(30 9.2 3)
(30.4 9.2 3)
(30.8 9.2 3)
(31.2 9.2 3)
(31.6 9.2 3)
(32 9.2 3)
(32.4 9.2 3)
(32.8 9.2 3)
(33.2 9.2 3)
(33.6 9.2 3)
(34 9.2 3)
(34.4 9.2 3)
(34.8 9.2 3)
(35.2 9.2 3)
(35.6 9.2 3)
(36 9.2 3)
(36.4 9.2 3)
(36.8 9.2 3)
(37.2 9.2 3)
(37.6 9.2 3)
(38 9.2 3)
(28 9.6 3)
(28.4 9.6 3)
(28.8 9.6 3)
(29.2 9.6 3)
(29.6 9.6 3)
(30 9.6 3)
(30.4 9.6 3)
(30.8 9.6 3)
(31.2 9.6 3)
(31.6 9.6 3)
(32 9.6 3)
(32.4 9.6 3)
(32.8 9.6 3)
(33.2 9.6 3)
(33.6 9.6 3)
(34 9.6 3)
(34.4 9.6 3)
(34.8 9.6 3)
(35.2 9.6 3)
(35.6 9.6 3)
(36 9.6 3)
(36.4 9.6 3)
(36.8 9.6 3)
(37.2 9.6 3)
(37.6 9.6 3)
(38 9.6 3)
(28 10 3)
(28.4 10 3)
(28.8 10 3)
(29.2 10 3)
(29.6 10 3)
(30 10 3)
(30.4 10 3)
(30.8 10 3)
(31.2 10 3)
(31.6 10 3)
(32 10 3)
(32.4 10 3)
(32.8 10 3)
(33.2 10 3)
(33.6 10 3)
(34 10 3)
(34.4 10 3)
(34.8 10 3)
(35.2 10 3)
(35.6 10 3)
(36 10 3)
(36.4 10 3)
(36.8 10 3)
(37.2 10 3)
(37.6 10 3)
(38 10 3)
(28 10.4 3)
(28.4 10.4 3)
(28.8 10.4 3)
(29.2 10.4 3)
(29.6 10.4 3)
(30 10.4 3)
(30.4 10.4 3)
(30.8 10.4 3)
(31.2 10.4 3)
(31.6 10.4 3)
(32 10.4 3)
(32.4 10.4 3)
(32.8 10.4 3)
(33.2 10.4 3)
(33.6 10.4 3)
(34 10.4 3)
(34.4 10.4 3)
(34.8 10.4 3)
(35.2 10.4 3)
(35.6 10.4 3)
(36 10.4 3)
(36.4 10.4 3)
(36.8 10.4 3)
(37.2 10.4 3)
(37.6 10.4 3)
(38 10.4 3)
(28 10.8 3)
(28.4 10.8 3)
(28.8 10.8 3)
(29.2 10.8 3)
(29.6 10.8 3)
(30 10.8 3)
(30.4 10.8 3)
(30.8 10.8 3)
(31.2 10.8 3)
(31.6 10.8 3)
(32 10.8 3)
(32.4 10.8 3)
(32.8 10.8 3)
(33.2 10.8 3)
(33.6 10.8 3)
(34 10.8 3)
(34.4 10.8 3)
(34.8 10.8 3)
(35.2 10.8 3)
(35.6 10.8 3)
(36 10.8 3)
(36.4 10.8 3)
(36.8 10.8 3)
(37.2 10.8 3)
(37.6 10.8 3)
(38 10.8 3)
(28 11.2 3)
(28.4 11.2 3)
(28.8 11.2 3)
(29.2 11.2 3)
(29.6 11.2 3)
(30 11.2 3)
(30.4 11.2 3)
(30.8 11.2 3)
(31.2 11.2 3)
(31.6 11.2 3)
(32 11.2 3)
(32.4 11.2 3)
(32.8 11.2 3)
(33.2 11.2 3)
(33.6 11.2 3)
(34 11.2 3)
(34.4 11.2 3)
(34.8 11.2 3)
(35.2 11.2 3)
(35.6 11.2 3)
(36 11.2 3)
(36.4 11.2 3)
(36.8 11.2 3)
(37.2 11.2 3)
(37.6 11.2 3)
(38 11.2 3)
(28 11.6 3)
(28.4 11.6 3)
(28.8 11.6 3)
(29.2 11.6 3)
(29.6 11.6 3)
(30 11.6 3)
(30.4 11.6 3)
(30.8 11.6 3)
(31.2 11.6 3)
(31.6 11.6 3)
(32 11.6 3)
(32.4 11.6 3)
(32.8 11.6 3)
(33.2 11.6 3)
(33.6 11.6 3)
(34 11.6 3)
(34.4 11.6 3)
(34.8 11.6 3)
(35.2 11.6 3)
(35.6 11.6 3)
(36 11.6 3)
(36.4 11.6 3)
(36.8 11.6 3)
(37.2 11.6 3)
(37.6 11.6 3)
(38 11.6 3)
(28 12 3)
(28.4 12 3)
(28.8 12 3)
(29.2 12 3)
(29.6 12 3)
(30 12 3)
(30.4 12 3)
(30.8 12 3)
(31.2 12 3)
(31.6 12 3)
(32 12 3)
(32.4 12 3)
(32.8 12 3)
(33.2 12 3)
(33.6 12 3)
(34 12 3)
(34.4 12 3)
(34.8 12 3)
(35.2 12 3)
(35.6 12 3)
(36 12 3)
(36.4 12 3)
(36.8 12 3)
(37.2 12 3)
(37.6 12 3)
(38 12 3)
(28 12.4 3)
(28.4 12.4 3)
(28.8 12.4 3)
(29.2 12.4 3)
(29.6 12.4 3)
(30 12.4 3)
(30.4 12.4 3)
(30.8 12.4 3)
(31.2 12.4 3)
(31.6 12.4 3)
(32 12.4 3)
(32.4 12.4 3)
(32.8 12.4 3)
(33.2 12.4 3)
(33.6 12.4 3)
(34 12.4 3)
(34.4 12.4 3)
(34.8 12.4 3)
(35.2 12.4 3)
(35.6 12.4 3)
(36 12.4 3)
(36.4 12.4 3)
(36.8 12.4 3)
(37.2 12.4 3)
(37.6 12.4 3)
(38 12.4 3)
(28 12.8 3)
(28.4 12.8 3)
(28.8 12.8 3)
(29.2 12.8 3)
(29.6 12.8 3)
(30 12.8 3)
(30.4 12.8 3)
(30.8 12.8 3)
(31.2 12.8 3)
(31.6 12.8 3)
(32 12.8 3)
(32.4 12.8 3)
(32.8 12.8 3)
(33.2 12.8 3)
(33.6 12.8 3)
(34 12.8 3)
(34.4 12.8 3)
(34.8 12.8 3)
(35.2 12.8 3)
(35.6 12.8 3)
(36 12.8 3)
(36.4 12.8 3)
(36.8 12.8 3)
(37.2 12.8 3)
(37.6 12.8 3)
(38 12.8 3)
(28 13.2 3)
(28.4 13.2 3)
(28.8 13.2 3)
(29.2 13.2 3)
(29.6 13.2 3)
(30 13.2 3)
(30.4 13.2 3)
(30.8 13.2 3)
(31.2 13.2 3)
(31.6 13.2 3)
(32 13.2 3)
(32.4 13.2 3)
(32.8 13.2 3)
(33.2 13.2 3)
(33.6 13.2 3)
(34 13.2 3)
(34.4 13.2 3)
(34.8 13.2 3)
(35.2 13.2 3)
(35.6 13.2 3)
(36 13.2 3)
(36.4 13.2 3)
(36.8 13.2 3)
(37.2 13.2 3)
(37.6 13.2 3)
(38 13.2 3)
(28 13.6 3)
(28.4 13.6 3)
(28.8 13.6 3)
(29.2 13.6 3)
(29.6 13.6 3)
(30 13.6 3)
(30.4 13.6 3)
(30.8 13.6 3)
(31.2 13.6 3)
(31.6 13.6 3)
(32 13.6 3)
(32.4 13.6 3)
(32.8 13.6 3)
(33.2 13.6 3)
(33.6 13.6 3)
(34 13.6 3)
(34.4 13.6 3)
(34.8 13.6 3)
(35.2 13.6 3)
(35.6 13.6 3)
(36 13.6 3)
(36.4 13.6 3)
(36.8 13.6 3)
(37.2 13.6 3)
(37.6 13.6 3)
(38 13.6 3)
(28 14 3)
(28.4 14 3)
(28.8 14 3)
(29.2 14 3)
(29.6 14 3)
(30 14 3)
(30.4 14 3)
(30.8 14 3)
(31.2 14 3)
(31.6 14 3)
(32 14 3)
(32.4 14 3)
(32.8 14 3)
(33.2 14 3)
(33.6 14 3)
(34 14 3)
(34.4 14 3)
(34.8 14 3)
(35.2 14 3)
(35.6 14 3)
(36 14 3)
(36.4 14 3)
(36.8 14 3)
(37.2 14 3)
(37.6 14 3)
(38 14 3)
(28 14.4 3)
(28.4 14.4 3)
(28.8 14.4 3)
(29.2 14.4 3)
(29.6 14.4 3)
(30 14.4 3)
(30.4 14.4 3)
(30.8 14.4 3)
(31.2 14.4 3)
(31.6 14.4 3)
(32 14.4 3)
(32.4 14.4 3)
(32.8 14.4 3)
(33.2 14.4 3)
(33.6 14.4 3)
(34 14.4 3)
(34.4 14.4 3)
(34.8 14.4 3)
(35.2 14.4 3)
(35.6 14.4 3)
(36 14.4 3)
(36.4 14.4 3)
(36.8 14.4 3)
(37.2 14.4 3)
(37.6 14.4 3)
(38 14.4 3)
(28 14.8 3)
(28.4 14.8 3)
(28.8 14.8 3)
(29.2 14.8 3)
(29.6 14.8 3)
(30 14.8 3)
(30.4 14.8 3)
(30.8 14.8 3)
(31.2 14.8 3)
(31.6 14.8 3)
(32 14.8 3)
(32.4 14.8 3)
(32.8 14.8 3)
(33.2 14.8 3)
(33.6 14.8 3)
(34 14.8 3)
(34.4 14.8 3)
(34.8 14.8 3)
(35.2 14.8 3)
(35.6 14.8 3)
(36 14.8 3)
(36.4 14.8 3)
(36.8 14.8 3)
(37.2 14.8 3)
(37.6 14.8 3)
(38 14.8 3)
(28 15.2 3)
(28.4 15.2 3)
(28.8 15.2 3)
(29.2 15.2 3)
(29.6 15.2 3)
(30 15.2 3)
(30.4 15.2 3)
(30.8 15.2 3)
(31.2 15.2 3)
(31.6 15.2 3)
(32 15.2 3)
(32.4 15.2 3)
(32.8 15.2 3)
(33.2 15.2 3)
(33.6 15.2 3)
(34 15.2 3)
(34.4 15.2 3)
(34.8 15.2 3)
(35.2 15.2 3)
(35.6 15.2 3)
(36 15.2 3)
(36.4 15.2 3)
(36.8 15.2 3)
(37.2 15.2 3)
(37.6 15.2 3)
(38 15.2 3)
(28 15.6 3)
(28.4 15.6 3)
(28.8 15.6 3)
(29.2 15.6 3)
(29.6 15.6 3)
(30 15.6 3)
(30.4 15.6 3)
(30.8 15.6 3)
(31.2 15.6 3)
(31.6 15.6 3)
(32 15.6 3)
(32.4 15.6 3)
(32.8 15.6 3)
(33.2 15.6 3)
(33.6 15.6 3)
(34 15.6 3)
(34.4 15.6 3)
(34.8 15.6 3)
(35.2 15.6 3)
(35.6 15.6 3)
(36 15.6 3)
(36.4 15.6 3)
(36.8 15.6 3)
(37.2 15.6 3)
(37.6 15.6 3)
(38 15.6 3)
(28 16 3)
(28.4 16 3)
(28.8 16 3)
(29.2 16 3)
(29.6 16 3)
(30 16 3)
(30.4 16 3)
(30.8 16 3)
(31.2 16 3)
(31.6 16 3)
(32 16 3)
(32.4 16 3)
(32.8 16 3)
(33.2 16 3)
(33.6 16 3)
(34 16 3)
(34.4 16 3)
(34.8 16 3)
(35.2 16 3)
(35.6 16 3)
(36 16 3)
(36.4 16 3)
(36.8 16 3)
(37.2 16 3)
(37.6 16 3)
(38 16 3)
)


// ************************************************************************* //
